path	bytes	sha256
.nojekyll	0	e3b0c44298fc1c149afbf4c8996fb92427ae41e4649b934ca495991b7852b855
README.md	746	5248afb88a28ea02bff6007a5992113d9b64f5b000f6ef7a61c5c9bc23fdaa2b
UPLOAD_GUIDE.md	894	319220a4a61b0fb2329c9333f0dbb95162b134e5969729300d94cd25ed3abb6a
analogy185/index.html	253262	489930d2173beec4260bea8169fa83f0fcb1488d1fa5d7222c05839892e76985
analogy185/tasks.tsv	53546	8707e3543938ae40d3699b4b9d37aec7490ba86f4ff8c050b889a0f7b026eecd
analogy_success70/index.html	114561	c1c249765aa41774456c64bb56ca484a3540e4c66dc0e81a20240cd235c3a022
analogy_success70/tasks.tsv	19990	c08530a681aae351cbb4a388c1881b8b2134fa63a919f11cf001240c24206aa8
assets/analogy/comparison_png/ANLGX_001__put_the_white_mug_on_the_left_plate.png	372781	2e29ccf01e4c9e61ba8bfc84e327f838fc10cdfc26224254e0a7fe681aada825
assets/analogy/comparison_png/ANLGX_002__put_the_white_mug_on_the_middle_plate.png	370573	8b24303ece655567ec5c90a6a48a8c7568f1a833f430b6a7979b6c1182a83138
assets/analogy/comparison_png/ANLGX_003__put_the_white_mug_on_the_right_plate.png	368847	fb80068cfbe071130c9143003bf2c0d01bc149770294c8a86a9813d9b9cafe37
assets/analogy/comparison_png/ANLGX_004__put_the_yellow_and_white_mug_on_the_left_plate.png	362959	e2706503fbbf51c6632f330638eef6eb41860def623914ca903260da4ebfd589
assets/analogy/comparison_png/ANLGX_005__put_the_yellow_and_white_mug_on_the_middle_plate.png	370540	30fe9b6d4470eefd4f94d3a33ff2485b42f139eb3a230f7d32315c81a873ad80
assets/analogy/comparison_png/ANLGX_006__put_the_yellow_and_white_mug_on_the_right_plate.png	372487	fc672e8b771cbb81c8a487762d8e099978d3915ec7280a9ea5f3a3b580f39674
assets/analogy/comparison_png/ANLGX_007__put_the_black_bowl_on_the_left_plate.png	380001	609b569f4b08e1e75355894680ed680458e709c3cf98a61801d3a78ef59de913
assets/analogy/comparison_png/ANLGX_008__put_the_black_bowl_on_the_middle_plate.png	377206	8a9107896895959f6ff37f81942e6ee7f3a5f1fc2a7a9fdb6ba4ebdfb957fd43
assets/analogy/comparison_png/ANLGX_009__put_the_black_bowl_on_the_right_plate.png	379531	943f227c03d72c30ebce7ffd110d59ed63e6015ad48a1e038b713310a9c4c0a7
assets/analogy/comparison_png/ANLGX_010__put_the_cream_cheese_on_the_left_black_bowl.png	376443	787ae5ec107d44c887fff1d76de4f3dc7e820018106c45344b0c2a6c506ed621
assets/analogy/comparison_png/ANLGX_011__put_the_cream_cheese_on_the_middle_black_bowl.png	376754	1fe43a1ff36c6e04d24bc2f2baefd26dc3b83e70cdbc7647cd47588e5287ac2e
assets/analogy/comparison_png/ANLGX_012__put_the_cream_cheese_on_the_right_black_bowl.png	376753	1c9b35a478ee0337d11262d354c9bf2e950c10714773eb07756d3774dc1e7758
assets/analogy/comparison_png/ANLGX_013__put_the_book_in_the_front_compartment_of_the_caddy.png	302822	69661ebecb83d86abedd2fbc068cd5b019cea3927a9a57502967f17678689ce1
assets/analogy/comparison_png/ANLGX_014__put_the_book_in_the_left_compartment_of_the_caddy.png	303310	7ac5c92144ae2a682afba8e138fb5733928eba60ae951530c248f9cffc070442
assets/analogy/comparison_png/ANLGX_015__put_the_book_in_the_right_compartment_of_the_caddy.png	303056	b32c7cd5b6bfdc23aec3bee4bbf8c3a83ba622de5915a6f906943e379f10f760
assets/analogy/comparison_png/ANLGX_016__put_the_black_bowl_in_the_top_drawer_of_the_white_cabinet.png	356120	6a6540e65a59ffa2b8524b15f7af1dc157d95aeac66f46955b9fb522a0701fc3
assets/analogy/comparison_png/ANLGX_017__put_the_black_bowl_in_the_middle_drawer_of_the_white_cabinet.png	356453	ec1fcb218fd675d97c7ddc517d9b57913dfa65271a08a2f09f8c0a75c13411cc
assets/analogy/comparison_png/ANLGX_018__put_the_black_bowl_in_the_middle_drawer_of_the_wooden_cabinet.png	346243	a36a0c0a14fc960b5c1deccae95099f8047aa2206161ba51c1087c2a6d29b3a0
assets/analogy/comparison_png/ANLGX_019__put_the_black_bowl_in_the_bottom_drawer_of_the_wooden_cabinet.png	351602	fa96118c96e9b45db1ddda371f315282f8de6e131205660e9dd421ee690903b7
assets/analogy/comparison_png/ANLGX_020__open_the_top_drawer_of_the_wooden_cabinet.png	356868	363c8334de7c57e11f4b7a752ccbcaa318c02d9eb666b20b40255787a4757204
assets/analogy/comparison_png/ANLGX_021__open_the_bottom_drawer_of_the_wooden_cabinet.png	355247	eba4442b88eb22694e9e57c0dcd96f156af2333b6f8e449b20f9b2d579ef9bc4
assets/analogy/comparison_png/ANLGX_022__close_the_top_drawer_of_the_white_cabinet.png	357718	bb7563f8b5dedc878433459353d17ed2c1d317af3a7d8cd2e53950f4ff88c5e1
assets/analogy/comparison_png/ANLGX_023__close_the_middle_drawer_of_the_white_cabinet.png	354776	183a26270d4238d45621ece1437b1f8080e340debd3bffe6937bdb601dd04f00
assets/analogy/comparison_png/ANLGX_024__pick_up_the_black_bowl_in_the_middle_drawer_of_the_wooden_cabinet_and_place_it_on_the_plate.png	347913	75054c9dd731654cd3e4d4af2e8ad4b25d3564888b019edae448a83227d7599e
assets/analogy/comparison_png/ANLGX_025__pick_up_the_black_bowl_in_the_bottom_drawer_of_the_wooden_cabinet_and_place_it_on_the_plate.png	347136	756b419cb342c73326e48ad96806c02cb57cb4852dd9d51b948ae8bd85a2453b
assets/analogy/comparison_png/ANLGX_026__turn_on_the_stove_at_the_spatial_donor_position.png	330174	e0d0bf32a720f86a127a66421c346d536705058ce87724a14efa46b5ee4a3180
assets/analogy/comparison_png/ANLGX_027__turn_on_the_stove_at_the_libero_10_scene_3_donor_position.png	364841	d987357f35da9ad479e4174e711953dab23cc322a0feaebe807cca0b410550f2
assets/analogy/comparison_png/ANLGX_028__turn_on_the_stove_at_the_libero_10_scene_8_donor_position.png	340256	0231336b1cf53acd726649662359e2751256e329377ff4620b99d506273e6284
assets/analogy/comparison_png/ANLGX_029__push_the_plate_to_the_front_of_the_stove_at_the_spatial_donor_position.png	337333	1f7999ea0282f676c4921f5faeef1a504c8c8ff4cdfcb6d9b2dc83c511e73c51
assets/analogy/comparison_png/ANLGX_030__push_the_plate_to_the_front_of_the_stove_at_the_libero_10_scene_3_donor_position.png	370370	dae206debb2cc8db9bba0040ce6baa9ccfbf474d327ecf1b2989620c9092d902
assets/analogy/comparison_png/ANLGX_031__push_the_plate_to_the_front_of_the_stove_at_the_libero_10_scene_8_donor_position.png	345618	994c835d6ed41eb46fd9c36bc4971cfc48a98d0904eb85b371a8976416e06585
assets/analogy/comparison_png/ANLGX_032__put_the_black_bowl_on_the_stove_at_the_spatial_donor_position.png	333424	8c21e75263e2db8cd81793263bedbe5daad4cc21a852b1fa5debab5cb843eeda
assets/analogy/comparison_png/ANLGX_033__put_the_black_bowl_on_the_stove_at_the_libero_10_scene_3_donor_position.png	368998	51dbafac65d15aed473b482a4bc821cce3da44e0cbe72f7747ea1fc70fcb07ca
assets/analogy/comparison_png/ANLGX_034__put_the_black_bowl_on_the_stove_at_the_libero_10_scene_8_donor_position.png	343090	d15275de6a27f949725628633c28a6a9d36af24e34aeb49321e90d1d8d04d6a9
assets/analogy/comparison_png/ANLGX_035__pick_up_the_black_bowl_on_the_stove_at_the_goal_donor_position_and_place_it_on_the_plate.png	339249	8dc09025011015a122bacb310a2ea5ba4a5567fffc981ea65c963a9556fc6b83
assets/analogy/comparison_png/ANLGX_036__pick_up_the_black_bowl_on_the_stove_at_the_libero_10_scene_3_donor_position_and_place_it_on_the_plate.png	345171	7888c1202d50cfab5b842deb1b7916a6f6277c35c38ed271a3c231b9c8e9b132
assets/analogy/comparison_png/ANLGX_037__put_the_moka_pot_on_the_stove_at_the_goal_donor_position.png	299629	710eadf93e0c16e151410f28aa0a38913be4609c71535685c238213990368f40
assets/analogy/comparison_png/ANLGX_038__put_the_moka_pot_on_the_stove_at_the_spatial_donor_position.png	297262	c0d0433fb4f7393c373a39f1114bc323297187a143ad04c4669714b3ba603025
assets/analogy/comparison_png/ANLGX_039__open_the_middle_drawer_of_the_wooden_cabinet_at_the_white_cabinet_donor_position.png	384066	92d07a1f9ac3e7d9c01bfcf0d6c4e75dfa9110174d895d3f5c571769607e0d87
assets/analogy/comparison_png/ANLGX_040__open_the_top_drawer_of_the_wooden_cabinet_at_the_white_cabinet_donor_position.png	384852	64c78c996c9055bbb8e24b9a27e6b293e678ec9a04c668278b351e3d788dda8e
assets/analogy/comparison_png/ANLGX_041__put_the_book_in_the_back_compartment_of_the_caddy_at_the_book_slot_donor_position.png	315259	9cfbe88a155a14d7cf6d40a0a3c97cfb707fa9344d52d1b0bda50650f12ed13e
assets/analogy/comparison_png/ANLGX_042__put_the_book_in_the_back_compartment_of_the_caddy_at_the_mug_slot_donor_position.png	311765	eb2f976faacd221d32b11938bd6a51491c708bcf5adad3c2883b71b645f340ff
assets/analogy/comparison_png/ANLGX_043__put_the_yellow_and_white_mug_in_the_microwave_at_the_scene_3_fixture_position.png	281320	5a9035f0c0a692725a2a7f169a892d895bdde683f4cf2ed6e90d0987e4f06a31
assets/analogy/comparison_png/ANLGX_044__close_the_microwave_at_the_scene_3_fixture_position.png	280620	c6ec5defdda87b080ebfd7d1fb2d5ace63a640bb135d79a05c7844ef7ee42c9c
assets/analogy/comparison_png/ANLGX_045__put_the_yellow_and_white_mug_in_the_microwave_at_the_scene_8_fixture_position.png	275702	9319b52581fd43538c036b9d44bd6e5db48a1f4b6f3e5b33a5a53ebcb9ec350f
assets/analogy/comparison_png/ANLGX_046__close_the_microwave_at_the_scene_8_fixture_position.png	276178	9149b18186aaa4c4da6db3a1513f18c48e6aa409ed14565eb0dafa293cb0e7e8
assets/analogy/comparison_png/ANLGX_047__put_the_cream_cheese_in_the_basket_at_the_former_ketchup_position.png	372429	3d2d8182e2162cac36cb44a149044da123d1fef050735917ee5f864cfa66a2e6
assets/analogy/comparison_png/ANLGX_048__put_the_tomato_sauce_in_the_basket_at_the_former_ketchup_position.png	369467	14649e44296a6ade4f0f340fe053c62989bfceeff9d8b49d920588dea3516dd7
assets/analogy/comparison_png/ANLGX_049__put_the_butter_in_the_basket_at_the_former_ketchup_position.png	387307	a912441997ec76cb27729422e0d5da24e2710f15242884f99e66fc767c7f4652
assets/analogy/comparison_png/ANLGX_050__put_the_wine_bottle_on_the_rack_at_the_libero_10_rack_position.png	368108	d02a95ad445f1bb4a43aa9d1a1dce039acf75c38e175b91864b57a45da7ba30b
assets/analogy/comparison_png/ANLGX_051__put_the_black_bowl_on_top_of_the_wooden_cabinet_at_the_white_cabinet_donor_position.png	377778	c7bb4121072e9f2860775db2ca06721ce6ec53ec2b749e17e681fcfdb1a59c0c
assets/analogy/comparison_png/ANLGX_052__put_the_wine_bottle_on_top_of_the_wooden_cabinet_at_the_white_cabinet_donor_position.png	377241	cb12e059dc4d9bd575952c36a60d9454dabf90435f5200cf1ec967361f0947dc
assets/analogy/comparison_png/ANLGX_053__pick_up_the_black_bowl_between_the_plate_and_the_ramekin_and_place_it_on_the_top_of_the_wooden_cabinet.png	286518	a56855f6e086a9a725246ef5a6f317f5110f64fa66a109689729f415dc1e8f3f
assets/analogy/comparison_png/ANLGX_054__pick_up_the_black_bowl_between_the_plate_and_the_ramekin_and_place_it_on_the_stove.png	293883	aac3e41134ddd8da6ef03f182eecda4d12b21677e8e02e47151fd325685d92a0
assets/analogy/comparison_png/ANLGX_055__pick_up_the_black_bowl_next_to_the_ramekin_and_place_it_on_the_top_of_the_wooden_cabinet.png	288272	85d8d4c7d7bd8d42676bc1050c8a198c8b774a61e04dfa3bb11a7e2c28d43a46
assets/analogy/comparison_png/ANLGX_056__pick_up_the_black_bowl_next_to_the_ramekin_and_place_it_on_the_stove.png	296421	e78ee34ba3fcc1ee5bfdbd0dc5576c9e7d26f9199e2fb100a30d72466d96fd26
assets/analogy/comparison_png/ANLGX_057__pick_up_the_black_bowl_at_the_table_center_and_place_it_on_the_top_of_the_wooden_cabinet.png	288249	b55c25c3bbc4fd7c3a633ff576c181e3fc57a9fd303cee6c10dfe97534ec9027
assets/analogy/comparison_png/ANLGX_058__pick_up_the_black_bowl_at_the_table_center_and_place_it_on_the_stove.png	295204	57673a2cfb06de7d3e30be83a8f6835b8870a5753438be52a29ce1af0882187f
assets/analogy/comparison_png/ANLGX_059__pick_up_the_black_bowl_on_the_cookies_box_and_place_it_on_the_top_of_the_wooden_cabinet.png	293308	24be0eac1897e6d9c1e8ff95e9732aa93fc8410ccc36dbb3ef7db4a1def3ef5c
assets/analogy/comparison_png/ANLGX_060__pick_up_the_black_bowl_on_the_cookies_box_and_place_it_on_the_stove.png	300266	53ef1f1785ccf6c8dde6f38c2768d72152e8282e27a959b5c05484902789abd4
assets/analogy/comparison_png/ANLGX_061__pick_up_the_black_bowl_in_the_top_drawer_of_the_wooden_cabinet_and_place_it_on_the_top_of_the_wooden_cabinet.png	287992	b13475690c1cf1eace8d9ff020de5808dfe232c87ba105555993a1a76e1088ec
assets/analogy/comparison_png/ANLGX_062__pick_up_the_black_bowl_in_the_top_drawer_of_the_wooden_cabinet_and_place_it_on_the_stove.png	292878	bb2caccbc07454e9a049631a2205bd2ce55937706e55fb179537da5e70df3907
assets/analogy/comparison_png/ANLGX_063__pick_up_the_black_bowl_on_the_ramekin_and_place_it_on_the_top_of_the_wooden_cabinet.png	292441	58f92b6ae6e7ad8b8008dbe334756edeeee9a0758c9556b54b0267dd9c84bded
assets/analogy/comparison_png/ANLGX_064__pick_up_the_black_bowl_on_the_ramekin_and_place_it_on_the_stove.png	298580	3b158d52459b003e255c6db1aebe946d95a85bc77800695556e4b81206b6e093
assets/analogy/comparison_png/ANLGX_065__pick_up_the_black_bowl_next_to_the_cookies_box_and_place_it_on_the_top_of_the_wooden_cabinet.png	290687	b0b00308443cb05a610a644083af88a980470ee39fb872cceb3198273e9e3819
assets/analogy/comparison_png/ANLGX_066__pick_up_the_black_bowl_next_to_the_cookies_box_and_place_it_on_the_stove.png	300044	327f0054975e645c07501a3bace05894e37c29f40228a19f29d10824218d49f5
assets/analogy/comparison_png/ANLGX_067__pick_up_the_black_bowl_on_the_stove_and_place_it_on_the_top_of_the_wooden_cabinet.png	282527	8d9bd4173f0a084beb8b7dc755c707a6ba70e8156da6756949d19dc3cfeb9546
assets/analogy/comparison_png/ANLGX_068__pick_up_the_black_bowl_next_to_the_plate_and_place_it_on_the_top_of_the_wooden_cabinet.png	289669	e9ae913fb7e1b56373603c3662d3b84b2da2ef2940325c65a81cb83ff91ec1a2
assets/analogy/comparison_png/ANLGX_069__pick_up_the_black_bowl_next_to_the_plate_and_place_it_on_the_stove.png	297341	f330de3c188d747987941427bf6dd94cb64f8fdf7791f7b170841dd352924744
assets/analogy/comparison_png/ANLGX_070__pick_up_the_black_bowl_on_top_of_the_wooden_cabinet_and_place_it_on_the_stove.png	291623	593b241ca2c25dba0d603ac517f8bd7c65d1c9f93f0b0a46bb3b56f326a03b14
assets/analogy/comparison_png/ANLGX_071__pick_up_the_black_bowl_between_the_plate_and_the_ramekin_and_put_it_in_the_basket.png	355216	244003ae2f066f5a2914bd063877cbb5f527fe0055ad8b20e69fcda87bfa0c2d
assets/analogy/comparison_png/ANLGX_072__pick_up_the_black_bowl_next_to_the_ramekin_and_put_it_in_the_basket.png	364588	90e9ceed3dd901171f5e289ae17b1b2e1a8e04475bf5e7ab8c90e99d1dbd8369
assets/analogy/comparison_png/ANLGX_073__pick_up_the_black_bowl_at_the_table_center_and_put_it_in_the_basket.png	359998	9827785f78855208df7384d02afe06236d433e2d5c6dc28522a1b52f28a053f6
assets/analogy/comparison_png/ANLGX_074__put_the_plate_in_the_basket.png	352893	151299aabe7c8817690c3f9ad833afae3cb974735f28d8db6aa428705961abc1
assets/analogy/comparison_png/ANLGX_075__put_the_plate_in_the_basket.png	363041	32c69b3767027280bba221a0cea2adf54ef12946c3b643642c1ba79c285d106f
assets/analogy/comparison_png/ANLGX_076__put_the_plate_in_the_basket.png	357915	8097de3bbf79282fae2aa84963f575b676e5289d45ca1fb70ff7fbd4e67410e5
assets/analogy/comparison_png/ANLGX_077__pick_up_the_black_bowl_on_top_of_the_wooden_cabinet_and_put_it_on_the_wine_rack.png	351100	7d03367f38f0176adc74e41d8875cf854e4bead7bddc07bd7e3aea8640cc668d
assets/analogy/comparison_png/ANLGX_078__pick_up_the_wine_bottle_on_top_of_the_wooden_cabinet_and_put_it_on_the_wine_rack.png	349543	7c8af4183fc14042d61d6aec29e40e87db418978c25567fc589f77b83212f9ec
assets/analogy/comparison_png/ANLGX_079__pick_up_the_cookies_box_between_the_plate_and_the_ramekin_and_place_it_on_the_plate.png	331673	a5082db909a63adfcd6a0c1b281498346f4954ce517d5da6943afa5cce239a6b
assets/analogy/comparison_png/ANLGX_080__pick_up_the_wine_bottle_between_the_plate_and_the_ramekin_and_place_it_on_the_plate.png	332937	33969a34dc336297aca9f14b1242c6eee7ed24059b309849e5d7f4fe98978ed2
assets/analogy/comparison_png/ANLGX_081__pick_up_the_butter_between_the_plate_and_the_ramekin_and_place_it_on_the_plate.png	335198	78c43a994d15b0e762897c2851bfd63887b832c1b0660e7cac30af832bd1da3c
assets/analogy/comparison_png/ANLGX_082__pick_up_the_chocolate_pudding_between_the_plate_and_the_ramekin_and_place_it_on_the_plate.png	334967	3c5ccd9507e6b99dacb621037794df2a82420e6d81e6c02e5237669912778cc5
assets/analogy/comparison_png/ANLGX_083__pick_up_the_cookies_box_next_to_the_ramekin_and_place_it_on_the_plate.png	343343	7f0c5d987f85fac32adf38011e3fe1892b714013812d78559bd37202212c3192
assets/analogy/comparison_png/ANLGX_084__pick_up_the_wine_bottle_next_to_the_ramekin_and_place_it_on_the_plate.png	344774	bbc25c6f04a2c4cc4762d7e264a7278501fd1449d35c09f9e463ddeedb82511c
assets/analogy/comparison_png/ANLGX_085__pick_up_the_butter_next_to_the_ramekin_and_place_it_on_the_plate.png	346041	6f8474b824d89f21fc27cb638c0f258d23b192fc43beefccb4b6eb827ca88cdf
assets/analogy/comparison_png/ANLGX_086__pick_up_the_chocolate_pudding_next_to_the_ramekin_and_place_it_on_the_plate.png	346658	2dd918909ee386b02d3e3405dcc4acf810ca262dfa4314f047aa689e517dc2b3
assets/analogy/comparison_png/ANLGX_087__pick_up_the_cookies_box_at_the_table_center_and_place_it_on_the_plate.png	336090	76911b6fcce34c54a97145e692a1d0328ddefb189115e7b182145eeed6b55bee
assets/analogy/comparison_png/ANLGX_088__pick_up_the_ramekin_at_the_table_center_and_place_it_on_the_plate.png	331310	66b867c94cb61295f0dfbae3da510fe6c2af6e1b00deaca749a9f09049b2a239
assets/analogy/comparison_png/ANLGX_089__pick_up_the_wine_bottle_at_the_table_center_and_place_it_on_the_plate.png	339026	d02ea0336151e3185faaaede5589d6317fb5411eee13ac75c6dd2850079223bd
assets/analogy/comparison_png/ANLGX_090__pick_up_the_butter_at_the_table_center_and_place_it_on_the_plate.png	338348	60b3a6737621a37655ca9ba44adcb9171d4d622153bcf555a9fe15675df54f3d
assets/analogy/comparison_png/ANLGX_091__pick_up_the_chocolate_pudding_at_the_table_center_and_place_it_on_the_plate.png	339695	5a9bda4788d9158c718968cf443a76bb6fd653f402c5b93826fa6c558126c8d6
assets/analogy/comparison_png/ANLGX_092__pick_up_the_ramekin_on_the_cookies_box_and_place_it_on_the_plate.png	332359	4f89ffc177d713ff3868b20eca1e488d3f48298bafafe7927436ee9765246e1c
assets/analogy/comparison_png/ANLGX_093__pick_up_the_cookies_box_in_the_top_drawer_of_the_wooden_cabinet_and_place_it_on_the_plate.png	333800	854ae1dbf5fd72cb18a3809de94f42fcd3a26af95c758392468b21ffad3ea225
assets/analogy/comparison_png/ANLGX_094__pick_up_the_ramekin_in_the_top_drawer_of_the_wooden_cabinet_and_place_it_on_the_plate.png	337789	c4cef8f9e6473644893bdd287231ed76b7299698468575c79e9b8a5ea8b4c74b
assets/analogy/comparison_png/ANLGX_095__pick_up_the_wine_bottle_in_the_top_drawer_of_the_wooden_cabinet_and_place_it_on_the_plate.png	333683	b37e2210a22977f3a6bfbd6f33e86b3ba1713e6e817d85f264ad9725e8e8606e
assets/analogy/comparison_png/ANLGX_096__pick_up_the_butter_in_the_top_drawer_of_the_wooden_cabinet_and_place_it_on_the_plate.png	339783	9d02c362e570f902a26242e681e30eeb2de015d7c6aea9f3273478280d3f1014
assets/analogy/comparison_png/ANLGX_097__pick_up_the_chocolate_pudding_in_the_top_drawer_of_the_wooden_cabinet_and_place_it_on_the_plate.png	336775	9adc0454c13587bbac3903ac29bf41f71eb2530b1203bce5f45e114a44303520
assets/analogy/comparison_png/ANLGX_098__pick_up_the_chocolate_pudding_on_the_ramekin_and_place_it_on_the_plate.png	340233	bd5f99be96135e4c3f5fa687b93748422b696f81fccd87169e5fbfd3be38f5e8
assets/analogy/comparison_png/ANLGX_099__pick_up_the_ramekin_next_to_the_cookies_box_and_place_it_on_the_plate.png	332681	5de2215a4d9735b5d9cf4f5a6752572fac8e606b835c0040b3dceae7457d6416
assets/analogy/comparison_png/ANLGX_100__pick_up_the_wine_bottle_next_to_the_cookies_box_and_place_it_on_the_plate.png	333062	6204d4b3746e81c9e434f25661526e7f20680ce45718961c3762b12be360a92a
assets/analogy/comparison_png/ANLGX_101__pick_up_the_butter_next_to_the_cookies_box_and_place_it_on_the_plate.png	332888	5b28c88799e25d1d9dab486f4b5a43b5e58855f89802633a349c32607944c183
assets/analogy/comparison_png/ANLGX_102__pick_up_the_chocolate_pudding_next_to_the_cookies_box_and_place_it_on_the_plate.png	336524	5d2072689fc12162302b26d787e5cd0c7f48c4caf480fc627df792c65b113b01
assets/analogy/comparison_png/ANLGX_103__pick_up_the_cookies_box_on_the_stove_and_place_it_on_the_plate.png	326727	d899d95e7dead433955f0c54086f7868609334bd2943bbaae1d1405e36c5bb99
assets/analogy/comparison_png/ANLGX_104__pick_up_the_ramekin_on_the_stove_and_place_it_on_the_plate.png	328809	dd6be18e5fb57cea2d2a0ee50107027e5d72f46023de0af1f66c8729b31832ea
assets/analogy/comparison_png/ANLGX_105__pick_up_the_wine_bottle_on_the_stove_and_place_it_on_the_plate.png	332080	f7db1645b0b38e52a5f079e58ded5d162f78372e2f6f7689bfd3405ab6dbd03a
assets/analogy/comparison_png/ANLGX_106__pick_up_the_butter_on_the_stove_and_place_it_on_the_plate.png	332713	6a8c6bbabfc61e79afe583d39f2d6cca94e2d0dd541000159d42970420eb98ef
assets/analogy/comparison_png/ANLGX_107__pick_up_the_chocolate_pudding_on_the_stove_and_place_it_on_the_plate.png	336494	3921f16bc649c16cf4c38f088f3d73ace74c1db48d6a98582637df9f80d6ac8b
assets/analogy/comparison_png/ANLGX_108__pick_up_the_cookies_box_next_to_the_plate_and_place_it_on_the_plate.png	334670	2a4c935cd55c0ccac9a721d680d752db280258dfa8654c4ab4bb4e6d5b8b07fd
assets/analogy/comparison_png/ANLGX_109__pick_up_the_ramekin_next_to_the_plate_and_place_it_on_the_plate.png	336514	34ddbf89b1683081c79a75e2f49434750ba6cd94b04cc64db6c763e6eb211485
assets/analogy/comparison_png/ANLGX_110__pick_up_the_wine_bottle_next_to_the_plate_and_place_it_on_the_plate.png	336429	b04c48304c79c748acd888ecdad6ef978249fb30ecf251559753a2a642663c28
assets/analogy/comparison_png/ANLGX_111__pick_up_the_butter_next_to_the_plate_and_place_it_on_the_plate.png	336251	9835f493857bde52b0da163169394d52b35a92c5a18520e1fcf8e270c6ad0fcf
assets/analogy/comparison_png/ANLGX_112__pick_up_the_chocolate_pudding_next_to_the_plate_and_place_it_on_the_plate.png	338481	a26b8e3732164cd520714117fec9bbc1890e17735f2bbf8a71b785ec2999e5f3
assets/analogy/comparison_png/ANLGX_113__pick_up_the_cookies_box_on_top_of_the_wooden_cabinet_and_place_it_on_the_plate.png	326689	aea339e6235b492f4f87d7cc888bd632db8376526b92761557923770cbd64695
assets/analogy/comparison_png/ANLGX_114__pick_up_the_ramekin_on_top_of_the_wooden_cabinet_and_place_it_on_the_plate.png	326437	1c406a269115a851219a8ab4067be59d497efc84310e4f50830a6d609bf6a304
assets/analogy/comparison_png/ANLGX_115__pick_up_the_wine_bottle_on_top_of_the_wooden_cabinet_and_place_it_on_the_plate.png	328950	f88c17ca5944bfa900915979b472ea6fe64bcfdafe9b945cc39556274a4ec58f
assets/analogy/comparison_png/ANLGX_116__pick_up_the_butter_on_top_of_the_wooden_cabinet_and_place_it_on_the_plate.png	328944	80104eb6f08ed8241d07bc7f088d0e03d0bdfe86443245327214422ec259e08b
assets/analogy/comparison_png/ANLGX_117__pick_up_the_chocolate_pudding_on_top_of_the_wooden_cabinet_and_place_it_on_the_plate.png	329769	5655784eb8b035924be2f2dbd459dcdd721048fa9d0442cd82bf2e24475837b8
assets/analogy/comparison_png/ANLGX_118__open_the_top_drawer_of_the_wooden_cabinet.png	287107	4f669fc43604928b20bb8c167db9aa448f8f82d6f8f982341b99b9f60dc0de74
assets/analogy/comparison_png/ANLGX_119__open_the_middle_drawer_of_the_wooden_cabinet.png	286636	a346e93c61601f26213047be77ceecce58eddc9085e2501f48c1d380afc7bf45
assets/analogy/comparison_png/ANLGX_120__open_the_bottom_drawer_of_the_wooden_cabinet.png	285527	419c62f17239fc33265ee2a2ac3ba82c7de0d26eba73bda7d51526231906a3a2
assets/analogy/comparison_png/ANLGX_121__close_the_top_drawer_of_the_wooden_cabinet.png	339963	98a4ef77fba2b7ce3677c157b23b4e551890d7bd6f4867e89253cb090a322703
assets/analogy/comparison_png/ANLGX_122__close_the_middle_drawer_of_the_wooden_cabinet.png	345992	c96b9c6a71737b26392a3baa2ef353d16b49992f7a15c6bd7ce9bc9535449f45
assets/analogy/comparison_png/ANLGX_123__close_the_bottom_drawer_of_the_wooden_cabinet.png	350928	2f838db161c4d2896b2a98b339eaa70e511da83f37c16ee41a4cfc41f65b18bc
assets/analogy/comparison_png/ANLGX_124__put_the_wine_bottle_on_the_stove.png	348318	b4ddf5c3ac4f9020dd0c3a6175697cf45ce4a49c9eb762c62ad2b16090cfa50f
assets/analogy/comparison_png/ANLGX_125__put_the_butter_on_the_stove.png	350448	113f3ac903db83bca1e4616030d8095e4bafd8cfd4b3e9fc66bcf7e3209a6150
assets/analogy/comparison_png/ANLGX_126__put_the_chocolate_pudding_on_the_stove.png	348991	ef8ad4773545ce2c7f823ea54771d96aff64393f20b8850434e14a5e83f05a28
assets/analogy/comparison_png/ANLGX_127__put_the_cream_cheese_on_the_stove.png	348679	3783050e87248b820f226ed1a8ac5050d835d8fb366c53997ddf088cd4ef741c
assets/analogy/comparison_png/ANLGX_128__put_the_plate_on_the_stove.png	343703	42fe0fa7af486e9d701fe36229d6221d1af91a3c69bb3697051bb7f26292a2ae
assets/analogy/comparison_png/ANLGX_129__put_the_black_bowl_on_the_wine_rack.png	346920	fa874e1891b9df37bc8739299f91209128fd1964fd54fbfc7882daf78e4439f4
assets/analogy/comparison_png/ANLGX_130__put_the_plate_on_the_wine_rack.png	342966	b03fe69a49e5dd14756bcad846a1a1da7fc877350f993ff5ecaa9bbd9ea7f07d
assets/analogy/comparison_png/ANLGX_131__put_the_butter_on_the_wine_rack.png	349299	fb685f3d8088e696c5719b9f1d12fbaf9404685c6fe451eb04764f3e57c0062d
assets/analogy/comparison_png/ANLGX_132__put_the_chocolate_pudding_on_the_wine_rack.png	353834	4debfe208d091417fd0604fc4c76cbcd8312bf62b11ab49d6946e70262f5f90e
assets/analogy/comparison_png/ANLGX_133__put_the_cream_cheese_on_the_wine_rack.png	347835	e2d5a160d978b4d705400e122feda30a207187086f86b3daa76f62cf29a760ed
assets/analogy/comparison_png/ANLGX_134__put_the_plate_on_the_top_of_the_wooden_cabinet.png	343541	5c1c53a7a3638283ef27a9334d22cbcefa221308aaa58869207d3b11b87158b0
assets/analogy/comparison_png/ANLGX_135__put_the_cream_cheese_on_the_top_of_the_wooden_cabinet.png	348898	40d5d0f2a7d38f7dbb118a28ebe2f2cfa083d0d0046e56a81ac1b2fd06a584ff
assets/analogy/comparison_png/ANLGX_136__put_the_butter_on_the_top_of_the_wooden_cabinet.png	349926	241fc6106bd4e92b50869573c4b6bbee7b7dabe638e71b8015df896718f133ce
assets/analogy/comparison_png/ANLGX_137__put_the_chocolate_pudding_on_the_top_of_the_wooden_cabinet.png	352129	54939a4f0f3325344d400a0333c3689934ca9fa550d3084e06e31bb6c2f30940
assets/analogy/comparison_png/ANLGX_138__put_the_butter_on_the_black_bowl.png	352755	7c3b35e699b00d6b3dd98126f9cffad5e7f4a05497bdceea648978b1c6060382
assets/analogy/comparison_png/ANLGX_139__put_the_chocolate_pudding_on_the_black_bowl.png	354322	e7201b7153bb1fca4a26a0429eab287c9bd997339641df93cda3d935b0c1f1bc
assets/analogy/comparison_png/ANLGX_140__put_the_wine_bottle_on_the_plate.png	340994	e9f157abad2bf2d375ed363be88d884aa7f88a38b4747c41896c3db6e076158e
assets/analogy/comparison_png/ANLGX_141__put_the_cream_cheese_on_the_plate.png	343083	cf79bbd4d25df9b3732c428f3998a4a99fa862a8e1760025f599f91ba397e817
assets/analogy/comparison_png/ANLGX_142__put_the_butter_on_the_plate.png	344109	2744d7e5325e6566e3743019689401f894bc9da9f91c606b9fb19e00adaa9f55
assets/analogy/comparison_png/ANLGX_143__put_the_chocolate_pudding_on_the_plate.png	346700	9758b4b00d8306724fc56a107dcb93a1b545ba594ac9aa5b075572e68c5bd754
assets/analogy/comparison_png/ANLGX_144__put_the_wine_bottle_in_the_top_drawer_of_the_wooden_cabinet.png	341616	e4b80dc130145c3ab00f3159c9ddd047aae2b2683ee3717e8858ba52ff35aaef
assets/analogy/comparison_png/ANLGX_145__put_the_wine_bottle_in_the_middle_drawer_of_the_wooden_cabinet.png	343800	d74e54da3d98b15ef0bcd17967c2031b7c5455eccf3c922e0431763a682ff8ee
assets/analogy/comparison_png/ANLGX_146__put_the_wine_bottle_in_the_bottom_drawer_of_the_wooden_cabinet.png	350309	2014ad9f6e63446b8a8c31c3085c93ea9041d4c16162d5f82cb26b34427f3fc9
assets/analogy/comparison_png/ANLGX_147__put_the_cream_cheese_in_the_top_drawer_of_the_wooden_cabinet.png	341931	cf7b4ae32772eb20c67e9811150e76faabe736f25eec977bdeec955d547c4993
assets/analogy/comparison_png/ANLGX_148__put_the_cream_cheese_in_the_middle_drawer_of_the_wooden_cabinet.png	339886	7e55fb01d22c2a3693262a316cead00c1b6906f92345b2390f62e1283458bf2e
assets/analogy/comparison_png/ANLGX_149__put_the_cream_cheese_in_the_bottom_drawer_of_the_wooden_cabinet.png	341116	df5a8d88c01fb64cc9d55a6fe4e6bad85417a1e360ab5d46193a7d713e92c4de
assets/analogy/comparison_png/ANLGX_150__put_the_butter_in_the_top_drawer_of_the_wooden_cabinet.png	340722	de174c33f2ab35a96b7ab4e8bb639afaf2bdd98bb8009eb8530eb6e32a2405a9
assets/analogy/comparison_png/ANLGX_151__put_the_butter_in_the_middle_drawer_of_the_wooden_cabinet.png	348260	891ffc0b2030afb2d681e067c0384a8bdd145d1928ff8462889503c61be8e7d1
assets/analogy/comparison_png/ANLGX_152__put_the_butter_in_the_bottom_drawer_of_the_wooden_cabinet.png	342920	cc6d17cb04c8438103469b33e062757733aa2c30be5b31045b1d5327b107e3c4
assets/analogy/comparison_png/ANLGX_153__put_the_chocolate_pudding_in_the_top_drawer_of_the_wooden_cabinet.png	344878	e8f27d55755f5c75c1a55e74de7c1d87c089e83284b83bd2c998fe1c20e51e53
assets/analogy/comparison_png/ANLGX_154__put_the_chocolate_pudding_in_the_middle_drawer_of_the_wooden_cabinet.png	343697	a0049609e27b8ad61fe26fe85863a817b5b33fa40267ccbe8aef37c679a103fb
assets/analogy/comparison_png/ANLGX_155__put_the_chocolate_pudding_in_the_bottom_drawer_of_the_wooden_cabinet.png	347431	0516320ad7476e66b590ddd03aa79e52208d8de5012ccf60601018e6052e15c6
assets/analogy/comparison_png/ANLGX_156__push_the_black_bowl_to_the_front_of_the_stove.png	348603	93ab6c8ce650bdbae5ad903a9e4f5209af7a449d0291c12741c98e2faaf05513
assets/analogy/comparison_png/ANLGX_157__put_the_wine_bottle_on_the_forward_relocated_stove.png	359456	7d546378efe14e535524cee83b892bb0abb35029907bafbc9a826322fca5dc7b
assets/analogy/comparison_png/ANLGX_158__put_the_butter_on_the_forward_relocated_stove.png	361454	ac8707f1cae503413a795b23394ffa1a9b27e668944b34ce16f2c4f94700f056
assets/analogy/comparison_png/ANLGX_159__put_the_chocolate_pudding_on_the_forward_relocated_stove.png	364168	c336de6301baebc3d6e4e485cf76608f16ee01794f5e0405d817615adea69f93
assets/analogy/comparison_png/ANLGX_160__put_the_cream_cheese_on_the_forward_relocated_stove.png	359904	c8c13c52b8df2bd41620e7274b669ea847fd8ae67c5416797e940f0b0d0f3f34
assets/analogy/comparison_png/ANLGX_161__put_the_plate_on_the_forward_relocated_stove.png	357261	ef31442ba064ef7979e081f40e0cf730f861dbdc8f22c0eba60006c5071a4dec
assets/analogy/comparison_png/ANLGX_162__push_the_black_bowl_to_the_front_of_the_forward_relocated_stove.png	357340	7ea32e717014a8e1c7fccf9a93c3a2f4cc2183d94fe8ab5f14d8c08f58daa5ab
assets/analogy/comparison_png/ANLGX_163__put_the_wine_bottle_on_the_right_side_wine_rack.png	353421	4cdccfd95c53049def0877f6b1e63c57e9b5bd6498b77c438d2b9f55a02d5675
assets/analogy/comparison_png/ANLGX_164__put_the_black_bowl_on_the_right_side_wine_rack.png	348935	72e8fef25f566606e4660de0aa0b21a57368419fac18e6a3641a3ba45f8fe092
assets/analogy/comparison_png/ANLGX_165__put_the_plate_on_the_right_side_wine_rack.png	345021	8799e4747642310b51fe1ac47ccddd61fdc2282c63b7804ae4fc1201bf93504a
assets/analogy/comparison_png/ANLGX_166__put_the_butter_on_the_right_side_wine_rack.png	353564	18b3add5c489e442976c0958b1853aa26c9b11aaab6e4e6a9fcc08102efbff50
assets/analogy/comparison_png/ANLGX_167__put_the_chocolate_pudding_on_the_right_side_wine_rack.png	354057	b5856282fc0d15264af7a4a949a8fce233b4627926b30e1022a9b6fd2abd7307
assets/analogy/comparison_png/ANLGX_168__put_the_cream_cheese_on_the_right_side_wine_rack.png	350409	c4f08d89f6e55ff9490a07eb8c48e135a8518d4525aa05303b2cb7d35c1397d8
assets/analogy/comparison_png/ANLGX_169__close_the_top_drawer_of_the_wooden_cabinet.png	316429	ff8458a8ca95f16974b2ca42875c3f92f9b27ee3086a6d3c0f978610a0602ea6
assets/analogy/comparison_png/ANLGX_170__close_the_middle_drawer_of_the_wooden_cabinet.png	316024	57d7117c47a9c0c98bc044b1af0816b4d8b5a4846a66730ba1dc6034fcf81d01
assets/analogy/comparison_png/ANLGX_171__close_the_bottom_drawer_of_the_wooden_cabinet.png	314884	ad2089f6614b2e88121ff411e5de20a014ca63dab6aa873535e34a45b817767a
assets/analogy/comparison_png/ANLGX_172__put_the_wine_bottle_in_the_top_drawer_of_the_white_cabinet.png	347028	1f16b589f9b15f9cdc495baa486c84d34d71ca1f9af0935f6b501eedcde1729f
assets/analogy/comparison_png/ANLGX_173__put_the_wine_bottle_in_the_middle_drawer_of_the_white_cabinet.png	347730	f20f48f6ab3bd990258b5fa7706272743ebe644713def54fb9f88b354989eaac
assets/analogy/comparison_png/ANLGX_174__put_the_wine_bottle_in_the_bottom_drawer_of_the_white_cabinet.png	348928	69c885744c02f155f22b9a914584eb9601d8805892c97b24500274d2a5c28fc1
assets/analogy/comparison_png/ANLGX_175__close_the_bottom_drawer_of_the_white_cabinet.png	328026	a725347e84fb3f08b523778c72ba3857c28c471618b862ca119ffaf001062b69
assets/analogy/comparison_png/ANLGX_176__put_the_yellow_and_white_mug_in_the_back_compartment_of_the_caddy.png	296810	b8e6d1b223aaa4b81a2c3fb081b351c4331fec42ba1c01d9572a33013a4fb4d6
assets/analogy/comparison_png/ANLGX_177__put_the_yellow_and_white_mug_in_the_front_compartment_of_the_caddy.png	296459	a66bcb95d9b18b9422f66418a38056498542aa28b6edb21782aafd6682eadfc2
assets/analogy/comparison_png/ANLGX_178__put_the_yellow_and_white_mug_in_the_left_compartment_of_the_caddy.png	296832	e9235156ab35c10ffb0b5c1d187f140c6a573c6bd5a37270149a7107e568bb4b
assets/analogy/comparison_png/ANLGX_179__put_the_yellow_and_white_mug_in_the_right_compartment_of_the_caddy.png	296890	8f559e2647ac4b7beb9d5d88d8f087d3f96b68b8458ca9ed98c32627f66bf508
assets/analogy/comparison_png/ANLGX_180__put_the_frypan_on_the_stove_at_the_original_scene_3_position.png	267994	b57ce9e16fa5a90067af1abf2e58016b50e6913823391f3e957070569062e229
assets/analogy/comparison_png/ANLGX_181__put_the_frypan_on_the_stove_at_the_goal_donor_position.png	294425	7e466b3d22d1268aa660127609409f2be818b35f707e292b3ff786ac699fb752
assets/analogy/comparison_png/ANLGX_182__put_the_frypan_on_the_stove_at_the_spatial_donor_position.png	297932	382b25d85d62c0b99283e81ccc653b07a083777656a43e644e367129e3de7541
assets/analogy/comparison_png/ANLGX_183__put_the_white_mug_in_the_microwave_at_the_original_scene_6_position.png	269348	6aac7837d23d3c4acffb200394c90b845a3b582f7f1d806122b28a1e868bfb3d
assets/analogy/comparison_png/ANLGX_184__put_the_white_mug_in_the_microwave_at_the_scene_3_donor_position.png	269504	f8f213b49aafb2fb9948a56a76967b1cc6a41b7bba7a9f68f77da374ad36d7bd
assets/analogy/comparison_png/ANLGX_185__put_the_white_mug_in_the_microwave_at_the_scene_8_donor_position.png	275255	a657adf20e8e896f7392395786ebdb0b17bd571c77afdbe44011da97b94291b4
assets/analogy/success_videos/ANLGX_001/ANLGX_001_ep000_ok.mp4	110746	f485e5559f7f225756aca63432d0d6bfd2dd3650336c6b716064abb6c7b54f10
assets/analogy/success_videos/ANLGX_001/ANLGX_001_ep001_ok.mp4	95198	afa66a6978939e8793a744ef38816cc64fb1772bbbc20261dcd18c9ce1461159
assets/analogy/success_videos/ANLGX_001/ANLGX_001_ep002_ok.mp4	95123	ab86a0c568684889604d5ef1132b2b6442e6dd4521dbd9f27ebbeef9f3219370
assets/analogy/success_videos/ANLGX_001/ANLGX_001_ep003_ok.mp4	101486	e242118b120e2b2ae44fc89a86c235d0825320083163a24d3f1a33e932982afc
assets/analogy/success_videos/ANLGX_001/ANLGX_001_ep004_ok.mp4	201470	0bc8921f95d0ed65f7757a5fe4001a6da3cb98c612d5d7097bcadd05eed9bb3a
assets/analogy/success_videos/ANLGX_002/ANLGX_002_ep001_ok.mp4	108969	d1a521cfbdff80519e904bdb489db1edeef8722d751bc1656f215a3b5e87bb0e
assets/analogy/success_videos/ANLGX_002/ANLGX_002_ep002_ok.mp4	111494	1b493e94ca915cba440c8c2283bf04d2d3d472d2e80a1aff85a7116f3dd34737
assets/analogy/success_videos/ANLGX_002/ANLGX_002_ep003_ok.mp4	108956	fb64b74697bcd719ff8cf892c0d79bebc577f9cad33047e4efe8ce04555454d2
assets/analogy/success_videos/ANLGX_002/ANLGX_002_ep004_ok.mp4	148672	651440d026285fdd089157f454ca52f5870d2859b5158083ebcc7ad3b754aa42
assets/analogy/success_videos/ANLGX_003/ANLGX_003_ep000_ok.mp4	101564	3ce8787176fc5d5a4706f07d6107fc55eec22eacdccbdd417ff828d01ff83fac
assets/analogy/success_videos/ANLGX_003/ANLGX_003_ep001_ok.mp4	100681	31514c7f620c0cd0ad213b2ff3a3aa71a192d746e07b885fb50d158ee74d7d14
assets/analogy/success_videos/ANLGX_003/ANLGX_003_ep002_ok.mp4	97914	7e800c0ce3d6e07d6b2c83833c3803bd5acae1b1967a7f1f97255b784c3ba0de
assets/analogy/success_videos/ANLGX_006/ANLGX_006_ep001_ok.mp4	83740	5c7511aa5e91c43f0ab1effb9c3be5955eb94acd9a2e6a80b406ce799090e840
assets/analogy/success_videos/ANLGX_006/ANLGX_006_ep002_ok.mp4	79764	7c359df786c00000e6ecc113f3b2ed0de5aeba72de71205eefa5b005876d8bbf
assets/analogy/success_videos/ANLGX_006/ANLGX_006_ep003_ok.mp4	108459	90532f1ada1e2aeccd9c4c813014bb42ad389e942438db4caebe74699fec90f0
assets/analogy/success_videos/ANLGX_006/ANLGX_006_ep004_ok.mp4	83748	b7d48e3b996c416bbba71e1165bb87b185457f55ad84e5ddd992bb4900191ecc
assets/analogy/success_videos/ANLGX_008/ANLGX_008_ep000_ok.mp4	100811	b4cc77017f4adf9043191980c0ec63f2abd0d0e0ec070e01e4cbb0fe0f400125
assets/analogy/success_videos/ANLGX_008/ANLGX_008_ep001_ok.mp4	102901	a5e5e9b61d74c8cab67d93ca55081b9424586ceb4e3ee729896238218b777b3d
assets/analogy/success_videos/ANLGX_008/ANLGX_008_ep002_ok.mp4	97075	0cbdc212749f4088b88abcc3638daacc9dc9bdaed10b05d022067ec84a71284d
assets/analogy/success_videos/ANLGX_008/ANLGX_008_ep003_ok.mp4	97852	66fe38fb26351d652ee3cc95a8e6577379c9cbc3144feb24d6ba363a16ee7222
assets/analogy/success_videos/ANLGX_008/ANLGX_008_ep004_ok.mp4	100138	01c2e046abb744efe09cb9d161015032c7c3f1eb460571f335b5dcf947c64459
assets/analogy/success_videos/ANLGX_017/ANLGX_017_ep000_ok.mp4	128867	44ed89fb3b68a6a0941c2cbdf1c24020139ff409c464ad1cff9783cd5af98342
assets/analogy/success_videos/ANLGX_017/ANLGX_017_ep001_ok.mp4	125117	ef81bd7f2b0f2d673af02054c9b140351eb2901bed174777c39ce8037ead1c0d
assets/analogy/success_videos/ANLGX_017/ANLGX_017_ep002_ok.mp4	126917	89089e905d9fbae2decea487eaed2cb7f9f9e22d66070c8577625f371102374d
assets/analogy/success_videos/ANLGX_017/ANLGX_017_ep003_ok.mp4	129294	7a6a27d8dc11e50141131560f411f7530648f10179e52045934345c16b86683b
assets/analogy/success_videos/ANLGX_017/ANLGX_017_ep004_ok.mp4	126980	d1489be03b161313da889c7fbdbf3254b2fafd105b5a9aef8f930f2e0cf0ece3
assets/analogy/success_videos/ANLGX_019/ANLGX_019_ep001_ok.mp4	138419	51644dc840e5cf90562bcacd78c9fdfea4bf2b08853e1683fe69797cce84b622
assets/analogy/success_videos/ANLGX_019/ANLGX_019_ep003_ok.mp4	144278	079a50459a27d0d1b4fdcbaf572ac2fdae185dfcbf5f11af0d68d1adbc9ee2b3
assets/analogy/success_videos/ANLGX_020/ANLGX_020_ep001_ok.mp4	53136	f6db55fbe8826850adac244e784569b4bf88d546d90bb45e1f2eeed081cf8883
assets/analogy/success_videos/ANLGX_020/ANLGX_020_ep003_ok.mp4	56222	ad2bd891624418cd056f787b3a767725345c4049583eb47bb6d8107f553152dc
assets/analogy/success_videos/ANLGX_020/ANLGX_020_ep004_ok.mp4	57058	4a7aa2e53c78bee07da2f32507fb82800bab1fc737385c8d0ba4c48ea77bb45a
assets/analogy/success_videos/ANLGX_022/ANLGX_022_ep001_ok.mp4	277648	3166949181073a480fa6dd73f2d5563465805be4f71ac4b73622318a4ff3a7ee
assets/analogy/success_videos/ANLGX_022/ANLGX_022_ep002_ok.mp4	86266	1cc1a929546eac14c97df3848f6564896686c741a41a424023b14aa49cb10355
assets/analogy/success_videos/ANLGX_022/ANLGX_022_ep003_ok.mp4	133975	075295d8af91ea7e4f9f90129c502f3b94c1eb21ea5a8467595ec294e74c2508
assets/analogy/success_videos/ANLGX_022/ANLGX_022_ep004_ok.mp4	122507	06ed07d6dc201445535877629db9be4844519a40a2ec2defd71d8783c4eed6fa
assets/analogy/success_videos/ANLGX_023/ANLGX_023_ep001_ok.mp4	114802	04996e8462c88fc425ac46ce2c38f615c96f93c6d30b5c683d86aaee23e179f2
assets/analogy/success_videos/ANLGX_023/ANLGX_023_ep002_ok.mp4	125264	6564bcce8d276b2f392f21a216ca4a24de2cf1a30a95bd57edb0726541851e11
assets/analogy/success_videos/ANLGX_023/ANLGX_023_ep003_ok.mp4	155533	34c81323a4d7045d3d525c180cfdfa79e2a2c88687bdc43c2e428b910bfe5921
assets/analogy/success_videos/ANLGX_023/ANLGX_023_ep004_ok.mp4	86823	29e0c700610d09fb7495887298072ed1ee3246c0e5e2a53a95c00f7108a616d1
assets/analogy/success_videos/ANLGX_025/ANLGX_025_ep001_ok.mp4	153215	c9096740b7e8e777233bed16b193c460e3d7c5335effabe93a9d1116c4b60aba
assets/analogy/success_videos/ANLGX_033/ANLGX_033_ep003_ok.mp4	126671	7a567ccbe786ea1754afca7652e1d756014ce516d856742967060468f1223317
assets/analogy/success_videos/ANLGX_033/ANLGX_033_ep004_ok.mp4	109712	ab2dd0d8fcd369247d433e8d2e73be40bf931b7ccfe969f494628cc052d8c5be
assets/analogy/success_videos/ANLGX_036/ANLGX_036_ep000_ok.mp4	101447	6aac33a532816a9208e272dd24d1d159413255bdf79896a0d741389ce5537812
assets/analogy/success_videos/ANLGX_036/ANLGX_036_ep001_ok.mp4	96574	01aefdb9aae1bbb2db01f458e78020cd43148a426121e2f32889f342111154cd
assets/analogy/success_videos/ANLGX_036/ANLGX_036_ep002_ok.mp4	97801	47aea1a146cfbab6b9c39969162a12fba58e8571a419453ab6917fc68208d16f
assets/analogy/success_videos/ANLGX_036/ANLGX_036_ep003_ok.mp4	95098	78bb1f56d98c55c0e9dc1f3af457b4c4071c21b9d975033d3de8bbd150e43e81
assets/analogy/success_videos/ANLGX_036/ANLGX_036_ep004_ok.mp4	94843	96ef1d1cd7b13ff5e5cebd274c27f409a0fa7ebae7c560c8fe7def0a15828cdb
assets/analogy/success_videos/ANLGX_047/ANLGX_047_ep002_ok.mp4	240796	c7e84888611d07a1669698107ff861f355d41ef3bd618240d75ccb77c6929bfc
assets/analogy/success_videos/ANLGX_050/ANLGX_050_ep001_ok.mp4	156620	784fc52b16ae8bb697e585786a00ef688c0d0c71b9e5eca8dc10800fa49f6dbf
assets/analogy/success_videos/ANLGX_052/ANLGX_052_ep001_ok.mp4	167898	e1ed499ecb183835b17144885991c84459dfedd35022db9dc3eff6bda6b74c69
assets/analogy/success_videos/ANLGX_063/ANLGX_063_ep004_ok.mp4	161265	06b051d140162fa92d3f17bc1136946f33b8a642fd6c676cb385de55910929cd
assets/analogy/success_videos/ANLGX_079/ANLGX_079_ep000_ok.mp4	140056	5bad1b5c021fb1520c8f971948d77e7105d8b3239af39d867a336bd7d995a676
assets/analogy/success_videos/ANLGX_080/ANLGX_080_ep002_ok.mp4	105677	51dbb7f7f815b6869adbbdbea615887b4df42fa811adf9a62eba63dba7c34417
assets/analogy/success_videos/ANLGX_080/ANLGX_080_ep003_ok.mp4	117075	4f7c50bc2a1791e1a133ec42959944e4b5f43284bdc5c582dc790a4ddb95ab65
assets/analogy/success_videos/ANLGX_081/ANLGX_081_ep000_ok.mp4	96095	d81939ae1e52cbfe84df0ac240c4ace62fa69d2b2a4b32880b3894d727de7786
assets/analogy/success_videos/ANLGX_081/ANLGX_081_ep003_ok.mp4	131323	a0538293d3a3e1671b95f8729f39048117dc05575cb8a306cf37609c83c10b71
assets/analogy/success_videos/ANLGX_081/ANLGX_081_ep004_ok.mp4	91885	37ee33bbe5772eed21deacfc50931a37e60c4549c9e702a56b84ae689f7fb306
assets/analogy/success_videos/ANLGX_082/ANLGX_082_ep000_ok.mp4	97933	cd877f3c158f2c39d56701f1fdb2793b005d71a391d3d16fb725de8bb81aa81e
assets/analogy/success_videos/ANLGX_082/ANLGX_082_ep002_ok.mp4	120008	10ab7356a331659c68ff5c574949a47275320beab189d5a40c7a1531a45fa6e2
assets/analogy/success_videos/ANLGX_082/ANLGX_082_ep004_ok.mp4	86261	52212974aa900abfd3d2bcfa1f97ccd01e8fd4ac12e7ba3f956456ac8c22e79c
assets/analogy/success_videos/ANLGX_086/ANLGX_086_ep002_ok.mp4	93459	16dccf0734940361a44dc9090cb7a4ce4cf3db2bf13171524a18196c2e488c76
assets/analogy/success_videos/ANLGX_088/ANLGX_088_ep000_ok.mp4	103936	1d2f486af4c0a3ec55b645fc044eb9c1801c98e6277f3d72eceda98fa254925b
assets/analogy/success_videos/ANLGX_088/ANLGX_088_ep001_ok.mp4	102115	60439737e93043266ef7f71b7c0abc17983b48ba7b7588a07a75333b77c5aed9
assets/analogy/success_videos/ANLGX_088/ANLGX_088_ep002_ok.mp4	105393	25eada850eefcc35109cffa45a361a22407495894806ec553918de6797a76759
assets/analogy/success_videos/ANLGX_088/ANLGX_088_ep003_ok.mp4	102502	bf36e6e0405f2d9234cb3978861b094a98b0acd1366ec08149a671fc88f1c7bc
assets/analogy/success_videos/ANLGX_088/ANLGX_088_ep004_ok.mp4	98987	ed9423a74a8725b2f71a11eb3bcb6b08985abba23cb96149ab49bd4b007fa1ff
assets/analogy/success_videos/ANLGX_089/ANLGX_089_ep000_ok.mp4	89029	d03205121ae89852f017c1524e8ff156289705e510d1ed868931cb66885d2c63
assets/analogy/success_videos/ANLGX_089/ANLGX_089_ep002_ok.mp4	119504	072b96c198f6853274bf2996426fa775791a9fc9e0b1541a2c0ca762bd03c482
assets/analogy/success_videos/ANLGX_089/ANLGX_089_ep003_ok.mp4	89727	abcd8a7ba6ab316b7ab4245dc8623d0258b8d7f0a295b58532b4aa63916b1dda
assets/analogy/success_videos/ANLGX_090/ANLGX_090_ep000_ok.mp4	128430	d10cc137784f0bba2df86cc1a304eea769be069417256247c273ccade41b7cb6
assets/analogy/success_videos/ANLGX_091/ANLGX_091_ep001_ok.mp4	126047	cc84d116505be185929ab2a119f28b57f05a2e951c8feb1014d8b5b4b3bb870e
assets/analogy/success_videos/ANLGX_092/ANLGX_092_ep000_ok.mp4	89809	0de44c7eaef79d351fe5a6ca9585a539137b4783bb2c10435ac90800a3174676
assets/analogy/success_videos/ANLGX_092/ANLGX_092_ep001_ok.mp4	93398	1ef14bf3cfb1da32337a5881182dc4802695586e59dd31def523165c3bfd82b5
assets/analogy/success_videos/ANLGX_092/ANLGX_092_ep002_ok.mp4	89361	aa0873aff76301b2523913ce16d45594290a764d6ee5304f477983be493da05a
assets/analogy/success_videos/ANLGX_092/ANLGX_092_ep003_ok.mp4	92855	e9cbc96efd765e26dc2757c11f0cd6c698c2b080ac3f956f07b780a5a4ce6fd8
assets/analogy/success_videos/ANLGX_092/ANLGX_092_ep004_ok.mp4	111430	7754aef90e646b9d969b4a0e81d7e88d106baba9e890a385c58e8f7eb6142ab3
assets/analogy/success_videos/ANLGX_094/ANLGX_094_ep000_ok.mp4	122465	4243c49f2079bdd4c036183cc6d5ac23eeb6dc404e8527015ca61bfc7b937794
assets/analogy/success_videos/ANLGX_094/ANLGX_094_ep001_ok.mp4	125916	5949df407a551393a49ae2ab4f250b8e41b03578593d2b59361f69a75909421e
assets/analogy/success_videos/ANLGX_094/ANLGX_094_ep002_ok.mp4	122203	7eae9ab100b8b1e33f083cd4cd197fb1b8af881dd5942f228486c28b4d3dd79b
assets/analogy/success_videos/ANLGX_094/ANLGX_094_ep003_ok.mp4	120527	abe7feb4e61da12986b6521cb802669254611608c2253cb5dee341c5b2853057
assets/analogy/success_videos/ANLGX_094/ANLGX_094_ep004_ok.mp4	124523	ade52bb4fe4626ac697948616026b3d67c22172bd4162d3875fb5e8bc3448ec0
assets/analogy/success_videos/ANLGX_099/ANLGX_099_ep000_ok.mp4	185691	299317ef3455f726950413293a52308a6743912a3b423029cc78c5bc425417d6
assets/analogy/success_videos/ANLGX_099/ANLGX_099_ep001_ok.mp4	191139	14b9b6f985789bbc8fd8c42348afa8c7e4726b497e3f10ce627282fcdc922720
assets/analogy/success_videos/ANLGX_099/ANLGX_099_ep003_ok.mp4	218080	11440e9537b9c625b228b2031c455219d3d19d139426135256b3142564158f8c
assets/analogy/success_videos/ANLGX_099/ANLGX_099_ep004_ok.mp4	182213	c0df61336206dcda35d5acfe05ab891af46618e7c83e0ba343bbe9682d7139ba
assets/analogy/success_videos/ANLGX_101/ANLGX_101_ep000_ok.mp4	121954	335c9555b1f060b82c9215fd4b00fb378a7a1d752dff9ae1de1000de03fd56f4
assets/analogy/success_videos/ANLGX_101/ANLGX_101_ep001_ok.mp4	113104	3de053cd76b8a9b94a661f9efbe3b5e962fe8b8b69cb5315efbbf878b7408ab5
assets/analogy/success_videos/ANLGX_102/ANLGX_102_ep004_ok.mp4	111262	74fe1bd65904e08b85861fd2062da74e2e976ab86e2600eaa22802e685c96b53
assets/analogy/success_videos/ANLGX_103/ANLGX_103_ep001_ok.mp4	147558	bf19fb4dd88a2431c927703ea57bdb40baa094e10d4facbe0a4870f8a6446db1
assets/analogy/success_videos/ANLGX_104/ANLGX_104_ep002_ok.mp4	116487	42869eeb28f4a0316d4f97c60ee87dde54230534a64e597c5f769b2c3557a99c
assets/analogy/success_videos/ANLGX_104/ANLGX_104_ep004_ok.mp4	136125	8eabc1f773b97f57b219f9bfa4339a11060b4c5ac37d50c1c3c8788b98c6a0b6
assets/analogy/success_videos/ANLGX_107/ANLGX_107_ep001_ok.mp4	114198	35091dc432d4ff659172aa0db2d9837e13414d64f5a67bb957e3b018248843d1
assets/analogy/success_videos/ANLGX_107/ANLGX_107_ep002_ok.mp4	130462	7e60470a834cb371c91efe1a4736be44416cc9c145ce04df08fcfb3bd7fecdd2
assets/analogy/success_videos/ANLGX_109/ANLGX_109_ep000_ok.mp4	99575	816d622b2820bbbf048f86515d4f4a49d18b9d8394f3ba9606a62a2583619099
assets/analogy/success_videos/ANLGX_109/ANLGX_109_ep001_ok.mp4	104513	78499ce3a022be1d5cccbf6cbeb6e1f9edaa241c0659247263805bfd546f272b
assets/analogy/success_videos/ANLGX_109/ANLGX_109_ep002_ok.mp4	105277	bedc5ed34b95b7ebcfd5ce43c6d209f103257f20b06234bdbe5adad1f6f16391
assets/analogy/success_videos/ANLGX_109/ANLGX_109_ep004_ok.mp4	105822	6c6ea5a129ffdd48e8bf30bac17613059d511e4a5fb8d3b05384de9e436d18bb
assets/analogy/success_videos/ANLGX_114/ANLGX_114_ep000_ok.mp4	100650	5a54ed5c663e78495cbc8e36200f9d6d14042bcdd468c8d904284c4cf15a3c69
assets/analogy/success_videos/ANLGX_114/ANLGX_114_ep001_ok.mp4	102597	348716874a5a3d9360c455330b8dd8d07669c6da2e554a44e290969275dc53d1
assets/analogy/success_videos/ANLGX_114/ANLGX_114_ep002_ok.mp4	130364	7694b2b39cb3faf9a95e9fbeb4925ebf22bea8883fc0046d50afd0729454ea37
assets/analogy/success_videos/ANLGX_114/ANLGX_114_ep003_ok.mp4	97061	ad9193df4b3d4ebee5c4089dc3cdb01a4c548c2953a0adfceb458b6da7c6ec94
assets/analogy/success_videos/ANLGX_114/ANLGX_114_ep004_ok.mp4	133825	1b94e90bc5d960a49b575b7c4e072a12213efbb4d5fc23fa0a06998ca7397630
assets/analogy/success_videos/ANLGX_117/ANLGX_117_ep002_ok.mp4	103993	6efdd2e92f1bea624d9b501fa4a38bfeaf7c76e75839f2408ff825e022be41f3
assets/analogy/success_videos/ANLGX_118/ANLGX_118_ep001_ok.mp4	68093	c5c6438a264e0f9b3961acdee203a990bb98bb5e65da73cb361b4be9b31f196a
assets/analogy/success_videos/ANLGX_124/ANLGX_124_ep000_ok.mp4	103389	a950ba2436ca2fdd44f24cd5a716cc2553a7363ab546c3659803f94279eeabdb
assets/analogy/success_videos/ANLGX_124/ANLGX_124_ep001_ok.mp4	94532	7fdd5ff9d96019e4301b59096d8adb910ab6b3708488e1ce9bfe559b7c2e3806
assets/analogy/success_videos/ANLGX_124/ANLGX_124_ep003_ok.mp4	98649	ce0ce5806d2a062a0789eb606c926177b43f4423a7fef1419206839a006726e3
assets/analogy/success_videos/ANLGX_124/ANLGX_124_ep004_ok.mp4	87903	349cd2631fd0e681b625933f44cfbc4deacf28c1a3a6d06796252160056bf2c8
assets/analogy/success_videos/ANLGX_126/ANLGX_126_ep000_ok.mp4	123330	4946fa967990f3d9e443cdc8cf75b7244df63437154dc070090ca30be6cb079c
assets/analogy/success_videos/ANLGX_126/ANLGX_126_ep003_ok.mp4	124739	3ee187e2d178257d62a0d78839b7fb786d82a776aa5a938e318ac5de0bd680f4
assets/analogy/success_videos/ANLGX_126/ANLGX_126_ep004_ok.mp4	156014	a71c4b3a5d1a27082186948250cf85ec30bd4a66564eeb17b7e5b237fef2219a
assets/analogy/success_videos/ANLGX_127/ANLGX_127_ep002_ok.mp4	113800	e7214c56fb85629226e6b7655adbff8d1e752a83056554e586590fe87299787e
assets/analogy/success_videos/ANLGX_127/ANLGX_127_ep003_ok.mp4	111433	6a9229a6fc6e8aa2296c63407c5ba419e1479f70500dbae53bcbfb9840938ff3
assets/analogy/success_videos/ANLGX_127/ANLGX_127_ep004_ok.mp4	118409	141812d5b91a06e7c2b41996cfe15c7f80683a6cd9b3c0dda1596caabecb46b1
assets/analogy/success_videos/ANLGX_129/ANLGX_129_ep004_ok.mp4	159269	46375917dcf5e0ef726cb0b84b4634d4f8f4f5bf5867376968519aa92feab6a3
assets/analogy/success_videos/ANLGX_134/ANLGX_134_ep004_ok.mp4	123224	51b1a90c590e1e76d9bc5227f11ca9508acb88e42f62a3d5bf4eb1da97b11c5f
assets/analogy/success_videos/ANLGX_135/ANLGX_135_ep001_ok.mp4	107966	ee6ded0984a0d1b74bb81e605c9c57c3518ba766306d473719fa62e4377bea60
assets/analogy/success_videos/ANLGX_135/ANLGX_135_ep002_ok.mp4	213037	dcfeea8b370bedca4749dc99b9e2df94026b8ce9dda60501e91dbad9c64367bf
assets/analogy/success_videos/ANLGX_136/ANLGX_136_ep000_ok.mp4	116864	e6c52f5fe4869cc9d8df51e9dbc2bfc655aa141c1177899454e4f1ac6a5bca5d
assets/analogy/success_videos/ANLGX_136/ANLGX_136_ep001_ok.mp4	132348	616b5409c10f15bd3080a5349e80bd7a192b3e014b8779760efe037d39d96955
assets/analogy/success_videos/ANLGX_136/ANLGX_136_ep003_ok.mp4	132920	83ffe5d841bb99863d935b33b3234a59acd94e8d6a22c72263c1f034344eb609
assets/analogy/success_videos/ANLGX_136/ANLGX_136_ep004_ok.mp4	132034	7e4dc9ed1842ba71f204f32c242bb38dbf3953da7457c6999f79ecd69c21ab73
assets/analogy/success_videos/ANLGX_137/ANLGX_137_ep001_ok.mp4	130120	69f36b72e010ac88d09141671a4479abff4a6e2b1ab844b2bb792aa4d3a7a45d
assets/analogy/success_videos/ANLGX_137/ANLGX_137_ep002_ok.mp4	110385	8e7c60fc0641305362191a1d4426ecf6d93e6adc2cdce077afbd15e5733417cf
assets/analogy/success_videos/ANLGX_138/ANLGX_138_ep000_ok.mp4	106074	dbc13c7aa6102d51b0e1658bca6c446dd741e11e7f5c847617f3adc178d61296
assets/analogy/success_videos/ANLGX_138/ANLGX_138_ep001_ok.mp4	86544	c1fd62b0adace89e60bea8380454a95a0d4fb2423f8e599080210432a1e16280
assets/analogy/success_videos/ANLGX_138/ANLGX_138_ep002_ok.mp4	86074	05538cc11660987e6590402604cf321e0f5d3c55afe156c631e2d4ec36ca9dab
assets/analogy/success_videos/ANLGX_138/ANLGX_138_ep003_ok.mp4	83088	0a92f5d159562d710b0cb835e1a7cefa0ce8202fc54df2eef4b46247f937f640
assets/analogy/success_videos/ANLGX_138/ANLGX_138_ep004_ok.mp4	90965	fbed6b67070dec7a8342f909be99c6fb3eb8dde5ab309f2664f7007470698b83
assets/analogy/success_videos/ANLGX_139/ANLGX_139_ep000_ok.mp4	85711	56c854ce8e269c40e922bf7e8679a8bb61c3ee5bb8f400bbca42d0bf955f90f9
assets/analogy/success_videos/ANLGX_139/ANLGX_139_ep001_ok.mp4	79828	7c3e1d8963e95b9e04266bd17e8d93324ff16cb5bac379ca19a0e5235aa62961
assets/analogy/success_videos/ANLGX_139/ANLGX_139_ep002_ok.mp4	89265	e2843b31383940c606538e12f3b610fcbafb7d8cd8b275fc8a35409d63be1070
assets/analogy/success_videos/ANLGX_139/ANLGX_139_ep003_ok.mp4	82340	39529e297daf23f0558cdd6f63d88a39fc5a988959cdc66a64deefb2f9d6b402
assets/analogy/success_videos/ANLGX_139/ANLGX_139_ep004_ok.mp4	83621	476d5eb549bb4956631d662d7ac73f4171f59878b3a0745820509a06c3263913
assets/analogy/success_videos/ANLGX_140/ANLGX_140_ep001_ok.mp4	89610	0c3252ef4b737027be4a53278fbad9737ae2ca42268d56f26b2d9ccf95e7d35d
assets/analogy/success_videos/ANLGX_140/ANLGX_140_ep004_ok.mp4	95924	99ac445ef9f5937515178793bd7f748dc72a9fe11b2fe2645cc8298d24b64857
assets/analogy/success_videos/ANLGX_141/ANLGX_141_ep004_ok.mp4	105816	216f94cc854aa27dcdc6e43b70a1c459cae02283d60f9ecf20f41d891084bc99
assets/analogy/success_videos/ANLGX_143/ANLGX_143_ep000_ok.mp4	110161	1d75cd9b7534b662ebb56c84ac6ad17d5a7a16bee36ea8b50bb2c421b40c161d
assets/analogy/success_videos/ANLGX_143/ANLGX_143_ep003_ok.mp4	111586	0dbc06854ab46cd28eec0a31690d830d42d980f8ea9c171b03b94c58d46385f8
assets/analogy/success_videos/ANLGX_147/ANLGX_147_ep000_ok.mp4	121577	e4269f4b30be5fe51f06e38aea77ed6c029d37b2c8c9c8c995c5ff6e69f5fc62
assets/analogy/success_videos/ANLGX_147/ANLGX_147_ep002_ok.mp4	181169	fd816194e564dafd17a9af6eacd40f5629cef8f18de2fdd50476ec29b07c261d
assets/analogy/success_videos/ANLGX_147/ANLGX_147_ep004_ok.mp4	95239	b0323ae1e09f721db8e37880efd0d6e8899b7130d41ff8a026f2cbe999e1ad43
assets/analogy/success_videos/ANLGX_148/ANLGX_148_ep001_ok.mp4	114537	532cb13b4d62c646abd9527eece548e0f0e0e643c973e62610fcbc32508d5e09
assets/analogy/success_videos/ANLGX_148/ANLGX_148_ep002_ok.mp4	157474	190999a027160633f55679c7edded5227861e96bda3d297a27d233e89ff4dc0c
assets/analogy/success_videos/ANLGX_149/ANLGX_149_ep000_ok.mp4	96122	70e63165181d12b830b302f403ffe66c63685b5e365b91683013737a14fb463e
assets/analogy/success_videos/ANLGX_149/ANLGX_149_ep001_ok.mp4	112543	0dbb000908fbcb6bc47951d626e7fb7f276ed0a90e9c64af55e2f081e192302e
assets/analogy/success_videos/ANLGX_149/ANLGX_149_ep002_ok.mp4	104180	acbc7caafc3218f7ad5dc1129fe6b00c30796a0fd4cf6a0bf3318e55dca05204
assets/analogy/success_videos/ANLGX_149/ANLGX_149_ep004_ok.mp4	102929	123e306ed0fa987c0baf2fa21f22e3b4d01d2eef2e2b09865d5d53f7fc77a418
assets/analogy/success_videos/ANLGX_150/ANLGX_150_ep000_ok.mp4	135709	a3a3f480e14bbe2e7d9ddd31632515fd051a4006ea26dd970f6c4c0706d37c8c
assets/analogy/success_videos/ANLGX_150/ANLGX_150_ep002_ok.mp4	128800	bfc2da10f09073b182aa74174f4b013a282b07b1ff70a785b5ce0bb4422deea5
assets/analogy/success_videos/ANLGX_151/ANLGX_151_ep000_ok.mp4	152085	7ed135461381773537437a173cfcb1ea8f4eb3c5d05af61ab3701e28041771ee
assets/analogy/success_videos/ANLGX_151/ANLGX_151_ep002_ok.mp4	146772	ba9d30bb326fcc4133455a8915713c002ae6e6c83956b2e216f5c2bb39384610
assets/analogy/success_videos/ANLGX_152/ANLGX_152_ep000_ok.mp4	131472	d725920d008e78f4d7ab11f4c7e3090e013e850b161d4f82e7c79d9b30b95ebc
assets/analogy/success_videos/ANLGX_152/ANLGX_152_ep001_ok.mp4	106186	8526d13ddefcb50c0bef96f8561fa90b9477affe391b99df8cd57784ded02bae
assets/analogy/success_videos/ANLGX_152/ANLGX_152_ep004_ok.mp4	111039	152169dd7855549da3619a25e6eae3c64abea7a8b1f2a8cb214b64a35dd10ecc
assets/analogy/success_videos/ANLGX_153/ANLGX_153_ep002_ok.mp4	109457	f2c99a7fa3a8cde9a0707a33ee43c6cddd52cb62f3a582619a28216ed7abf9f0
assets/analogy/success_videos/ANLGX_153/ANLGX_153_ep003_ok.mp4	94927	c207a72723075ebf2bfd76ccc025e98c4e353ae4282a97ad4024980fb1828af6
assets/analogy/success_videos/ANLGX_154/ANLGX_154_ep003_ok.mp4	123915	07bd4eb577ac9a3ecdd504d2a187ce1e62dd1d30231d17bcfce91096c8f0b638
assets/analogy/success_videos/ANLGX_155/ANLGX_155_ep000_ok.mp4	91781	92a233cd2c7ec8689600bc9643b7459286cab0dc83208616537405fd94b4c555
assets/analogy/success_videos/ANLGX_155/ANLGX_155_ep002_ok.mp4	100688	8c335cb89ac414449e4a3df9d9576937ec64da4a7272d80957713fd095074c00
assets/analogy/success_videos/ANLGX_155/ANLGX_155_ep003_ok.mp4	152059	105daf00a018cca99f705d25c99663bc79178169dd8d66a0c9e93a73885aa7e6
assets/analogy/success_videos/ANLGX_157/ANLGX_157_ep003_ok.mp4	101495	c74eead717c6886f27f5b0abce9b077796cb61248450100da6684cf93d4f3b6d
assets/analogy/success_videos/ANLGX_159/ANLGX_159_ep000_ok.mp4	155926	2ad8bba08cc3ef0fd8da2c65dba4608aafac79d3ffa82ccd679ef0f4db2ca2c0
assets/analogy/success_videos/ANLGX_159/ANLGX_159_ep002_ok.mp4	144632	fe01e4443d4ea68b0698005f02344a22e16b6be0d6f73eb94611de362f76ad5a
assets/analogy/success_videos/ANLGX_169/ANLGX_169_ep001_ok.mp4	39075	3e75b118af3e2d39302835792800cc02d3a0f739ceac85d7de222ea07c3addc3
assets/analogy/success_videos/ANLGX_169/ANLGX_169_ep002_ok.mp4	39064	97b7145148ea76972ba517e16f4be5996ff24f2caba097a9da463f603cfb9a76
assets/analogy/success_videos/ANLGX_169/ANLGX_169_ep004_ok.mp4	39719	32210e7b8e75731b6417d0f91f248a6eeb036acd8f7c9fd2dc9819af5fa75f43
assets/analogy/success_videos/ANLGX_170/ANLGX_170_ep000_ok.mp4	100360	63ae7ff4cd4f808fabce4d8d07510fc1583825601127feb997d287050ad7741d
assets/analogy/success_videos/ANLGX_170/ANLGX_170_ep001_ok.mp4	98080	752bbc81d12626453832c27636c1631332eaa6d318680ee7dc2601b1decbb20d
assets/analogy/success_videos/ANLGX_170/ANLGX_170_ep002_ok.mp4	89288	f81585596a9ef3bf76fdd5e6f47c80227afb2ee24ed810276fd51641dd529b7e
assets/analogy/success_videos/ANLGX_170/ANLGX_170_ep003_ok.mp4	95896	7ae8629b98421658148132c3369f01cf761a2019af3d6e2139567742cf8406d0
assets/analogy/success_videos/ANLGX_170/ANLGX_170_ep004_ok.mp4	93743	1ce940907c823dae700dfd509a1ddcca48b0c87e64f6443d9baeff797d31f73d
assets/analogy/success_videos/ANLGX_171/ANLGX_171_ep003_ok.mp4	254780	397d96c3fa33324a79be2a06cefaa6d373fe9cf8c6d0fcf4c3e7f6985b0b67e1
assets/analogy/success_videos/ANLGX_174/ANLGX_174_ep001_ok.mp4	157843	945de44e07807ac88673caf47270ed6d07bf943c4ca24a3477fc76d79b3af0e3
assets/analogy/success_videos/ANLGX_175/ANLGX_175_ep002_ok.mp4	122261	3e52fcf7d2d83b7e45eefe077c09b08e05b5717c2f677f4f3cd0ba12505446d4
assets/analogy/success_videos/ANLGX_175/ANLGX_175_ep004_ok.mp4	116476	a4379b3dd5517ed9f5c85cf813bbe43b6c70f335e4a52a97fe34286c6a80e324
assets/analogy/success_videos/ANLGX_176/ANLGX_176_ep000_ok.mp4	136642	3b9d6910454d87536e07783090544d0036f617177929c844d0fce509dacf7135
assets/analogy/success_videos/ANLGX_176/ANLGX_176_ep002_ok.mp4	186209	d01e81f72e30414de4d92cbeb83566ce1b0857363f38104501426a625f9bd739
assets/analogy/success_videos/ANLGX_178/ANLGX_178_ep002_ok.mp4	257917	01ba51879cef195d7977b1b80346c72003219be9c180f2bb693d0890487fe05e
assets/analogy/success_videos/ANLGX_178/ANLGX_178_ep003_ok.mp4	196338	ba71bde3de2fbad03110ed719e79fb31c78f97d49e432919d3b23ac9c2a97eeb
assets/analogy/success_videos/ANLGX_178/ANLGX_178_ep004_ok.mp4	191331	1fc072dfa292508df55d5cfa8b146ddc85bc5311bc9621662ed1c9c6d7e32414
assets/analogy/success_videos/ANLGX_183/ANLGX_183_ep000_ok.mp4	106384	571d9da1e2351c6210d985443ae84670d58a945be7bbd4689694bb8ddaefa608
assets/analogy/success_videos/ANLGX_183/ANLGX_183_ep002_ok.mp4	104360	65d45322149388ea1b5640f28bd12e159618c8301388fc39c7759e725d92e13a
assets/analogy/success_videos/ANLGX_183/ANLGX_183_ep003_ok.mp4	120675	20914fda6662d8d7e7032faee7b5823019d6d2e995f573b0106b16c0c0c50216
assets/composition/comparison_png/COMP_001__put_the_cream_cheese_on_the_black_bowl_then_put_the_black_bowl_on_the_plate_and_finally_put_the_wine_bottle_on_the_rack.png	157511	674a5cc74500d2767d225eeb626756b76b79b65db1d9a583a43731e8e99d6c71
assets/composition/comparison_png/COMP_002__put_the_black_bowl_on_the_plate_then_put_the_wine_bottle_on_the_rack_and_finally_push_the_plate_to_the_front_of_the_stove.png	157922	d384e6eb76fc0be07a2b540185249c56f6edbb4aa10b147ed1b7a5452d6191b3
assets/composition/comparison_png/COMP_003__put_the_black_bowl_on_the_plate_then_put_the_wine_bottle_on_the_rack_and_finally_turn_on_the_stove.png	150536	c65523d3ba088200a2e808a0a25a3106c997785805b8ce32ee99feff8ac5ddc5
assets/composition/comparison_png/COMP_004__put_the_black_bowl_on_the_plate_then_put_the_wine_bottle_on_the_rack_and_finally_open_the_middle_drawer_of_the_cabinet.png	157984	52c9fd66f1eb656e5965f122dcecdbe06ffb4c70c7d9159c49dcae68627e4497
assets/composition/comparison_png/COMP_005__put_the_cream_cheese_on_the_black_bowl_then_put_the_black_bowl_on_the_plate_and_finally_put_the_wine_bottle_on_top_of_the_cabinet.png	157886	5a523833888e7d3d1e4dd433c0f34d34e39106a643b0fa52d6c8623cd6fbdf6f
assets/composition/comparison_png/COMP_006__put_the_cream_cheese_on_the_black_bowl_then_put_the_black_bowl_on_the_plate_and_finally_push_the_plate_to_the_front_of_the_stove.png	159881	da3000463e89497899383739ab02acd5503f6d00fcbcaaa94a5397b499f80cce
assets/composition/comparison_png/COMP_007__put_the_cream_cheese_on_the_black_bowl_then_put_the_black_bowl_on_the_plate_and_finally_turn_on_the_stove.png	153014	a3f66661c01dc10fed71159670f548475d2183b68af43f21afeda950c4828ae2
assets/composition/comparison_png/COMP_008__put_the_cream_cheese_on_the_black_bowl_then_put_the_black_bowl_on_the_plate_and_finally_open_the_middle_drawer_of_the_cabinet.png	159880	cb0c60cc07ca4c5b8bcaf161da5b5f1c7197eb0a36c1135ba1fc1bdb80de6bd2
assets/composition/comparison_png/COMP_009__put_the_black_bowl_on_the_plate_then_put_the_wine_bottle_on_top_of_the_cabinet_and_finally_push_the_plate_to_the_front_of_the_stove.png	158199	f3960a405a1e881f77a136a002c43c20f0e0eae48a78fe4525f93203ca0b153a
assets/composition/comparison_png/COMP_010__put_the_black_bowl_on_the_plate_then_put_the_wine_bottle_on_top_of_the_cabinet_and_finally_turn_on_the_stove.png	150457	8ca88daccb8f2d341337350e7ef896becfa98e9d11331c71dc579814914e9c1b
assets/composition/comparison_png/COMP_011__put_the_black_bowl_on_the_plate_then_put_the_wine_bottle_on_top_of_the_cabinet_and_finally_open_the_middle_drawer_of_the_cabinet.png	157742	ff70501725d425f6f8030f42ee164807882f4f4586ec4291fc3e727257514886
assets/composition/comparison_png/COMP_012__put_the_black_bowl_on_the_plate_then_push_the_plate_to_the_front_of_the_stove_and_finally_turn_on_the_stove.png	152479	f9eec34eee5c4c14435d4540ddcf03ad0ff7ded13d57018abba21df94e13eab0
assets/composition/comparison_png/COMP_013__put_the_black_bowl_on_the_plate_then_push_the_plate_to_the_front_of_the_stove_and_finally_open_the_middle_drawer_of_the_cabinet.png	160406	16eba64c62aab15079fc90d3d76601e7a3adba6c9fba88298515bfc84a0793fc
assets/composition/comparison_png/COMP_014__put_the_black_bowl_on_the_plate_then_turn_on_the_stove_and_finally_open_the_middle_drawer_of_the_cabinet.png	153450	98946ee9f88859494df78cc6e076a88affb6dfc01075d1f09f9896832ef4d0ad
assets/composition/comparison_png/COMP_015__put_the_cream_cheese_on_the_black_bowl_then_put_the_wine_bottle_on_the_rack_and_finally_open_the_top_drawer_and_put_the_black_bowl_inside.png	160512	52ae8c6d4b773df533b8c8c52eda95fb6182fe072680a57e2c619be5419b4af1
assets/composition/comparison_png/COMP_016__put_the_wine_bottle_on_the_rack_then_push_the_plate_to_the_front_of_the_stove_and_finally_open_the_top_drawer_and_put_the_black_bowl_inside.png	160657	ece9b7290fccb28d9634a32c45230dbaacefc580f48e0b7570dd11b456fc3759
assets/composition/comparison_png/COMP_017__put_the_wine_bottle_on_the_rack_then_turn_on_the_stove_and_finally_open_the_top_drawer_and_put_the_black_bowl_inside.png	149845	e152c0d46435b28901a7d6783136a11dbe5f9525f977b503a1042834d418650e
assets/composition/comparison_png/COMP_018__put_the_wine_bottle_on_the_rack_then_open_the_middle_drawer_of_the_cabinet_and_finally_open_the_top_drawer_and_put_the_black_bowl_inside.png	160655	e2d94f7dcb2e51a175089597a99b0f7c3a33f76588910cfd0955a96946abe0ab
assets/composition/comparison_png/COMP_019__put_the_cream_cheese_on_the_black_bowl_then_put_the_wine_bottle_on_the_rack_and_finally_push_the_plate_to_the_front_of_the_stove.png	158927	a2a349590f565666377735386cf94077f6c8591d304e1af9c3c5f088aaa39815
assets/composition/comparison_png/COMP_020__put_the_cream_cheese_on_the_black_bowl_then_put_the_wine_bottle_on_the_rack_and_finally_turn_on_the_stove.png	148847	83a967fb5f96dcddcf71d022592300cf333a6c02618b412d56ade01cb744955b
assets/composition/comparison_png/COMP_021__put_the_cream_cheese_on_the_black_bowl_then_put_the_wine_bottle_on_the_rack_and_finally_put_the_black_bowl_on_the_stove.png	158803	149761a9909e14d96444fa59d3946a7932fecce310a4fe3ef5f412b49fd02164
assets/composition/comparison_png/COMP_022__put_the_cream_cheese_on_the_black_bowl_then_put_the_wine_bottle_on_the_rack_and_finally_put_the_black_bowl_on_top_of_the_cabinet.png	157593	ec95bf53f2803687beb8c3e8ed705f6be426b03e02dbfbe6878ebdc0193a9e6d
assets/composition/comparison_png/COMP_023__put_the_cream_cheese_on_the_black_bowl_then_put_the_wine_bottle_on_the_rack_and_finally_open_the_middle_drawer_of_the_cabinet.png	160163	2428ab1114f3d3639923ed8dbfe68271ba67a6e09dd46b59ae3fa7facf58a0c6
assets/composition/comparison_png/COMP_024__put_the_wine_bottle_on_the_rack_then_push_the_plate_to_the_front_of_the_stove_and_finally_turn_on_the_stove.png	149659	ac818c0dc1e1a92a61fc11c4c8156e05ceddc7e06d8045b19c980b82a16335b2
assets/composition/comparison_png/COMP_025__put_the_wine_bottle_on_the_rack_then_push_the_plate_to_the_front_of_the_stove_and_finally_put_the_black_bowl_on_the_stove.png	159043	58fe6aa5d91734895ca5f95793a30fb5fd39f10b79607ba7bb9aeccc3756341a
assets/composition/comparison_png/COMP_026__put_the_wine_bottle_on_the_rack_then_push_the_plate_to_the_front_of_the_stove_and_finally_put_the_black_bowl_on_top_of_the_cabinet.png	158037	50c9866cc530776e5a6958701b90d7052d99f9c9988fc292dd21cec542ae3eaf
assets/composition/comparison_png/COMP_027__put_the_wine_bottle_on_the_rack_then_push_the_plate_to_the_front_of_the_stove_and_finally_open_the_middle_drawer_of_the_cabinet.png	160598	66f7de9632f0d8166d1c056cb6c304bcf7e51a731a4d3295f2bea9d770d59d34
assets/composition/comparison_png/COMP_028__put_the_wine_bottle_on_the_rack_then_turn_on_the_stove_and_finally_put_the_black_bowl_on_the_stove.png	146993	5d191ce870a5d086fee635ea2ba40445a852b1e507c7b16ec53c751918170215
assets/composition/comparison_png/COMP_029__put_the_wine_bottle_on_the_rack_then_turn_on_the_stove_and_finally_put_the_black_bowl_on_top_of_the_cabinet.png	146599	12e4a74116ca05846d46e33c2a38999cb19f111fcf36d9ab38c86c2c63a9463d
assets/composition/comparison_png/COMP_030__put_the_wine_bottle_on_the_rack_then_turn_on_the_stove_and_finally_open_the_middle_drawer_of_the_cabinet.png	146605	86c4cfe332dc5dfab191e3cf6d2bc0c4fecb8de7cbfd67b952f9ed188e86037a
assets/composition/comparison_png/COMP_031__put_the_wine_bottle_on_the_rack_then_open_the_middle_drawer_of_the_cabinet_and_finally_put_the_black_bowl_on_the_stove.png	159443	51322d49f32d6ad6885591df5b7081fe926517838c6a5c998437706861cd55a4
assets/composition/comparison_png/COMP_032__put_the_wine_bottle_on_the_rack_then_open_the_middle_drawer_of_the_cabinet_and_finally_put_the_black_bowl_on_top_of_the_cabinet.png	157885	bad67dc2ce032bd28ffff48741772ec0fe72924f45b5acac12534fafdeffe0a9
assets/composition/comparison_png/COMP_033__put_the_cream_cheese_on_the_black_bowl_then_put_the_wine_bottle_on_top_of_the_cabinet_and_finally_open_the_top_drawer_and_put_the_black_bowl_inside.png	160280	c4226a5b0c4fffb8ad02bedd74643f11774e8f29accbc1af85234bb9e29e27cc
assets/composition/comparison_png/COMP_034__put_the_cream_cheese_on_the_black_bowl_then_push_the_plate_to_the_front_of_the_stove_and_finally_open_the_top_drawer_and_put_the_black_bowl_inside.png	161830	f0cc943028a0b973b1170d8d1dae551f1e250641d10d79829f07e75bc13f26e1
assets/composition/comparison_png/COMP_035__put_the_cream_cheese_on_the_black_bowl_then_turn_on_the_stove_and_finally_open_the_top_drawer_and_put_the_black_bowl_inside.png	152650	dfc131f9228c52c93711e3ee4422228416f4a556d471e38b52844e0da8f124de
assets/composition/comparison_png/COMP_036__put_the_cream_cheese_on_the_black_bowl_then_open_the_middle_drawer_of_the_cabinet_and_finally_open_the_top_drawer_and_put_the_black_bowl_inside.png	162123	272d7a387030c4345cef9b5b4c98c77c5a3eb481c92cbe82a7a11cdfa18020ef
assets/composition/comparison_png/COMP_037__put_the_wine_bottle_on_top_of_the_cabinet_then_push_the_plate_to_the_front_of_the_stove_and_finally_open_the_top_drawer_and_put_the_black_bowl_inside.png	160695	c13e365691f3ecba985274f3633afcb4e82220b7f2a3f9ba7db8e544ae2e2f3c
assets/composition/comparison_png/COMP_038__put_the_wine_bottle_on_top_of_the_cabinet_then_turn_on_the_stove_and_finally_open_the_top_drawer_and_put_the_black_bowl_inside.png	150048	ade76ca79296627a6b930c0f8998a504ca175bec90602dd449464be49f2f91a3
assets/composition/comparison_png/COMP_039__put_the_wine_bottle_on_top_of_the_cabinet_then_open_the_middle_drawer_of_the_cabinet_and_finally_open_the_top_drawer_and_put_the_black_bowl_inside.png	159863	f6c7722d25a4edebf6c4d8f61d77e65fcf8324853725a7b8e180d80b6ef206bf
assets/composition/comparison_png/COMP_040__push_the_plate_to_the_front_of_the_stove_then_turn_on_the_stove_and_finally_open_the_top_drawer_and_put_the_black_bowl_inside.png	154342	f7f908e5bc973a5c3406a00b240c6eba616ca39a258a9e0c1e33b867306c95cf
assets/composition/comparison_png/COMP_041__push_the_plate_to_the_front_of_the_stove_then_open_the_middle_drawer_of_the_cabinet_and_finally_open_the_top_drawer_and_put_the_black_bowl_inside.png	162008	057730b10507f71da398ccc8b0f6df4b9f50fc8bcb0dc202651fa689eb34b8eb
assets/composition/comparison_png/COMP_042__turn_on_the_stove_then_open_the_middle_drawer_of_the_cabinet_and_finally_open_the_top_drawer_and_put_the_black_bowl_inside.png	150915	6264c514611cb650e1a2a5d79790eb1ceb57fcfd4e9cc689ef1e75c4234d2b8c
assets/composition/comparison_png/COMP_043__put_the_cream_cheese_on_the_black_bowl_then_put_the_wine_bottle_on_top_of_the_cabinet_and_finally_push_the_plate_to_the_front_of_the_stove.png	159205	9eab4791db0cf45faf534a4a0d37fd57dce0c18beb5a5c6009ab79f5a0539d77
assets/composition/comparison_png/COMP_044__put_the_cream_cheese_on_the_black_bowl_then_put_the_wine_bottle_on_top_of_the_cabinet_and_finally_turn_on_the_stove.png	149368	97768ea691ba1e4befc38fa307c1dc0decb32fe61d2c33681f84962f2f4543ac
assets/composition/comparison_png/COMP_045__put_the_cream_cheese_on_the_black_bowl_then_put_the_wine_bottle_on_top_of_the_cabinet_and_finally_put_the_black_bowl_on_the_stove.png	159100	c3b68493df0b046442624d75ffa1a1fb4294dd8856506f25b7d6000311342a74
assets/composition/comparison_png/COMP_046__put_the_cream_cheese_on_the_black_bowl_then_put_the_wine_bottle_on_top_of_the_cabinet_and_finally_open_the_middle_drawer_of_the_cabinet.png	159492	04eba9660b7179fb9c816979014585ca51032e00d3c61ebddada7e558e2ee77f
assets/composition/comparison_png/COMP_047__put_the_cream_cheese_on_the_black_bowl_then_push_the_plate_to_the_front_of_the_stove_and_finally_turn_on_the_stove.png	154838	06916fa43b512ddd478f4ed8870ca4919afaa8cd519f924b34197ff06ea68f60
assets/composition/comparison_png/COMP_048__put_the_cream_cheese_on_the_black_bowl_then_push_the_plate_to_the_front_of_the_stove_and_finally_put_the_black_bowl_on_the_stove.png	160705	e3fa15e26e8a42ec1684eb9fac37c9e8f91b344936bf6bfb5acd2277274ad31b
assets/composition/comparison_png/COMP_049__put_the_cream_cheese_on_the_black_bowl_then_push_the_plate_to_the_front_of_the_stove_and_finally_put_the_black_bowl_on_top_of_the_cabinet.png	159472	3493b6f7a1b741c16372add11ec394f29dd61e40ece5aa4eeabf01c71cb16127
assets/composition/comparison_png/COMP_050__put_the_cream_cheese_on_the_black_bowl_then_push_the_plate_to_the_front_of_the_stove_and_finally_open_the_middle_drawer_of_the_cabinet.png	160822	014fc06cc18d191e8ff11e79968bb8e772daec1a85bd1b448471b87148875900
assets/composition/comparison_png/COMP_051__put_the_cream_cheese_on_the_black_bowl_then_turn_on_the_stove_and_finally_put_the_black_bowl_on_the_stove.png	149934	4ca996058de02af3bf1e5a832c7ab6c56bd0163ca83d6a6253ec195d2150b9d0
assets/composition/comparison_png/COMP_052__put_the_cream_cheese_on_the_black_bowl_then_turn_on_the_stove_and_finally_put_the_black_bowl_on_top_of_the_cabinet.png	149157	85f65c7880c1c8d1d56fcdad6f4f256e1207cc3501c1c87b2cd9302cc37d1846
assets/composition/comparison_png/COMP_053__put_the_cream_cheese_on_the_black_bowl_then_turn_on_the_stove_and_finally_open_the_middle_drawer_of_the_cabinet.png	151835	c098200c95d47b42b534ed52570a1b24c9839dca0b9d521f2467b4268bb8a7f5
assets/composition/comparison_png/COMP_054__put_the_cream_cheese_on_the_black_bowl_then_open_the_middle_drawer_of_the_cabinet_and_finally_put_the_black_bowl_on_the_stove.png	161256	daa7b755f842089bd822488025a333607061e514e630d47c8556aadd92e0f818
assets/composition/comparison_png/COMP_055__put_the_cream_cheese_on_the_black_bowl_then_open_the_middle_drawer_of_the_cabinet_and_finally_put_the_black_bowl_on_top_of_the_cabinet.png	159332	f1a66d07707ecf052a9307bd2d9b4cc22b7a02fe66f804a300d792493cccc8f0
assets/composition/comparison_png/COMP_056__put_the_wine_bottle_on_top_of_the_cabinet_then_push_the_plate_to_the_front_of_the_stove_and_finally_turn_on_the_stove.png	149902	4159e52e1ea5a8977106b4e6ac81837cf8bb53d3d3d09cb795abec632d8840b1
assets/composition/comparison_png/COMP_057__put_the_wine_bottle_on_top_of_the_cabinet_then_push_the_plate_to_the_front_of_the_stove_and_finally_put_the_black_bowl_on_the_stove.png	158902	e2799e4afa06bc886f30223c3c6beb8e564ef5ebe967b5eac7c95bf94bf0fa9a
assets/composition/comparison_png/COMP_058__put_the_wine_bottle_on_top_of_the_cabinet_then_push_the_plate_to_the_front_of_the_stove_and_finally_open_the_middle_drawer_of_the_cabinet.png	159651	4b8fa477eed2270f97219bf2b4ff22faad6b30ce7a57c5767efdf1caf14ec19a
assets/composition/comparison_png/COMP_059__put_the_wine_bottle_on_top_of_the_cabinet_then_turn_on_the_stove_and_finally_put_the_black_bowl_on_the_stove.png	148341	29dea4cd179317c4960d1fce119e27eb1702f48b4b3229d1d6bb852878ff2af5
assets/composition/comparison_png/COMP_060__put_the_wine_bottle_on_top_of_the_cabinet_then_turn_on_the_stove_and_finally_open_the_middle_drawer_of_the_cabinet.png	146258	df5c3edfaf345fbd844dee9eb9e19041feef167605f4cbbdb7d008369b91baa6
assets/composition/comparison_png/COMP_061__put_the_wine_bottle_on_top_of_the_cabinet_then_open_the_middle_drawer_of_the_cabinet_and_finally_put_the_black_bowl_on_the_stove.png	159024	89f9333aaeea98ffca6396f566b91284e9b671b185b9ee59cdc601d9e57c8d8d
assets/composition/comparison_png/COMP_062__push_the_plate_to_the_front_of_the_stove_then_turn_on_the_stove_and_finally_put_the_black_bowl_on_the_stove.png	153056	12a329096aa9c84caf036c3b0ba52b913c0e0fe4b25dd5718d7cbf68d2726c65
assets/composition/comparison_png/COMP_063__push_the_plate_to_the_front_of_the_stove_then_turn_on_the_stove_and_finally_put_the_black_bowl_on_top_of_the_cabinet.png	151928	23707b771765f1bd698fb546c07bf976b116d0815e7cc74406d15cd6ac0c33e1
assets/composition/comparison_png/COMP_064__push_the_plate_to_the_front_of_the_stove_then_turn_on_the_stove_and_finally_open_the_middle_drawer_of_the_cabinet.png	151275	bcfb71b71bf1bd823a0c5dce0af5afda1b43359184541715759c098ff9bab47e
assets/composition/comparison_png/COMP_065__push_the_plate_to_the_front_of_the_stove_then_open_the_middle_drawer_of_the_cabinet_and_finally_put_the_black_bowl_on_the_stove.png	161164	66b9e9050f0b482581a4f4da70760aa41dcf18ea3e549238a8f8a7d0afe6a5d9
assets/composition/comparison_png/COMP_066__push_the_plate_to_the_front_of_the_stove_then_open_the_middle_drawer_of_the_cabinet_and_finally_put_the_black_bowl_on_top_of_the_cabinet.png	159445	9ed49668fb995f5faff46872693e7a1116e24c4c4bdae55d16264537cf7a554f
assets/composition/comparison_png/COMP_067__turn_on_the_stove_then_open_the_middle_drawer_of_the_cabinet_and_finally_put_the_black_bowl_on_the_stove.png	149927	1cbfec21bb95ace4a00de5b7edee647872bb2bb55d8a9dc42124bdb5acfdafb0
assets/composition/comparison_png/COMP_068__turn_on_the_stove_then_open_the_middle_drawer_of_the_cabinet_and_finally_put_the_black_bowl_on_top_of_the_cabinet.png	148801	1df8b6da2794ee9eb25ccc7422fd8a310e7b3a258ce4f849ce4bbdb27b732084
assets/composition/comparison_png/COMP_069__pick_the_akita_black_bowl_between_the_plate_and_the_ramekin_and_place_it_on_the_plate_and_then_open_the_middle_drawer_of_the_wooden_cabinet.png	183518	b311b4fd66bc6d89ed79e29f5ff45fd132fafec3507a30c85318d3231d2d621c
assets/composition/comparison_png/COMP_070__pick_the_akita_black_bowl_between_the_plate_and_the_ramekin_and_place_it_on_the_plate_and_then_turn_on_the_stove.png	182102	add26d9ebfba2e25f41e31da2d5284f92f9b6296d9dc8a77a5f9b5917b1fd7f9
assets/composition/comparison_png/COMP_071__pick_the_akita_black_bowl_between_the_plate_and_the_ramekin_and_place_it_on_the_plate_and_then_put_the_second_black_bowl_on_top_of_the_wooden_cabinet.png	183462	fd846062eb407cdcdf956d5142631eebc4cc0e1a2b63e336e06dc85872266924
assets/composition/comparison_png/COMP_072__pick_the_akita_black_bowl_between_the_plate_and_the_ramekin_and_place_it_on_the_plate_and_then_put_the_second_black_bowl_on_the_stove.png	185458	9bbdb3a49086c44f20b5590723c39dc89cfca6c009e2edf66b164c37951fc89c
assets/composition/comparison_png/COMP_073__pick_the_akita_black_bowl_between_the_plate_and_the_ramekin_and_place_it_on_the_plate_and_then_put_the_cookies_box_on_the_stove.png	185069	a5d04d805640b46421173aa2dc6ca1f4cdbebe0893802b2c4adefe9ad35954a3
assets/composition/comparison_png/COMP_074__pick_the_akita_black_bowl_between_the_plate_and_the_ramekin_and_place_it_on_the_plate_then_open_the_middle_drawer_of_the_wooden_cabinet_and_finally_turn_on_the_stove.png	186286	e371081f538ae13896448625dd95c5c90ee0a18bc7bf34913675926596730622
assets/composition/comparison_png/COMP_075__pick_the_akita_black_bowl_between_the_plate_and_the_ramekin_and_place_it_on_the_plate_then_open_the_middle_drawer_of_the_wooden_cabinet_and_finally_put_the_second_black_bowl_on_top_of_the_wooden_cabinet.png	190156	3f2dbbe72bfb7c492c7361d67adaa083bfee9024654e36730b1391ed1c4c6047
assets/composition/comparison_png/COMP_076__pick_the_akita_black_bowl_between_the_plate_and_the_ramekin_and_place_it_on_the_plate_then_open_the_middle_drawer_of_the_wooden_cabinet_and_finally_put_the_second_black_bowl_on_the_stove.png	190791	a8e4e355dd16c68ea62bfd6385103de77a8dc2519abf5ebe2166217f50164870
assets/composition/comparison_png/COMP_077__pick_the_akita_black_bowl_between_the_plate_and_the_ramekin_and_place_it_on_the_plate_then_open_the_middle_drawer_of_the_wooden_cabinet_and_finally_put_the_cookies_box_on_the_stove.png	188697	814135394556fdd70cd0f8e35d80fbc3583f2b611e96dc7a85158c01a931020b
assets/composition/comparison_png/COMP_078__pick_the_akita_black_bowl_between_the_plate_and_the_ramekin_and_place_it_on_the_plate_then_turn_on_the_stove_and_finally_put_the_second_black_bowl_on_top_of_the_wooden_cabinet.png	187498	45124d7f290356265e1fa721861e051db06a8d2c6f711e8d1fb6c3bd4fcea6d1
assets/composition/comparison_png/COMP_079__pick_the_akita_black_bowl_between_the_plate_and_the_ramekin_and_place_it_on_the_plate_then_turn_on_the_stove_and_finally_put_the_second_black_bowl_on_the_stove.png	187453	d2eb11a82624a9958a525adc177bba9388b8de9ea894b358b6dfe2bf25bbb7c3
assets/composition/comparison_png/COMP_080__pick_the_akita_black_bowl_between_the_plate_and_the_ramekin_and_place_it_on_the_plate_then_turn_on_the_stove_and_finally_put_the_cookies_box_on_the_stove.png	186387	67115ab3ef58b490a595e80763c6e8fa318d31b01590d4e89607a631ab27d431
assets/composition/comparison_png/COMP_081__pick_the_akita_black_bowl_between_the_plate_and_the_ramekin_and_place_it_on_the_plate_then_put_the_second_black_bowl_on_top_of_the_wooden_cabinet_and_finally_put_the_cookies_box_on_the_stove.png	189828	17ba7f212de3c9ef151c05ceca8f7ca94b9e28a38c1bf25a593f6c51084591b4
assets/composition/comparison_png/COMP_082__pick_the_akita_black_bowl_between_the_plate_and_the_ramekin_and_place_it_on_the_plate_then_put_the_second_black_bowl_on_the_stove_and_finally_put_the_cookies_box_on_the_stove.png	188833	fb11856244376c608077c7067643c4ec04181210d0a2384be304acf25d37bfe6
assets/composition/comparison_png/COMP_083__pick_the_akita_black_bowl_from_table_center_and_place_it_on_the_plate_and_then_open_the_middle_drawer_of_the_wooden_cabinet.png	184988	bc727fdd7275e930b02468e5ce2afb12e554bfe9a1d959dd85862e70427a30d9
assets/composition/comparison_png/COMP_084__pick_the_akita_black_bowl_from_table_center_and_place_it_on_the_plate_and_then_turn_on_the_stove.png	182392	65d315fad9099ddb786584200d113bb1023a578860ef8fe75611a37122604205
assets/composition/comparison_png/COMP_085__pick_the_akita_black_bowl_from_table_center_and_place_it_on_the_plate_and_then_put_the_second_black_bowl_on_top_of_the_wooden_cabinet.png	186934	1f35c81f698e0ec9300c65f3de41e4e716b2f4355eaaad38f4ec19d698340979
assets/composition/comparison_png/COMP_086__pick_the_akita_black_bowl_from_table_center_and_place_it_on_the_plate_and_then_put_the_second_black_bowl_on_the_stove.png	188839	279f46cd36cbd60573c04361da6c05405eacdfe80c842b891c7d89cc3c7ea3da
assets/composition/comparison_png/COMP_087__pick_the_akita_black_bowl_from_table_center_and_place_it_on_the_plate_and_then_put_the_cookies_box_on_the_stove.png	186691	fc00c7c11fe9c189a932dda0f932c0380138b34e5cf22aaf87bc0cb6ef776e82
assets/composition/comparison_png/COMP_088__pick_the_akita_black_bowl_from_table_center_and_place_it_on_the_plate_then_open_the_middle_drawer_of_the_wooden_cabinet_and_finally_turn_on_the_stove.png	186671	814cebcba9810ed3b86ec90602db5add27edbe1ebc43cfb9925b75b41af7379d
assets/composition/comparison_png/COMP_089__pick_the_akita_black_bowl_from_table_center_and_place_it_on_the_plate_then_open_the_middle_drawer_of_the_wooden_cabinet_and_finally_put_the_second_black_bowl_on_top_of_the_wooden_cabinet.png	191514	309c101457926513e1d28b9abe0d5e2304fe0d126bd32cdb693b0e3f0fb1381d
assets/composition/comparison_png/COMP_090__pick_the_akita_black_bowl_from_table_center_and_place_it_on_the_plate_then_open_the_middle_drawer_of_the_wooden_cabinet_and_finally_put_the_second_black_bowl_on_the_stove.png	191063	e79c66dc746dcb43cebf384c368a2f14f9be067c59b1c4c27f8ca3c233e026db
assets/composition/comparison_png/COMP_091__pick_the_akita_black_bowl_from_table_center_and_place_it_on_the_plate_then_open_the_middle_drawer_of_the_wooden_cabinet_and_finally_put_the_cookies_box_on_the_stove.png	189989	cfb02c5efe887479a0a2abd000ea345fd044d78d39284c25bbfc7471d6d8df44
assets/composition/comparison_png/COMP_092__pick_the_akita_black_bowl_from_table_center_and_place_it_on_the_plate_then_turn_on_the_stove_and_finally_put_the_second_black_bowl_on_top_of_the_wooden_cabinet.png	188242	db5c2f5f937e8b638e880b0061ea26924888f488aae6f11eb9a478b62e716f7a
assets/composition/comparison_png/COMP_093__pick_the_akita_black_bowl_from_table_center_and_place_it_on_the_plate_then_turn_on_the_stove_and_finally_put_the_second_black_bowl_on_the_stove.png	189304	0b0a2b3f8410b14a183781a196c6c53919b10302c1c4315487850adec3425858
assets/composition/comparison_png/COMP_094__pick_the_akita_black_bowl_from_table_center_and_place_it_on_the_plate_then_turn_on_the_stove_and_finally_put_the_cookies_box_on_the_stove.png	187653	8805162c2ed0737666f0bf78587b2ca797bf21189b1b231c00fc5d9433b323a7
assets/composition/comparison_png/COMP_095__pick_the_akita_black_bowl_from_table_center_and_place_it_on_the_plate_then_put_the_second_black_bowl_on_top_of_the_wooden_cabinet_and_finally_put_the_cookies_box_on_the_stove.png	191394	c7c1a4e7e97982e6933b821567b053f910b587ba0038a95580cec3e15e36ef69
assets/composition/comparison_png/COMP_096__pick_the_akita_black_bowl_from_table_center_and_place_it_on_the_plate_then_put_the_second_black_bowl_on_the_stove_and_finally_put_the_cookies_box_on_the_stove.png	192347	ce4758f8e314fe1e0ee0b12e75b124b2e2599f987be9dace00f02c70f771dfcd
assets/composition/comparison_png/COMP_097__pick_the_akita_black_bowl_in_the_top_layer_of_the_wooden_cabinet_and_place_it_on_the_plate_and_then_open_the_middle_drawer_of_the_wooden_cabinet.png	185896	8a449c4b231aee00ba54e9c67afdb775dc605408e2be813e8f1aa6f26c529a70
assets/composition/comparison_png/COMP_098__pick_the_akita_black_bowl_in_the_top_layer_of_the_wooden_cabinet_and_place_it_on_the_plate_and_then_turn_on_the_stove.png	184902	033a0d4de0da46d967e480607b061c355fcce19864d093e7c274e5aa3fa40d94
assets/composition/comparison_png/COMP_099__pick_the_akita_black_bowl_in_the_top_layer_of_the_wooden_cabinet_and_place_it_on_the_plate_and_then_put_the_second_black_bowl_on_the_stove.png	188442	c8a166c3bd532cbcd45ddf55c4a088257a9783e81727a3f4e762e8f63fe60f5c
assets/composition/comparison_png/COMP_100__pick_the_akita_black_bowl_in_the_top_layer_of_the_wooden_cabinet_and_place_it_on_the_plate_and_then_put_the_cookies_box_on_the_stove.png	187135	400589bf23f83f4b067577b72426b0617ca654ad45c227c64e9a95135949761f
assets/composition/comparison_png/COMP_101__pick_the_akita_black_bowl_in_the_top_layer_of_the_wooden_cabinet_and_place_it_on_the_plate_then_open_the_middle_drawer_of_the_wooden_cabinet_and_finally_turn_on_the_stove.png	188265	bd8f374234ec4a421be3d5a956d16b79a654bfb126b661480f102be70abcdbb0
assets/composition/comparison_png/COMP_102__pick_the_akita_black_bowl_in_the_top_layer_of_the_wooden_cabinet_and_place_it_on_the_plate_then_open_the_middle_drawer_of_the_wooden_cabinet_and_finally_put_the_second_black_bowl_on_the_stove.png	192594	5086017756f21b9d12e78716a64a6a9145771a2f3c7b63f53b262ee39d0fd7be
assets/composition/comparison_png/COMP_103__pick_the_akita_black_bowl_in_the_top_layer_of_the_wooden_cabinet_and_place_it_on_the_plate_then_open_the_middle_drawer_of_the_wooden_cabinet_and_finally_put_the_cookies_box_on_the_stove.png	191356	58acaea2812ea5c487463e0c55616a2442555b672d6ba263a20953178478a722
assets/composition/comparison_png/COMP_104__pick_the_akita_black_bowl_in_the_top_layer_of_the_wooden_cabinet_and_place_it_on_the_plate_then_turn_on_the_stove_and_finally_put_the_second_black_bowl_on_the_stove.png	190210	86dabe7bde1fb619265656ee86eb5d997079a2c6f3d46bb45529dc0e3b65ec70
assets/composition/comparison_png/COMP_105__pick_the_akita_black_bowl_in_the_top_layer_of_the_wooden_cabinet_and_place_it_on_the_plate_then_turn_on_the_stove_and_finally_put_the_cookies_box_on_the_stove.png	189317	fce923bc9d365a2da162ac4fd64e83f8e6283807097c1f05d6142d620765a7dc
assets/composition/comparison_png/COMP_106__pick_the_akita_black_bowl_in_the_top_layer_of_the_wooden_cabinet_and_place_it_on_the_plate_then_put_the_second_black_bowl_on_the_stove_and_finally_put_the_cookies_box_on_the_stove.png	191605	8ab467a1578838e1024f681439a3da7f467a9355bcdcbd4add1d59d6de1354ef
assets/composition/comparison_png/COMP_107__pick_the_akita_black_bowl_next_to_the_cookies_box_and_place_it_on_the_plate_and_then_open_the_middle_drawer_of_the_wooden_cabinet.png	187134	cfdeb34ed788408e0f7652235e06eb2e20656446f058cbff6f908aa7026e7e9c
assets/composition/comparison_png/COMP_108__pick_the_akita_black_bowl_next_to_the_cookies_box_and_place_it_on_the_plate_and_then_turn_on_the_stove.png	184072	27644941b76a5f8d7ab69bd3c32227c15d03328c97acaa4cdeb741bea5a552bd
assets/composition/comparison_png/COMP_109__pick_the_akita_black_bowl_next_to_the_cookies_box_and_place_it_on_the_plate_and_then_put_the_second_black_bowl_on_top_of_the_wooden_cabinet.png	187331	4f033f0875e9ee1189afc447e144f18040ccecdbae731da3c72ceb808a60bb32
assets/composition/comparison_png/COMP_110__pick_the_akita_black_bowl_next_to_the_cookies_box_and_place_it_on_the_plate_and_then_put_the_cookies_box_on_the_stove.png	188067	7d6a6fe65c4cba8d0c990cd5b75b3f3ef29ee10e02b54a1490fc4ce577fe73c7
assets/composition/comparison_png/COMP_111__pick_the_akita_black_bowl_next_to_the_cookies_box_and_place_it_on_the_plate_then_open_the_middle_drawer_of_the_wooden_cabinet_and_finally_turn_on_the_stove.png	187523	336e92cc1da87252ac31e102b50dae419b467b39308b7bcbb45c02b51b2254f5
assets/composition/comparison_png/COMP_112__pick_the_akita_black_bowl_next_to_the_cookies_box_and_place_it_on_the_plate_then_open_the_middle_drawer_of_the_wooden_cabinet_and_finally_put_the_second_black_bowl_on_top_of_the_wooden_cabinet.png	191378	c34ece9baf7f467733067bea90c2922bb3ac0516e5f46481265a15f0d1cd4a3e
assets/composition/comparison_png/COMP_113__pick_the_akita_black_bowl_next_to_the_cookies_box_and_place_it_on_the_plate_then_open_the_middle_drawer_of_the_wooden_cabinet_and_finally_put_the_cookies_box_on_the_stove.png	192218	6827fbb98d78d7735e5237324fbe0a39b1de021e67d3972926ea7ab46bb35425
assets/composition/comparison_png/COMP_114__pick_the_akita_black_bowl_next_to_the_cookies_box_and_place_it_on_the_plate_then_turn_on_the_stove_and_finally_put_the_second_black_bowl_on_top_of_the_wooden_cabinet.png	188079	d588ded93fad91a79f8287a27eb69fba53d9c7783f2886e524ab7a713675d56b
assets/composition/comparison_png/COMP_115__pick_the_akita_black_bowl_next_to_the_cookies_box_and_place_it_on_the_plate_then_turn_on_the_stove_and_finally_put_the_cookies_box_on_the_stove.png	188447	afd3187bb02f0a47265b483ebfa000604d0dce163f7610c6e88f16b2b7986887
assets/composition/comparison_png/COMP_116__pick_the_akita_black_bowl_next_to_the_cookies_box_and_place_it_on_the_plate_then_put_the_second_black_bowl_on_top_of_the_wooden_cabinet_and_finally_put_the_cookies_box_on_the_stove.png	191427	b4634f1b44b7a20c77eb25ff67207bb3978c6a0dd3a7021a6162106bae1e42d7
assets/composition/comparison_png/COMP_117__pick_the_akita_black_bowl_next_to_the_plate_and_place_it_on_the_plate_and_then_open_the_middle_drawer_of_the_wooden_cabinet.png	184346	64ab18028350d3b303518db01dba53837fd716131c1c50b928881a7ef49e0e7b
assets/composition/comparison_png/COMP_118__pick_the_akita_black_bowl_next_to_the_plate_and_place_it_on_the_plate_and_then_turn_on_the_stove.png	182761	f24e8e3f048469e503fc819ab19f5e0f7f0569adf7a93b067fe2712d74fed2fc
assets/composition/comparison_png/COMP_119__pick_the_akita_black_bowl_next_to_the_plate_and_place_it_on_the_plate_and_then_put_the_second_black_bowl_on_top_of_the_wooden_cabinet.png	185161	b754ea2021586d36b9005f0e668eb2d417c826e397b06c95aa8ed0899bd6af03
assets/composition/comparison_png/COMP_120__pick_the_akita_black_bowl_next_to_the_plate_and_place_it_on_the_plate_and_then_put_the_second_black_bowl_on_the_stove.png	187059	af2b3ac2e20a7e6d659d1cdb7a993a381b99929ea7b0b6b3ee5717421f7e6c3f
assets/composition/comparison_png/COMP_121__pick_the_akita_black_bowl_next_to_the_plate_and_place_it_on_the_plate_and_then_put_the_cookies_box_on_the_stove.png	185421	aacdbf2cabb8a0027aeb15853c4b34f9dc82552c69bcb82607df81be07f65377
assets/composition/comparison_png/COMP_122__pick_the_akita_black_bowl_next_to_the_plate_and_place_it_on_the_plate_then_open_the_middle_drawer_of_the_wooden_cabinet_and_finally_turn_on_the_stove.png	186622	3dce88f7cce6d3672cace6ca3f2fcc907267498182a839d49fc324989d6557f7
assets/composition/comparison_png/COMP_123__pick_the_akita_black_bowl_next_to_the_plate_and_place_it_on_the_plate_then_open_the_middle_drawer_of_the_wooden_cabinet_and_finally_put_the_second_black_bowl_on_top_of_the_wooden_cabinet.png	188485	055cc9b671a4da78e0a1cdc384ecc19e21421e9b97867a30586f3ee16641b386
assets/composition/comparison_png/COMP_124__pick_the_akita_black_bowl_next_to_the_plate_and_place_it_on_the_plate_then_open_the_middle_drawer_of_the_wooden_cabinet_and_finally_put_the_second_black_bowl_on_the_stove.png	189788	fc1db1073aee7ce61063b4fc544f55060cdb670d65171edc0e66ac7cd39d71d8
assets/composition/comparison_png/COMP_125__pick_the_akita_black_bowl_next_to_the_plate_and_place_it_on_the_plate_then_open_the_middle_drawer_of_the_wooden_cabinet_and_finally_put_the_cookies_box_on_the_stove.png	189449	f982d169a41ea687febc1173b45e4fcfdab1138f9e047c2d33811e2d52043dd6
assets/composition/comparison_png/COMP_126__pick_the_akita_black_bowl_next_to_the_plate_and_place_it_on_the_plate_then_turn_on_the_stove_and_finally_put_the_second_black_bowl_on_top_of_the_wooden_cabinet.png	187676	f37b6fd73d00afe2063c7160f26af42d6d690e746c88812b5c1a1e46aebf0919
assets/composition/comparison_png/COMP_127__pick_the_akita_black_bowl_next_to_the_plate_and_place_it_on_the_plate_then_turn_on_the_stove_and_finally_put_the_second_black_bowl_on_the_stove.png	188293	f13f4aacd8561f12dcece5fa513b90b64bcaad12dbb65355ea96346de3d21bfe
assets/composition/comparison_png/COMP_128__pick_the_akita_black_bowl_next_to_the_plate_and_place_it_on_the_plate_then_turn_on_the_stove_and_finally_put_the_cookies_box_on_the_stove.png	187849	f8182458bb76aaa0b021e64c8f6bb258954ad3199a319675d39a9268d77b2ea4
assets/composition/comparison_png/COMP_129__pick_the_akita_black_bowl_next_to_the_plate_and_place_it_on_the_plate_then_put_the_second_black_bowl_on_top_of_the_wooden_cabinet_and_finally_put_the_cookies_box_on_the_stove.png	189623	abf612897caa8c100a92d8ebcb8d90df915c5b02c1b3a7782a222c9877655824
assets/composition/comparison_png/COMP_130__pick_the_akita_black_bowl_next_to_the_plate_and_place_it_on_the_plate_then_put_the_second_black_bowl_on_the_stove_and_finally_put_the_cookies_box_on_the_stove.png	191003	2992fbf43247617037dfe1eef5b503cec91a2637361d95305b91373f92b0c2c5
assets/composition/comparison_png/COMP_131__pick_the_akita_black_bowl_next_to_the_ramekin_and_place_it_on_the_plate_and_then_open_the_middle_drawer_of_the_wooden_cabinet.png	185356	6e24f3c2fa6bd2f005e1f5161186674978181710fe331a68d79cc6f5b2a381b8
assets/composition/comparison_png/COMP_132__pick_the_akita_black_bowl_next_to_the_ramekin_and_place_it_on_the_plate_and_then_turn_on_the_stove.png	182797	4251b2affd09a383ae2750c2c4bfd82d637b64f87047da0bdd033f183e5cd100
assets/composition/comparison_png/COMP_133__pick_the_akita_black_bowl_next_to_the_ramekin_and_place_it_on_the_plate_and_then_put_the_second_black_bowl_on_top_of_the_wooden_cabinet.png	187920	c4ce8aab26d98299065f65b5ba5e6c075789c3b41f526417801f47f12c1821c1
assets/composition/comparison_png/COMP_134__pick_the_akita_black_bowl_next_to_the_ramekin_and_place_it_on_the_plate_and_then_put_the_second_black_bowl_on_the_stove.png	190498	9648189cc90d110c851b44528c63905138ee7ee7f26110e90af6000198388b43
assets/composition/comparison_png/COMP_135__pick_the_akita_black_bowl_next_to_the_ramekin_and_place_it_on_the_plate_and_then_put_the_cookies_box_on_the_stove.png	187277	19af59c01ba934e936ca204e4ba18feb6a10cfed0ab9e728b4983de5d9936e2c
assets/composition/comparison_png/COMP_136__pick_the_akita_black_bowl_next_to_the_ramekin_and_place_it_on_the_plate_then_open_the_middle_drawer_of_the_wooden_cabinet_and_finally_turn_on_the_stove.png	187352	c26b6bf7d4c99fc88c96c0b07dcf5f53814d49cea5597f3bf24843c02b51e0c0
assets/composition/comparison_png/COMP_137__pick_the_akita_black_bowl_next_to_the_ramekin_and_place_it_on_the_plate_then_open_the_middle_drawer_of_the_wooden_cabinet_and_finally_put_the_second_black_bowl_on_top_of_the_wooden_cabinet.png	192994	0233f868e0b761681ff1990df9a395a5cd4015954bfdb094074f20697ddc01eb
assets/composition/comparison_png/COMP_138__pick_the_akita_black_bowl_next_to_the_ramekin_and_place_it_on_the_plate_then_open_the_middle_drawer_of_the_wooden_cabinet_and_finally_put_the_second_black_bowl_on_the_stove.png	193887	f8c0929b9949c7bb77960686433ebdc5fcd3c3df913ece8ab89c05759dba842d
assets/composition/comparison_png/COMP_139__pick_the_akita_black_bowl_next_to_the_ramekin_and_place_it_on_the_plate_then_open_the_middle_drawer_of_the_wooden_cabinet_and_finally_put_the_cookies_box_on_the_stove.png	191336	3c5a55c549a16eb7aceb309f6b83b4157e37d141199c4d4a46dbe8c37c12f39b
assets/composition/comparison_png/COMP_140__pick_the_akita_black_bowl_next_to_the_ramekin_and_place_it_on_the_plate_then_turn_on_the_stove_and_finally_put_the_second_black_bowl_on_top_of_the_wooden_cabinet.png	189905	46a2587b36ee125bd6e729d980fee5434fbf3aaf32b3140193c4d1ffc321f98e
assets/composition/comparison_png/COMP_141__pick_the_akita_black_bowl_next_to_the_ramekin_and_place_it_on_the_plate_then_turn_on_the_stove_and_finally_put_the_second_black_bowl_on_the_stove.png	190390	a9bf6427fcb6f3bdaaf79d60c5e05d3413a20b4d69031cfa74531ffc0e6c7e73
assets/composition/comparison_png/COMP_142__pick_the_akita_black_bowl_next_to_the_ramekin_and_place_it_on_the_plate_then_turn_on_the_stove_and_finally_put_the_cookies_box_on_the_stove.png	187537	7cf4c40cc59a3af368bfaaa589c59318882b7786dd6ee99f40b7c2d6d87eb66f
assets/composition/comparison_png/COMP_143__pick_the_akita_black_bowl_next_to_the_ramekin_and_place_it_on_the_plate_then_put_the_second_black_bowl_on_top_of_the_wooden_cabinet_and_finally_put_the_cookies_box_on_the_stove.png	192788	0fed7c6c1e46fdfc3a199ff2f49e03cf3c9f509b680a2f472d51a2735e0248e9
assets/composition/comparison_png/COMP_144__pick_the_akita_black_bowl_next_to_the_ramekin_and_place_it_on_the_plate_then_put_the_second_black_bowl_on_the_stove_and_finally_put_the_cookies_box_on_the_stove.png	193364	5442ca31122a0c2bbde65ecca631c756af7900b5b873d09e940ee10872835319
assets/composition/comparison_png/COMP_145__pick_the_akita_black_bowl_on_the_cookies_box_and_place_it_on_the_plate_and_then_open_the_middle_drawer_of_the_wooden_cabinet.png	186555	9aeb93cfdbcb70000b6cd37761a161abce828e2e0fd7c81cc6e06087d04ecdcd
assets/composition/comparison_png/COMP_146__pick_the_akita_black_bowl_on_the_cookies_box_and_place_it_on_the_plate_and_then_turn_on_the_stove.png	184167	8693a3337934b767e2843f654956d908fc6d5ae172630740ba465acd9c096c0e
assets/composition/comparison_png/COMP_147__pick_the_akita_black_bowl_on_the_cookies_box_and_place_it_on_the_plate_and_then_put_the_second_black_bowl_on_the_stove.png	188813	c7e3782d2c068d3c93bb44ee2acf5035b198e4fe876634c9b028c1ece1620045
assets/composition/comparison_png/COMP_148__pick_the_akita_black_bowl_on_the_cookies_box_and_place_it_on_the_plate_and_then_put_the_cookies_box_on_the_stove.png	188007	cab69e9315f3a20f57e9126a41784626db004000c8ea9fc2f268fb123eb28af9
assets/composition/comparison_png/COMP_149__pick_the_akita_black_bowl_on_the_cookies_box_and_place_it_on_the_plate_then_open_the_middle_drawer_of_the_wooden_cabinet_and_finally_turn_on_the_stove.png	188665	fe1676bdfe1bcbf14245da0db2a46586e6c23e3c4ec305a5d4235bc6b5973dd0
assets/composition/comparison_png/COMP_150__pick_the_akita_black_bowl_on_the_cookies_box_and_place_it_on_the_plate_then_open_the_middle_drawer_of_the_wooden_cabinet_and_finally_put_the_second_black_bowl_on_the_stove.png	192505	da3b05a877cb485830474e8dc7dbff7b237d63b76ee87e612de612b962e3e67c
assets/composition/comparison_png/COMP_151__pick_the_akita_black_bowl_on_the_cookies_box_and_place_it_on_the_plate_then_open_the_middle_drawer_of_the_wooden_cabinet_and_finally_put_the_cookies_box_on_the_stove.png	191799	91012555e55dd0230db850f35f719874ab03d2b922fb1ee32d6b5ebf83ad756c
assets/composition/comparison_png/COMP_152__pick_the_akita_black_bowl_on_the_cookies_box_and_place_it_on_the_plate_then_turn_on_the_stove_and_finally_put_the_second_black_bowl_on_the_stove.png	189510	75ca11f134f380a250c5f43ef38604ecb761a42c1b809c64b5b36b71db5dc1e4
assets/composition/comparison_png/COMP_153__pick_the_akita_black_bowl_on_the_cookies_box_and_place_it_on_the_plate_then_turn_on_the_stove_and_finally_put_the_cookies_box_on_the_stove.png	189272	d088be87039248e2637814d6364b0ccd2ac5c16406c7944ca373282753524674
assets/composition/comparison_png/COMP_154__pick_the_akita_black_bowl_on_the_cookies_box_and_place_it_on_the_plate_then_put_the_second_black_bowl_on_the_stove_and_finally_put_the_cookies_box_on_the_stove.png	192044	cc2b55564f40e6b9c80d4a0a0cb4d6d6a3fa03968eae07612130b4cb938045e3
assets/composition/comparison_png/COMP_155__pick_the_akita_black_bowl_on_the_ramekin_and_place_it_on_the_plate_and_then_open_the_middle_drawer_of_the_wooden_cabinet.png	185079	7b6c3cb5c7ee70ccdd57ef78a54a283f93a747699c293b92e5c80e312434a454
assets/composition/comparison_png/COMP_156__pick_the_akita_black_bowl_on_the_ramekin_and_place_it_on_the_plate_and_then_turn_on_the_stove.png	182839	19a79dbb35ffa9aa634e153890ecd7bf2f19108c8c01ca2fee5d4a786b6548da
assets/composition/comparison_png/COMP_157__pick_the_akita_black_bowl_on_the_ramekin_and_place_it_on_the_plate_and_then_put_the_second_black_bowl_on_top_of_the_wooden_cabinet.png	187696	9bbc82190f351af72350a4ba28a218d188722439bb153c50eaa28cebee70c657
assets/composition/comparison_png/COMP_158__pick_the_akita_black_bowl_on_the_ramekin_and_place_it_on_the_plate_and_then_put_the_second_black_bowl_on_the_stove.png	190100	00f357310c04f62e4105fc339cd34ab5910f9844a908c9cab95acf8fc21bbb6c
assets/composition/comparison_png/COMP_159__pick_the_akita_black_bowl_on_the_ramekin_and_place_it_on_the_plate_and_then_put_the_cookies_box_on_the_stove.png	187080	dcee4367fca297bc09124d76bacbf94ae1a3a535a0390aa28d72ad3357acc0d5
assets/composition/comparison_png/COMP_160__pick_the_akita_black_bowl_on_the_ramekin_and_place_it_on_the_plate_then_open_the_middle_drawer_of_the_wooden_cabinet_and_finally_turn_on_the_stove.png	187540	2efd767bd603ee507a60af3e5f94204a5beb34a64ccedd9d6a50292182d806d6
assets/composition/comparison_png/COMP_161__pick_the_akita_black_bowl_on_the_ramekin_and_place_it_on_the_plate_then_open_the_middle_drawer_of_the_wooden_cabinet_and_finally_put_the_second_black_bowl_on_top_of_the_wooden_cabinet.png	190542	62c851d48f8702ae5778bcefedcc0fdd9b9036f9ea72e7ed939cfc99c3116eba
assets/composition/comparison_png/COMP_162__pick_the_akita_black_bowl_on_the_ramekin_and_place_it_on_the_plate_then_open_the_middle_drawer_of_the_wooden_cabinet_and_finally_put_the_second_black_bowl_on_the_stove.png	192401	ad13f6f3de73079855d352c3791626a69774f84a2daebfe1488f6dd88f15937e
assets/composition/comparison_png/COMP_163__pick_the_akita_black_bowl_on_the_ramekin_and_place_it_on_the_plate_then_open_the_middle_drawer_of_the_wooden_cabinet_and_finally_put_the_cookies_box_on_the_stove.png	190569	8355e2274833762bebafadfa5d9e2e44520c8e2621e8703d0ac673f5f6d50022
assets/composition/comparison_png/COMP_164__pick_the_akita_black_bowl_on_the_ramekin_and_place_it_on_the_plate_then_turn_on_the_stove_and_finally_put_the_second_black_bowl_on_top_of_the_wooden_cabinet.png	189666	59a9ab42f7c663efc6a3f2087f819d06d6b15df0b32f7b420a8e4cd90f1aac15
assets/composition/comparison_png/COMP_165__pick_the_akita_black_bowl_on_the_ramekin_and_place_it_on_the_plate_then_turn_on_the_stove_and_finally_put_the_second_black_bowl_on_the_stove.png	191072	2f2264a8455e1303cba70387993dc15b4b67a63308ac0b11971ed5c7dd2f38f0
assets/composition/comparison_png/COMP_166__pick_the_akita_black_bowl_on_the_ramekin_and_place_it_on_the_plate_then_turn_on_the_stove_and_finally_put_the_cookies_box_on_the_stove.png	188264	e2636b717ba14e6e5f1ab6aa9ca24179c3ab39b8254df202563b34a14f0fdb50
assets/composition/comparison_png/COMP_167__pick_the_akita_black_bowl_on_the_ramekin_and_place_it_on_the_plate_then_put_the_second_black_bowl_on_top_of_the_wooden_cabinet_and_finally_put_the_cookies_box_on_the_stove.png	192336	3a8d1add25762845fc808a4f9f1d97037dff5c73a56eeb01b9b886810d490742
assets/composition/comparison_png/COMP_168__pick_the_akita_black_bowl_on_the_ramekin_and_place_it_on_the_plate_then_put_the_second_black_bowl_on_the_stove_and_finally_put_the_cookies_box_on_the_stove.png	193744	66fe56f3abf3425da2c7514d1c61c56ccc06812cba31cb65d930f74849fbeaf2
assets/composition/comparison_png/COMP_169__pick_the_akita_black_bowl_on_the_stove_and_place_it_on_the_plate_and_then_open_the_middle_drawer_of_the_wooden_cabinet.png	182729	efe529ca4536f396225f1c7ba9e65c802b79f8e502fabe4b289b5f95e36bd8e2
assets/composition/comparison_png/COMP_170__pick_the_akita_black_bowl_on_the_stove_and_place_it_on_the_plate_and_then_turn_on_the_stove.png	178810	79f33915cef617911e7a9f62501d92e511110058c5975f1d2e12cae9b36b38cb
assets/composition/comparison_png/COMP_171__pick_the_akita_black_bowl_on_the_stove_and_place_it_on_the_plate_and_then_put_the_second_black_bowl_on_the_stove.png	183459	a6dbad91d0d4d59066e7c05fbae54e3222f5770c2e45c804c2785df519754b66
assets/composition/comparison_png/COMP_172__pick_the_akita_black_bowl_on_the_stove_and_place_it_on_the_plate_and_then_put_the_cookies_box_on_the_stove.png	182321	5eab1db11849121cfe6bfd6ce8a36ab7bfdc627dcdf101fb719be34efae3a787
assets/composition/comparison_png/COMP_173__pick_the_akita_black_bowl_on_the_stove_and_place_it_on_the_plate_then_open_the_middle_drawer_of_the_wooden_cabinet_and_finally_turn_on_the_stove.png	182879	42974979d14e030fd8d89b2666c63fc7cc7ff43e6081325d5d002b37a6723687
assets/composition/comparison_png/COMP_174__pick_the_akita_black_bowl_on_the_stove_and_place_it_on_the_plate_then_open_the_middle_drawer_of_the_wooden_cabinet_and_finally_put_the_second_black_bowl_on_the_stove.png	187108	4fcf61ac7831249a4446ecb6a552823b65488ab490d83c9a0039b309dc70e49c
assets/composition/comparison_png/COMP_175__pick_the_akita_black_bowl_on_the_stove_and_place_it_on_the_plate_then_open_the_middle_drawer_of_the_wooden_cabinet_and_finally_put_the_cookies_box_on_the_stove.png	186822	0957b1089bc511d96e6935d50e0c39cc023ec344ec53390a280cd19107a3855f
assets/composition/comparison_png/COMP_176__pick_the_akita_black_bowl_on_the_stove_and_place_it_on_the_plate_then_turn_on_the_stove_and_finally_put_the_second_black_bowl_on_the_stove.png	184009	e422335d0789b79770af42aa56e8ce0f318f4272ef9492c6ce2eef37283ba051
assets/composition/comparison_png/COMP_177__pick_the_akita_black_bowl_on_the_stove_and_place_it_on_the_plate_then_turn_on_the_stove_and_finally_put_the_cookies_box_on_the_stove.png	182846	828faf3d05b5d734272e4338e1ac84c09e4037db5f77b304d17277fe8b929ba4
assets/composition/comparison_png/COMP_178__pick_the_akita_black_bowl_on_the_stove_and_place_it_on_the_plate_then_put_the_second_black_bowl_on_the_stove_and_finally_put_the_cookies_box_on_the_stove.png	187527	d1b92a741f514620dcf0edcd41ece7a0125a25edb265e31560c1a912521ccb78
assets/composition/comparison_png/COMP_179__pick_the_akita_black_bowl_on_the_wooden_cabinet_and_place_it_on_the_plate_and_then_open_the_middle_drawer_of_the_wooden_cabinet.png	182289	6fe1d08c48871071507443b4c58db664b69cbe542e80dcf5c26424714331be8d
assets/composition/comparison_png/COMP_180__pick_the_akita_black_bowl_on_the_wooden_cabinet_and_place_it_on_the_plate_and_then_turn_on_the_stove.png	180236	11be0afed60a9dc8959c8b939ae2a2df7173d018c5289515c15b4b4fd1892e52
assets/composition/comparison_png/COMP_181__pick_the_akita_black_bowl_on_the_wooden_cabinet_and_place_it_on_the_plate_and_then_put_the_second_black_bowl_on_top_of_the_wooden_cabinet.png	181922	c9574897273a878e6bceb964b60371fc36e0e22439cc6c2ec0bc99208540f38b
assets/composition/comparison_png/COMP_182__pick_the_akita_black_bowl_on_the_wooden_cabinet_and_place_it_on_the_plate_and_then_put_the_cookies_box_on_the_stove.png	183323	52e28421ad5f7b2c1a547f1c0bbe43af18a3691786abe31660e8c7fcaad1a3f9
assets/composition/comparison_png/COMP_183__pick_the_akita_black_bowl_on_the_wooden_cabinet_and_place_it_on_the_plate_then_open_the_middle_drawer_of_the_wooden_cabinet_and_finally_turn_on_the_stove.png	184299	ef59782502fb186a99ac001d530384772c6786e7f600a96a22e8b8c308966b4d
assets/composition/comparison_png/COMP_184__pick_the_akita_black_bowl_on_the_wooden_cabinet_and_place_it_on_the_plate_then_open_the_middle_drawer_of_the_wooden_cabinet_and_finally_put_the_second_black_bowl_on_top_of_the_wooden_cabinet.png	187266	75d0474964fe67138aa32a60d23b2c9630f368c028e0a1c87d7e3b0bb72e08e2
assets/composition/comparison_png/COMP_185__pick_the_akita_black_bowl_on_the_wooden_cabinet_and_place_it_on_the_plate_then_open_the_middle_drawer_of_the_wooden_cabinet_and_finally_put_the_cookies_box_on_the_stove.png	187795	15e6be239e05be7342853f8d717f9db94d88fd71a3fcba87d63daab90db602dc
assets/composition/comparison_png/COMP_186__pick_the_akita_black_bowl_on_the_wooden_cabinet_and_place_it_on_the_plate_then_turn_on_the_stove_and_finally_put_the_second_black_bowl_on_top_of_the_wooden_cabinet.png	184543	10ea8237ab1f49fc7ec6a3a8d53dd39e7f1e84075af08f0f86a8d22f69eb8a25
assets/composition/comparison_png/COMP_187__pick_the_akita_black_bowl_on_the_wooden_cabinet_and_place_it_on_the_plate_then_turn_on_the_stove_and_finally_put_the_cookies_box_on_the_stove.png	184679	d89876c3b911ac9f0f5a61f3076972a9bc92e56abfe61cd3a8f0291d571e9cbe
assets/composition/comparison_png/COMP_188__pick_the_akita_black_bowl_on_the_wooden_cabinet_and_place_it_on_the_plate_then_put_the_second_black_bowl_on_top_of_the_wooden_cabinet_and_finally_put_the_cookies_box_on_the_stove.png	186535	baa164b4e6c409fbaf4b267b257e8f4c758f29a9c027d19352108c1a795f8d4f
assets/composition/comparison_png/COMP_189__put_the_white_mug_on_the_left_plate_then_put_the_yellow_and_white_mug_on_the_middle_plate_and_finally_put_the_red_mug_on_the_right_plate.png	171396	1280a35d66876998f9c04464e456f31698d991d89a6b4ea4738f90f211815a54
assets/composition/comparison_png/COMP_190__put_the_white_mug_on_the_left_plate_then_put_the_yellow_and_white_mug_on_the_right_plate_and_finally_put_the_red_mug_on_the_middle_plate.png	171469	2bdc0cae20e0022d3e56716c679de853ddfe77ddaf196db14492f4b2df954eea
assets/composition/comparison_png/COMP_191__put_the_white_mug_on_the_middle_plate_then_put_the_yellow_and_white_mug_on_the_left_plate_and_finally_put_the_red_mug_on_the_right_plate.png	170975	f37a06e9a65c0c1365d080891cc8673c87bd54137e868063866e7989fc6e1f39
assets/composition/comparison_png/COMP_192__put_the_white_mug_on_the_middle_plate_then_put_the_yellow_and_white_mug_on_the_right_plate_and_finally_put_the_red_mug_on_the_left_plate.png	171278	88aa223fb12c2346191221b15ee7371c0faa4096e542d39b85c80c25494c831f
assets/composition/comparison_png/COMP_193__put_the_white_mug_on_the_right_plate_then_put_the_yellow_and_white_mug_on_the_left_plate_and_finally_put_the_red_mug_on_the_middle_plate.png	171053	61e9f39e48dece3c0cf7fc2688ac1d1f1c26537bc7beeef0b70164759d0c300e
assets/composition/comparison_png/COMP_194__put_the_white_mug_on_the_right_plate_then_put_the_yellow_and_white_mug_on_the_middle_plate_and_finally_put_the_red_mug_on_the_left_plate.png	171197	ad0e8244f4d8ac2f8036149173e13715ed68c48af6c75f1acc071800557b7e7a
assets/composition/comparison_png/COMP_195__turn_on_the_stove_then_put_the_moka_pot_on_the_stove_and_finally_turn_off_the_stove.png	116361	035e16c800f7a1d1d7d4c24422a37a56cd5f2b1349c69183ac1dee426846917c
assets/composition/comparison_png/COMP_196__turn_on_the_stove_then_put_the_moka_pot_on_the_stove_and_finally_put_the_frypan_on_the_stove.png	124118	0b21d2622f39998cf504ed11086335f5fba66a7fc8e48b71149f5526b1c10c2e
assets/composition/comparison_png/COMP_197__put_the_black_bowl_in_the_bottom_drawer_of_the_white_cabinet_then_close_the_bottom_drawer_of_the_white_cabinet_and_finally_put_the_wine_bottle_on_top_of_the_white_cabinet.png	225716	fd162b7fd86752daad580b1af6182a0f0c3275b74339c993c0227ad40e66e2cb
assets/composition/comparison_png/COMP_198__put_the_yellow_and_white_mug_in_the_microwave_then_close_the_microwave_and_finally_put_the_white_mug_on_top_of_the_microwave.png	114953	9e9bed404a989007dd2925b30ee2351d4a0ecf9f307268e790e627e74c16e19a
assets/composition/comparison_png/COMP_199__put_the_right_moka_pot_on_the_stove_then_put_the_left_moka_pot_on_the_stove_and_finally_turn_off_the_stove.png	119520	f05ad5979cdbfb479ccd4d59e1afece13ad071d98be00050a3b2b553b1fc4bf8
assets/composition/comparison_png/COMP_200__put_the_book_in_the_back_compartment_of_the_caddy_and_then_put_the_yellow_and_white_mug_on_the_plate.png	235014	284ea6d1b5c444ad994436ecc78bd1bd9b639ecbe36630b935538a1dce36d2b6
assets/composition/comparison_png/COMP_201__put_the_alphabet_soup_the_cream_cheese_box_and_the_ketchup_in_the_basket_one_after_another.png	303409	7d8194a647ad16d7c3ddf36b90d7a7d53f2647952bc76a9b423c9715637ab91c
assets/composition/comparison_png/COMP_202__put_the_alphabet_soup_the_cream_cheese_box_and_the_tomato_sauce_in_the_basket_one_after_another.png	303411	b4807903bde47a222132c20f4e3d8d6dce9cc3e14902a2602e6b469af9e2de55
assets/composition/comparison_png/COMP_203__put_the_alphabet_soup_the_ketchup_and_the_tomato_sauce_in_the_basket_one_after_another.png	304893	e2ded1dea6d9ed262b2de36c131d1e04677797ab55c31a5055c7e70af46f59d0
assets/composition/comparison_png/COMP_204__put_the_cream_cheese_box_the_ketchup_and_the_tomato_sauce_in_the_basket_one_after_another.png	303374	fbf5fca52bfb3136db201c5365728f218eba668b37e375629960c64bc27f6ad7
assets/composition/comparison_png/COMP_205__put_the_alphabet_soup_the_butter_and_the_cream_cheese_box_in_the_basket_one_after_another.png	306338	4b342646b4f7e50e25b0cff7352953753c536d42db4451a04b783b6761379580
assets/composition/comparison_png/COMP_206__put_the_alphabet_soup_the_butter_and_the_ketchup_in_the_basket_one_after_another.png	306824	1eacbb0741503bfd6bcaf30175d5dc4291d1c0191177de6c2d136ddba00f9a3a
assets/composition/comparison_png/COMP_207__put_the_alphabet_soup_the_butter_and_the_milk_in_the_basket_one_after_another.png	306528	84efbb5dae9309e283ae035b4f448f674faee9cd4d3f209e51b29d505f8d34a4
assets/composition/comparison_png/COMP_208__put_the_alphabet_soup_the_butter_and_the_orange_juice_in_the_basket_one_after_another.png	307307	4a2bebbcb2c00892259867f8e79e1e896bb3cda27ffc1cab15c023ec0f06b454
assets/composition/comparison_png/COMP_209__put_the_alphabet_soup_the_butter_and_the_tomato_sauce_in_the_basket_one_after_another.png	305620	942ccf668ed47c1860a0805a7cd4519508f7e30686350b56accf535c894a6283
assets/composition/comparison_png/COMP_210__put_the_alphabet_soup_the_cream_cheese_box_and_the_ketchup_in_the_basket_one_after_another.png	305040	82df0457d805c1f1fa67e094b0bcc99baabe2d8b8d9802882675e61391987386
assets/composition/comparison_png/COMP_211__put_the_alphabet_soup_the_cream_cheese_box_and_the_milk_in_the_basket_one_after_another.png	305206	cdc0cd1af1dd3da2c3e532a6375b8142cd92b2ba88473f37daecce5bd349b732
assets/composition/comparison_png/COMP_212__put_the_alphabet_soup_the_cream_cheese_box_and_the_orange_juice_in_the_basket_one_after_another.png	306286	532e70e87ebaa19b58d996e47f6522127da66f2a00edcda96002cda190929cb9
assets/composition/comparison_png/COMP_213__put_the_alphabet_soup_the_cream_cheese_box_and_the_tomato_sauce_in_the_basket_one_after_another.png	305728	863c8cfb965318fa361a5b7996b8bf203783c23575d36843ca1f01aef3c545d4
assets/composition/comparison_png/COMP_214__put_the_alphabet_soup_the_ketchup_and_the_milk_in_the_basket_one_after_another.png	306523	44ec5b73079a18942b13d6451ec7f77d845f6398879b2ce7cd5da7023f1a679f
assets/composition/comparison_png/COMP_215__put_the_alphabet_soup_the_ketchup_and_the_orange_juice_in_the_basket_one_after_another.png	307263	4dfde33fc5addb7399bc63ee2ea23eead0fd4a7cf16f564bdb3f7cf5f3090ee4
assets/composition/comparison_png/COMP_216__put_the_alphabet_soup_the_ketchup_and_the_tomato_sauce_in_the_basket_one_after_another.png	307122	051e0c4c5c5ef0fafe1e7ea7441965c56b55d3061e45e924caf31412fb031f85
assets/composition/comparison_png/COMP_217__put_the_alphabet_soup_the_milk_and_the_orange_juice_in_the_basket_one_after_another.png	307260	104559777c6c91cbb924d0259246fabda8789456d8c32adf954250a8f77eb57f
assets/composition/comparison_png/COMP_218__put_the_alphabet_soup_the_milk_and_the_tomato_sauce_in_the_basket_one_after_another.png	307068	c6f19f550800a9611ce869f228a6e1571cd40ab738d0bde7a773192e3526c7bc
assets/composition/comparison_png/COMP_219__put_the_alphabet_soup_the_orange_juice_and_the_tomato_sauce_in_the_basket_one_after_another.png	307701	e86f40445dec317fbb4b8819bfd9d5590611c4f39e8977ac7a6a7154aadf41c4
assets/composition/comparison_png/COMP_220__put_the_butter_the_cream_cheese_box_and_the_ketchup_in_the_basket_one_after_another.png	304650	08ad40b06f41c53e0d1dc35aab7b554eb7287211b4267b553ccac8ce9d6a16ed
assets/composition/comparison_png/COMP_221__put_the_butter_the_cream_cheese_box_and_the_milk_in_the_basket_one_after_another.png	304722	17f62ba073b8a3881d58389eaff7b4cfd1220abb3ff145ecdec788fa1a26a01f
assets/composition/comparison_png/COMP_222__put_the_butter_the_cream_cheese_box_and_the_orange_juice_in_the_basket_one_after_another.png	306056	7e7b546638081e9eb73cfbe2157de5740ee58a379a095494f520f12f7c18e9ce
assets/composition/comparison_png/COMP_223__put_the_butter_the_cream_cheese_box_and_the_tomato_sauce_in_the_basket_one_after_another.png	304339	9c3eee320cbc4f8ba1d71a919162428e90642fbde730ab2235bc7414fc191cd4
assets/composition/comparison_png/COMP_224__put_the_butter_the_ketchup_and_the_milk_in_the_basket_one_after_another.png	304954	783cfb66810fe9ba23ef1c98b027e5ee8de488e9f19fa7741c4337e1ccb4500c
assets/composition/comparison_png/COMP_225__put_the_butter_the_ketchup_and_the_orange_juice_in_the_basket_one_after_another.png	305821	120cab3c8f5e96d4252010e0c813e0919273a78f0897314c6f6bab6412a618fd
assets/composition/comparison_png/COMP_226__put_the_butter_the_ketchup_and_the_tomato_sauce_in_the_basket_one_after_another.png	304422	5da7deb1e0684317c07e32bc5bdaa719f888e3c41dccd8b16887f7dd5c011643
assets/composition/comparison_png/COMP_227__put_the_butter_the_milk_and_the_orange_juice_in_the_basket_one_after_another.png	305890	2af7dff5cfe0cd7382ba5dbeb1554bc594f4ddac8a1cdf952ae3febb385b6459
assets/composition/comparison_png/COMP_228__put_the_butter_the_milk_and_the_tomato_sauce_in_the_basket_one_after_another.png	304312	88408f59b83a6cc913745be9f8a3d398385b5e75cd396b9c421e43d8976e0073
assets/composition/comparison_png/COMP_229__put_the_butter_the_orange_juice_and_the_tomato_sauce_in_the_basket_one_after_another.png	304865	424a6ad8d01527a16105a270af0d2faace710953f73eaf561d0eaad4a10ca7ad
assets/composition/comparison_png/COMP_230__put_the_cream_cheese_box_the_ketchup_and_the_milk_in_the_basket_one_after_another.png	304381	e35c23f99539aed7588ac66bbc1e2590f1fa6bb5d305a829f64fc7e672c9c239
assets/composition/comparison_png/COMP_231__put_the_cream_cheese_box_the_ketchup_and_the_orange_juice_in_the_basket_one_after_another.png	306191	f2c76daa5bb704b59ea05a23d00c0e39f93a1bddea1dbeae3bae99810ab6d81d
assets/composition/comparison_png/COMP_232__put_the_cream_cheese_box_the_ketchup_and_the_tomato_sauce_in_the_basket_one_after_another.png	305396	f7a11875baffeea1922800cfe575b079ee2dc1316e2acf05f392707e11f1cc0b
assets/composition/comparison_png/COMP_233__put_the_cream_cheese_box_the_milk_and_the_orange_juice_in_the_basket_one_after_another.png	306249	36caa9469a418d6738eea29eeca54a7c3a8ab89658507e065a2e00305ceee9bb
assets/composition/comparison_png/COMP_234__put_the_cream_cheese_box_the_milk_and_the_tomato_sauce_in_the_basket_one_after_another.png	305723	f55fd4ff7b1a1ad2d89557564ff1777bec950e8964efdb82718923462188680a
assets/composition/comparison_png/COMP_235__put_the_cream_cheese_box_the_orange_juice_and_the_tomato_sauce_in_the_basket_one_after_another.png	307126	593e8c5be14b2036cd19f8f54ab56ad5b61d71d8e14b493a02b8ae2b1e2c1016
assets/composition/comparison_png/COMP_236__put_the_ketchup_the_milk_and_the_orange_juice_in_the_basket_one_after_another.png	306688	17a46d34f7cdd478f546066de091e43490adfe0ad274ccb0349233f1dddcccc6
assets/composition/comparison_png/COMP_237__put_the_ketchup_the_milk_and_the_tomato_sauce_in_the_basket_one_after_another.png	305875	5f1ddfdc1da9d30486ab99d6b7656599dfde244676a72899532bfb8040677f61
assets/composition/comparison_png/COMP_238__put_the_ketchup_the_orange_juice_and_the_tomato_sauce_in_the_basket_one_after_another.png	307550	79081665952f7ebf74a321695e354c1aa5260ca45d2acaa63e6bca6f30a75cb1
assets/composition/comparison_png/COMP_239__put_the_milk_the_orange_juice_and_the_tomato_sauce_in_the_basket_one_after_another.png	307285	65d0e3f6d979cb1b19e6a097e3a2c74938c6b2856461f02a21c9da4f98d03dec
assets/composition/comparison_png/COMP_240__put_the_alphabet_soup_the_salad_dressing_and_the_cream_cheese_box_in_the_basket_one_after_another.png	228210	85a6e06ea8b290960d4dc042206ca85c358b988f9710c63f4eecb369f253e8ba
assets/composition/comparison_png/COMP_241__put_the_alphabet_soup_the_salad_dressing_and_the_milk_in_the_basket_one_after_another.png	228740	461752d5d86ef1d42387a9c1bc7be6066e5fd738da7ce581bc6a2ac70a9e8c58
assets/composition/comparison_png/COMP_242__put_the_alphabet_soup_the_salad_dressing_and_the_tomato_sauce_in_the_basket_one_after_another.png	229044	cc1dca721965b8f188715ff30525c6cf158060472ad202d37c4379d92f3902d5
assets/composition/comparison_png/COMP_243__put_the_alphabet_soup_the_salad_dressing_and_the_butter_in_the_basket_one_after_another.png	227382	51fc75dd133a0f250027277492e0c87ad13cc028d0b0909bc7eb3e0ce501e3f4
assets/composition/comparison_png/COMP_244__put_the_alphabet_soup_the_cream_cheese_box_and_the_milk_in_the_basket_one_after_another.png	227584	932862492636c47ede70dc09db5b345c363fa03a888d91fac0eaa74da32d2076
assets/composition/comparison_png/COMP_245__put_the_alphabet_soup_the_cream_cheese_box_and_the_tomato_sauce_in_the_basket_one_after_another.png	227641	e8fdfbd86107ef8dd3460910136a9b20a48980001aab381885a111d6c48ff4bb
assets/composition/comparison_png/COMP_246__put_the_alphabet_soup_the_cream_cheese_box_and_the_butter_in_the_basket_one_after_another.png	227163	a8f36a1ae8d0f0aecfed780e94946a7d071881a2ba904f7f205cb01f80d6c014
assets/composition/comparison_png/COMP_247__put_the_alphabet_soup_the_milk_and_the_tomato_sauce_in_the_basket_one_after_another.png	230437	55a0ddb377b6e73f264382de716ade22d790c59d4fad797d1aff6944d36b9522
assets/composition/comparison_png/COMP_248__put_the_alphabet_soup_the_milk_and_the_butter_in_the_basket_one_after_another.png	228982	c8d45a82c31f7b7dca2ffb5fbdc77b0c9326847f563a6acee90a5c779d8eaec7
assets/composition/comparison_png/COMP_249__put_the_alphabet_soup_the_tomato_sauce_and_the_butter_in_the_basket_one_after_another.png	226666	c9773a7c07debff431825efa8db2a53c6a272be3b880b74b98d589abef183c5a
assets/composition/comparison_png/COMP_250__put_the_salad_dressing_the_cream_cheese_box_and_the_milk_in_the_basket_one_after_another.png	236661	e078168ec5ad3f51f0bee64f0c3778d857ef1e9f34168910289325ef560557db
assets/composition/comparison_png/COMP_251__put_the_salad_dressing_the_cream_cheese_box_and_the_tomato_sauce_in_the_basket_one_after_another.png	236939	21f11234d42f01b4b1028b320dd5b545d81b4ab1cb9a91381e05baa33e46f6a2
assets/composition/comparison_png/COMP_252__put_the_salad_dressing_the_cream_cheese_box_and_the_butter_in_the_basket_one_after_another.png	237269	6bcb313935727003723939847433b0bb5c73b0c0349017f4ad7376402cbba697
assets/composition/comparison_png/COMP_253__put_the_salad_dressing_the_milk_and_the_tomato_sauce_in_the_basket_one_after_another.png	237821	d7c137e626aa6f405cd7ab9e40117dd8a45686ea40ebb6113942dcd07824eeb2
assets/composition/comparison_png/COMP_254__put_the_salad_dressing_the_milk_and_the_butter_in_the_basket_one_after_another.png	237731	6b6e11ac08dd6a25d26b5e16aca459224b2b3d600da9f58c37c9ea0a018169ce
assets/composition/comparison_png/COMP_255__put_the_salad_dressing_the_tomato_sauce_and_the_butter_in_the_basket_one_after_another.png	236371	93ea067edc05026f962e743fc7977bcbf54dbc0a11b309dc5757714aec90d103
assets/composition/comparison_png/COMP_256__put_the_cream_cheese_box_the_milk_and_the_tomato_sauce_in_the_basket_one_after_another.png	236054	576a14b6c98fe9092d8cfe4ba34a42c6f7961ecf7423916028360cfa992e9dd3
assets/composition/comparison_png/COMP_257__put_the_cream_cheese_box_the_milk_and_the_butter_in_the_basket_one_after_another.png	236218	5f23e29e8a2459342750f152d48f62a5c1ef0e9098d7fcb4158b14b8686b47a7
assets/composition/comparison_png/COMP_258__put_the_cream_cheese_box_the_tomato_sauce_and_the_butter_in_the_basket_one_after_another.png	234955	5a0c2334ad3384705d1e5904c64e133b4e0edfdb3c50d2b3c82d1433851c90b4
assets/composition/comparison_png/COMP_259__put_the_milk_the_tomato_sauce_and_the_butter_in_the_basket_one_after_another.png	235537	19933a4868f3e8c44adff0d62a5156bc643fd6ebe07877bdf47c94fa93ee6d94
assets/composition/comparison_png/COMP_260__put_the_bbq_sauce_the_chocolate_pudding_and_the_ketchup_in_the_basket_one_after_another.png	227218	5c0e4a3f5a9301d654cc2c2e7b749ea659abc700a84409533ee87f0d86f0630e
assets/composition/comparison_png/COMP_261__put_the_bbq_sauce_the_chocolate_pudding_and_the_salad_dressing_in_the_basket_one_after_another.png	227835	007c5ea037603c6caa0b04363a69291d4e56279a32ce05e41c87d89537ba94fc
assets/composition/comparison_png/COMP_262__put_the_bbq_sauce_the_chocolate_pudding_and_the_alphabet_soup_in_the_basket_one_after_another.png	227567	98172ecf6d568eb870067b2100a041886b7d5b7a03c3f8f598611fe78511a9f0
assets/composition/comparison_png/COMP_263__put_the_bbq_sauce_the_chocolate_pudding_and_the_cream_cheese_box_in_the_basket_one_after_another.png	228259	04ca0e10cf0f4ad678e68faf9269381396a0b4707e52ed8ca30b7bad45ba05b7
assets/composition/comparison_png/COMP_264__put_the_bbq_sauce_the_ketchup_and_the_salad_dressing_in_the_basket_one_after_another.png	227285	41acf50c059d55b402055234fcf7e4e56035d7d60c52ebb0fec2895dc3a43480
assets/composition/comparison_png/COMP_265__put_the_bbq_sauce_the_ketchup_and_the_alphabet_soup_in_the_basket_one_after_another.png	228001	b0a860fbe3030a864bc301b66fb78d49127e77ea15260844052e69588c88c646
assets/composition/comparison_png/COMP_266__put_the_bbq_sauce_the_ketchup_and_the_cream_cheese_box_in_the_basket_one_after_another.png	226653	24e3f5d90cf9ad76ff7f8f55b4c83fa877e03a4f93346a3f68b3abf2b5047fd1
assets/composition/comparison_png/COMP_267__put_the_bbq_sauce_the_salad_dressing_and_the_alphabet_soup_in_the_basket_one_after_another.png	228100	3058caacde4ae8632dc32d5e928fc37897296da990566c59a65d6415add0ef0a
assets/composition/comparison_png/COMP_268__put_the_bbq_sauce_the_salad_dressing_and_the_cream_cheese_box_in_the_basket_one_after_another.png	228201	286cc82e72313ce467764da060c46e3a354a4e2cc9ab9fa5287a5bb8f2a80ba9
assets/composition/comparison_png/COMP_269__put_the_bbq_sauce_the_alphabet_soup_and_the_cream_cheese_box_in_the_basket_one_after_another.png	227570	44e4c68eda18e5ccda8990a3d94a9ae77087d75aff2c9092fa976440a3f45f2b
assets/composition/comparison_png/COMP_270__put_the_chocolate_pudding_the_ketchup_and_the_salad_dressing_in_the_basket_one_after_another.png	236089	751a4b1ce87abf54b1834a6ded6c432596d7530d7a6432afbd87a5c32416ac2e
assets/composition/comparison_png/COMP_271__put_the_chocolate_pudding_the_ketchup_and_the_alphabet_soup_in_the_basket_one_after_another.png	236940	15d82292615bd0676159c3497ad80850c54efa3820baca66bb131c0cc7c1ddb2
assets/composition/comparison_png/COMP_272__put_the_chocolate_pudding_the_ketchup_and_the_cream_cheese_box_in_the_basket_one_after_another.png	236653	d6a9ec62f2225248fe5e1d5868477e1d7461895c08618e3bc14dbd3f0cdbe09b
assets/composition/comparison_png/COMP_273__put_the_chocolate_pudding_the_salad_dressing_and_the_alphabet_soup_in_the_basket_one_after_another.png	238880	8fc3add4a531575669c6417fd6b6e09a09fb713469620e85bda055541cdf8549
assets/composition/comparison_png/COMP_274__put_the_chocolate_pudding_the_salad_dressing_and_the_cream_cheese_box_in_the_basket_one_after_another.png	240300	e26b078bc4cd134138f816fdeb4a043ebf0403f3b41c25f8bfba29c539b8dab2
assets/composition/comparison_png/COMP_275__put_the_chocolate_pudding_the_alphabet_soup_and_the_cream_cheese_box_in_the_basket_one_after_another.png	239195	8814adefeb49ababc1ef5130af9164c778b812800986d0636c37cc1f05cec4e6
assets/composition/comparison_png/COMP_276__put_the_ketchup_the_salad_dressing_and_the_alphabet_soup_in_the_basket_one_after_another.png	234318	3bea0dcb6dcfc430add4ac44b7c0ce502eb9273c56ed1f8d9ec6b01165599aca
assets/composition/comparison_png/COMP_277__put_the_ketchup_the_salad_dressing_and_the_cream_cheese_box_in_the_basket_one_after_another.png	234549	9f70f9ceabbe54fabc8b6ecef17de31e27e26078793e4b0707ce1af92de8a65a
assets/composition/comparison_png/COMP_278__put_the_ketchup_the_alphabet_soup_and_the_cream_cheese_box_in_the_basket_one_after_another.png	235358	c2c89242653dd50b622feb52fe6adca6cdf527bd81ae77dcf8eaa067377d522d
assets/composition/comparison_png/COMP_279__put_the_salad_dressing_the_alphabet_soup_and_the_cream_cheese_box_in_the_basket_one_after_another.png	236930	a639b74252e27422293cdd9cb9e68e34a1578276a2ea374a9a3630c8d2dc0fd0
assets/composition/comparison_png/COMP_280__put_the_butter_the_tomato_sauce_and_the_orange_juice_in_the_basket_one_after_another.png	227136	b1beebf28453c735df6d4f5395eef6fc0b72688a8f1623b26f955579eab4c0bc
assets/composition/comparison_png/COMP_281__put_the_butter_the_tomato_sauce_and_the_chocolate_pudding_in_the_basket_one_after_another.png	227225	5454490e161a7f02395ecef161279f5e669596d3879cf85845ece13f7b42f745
assets/composition/comparison_png/COMP_282__put_the_butter_the_tomato_sauce_and_the_bbq_sauce_in_the_basket_one_after_another.png	225959	6a71cdb52f08d3e97f466ebf57147723423dfe3c774bde801253dfa7e947e6e7
assets/composition/comparison_png/COMP_283__put_the_butter_the_tomato_sauce_and_the_ketchup_in_the_basket_one_after_another.png	226097	c8841de30dd69e28fb2c92cb0a00b963783cd3938f7f6f25e16f0dbd6cb6a7c3
assets/composition/comparison_png/COMP_284__put_the_butter_the_orange_juice_and_the_chocolate_pudding_in_the_basket_one_after_another.png	226297	802d0765500618a482ec1983db9444e6f91b482b21a3b3eebe5a0184efdbc131
assets/composition/comparison_png/COMP_285__put_the_butter_the_orange_juice_and_the_bbq_sauce_in_the_basket_one_after_another.png	227596	927d77f2f68893794c96e6c7650fc57dc1434d6a57a6bfc35c4fdcf37238a08d
assets/composition/comparison_png/COMP_286__put_the_butter_the_orange_juice_and_the_ketchup_in_the_basket_one_after_another.png	228128	e3ec219bdd1db0a71b8973cf15b5018f8f0040ae485df61990c8379e6f787db0
assets/composition/comparison_png/COMP_287__put_the_butter_the_chocolate_pudding_and_the_bbq_sauce_in_the_basket_one_after_another.png	227028	0940472053c06bc81a03238acbfd9ea575476fff815998ffedbde9c96d5bb71e
assets/composition/comparison_png/COMP_288__put_the_butter_the_chocolate_pudding_and_the_ketchup_in_the_basket_one_after_another.png	227974	f2f883c4d2ab3b7492136cff8b14bc270e01a08ed3917a2de39d249f133f2584
assets/composition/comparison_png/COMP_289__put_the_butter_the_bbq_sauce_and_the_ketchup_in_the_basket_one_after_another.png	226561	2eed4b0d301248549732a3d8a96976e60d07c3eb8bd2e4b359cd4b2ade4a1e49
assets/composition/comparison_png/COMP_290__put_the_tomato_sauce_the_orange_juice_and_the_chocolate_pudding_in_the_basket_one_after_another.png	236881	42c6efd934d08b0d8a5deefffe86b82f908598115ea5fe2b6e5e5d4a1bb8bb07
assets/composition/comparison_png/COMP_291__put_the_tomato_sauce_the_orange_juice_and_the_bbq_sauce_in_the_basket_one_after_another.png	236928	02f5163955ed3b3c6a015cb470a415b90190190ad0575e37bd28ef0cb56cafdf
assets/composition/comparison_png/COMP_292__put_the_tomato_sauce_the_orange_juice_and_the_ketchup_in_the_basket_one_after_another.png	237192	4577539178bbee27a43fbb3837ba6d130b8b414d154cd47fab1953b1bf13e097
assets/composition/comparison_png/COMP_293__put_the_tomato_sauce_the_chocolate_pudding_and_the_bbq_sauce_in_the_basket_one_after_another.png	237058	c0cfd1290cd9527904221e6f1499ee6ea176a84d060e04b878dce3341aaa2557
assets/composition/comparison_png/COMP_294__put_the_tomato_sauce_the_chocolate_pudding_and_the_ketchup_in_the_basket_one_after_another.png	237977	7db2f1c8d26cb35c49469bd4b62581a30be6e1ab3bb14b7587b45c01b0b8485b
assets/composition/comparison_png/COMP_295__put_the_tomato_sauce_the_bbq_sauce_and_the_ketchup_in_the_basket_one_after_another.png	236519	a8b6b9217509a689f5ffdf78012c67b3494d218ebd8e71b23ebf3df038a0fb6e
assets/composition/comparison_png/COMP_296__put_the_orange_juice_the_chocolate_pudding_and_the_bbq_sauce_in_the_basket_one_after_another.png	234589	63eb4fc54d655cf9e5b2732f4852f374810b302c5bcf9280745950ae16d7ca39
assets/composition/comparison_png/COMP_297__put_the_orange_juice_the_chocolate_pudding_and_the_ketchup_in_the_basket_one_after_another.png	235301	abbcbe5c92b064180662c811a0522802f6da0576eeb62afd335625bf96d3db3f
assets/composition/comparison_png/COMP_298__put_the_orange_juice_the_bbq_sauce_and_the_ketchup_in_the_basket_one_after_another.png	236887	b0bf742abb09c509ab1bc3f64beb3cf80e10b648c83a5f32d59c4b62b9678d62
assets/composition/comparison_png/COMP_299__put_the_chocolate_pudding_the_bbq_sauce_and_the_ketchup_in_the_basket_one_after_another.png	235859	5def84e4dd09a61903d0573584fdf63959c24ec6096de1704e833a70881a963b
assets/composition/comparison_png/COMP_300__put_the_chocolate_pudding_the_orange_juice_and_the_bbq_sauce_in_the_basket_one_after_another.png	226014	6e5c9c10bbb4f922f35e034a33a9165a4cfcc38b9373f6000ba3b83780b90ddc
assets/composition/comparison_png/COMP_301__put_the_chocolate_pudding_the_orange_juice_and_the_ketchup_in_the_basket_one_after_another.png	227791	0da49a11856680394378f53201d427bf32c9fdac0089f4117cfce87b103d6c5a
assets/composition/comparison_png/COMP_302__put_the_chocolate_pudding_the_orange_juice_and_the_salad_dressing_in_the_basket_one_after_another.png	229379	ff5d5a92806a80c3726fc2cf37f5bdecdc435a22d774389cbed4087e8d846c9d
assets/composition/comparison_png/COMP_303__put_the_chocolate_pudding_the_orange_juice_and_the_alphabet_soup_in_the_basket_one_after_another.png	227879	010c61b4dc86a033f62898a8be3390192925a54dede1d804dcbab1df50743850
assets/composition/comparison_png/COMP_304__put_the_chocolate_pudding_the_bbq_sauce_and_the_ketchup_in_the_basket_one_after_another.png	227445	de55d512737976b2792266708a6ddc5ba549e58c3cc685b33eef0eb50605ca85
assets/composition/comparison_png/COMP_305__put_the_chocolate_pudding_the_bbq_sauce_and_the_salad_dressing_in_the_basket_one_after_another.png	228230	9fde0e2e36dde3882f16eb5b51428f3b5f97c3e42841f2a4cd295195442d2bb6
assets/composition/comparison_png/COMP_306__put_the_chocolate_pudding_the_bbq_sauce_and_the_alphabet_soup_in_the_basket_one_after_another.png	227657	b043dfd9ca8498321abbfab5b1e6411c77183690317ddd7ab6f077c0fc257843
assets/composition/comparison_png/COMP_307__put_the_chocolate_pudding_the_ketchup_and_the_salad_dressing_in_the_basket_one_after_another.png	228523	3383c1fecd2a37135b552995549543e3c6703b15e32efc39327dbc77e98edce5
assets/composition/comparison_png/COMP_308__put_the_chocolate_pudding_the_ketchup_and_the_alphabet_soup_in_the_basket_one_after_another.png	230021	ed01f76b108227c9166b740028ffd8437da16d65af01d2277aa8ae4d599e5784
assets/composition/comparison_png/COMP_309__put_the_chocolate_pudding_the_salad_dressing_and_the_alphabet_soup_in_the_basket_one_after_another.png	231086	afe88d7dc691099adcb7bd889fb0adc3f4aa1397d17010209471e041bfa406b0
assets/composition/comparison_png/COMP_310__put_the_orange_juice_the_bbq_sauce_and_the_ketchup_in_the_basket_one_after_another.png	235780	53cdef9da362e2cb9311a6cd3e6b900d3b9abbd693f89f26d20b69be427e3508
assets/composition/comparison_png/COMP_311__put_the_orange_juice_the_bbq_sauce_and_the_salad_dressing_in_the_basket_one_after_another.png	236038	05a08a898eb6e8d7b23888d69eb08521846bb74ade97eaa8af1b4704e12c7ad4
assets/composition/comparison_png/COMP_312__put_the_orange_juice_the_bbq_sauce_and_the_alphabet_soup_in_the_basket_one_after_another.png	235840	b9b808a2f2fc0de671ebff73b434de9de509680b5bd440a325087d0ee21676a6
assets/composition/comparison_png/COMP_313__put_the_orange_juice_the_ketchup_and_the_salad_dressing_in_the_basket_one_after_another.png	235453	db61cc51436727e54f583b818c0a17f8769c09c875272f65cde62eb2a6fe8800
assets/composition/comparison_png/COMP_314__put_the_orange_juice_the_ketchup_and_the_alphabet_soup_in_the_basket_one_after_another.png	237446	b111fe4efdb8014fa47d27545f17242ea0de3428a7b0b68058d37958e90756a3
assets/composition/comparison_png/COMP_315__put_the_orange_juice_the_salad_dressing_and_the_alphabet_soup_in_the_basket_one_after_another.png	236810	baa675e8b8c4be624838d473c383ece75f5293adcc98fc4304cb209de482f6a1
assets/composition/comparison_png/COMP_316__put_the_bbq_sauce_the_ketchup_and_the_salad_dressing_in_the_basket_one_after_another.png	234588	004425c03e67177208e64b884261559c002a97bd74560b0d4be2ff0cf71b959b
assets/composition/comparison_png/COMP_317__put_the_bbq_sauce_the_ketchup_and_the_alphabet_soup_in_the_basket_one_after_another.png	235455	433a233f9074df9c4d0d1e22cf4206c3cfc289df7fe3c194e4da039b9d28a764
assets/composition/comparison_png/COMP_318__put_the_bbq_sauce_the_salad_dressing_and_the_alphabet_soup_in_the_basket_one_after_another.png	235710	87faf4488fa1389df2d4af0b1511d0a1fae033f5383249d49f83918418925a6c
assets/composition/comparison_png/COMP_319__put_the_ketchup_the_salad_dressing_and_the_alphabet_soup_in_the_basket_one_after_another.png	235196	2d5c59435acb243837952d4f9c37aebb68cc11e68662e8fb072528aac1f586f2
assets/composition/comparison_png/COMP_320__put_the_cream_cheese_box_the_alphabet_soup_and_the_milk_in_the_basket_one_after_another.png	227665	5a0b474fb10b5195c5575a50f5faf418c1f53c8df42e3b1813e168fb692096da
assets/composition/comparison_png/COMP_321__put_the_cream_cheese_box_the_alphabet_soup_and_the_tomato_sauce_in_the_basket_one_after_another.png	227634	b0b9b1324794a236401f70dd2d95f588d9911d49942cedaceba4cd0a6e5bb4e0
assets/composition/comparison_png/COMP_322__put_the_cream_cheese_box_the_alphabet_soup_and_the_butter_in_the_basket_one_after_another.png	227150	c96eaa5b401a2cb2d3abd7ee9b7151d8f4597c04dae3ad661e56aed417efbb00
assets/composition/comparison_png/COMP_323__put_the_cream_cheese_box_the_alphabet_soup_and_the_orange_juice_in_the_basket_one_after_another.png	227915	bc1fa94103c02b27cf283c52a6205d01220b8cff9e6c7752ec2168d587584c8a
assets/composition/comparison_png/COMP_324__put_the_cream_cheese_box_the_milk_and_the_tomato_sauce_in_the_basket_one_after_another.png	228322	83d33ecebb2b7e84009eab19c08c5382af9c574f975f6ca81c7de899beaf5dd9
assets/composition/comparison_png/COMP_325__put_the_cream_cheese_box_the_milk_and_the_butter_in_the_basket_one_after_another.png	227052	cb8479c393a27b7230199561578dddb1538a72613e06cc907a300e85e33875d0
assets/composition/comparison_png/COMP_326__put_the_cream_cheese_box_the_milk_and_the_orange_juice_in_the_basket_one_after_another.png	229050	641c5267efee8e431129e32750c858b4af76043f20e214c22200a122fc7b5888
assets/composition/comparison_png/COMP_327__put_the_cream_cheese_box_the_tomato_sauce_and_the_butter_in_the_basket_one_after_another.png	226093	647e8a6044756a286fe9b1fc1c97b66f5f6b0bd01c329d67a7bcc1b03289f474
assets/composition/comparison_png/COMP_328__put_the_cream_cheese_box_the_tomato_sauce_and_the_orange_juice_in_the_basket_one_after_another.png	229482	93efcde6e8c0aec7bf23769a99d745801d9e8b2157b3210388450882cf89a024
assets/composition/comparison_png/COMP_329__put_the_cream_cheese_box_the_butter_and_the_orange_juice_in_the_basket_one_after_another.png	228345	e1fd40400f500f61e644f8867d92bcf92cb841ebb90d12314ea8d5051c71c057
assets/composition/comparison_png/COMP_330__put_the_alphabet_soup_the_milk_and_the_tomato_sauce_in_the_basket_one_after_another.png	236857	baef0981845208963c2f6d25df2cf9c116f6cce50300348735fb25dfac196574
assets/composition/comparison_png/COMP_331__put_the_alphabet_soup_the_milk_and_the_butter_in_the_basket_one_after_another.png	236607	c16ec8219aa7a4ea1e7bc2e447722f90fb2e472f1e31f4e6c9dd49b44793388e
assets/composition/comparison_png/COMP_332__put_the_alphabet_soup_the_milk_and_the_orange_juice_in_the_basket_one_after_another.png	237765	d604b90426bb10a5c4a1305f2109948b39dfc161f72325bf1c75719c7ba08214
assets/composition/comparison_png/COMP_333__put_the_alphabet_soup_the_tomato_sauce_and_the_butter_in_the_basket_one_after_another.png	234934	24f3cc61e30c8751055bf743915f1e9597f3e9bbe742614995b29fbdf4630877
assets/composition/comparison_png/COMP_334__put_the_alphabet_soup_the_tomato_sauce_and_the_orange_juice_in_the_basket_one_after_another.png	237584	aac2bf705f86d57a0554101611d84cb41eff17457ffad075303ed546cea6cdaa
assets/composition/comparison_png/COMP_335__put_the_alphabet_soup_the_butter_and_the_orange_juice_in_the_basket_one_after_another.png	237221	d29b94e34ae0d2b238ac22c0e42cf0707e3eabd03f2a047f0ac5f291bdc7a100
assets/composition/comparison_png/COMP_336__put_the_milk_the_tomato_sauce_and_the_butter_in_the_basket_one_after_another.png	234062	79f1c00ac5eaa0eb0797d7b8b4ea240c30d25158f733e2e9829df4035951224b
assets/composition/comparison_png/COMP_337__put_the_milk_the_tomato_sauce_and_the_orange_juice_in_the_basket_one_after_another.png	236812	6990bc1e9c8a5cf872ca4dd2fd577fcee7603736706b8771e230d9c4efa6e14e
assets/composition/comparison_png/COMP_338__put_the_milk_the_butter_and_the_orange_juice_in_the_basket_one_after_another.png	236252	5ed7c7b2a5c48f294d5135a717724acda7ee2a1d638c0cd64d3059fc82fb7d18
assets/composition/comparison_png/COMP_339__put_the_tomato_sauce_the_butter_and_the_orange_juice_in_the_basket_one_after_another.png	235128	20cb4e51f67a2d65c4a04cd36cfcf4bce1df66f89ca0ded821479ec2fee9dc9b
assets/composition/comparison_png/COMP_340__put_the_ketchup_the_bbq_sauce_and_the_salad_dressing_in_the_basket_one_after_another.png	227342	c42016bd168f01bd6bd95e4100691dc31ced11bf92127533e0bde597ae11a47d
assets/composition/comparison_png/COMP_341__put_the_ketchup_the_bbq_sauce_and_the_alphabet_soup_in_the_basket_one_after_another.png	227955	bfa1dda996db95e69a805e567ee8976dfe46105cdb5743bc2bc2ddd785fcb8ca
assets/composition/comparison_png/COMP_342__put_the_ketchup_the_bbq_sauce_and_the_cream_cheese_box_in_the_basket_one_after_another.png	226890	184ccb1004122fe130b30c532a014d3b54bad4eb98c2d5b850a21ded059accc1
assets/composition/comparison_png/COMP_343__put_the_ketchup_the_bbq_sauce_and_the_milk_in_the_basket_one_after_another.png	227473	04fa00943a50f5a0521ab05eec756f72005caff1dff6b2234d70d80a221acb25
assets/composition/comparison_png/COMP_344__put_the_ketchup_the_salad_dressing_and_the_alphabet_soup_in_the_basket_one_after_another.png	227284	d6f0ac67d36c65b6244cc762bad768bb9be3d20d86b1922aa44f9134b9aaf33f
assets/composition/comparison_png/COMP_345__put_the_ketchup_the_salad_dressing_and_the_cream_cheese_box_in_the_basket_one_after_another.png	226692	9a5342f0b29e437c95d5d3e23f756a8b5fad6e95a8860db81719dcbbaac87796
assets/composition/comparison_png/COMP_346__put_the_ketchup_the_salad_dressing_and_the_milk_in_the_basket_one_after_another.png	226807	c7079b852e5fe9a7ab65e6240097c08935180e0bcfde629d06fa4689e15a1d58
assets/composition/comparison_png/COMP_347__put_the_ketchup_the_alphabet_soup_and_the_cream_cheese_box_in_the_basket_one_after_another.png	227110	3b2e0c4500d4e84851ca8998688e99fb9d4db0590b4b3db1df3aa9eb2b900e10
assets/composition/comparison_png/COMP_348__put_the_ketchup_the_alphabet_soup_and_the_milk_in_the_basket_one_after_another.png	229601	e499908379e9e0c62a4f2ae578c24f94fdaa0108267af4957af434e1c2140248
assets/composition/comparison_png/COMP_349__put_the_ketchup_the_cream_cheese_box_and_the_milk_in_the_basket_one_after_another.png	226817	760e14e4d0b0eded923d6d3abb1d8ac342edc1a0961f4842ccb526eade92d0c8
assets/composition/comparison_png/COMP_350__put_the_bbq_sauce_the_salad_dressing_and_the_alphabet_soup_in_the_basket_one_after_another.png	235177	81fca3f5798a0e6e3e3a6c42822e03fd9d2c7d87517205ba46819cfac0a81a12
assets/composition/comparison_png/COMP_351__put_the_bbq_sauce_the_salad_dressing_and_the_cream_cheese_box_in_the_basket_one_after_another.png	234923	af9f41e0b7f5832b412993d8b67a49cb1771ca32eeafebdd2f006675b7b7a3a7
assets/composition/comparison_png/COMP_352__put_the_bbq_sauce_the_salad_dressing_and_the_milk_in_the_basket_one_after_another.png	235615	20394cf78e84f7874f7fd20bd71908eecdfed6451c1bb8b28f1e4811f2a09781
assets/composition/comparison_png/COMP_353__put_the_bbq_sauce_the_alphabet_soup_and_the_cream_cheese_box_in_the_basket_one_after_another.png	235578	6f2e27788d9ac05839fdf6e338fab694d8c3e70cec4e3d4e804f44fd4440b8af
assets/composition/comparison_png/COMP_354__put_the_bbq_sauce_the_alphabet_soup_and_the_milk_in_the_basket_one_after_another.png	237245	1d52f4ca2a5f1a045b2860b64d6ef5828a4c00af1388d83596840df17a2d24e4
assets/composition/comparison_png/COMP_355__put_the_bbq_sauce_the_cream_cheese_box_and_the_milk_in_the_basket_one_after_another.png	235465	8eedf5467d75438876dafec80fb27f051c7b104c05eb27c73883bd581b755519
assets/composition/comparison_png/COMP_356__put_the_salad_dressing_the_alphabet_soup_and_the_cream_cheese_box_in_the_basket_one_after_another.png	235473	98179921154044b1450a3de68a991ada6b0d7cae597e8768eac135654e48a203
assets/composition/comparison_png/COMP_357__put_the_salad_dressing_the_alphabet_soup_and_the_milk_in_the_basket_one_after_another.png	235409	9140468e86d2dd62e8fcd3954b36fbda9200a1c957900c2d98951855e9765cba
assets/composition/comparison_png/COMP_358__put_the_salad_dressing_the_cream_cheese_box_and_the_milk_in_the_basket_one_after_another.png	234973	f301290a5c2ef416624230251be0a5d39de48e4764492754301e2af27f91e1b5
assets/composition/comparison_png/COMP_359__put_the_alphabet_soup_the_cream_cheese_box_and_the_milk_in_the_basket_one_after_another.png	236188	4ec389516b36cb6af97da51e68d8afef46e50903b235f170db47d89f306e155e
assets/composition/comparison_png/COMP_360__put_the_milk_the_cream_cheese_box_and_the_tomato_sauce_in_the_basket_one_after_another.png	228639	e31d0cdf95e87645aa828b1d2d6afaf173518f59e85ec1fc3cd8fd25608303d5
assets/composition/comparison_png/COMP_361__put_the_milk_the_cream_cheese_box_and_the_butter_in_the_basket_one_after_another.png	227208	1da0b19149af45ea6ff649b059cb6a70b52a7bc4a719fd71551b43e9da735c4b
assets/composition/comparison_png/COMP_362__put_the_milk_the_cream_cheese_box_and_the_orange_juice_in_the_basket_one_after_another.png	229963	fda798226d05f3e5a289dcbc1f302d124b54f5799a305be8e28dd188e3f9c133
assets/composition/comparison_png/COMP_363__put_the_milk_the_cream_cheese_box_and_the_chocolate_pudding_in_the_basket_one_after_another.png	228863	50b06020c4c29be31bb7c3523b707691f65d954dab74f63797bf6b6c5e3432ce
assets/composition/comparison_png/COMP_364__put_the_milk_the_tomato_sauce_and_the_butter_in_the_basket_one_after_another.png	226599	6694eb2e642da0b2205a50fd78df0201a5886a76aac61aeff1ad4da62a301603
assets/composition/comparison_png/COMP_365__put_the_milk_the_tomato_sauce_and_the_orange_juice_in_the_basket_one_after_another.png	230861	5176b9db35bad99a7534d4ae3b9e753a970c29a002828813f3b5f3e9bdf916e4
assets/composition/comparison_png/COMP_366__put_the_milk_the_tomato_sauce_and_the_chocolate_pudding_in_the_basket_one_after_another.png	229876	2a38f65e2ce4a2f895cd472be19aa1dd45554e2107077fa341dffcfd660a5e43
assets/composition/comparison_png/COMP_367__put_the_milk_the_butter_and_the_orange_juice_in_the_basket_one_after_another.png	229348	9e1236604de0e7fc7ff84217a390c3ea80c875ce79f46e233bc19ebacfd16c73
assets/composition/comparison_png/COMP_368__put_the_milk_the_butter_and_the_chocolate_pudding_in_the_basket_one_after_another.png	228855	47417025af80d5f82a334f69c561ba69193126eb3632bb95ca20fd9b6243886c
assets/composition/comparison_png/COMP_369__put_the_milk_the_orange_juice_and_the_chocolate_pudding_in_the_basket_one_after_another.png	228331	6f3fb5fb2cbfd7b7dfc889e23b40f0f47249db7ceea8c94c1ad329b36f09ded2
assets/composition/comparison_png/COMP_370__put_the_cream_cheese_box_the_tomato_sauce_and_the_butter_in_the_basket_one_after_another.png	235087	65f106f25f6ceb89328f00af245ad2b46e1a683e972c87b66ec8235478110193
assets/composition/comparison_png/COMP_371__put_the_cream_cheese_box_the_tomato_sauce_and_the_orange_juice_in_the_basket_one_after_another.png	237233	7040cfc10207e559b2cb81e3b67ab0228e7c6951ad6bdf3b4174d2b566c3ca8d
assets/composition/comparison_png/COMP_372__put_the_cream_cheese_box_the_tomato_sauce_and_the_chocolate_pudding_in_the_basket_one_after_another.png	240325	b30035f0d02af2fdd7e78a19b5b74a0624505e79c1093e6f3fb2aa4351a31663
assets/composition/comparison_png/COMP_373__put_the_cream_cheese_box_the_butter_and_the_orange_juice_in_the_basket_one_after_another.png	236814	fe5c5597ad3344853431d3deabc751d185220a44a64bc9203f25eb892d50cc6f
assets/composition/comparison_png/COMP_374__put_the_cream_cheese_box_the_butter_and_the_chocolate_pudding_in_the_basket_one_after_another.png	237868	238ae974e9cc8570481476a1477eaf71e0b3a258bda947f4c9f8944d404ec987
assets/composition/comparison_png/COMP_375__put_the_cream_cheese_box_the_orange_juice_and_the_chocolate_pudding_in_the_basket_one_after_another.png	238538	554bb0896c030fd5378eea5239ca4254bd56421c74645fc0b154bf73d405ccd6
assets/composition/comparison_png/COMP_376__put_the_tomato_sauce_the_butter_and_the_orange_juice_in_the_basket_one_after_another.png	235814	c9bb468a275898fa73e8ba49a1856f9301b0aaf3edb88cb95e47be227f7e26b3
assets/composition/comparison_png/COMP_377__put_the_tomato_sauce_the_butter_and_the_chocolate_pudding_in_the_basket_one_after_another.png	236171	e62f6fd30d94e6cc528ed373615c7b650bc9e68aeb7866a58b67fee7239b7b2d
assets/composition/comparison_png/COMP_378__put_the_tomato_sauce_the_orange_juice_and_the_chocolate_pudding_in_the_basket_one_after_another.png	237703	b3bf3133688a29787616ffe2d24d00acd664e3f6e1b823fa88dc14bbdb0b2af3
assets/composition/comparison_png/COMP_379__put_the_butter_the_orange_juice_and_the_chocolate_pudding_in_the_basket_one_after_another.png	235475	47816f401b45aabd826be12e20d93b4c0abd1e0202400df0ebbee14dfe9c76da
assets/composition/comparison_png/COMP_380__put_the_orange_juice_the_butter_and_the_chocolate_pudding_in_the_basket_one_after_another.png	226561	a12c20eb52d45938e727a57445ad51b9b23bc5e18a33d5c9e1f620fd6b9d9dbe
assets/composition/comparison_png/COMP_381__put_the_orange_juice_the_butter_and_the_bbq_sauce_in_the_basket_one_after_another.png	227433	910379dde57c2def87f779a1c8375e0d0658f5ddad6f3b55b2bd0dc6bf19c2aa
assets/composition/comparison_png/COMP_382__put_the_orange_juice_the_butter_and_the_ketchup_in_the_basket_one_after_another.png	228539	b337fa9859aa445761c1723dca0d262a657ce86250116538c7f2f3af6b9d747a
assets/composition/comparison_png/COMP_383__put_the_orange_juice_the_butter_and_the_salad_dressing_in_the_basket_one_after_another.png	228283	e241ac621e06c3cc880a8e1464dacf0800b218ee2bda285442f9b8225b3fc4f1
assets/composition/comparison_png/COMP_384__put_the_orange_juice_the_chocolate_pudding_and_the_bbq_sauce_in_the_basket_one_after_another.png	226328	437707cc3c0c95695592b929a4195758b012705d724d21f14cdfca6de7e9183c
assets/composition/comparison_png/COMP_385__put_the_orange_juice_the_chocolate_pudding_and_the_ketchup_in_the_basket_one_after_another.png	227849	e4c2976a65dbe6f8bc109bea816b7690d0ba62d97b55b27608eb1cf2892ed028
assets/composition/comparison_png/COMP_386__put_the_orange_juice_the_chocolate_pudding_and_the_salad_dressing_in_the_basket_one_after_another.png	228838	4964e53769312bacf16c945e37df7904fbc6c1b6a4b8cb60627379ea80fde755
assets/composition/comparison_png/COMP_387__put_the_orange_juice_the_bbq_sauce_and_the_ketchup_in_the_basket_one_after_another.png	229291	8db64fb4e17e407843289a95ea85f2a83ce8743337cd0c2018b30e8eafef7261
assets/composition/comparison_png/COMP_388__put_the_orange_juice_the_bbq_sauce_and_the_salad_dressing_in_the_basket_one_after_another.png	228703	e2cb1efa1ae0f8589d9ff325e54c53f7f97322223d2db84e6fabf411457158bb
assets/composition/comparison_png/COMP_389__put_the_orange_juice_the_ketchup_and_the_salad_dressing_in_the_basket_one_after_another.png	228433	81404de0450e0cab57ebe0cd7488db7966c75f11244f42985553ed88b0b95a4f
assets/composition/comparison_png/COMP_390__put_the_butter_the_chocolate_pudding_and_the_bbq_sauce_in_the_basket_one_after_another.png	234387	2853af43acd223fbbb9daf53801503a4c9d4fdf984c78dc638972220583e7315
assets/composition/comparison_png/COMP_391__put_the_butter_the_chocolate_pudding_and_the_ketchup_in_the_basket_one_after_another.png	234861	92998ee4164ff98f0db40b97c7f5155f3647e3d3bf260c1e87eec7cda71a20ee
assets/composition/comparison_png/COMP_392__put_the_butter_the_chocolate_pudding_and_the_salad_dressing_in_the_basket_one_after_another.png	236128	7eaccaad6651cf2c9e099c6c50711e269bbe420ec767a2ed25fed66b4222e697
assets/composition/comparison_png/COMP_393__put_the_butter_the_bbq_sauce_and_the_ketchup_in_the_basket_one_after_another.png	235351	881bf00b82a9891364950b3dd4fd15b627ca578d8d89874f9dca7c1fb79a3f52
assets/composition/comparison_png/COMP_394__put_the_butter_the_bbq_sauce_and_the_salad_dressing_in_the_basket_one_after_another.png	236990	0eaec948b7da8ee37ca57c2df4c66b067e98f51379fdaf0635665d68bd8d02be
assets/composition/comparison_png/COMP_395__put_the_butter_the_ketchup_and_the_salad_dressing_in_the_basket_one_after_another.png	235273	a5cd8b9000d0438f9034833f4d7412a54e69152df1115aa3d7e89c83df1c281d
assets/composition/comparison_png/COMP_396__put_the_chocolate_pudding_the_bbq_sauce_and_the_ketchup_in_the_basket_one_after_another.png	234544	86c8e761df3b9605c2c01b28d06f3b6d5a559b28c7d8c3ee3360d7270d8fb8bb
assets/composition/comparison_png/COMP_397__put_the_chocolate_pudding_the_bbq_sauce_and_the_salad_dressing_in_the_basket_one_after_another.png	235259	6976d194086eb6c49b7a778642ac24e0b48b229711209f6e90ef11de11c2375b
assets/composition/comparison_png/COMP_398__put_the_chocolate_pudding_the_ketchup_and_the_salad_dressing_in_the_basket_one_after_another.png	234988	a96ab6708665a1199d8dd68a36de56e30efa0d98399ae37676a357c1fa16d441
assets/composition/comparison_png/COMP_399__put_the_bbq_sauce_the_ketchup_and_the_salad_dressing_in_the_basket_one_after_another.png	235165	41b8997c9e5535b8cecc43f772e1a62d1d4de4f749adddd158b45d7757de2f07
assets/composition/comparison_png/COMP_400__put_the_salad_dressing_the_ketchup_and_the_alphabet_soup_in_the_basket_one_after_another.png	227052	8d96c0824f0355de11e97631621ee4532803ba54f461787dab24e66300f97a1e
assets/composition/comparison_png/COMP_401__put_the_salad_dressing_the_ketchup_and_the_cream_cheese_box_in_the_basket_one_after_another.png	226549	3b8af89c73b3e9fb9df4d951837552f328dfba8a7c21d06f3558ffe2b8d22d64
assets/composition/comparison_png/COMP_402__put_the_salad_dressing_the_ketchup_and_the_milk_in_the_basket_one_after_another.png	227306	37302788a4ddd87c846c63b0e125dffd614272b6d70530f7bc206414db2547a1
assets/composition/comparison_png/COMP_403__put_the_salad_dressing_the_ketchup_and_the_tomato_sauce_in_the_basket_one_after_another.png	227320	19a20e73a77645db84cafd2caeaead5def4b324517078199044e9192d1334683
assets/composition/comparison_png/COMP_404__put_the_salad_dressing_the_alphabet_soup_and_the_cream_cheese_box_in_the_basket_one_after_another.png	228087	aa78cec17e8f52d81f3c5564329d57ae4eb64b1f6844d100a2aa5f583d90b715
assets/composition/comparison_png/COMP_405__put_the_salad_dressing_the_alphabet_soup_and_the_milk_in_the_basket_one_after_another.png	228466	637d8862ce5a9168e9c1121090f5a9fe8ffb2a706dbd390a367b2ab81a7580a5
assets/composition/comparison_png/COMP_406__put_the_salad_dressing_the_alphabet_soup_and_the_tomato_sauce_in_the_basket_one_after_another.png	228490	bad036b8b929c29291b660d3a32065941c39d84921d813ca6c047461f644f3b1
assets/composition/comparison_png/COMP_407__put_the_salad_dressing_the_cream_cheese_box_and_the_milk_in_the_basket_one_after_another.png	228310	fea051cbdb61f8e2202b7bec715b9edd9c1b88d2b9b1ebeca139a0ce0962d039
assets/composition/comparison_png/COMP_408__put_the_salad_dressing_the_cream_cheese_box_and_the_tomato_sauce_in_the_basket_one_after_another.png	228773	e19ac411da6c40ebecf885c716692a6871a1a6fcc0f8f6060392b80c1124ada0
assets/composition/comparison_png/COMP_409__put_the_salad_dressing_the_milk_and_the_tomato_sauce_in_the_basket_one_after_another.png	229459	de50c946e99776f28fe5bc43a995486d0e1615546615a24bd2f96228c7c9e030
assets/composition/comparison_png/COMP_410__put_the_ketchup_the_alphabet_soup_and_the_cream_cheese_box_in_the_basket_one_after_another.png	234464	6e0075036aa78af6a5c42ffc279568ac113099870cccf2298d5d667cb72f8425
assets/composition/comparison_png/COMP_411__put_the_ketchup_the_alphabet_soup_and_the_milk_in_the_basket_one_after_another.png	235045	3863173ecd37021d65e66d0e154ec4f7df94773d81e357c5ef1fd0fe98a92681
assets/composition/comparison_png/COMP_412__put_the_ketchup_the_alphabet_soup_and_the_tomato_sauce_in_the_basket_one_after_another.png	235840	5001d2c9296c154473c2dbcb6e0db0a079f2c9d64823c59050ca66ac51331085
assets/composition/comparison_png/COMP_413__put_the_ketchup_the_cream_cheese_box_and_the_milk_in_the_basket_one_after_another.png	234672	e89c025e5a8bcc00d77f34003dcc5d2c10a7fb4a06eee9c7ee56d7adaeb153b5
assets/composition/comparison_png/COMP_414__put_the_ketchup_the_cream_cheese_box_and_the_tomato_sauce_in_the_basket_one_after_another.png	235408	b96c91c3dab2c1bb7a13e758827fd1ee49fa8a9c7814255370127653f861363d
assets/composition/comparison_png/COMP_415__put_the_ketchup_the_milk_and_the_tomato_sauce_in_the_basket_one_after_another.png	235530	e020b6079a0b3dbec75e4c895a6505b741ab41a8e545a98a0bfc86db76e158fe
assets/composition/comparison_png/COMP_416__put_the_alphabet_soup_the_cream_cheese_box_and_the_milk_in_the_basket_one_after_another.png	234781	4eb70637bd9c7cd9bb70b653363c8699a917b29929296d8275e441c99bfbc401
assets/composition/comparison_png/COMP_417__put_the_alphabet_soup_the_cream_cheese_box_and_the_tomato_sauce_in_the_basket_one_after_another.png	235073	3770953762eea4de9e8a199f63e7a26e06c3ab32bf7181c1617f1a8bec1d2955
assets/composition/comparison_png/COMP_418__put_the_alphabet_soup_the_milk_and_the_tomato_sauce_in_the_basket_one_after_another.png	236058	673c74f718ae818ee5a836111668d1ba4e7ddc5f59334b4f62229755a21810a6
assets/composition/comparison_png/COMP_419__put_the_cream_cheese_box_the_milk_and_the_tomato_sauce_in_the_basket_one_after_another.png	236176	b82101c97bb648e97a365945bafd79e796fe4f9da02e615ac8dac9579d44680b
assets/composition/comparison_png/COMP_420__put_the_tomato_sauce_the_milk_and_the_butter_in_the_basket_one_after_another.png	226469	d82eeb70938d4fe9feefa641302549d69a855c46594352ebe88a4f8e3f575ca5
assets/composition/comparison_png/COMP_421__put_the_tomato_sauce_the_milk_and_the_orange_juice_in_the_basket_one_after_another.png	230692	a2d5c9b2167e4f984bb93fe7e6faedec6c8ffcbf24d285c7a49095aa7f0c384c
assets/composition/comparison_png/COMP_422__put_the_tomato_sauce_the_milk_and_the_chocolate_pudding_in_the_basket_one_after_another.png	230058	0bbd8d4a5b4565e7aac87f7fe5a32039a6cbea07d4817c50dc16f5d336f8acba
assets/composition/comparison_png/COMP_423__put_the_tomato_sauce_the_milk_and_the_bbq_sauce_in_the_basket_one_after_another.png	228500	8186d4afc4bdd8169fa8553899790dcc8b7658c6eba30aafdd41f2d72d401f1c
assets/composition/comparison_png/COMP_424__put_the_tomato_sauce_the_butter_and_the_orange_juice_in_the_basket_one_after_another.png	226890	5b804d8318dcd4523c6e5fc461d258808e6fe48f8ac37135a918de3727cfb11f
assets/composition/comparison_png/COMP_425__put_the_tomato_sauce_the_butter_and_the_chocolate_pudding_in_the_basket_one_after_another.png	226989	7b910447cdcb02e9799ef4afef66c610f039e48979743238f2880e4a930a28e1
assets/composition/comparison_png/COMP_426__put_the_tomato_sauce_the_butter_and_the_bbq_sauce_in_the_basket_one_after_another.png	226001	22455ab27a78cfeacd715ffe5529312a77c1e91e90b85ec17c5da6c02dddf9ad
assets/composition/comparison_png/COMP_427__put_the_tomato_sauce_the_orange_juice_and_the_chocolate_pudding_in_the_basket_one_after_another.png	229529	0cfaa8a76fe42951368c0f0a4e94def42297f4bb0745c3f1f6e5cde1231281b3
assets/composition/comparison_png/COMP_428__put_the_tomato_sauce_the_orange_juice_and_the_bbq_sauce_in_the_basket_one_after_another.png	229511	7009bf301a201de96cbefc3930995db679b15900b59112907d047d2dc9dabe14
assets/composition/comparison_png/COMP_429__put_the_tomato_sauce_the_chocolate_pudding_and_the_bbq_sauce_in_the_basket_one_after_another.png	228306	a3ae19506cd4507e8cb96c6637449a95b2abad2c09589f4d6da4f3d26532261e
assets/composition/comparison_png/COMP_430__put_the_milk_the_butter_and_the_orange_juice_in_the_basket_one_after_another.png	235411	2b9a4d74ec3528c51d1b019087b057d587139e5db6829196849a958eafe96dfa
assets/composition/comparison_png/COMP_431__put_the_milk_the_butter_and_the_chocolate_pudding_in_the_basket_one_after_another.png	235542	bbff0b20534b3435c8c684c01f224d9fc984d3f25d2ff5c2f5af8b8de8198675
assets/composition/comparison_png/COMP_432__put_the_milk_the_butter_and_the_bbq_sauce_in_the_basket_one_after_another.png	234750	d014cd3a989223b6ebb7c6c04b96f4f65c4d21c2f5f654cc1a58945eab81673a
assets/composition/comparison_png/COMP_433__put_the_milk_the_orange_juice_and_the_chocolate_pudding_in_the_basket_one_after_another.png	235884	63799dec6a1b19cdad6798d7e987a29ea3c516773653fe32a87a5ec7d8f2f7e4
assets/composition/comparison_png/COMP_434__put_the_milk_the_orange_juice_and_the_bbq_sauce_in_the_basket_one_after_another.png	237076	f12bbc5fe0752f85c9037032f43003e82303cd1e8f41344e9da604e70915737f
assets/composition/comparison_png/COMP_435__put_the_milk_the_chocolate_pudding_and_the_bbq_sauce_in_the_basket_one_after_another.png	236984	f527a62213ca9e9a05edc5e80ea8f0ef3d00d9760bc6e46bd5eb107a1263467c
assets/composition/comparison_png/COMP_436__put_the_butter_the_orange_juice_and_the_chocolate_pudding_in_the_basket_one_after_another.png	233408	0602dbf34d4d07e74a13ec0e1a19ed825c86e7c4d347d01311640f216dc8f370
assets/composition/comparison_png/COMP_437__put_the_butter_the_orange_juice_and_the_bbq_sauce_in_the_basket_one_after_another.png	234699	db12ca555546d1b947ae42ad2e33d9bf01c3936bec99388464611cf1f3eebfcc
assets/composition/comparison_png/COMP_438__put_the_butter_the_chocolate_pudding_and_the_bbq_sauce_in_the_basket_one_after_another.png	234877	53cdacf2498ed1e5850e6d57cd725b0bb7dc92a155aecf2bd827082c8abaffd1
assets/composition/comparison_png/COMP_439__put_the_orange_juice_the_chocolate_pudding_and_the_bbq_sauce_in_the_basket_one_after_another.png	234665	74c4075d2de4519397f23b88774d974a5d5d435041ff72c7fa9ad388b892b49d
assets/composition/failure_videos/COMP_001/COMP_001_ep000_fail.mp4	416042	7ca0ae1b2feb0c093387af6abaa80597d2b62f559fb7a3106b769754bce95872
assets/composition/failure_videos/COMP_002/COMP_002_ep003_fail.mp4	494634	6061b4470683032528b33530440d6d234793bc744f511da9c48b8a84e3a1dba4
assets/composition/failure_videos/COMP_003/COMP_003_ep000_fail.mp4	563971	acd1e337fb07c5dab98df1b2d900bbb4d3fd0a0d3f222cd71e06b6ffc98081b6
assets/composition/failure_videos/COMP_004/COMP_004_ep002_fail.mp4	369396	f50a42827bc16981d8e85910c880f89ce1225d9368f98d49000a91109be14a4c
assets/composition/failure_videos/COMP_005/COMP_005_ep000_fail.mp4	435192	28c0c7350d65d82f7d45bb47dba955e11ea36ce080e5165ce3a27c471eaff71e
assets/composition/failure_videos/COMP_006/COMP_006_ep000_fail.mp4	451683	86dd8142d5e05a16fb95b8f8b0d96140ad02f4bad0a0452bb1961ea44f020fc2
assets/composition/failure_videos/COMP_007/COMP_007_ep000_fail.mp4	382427	fa46a9013b6200e2a2c721e56e0745d6032055abb63724d94190ad12491a7700
assets/composition/failure_videos/COMP_008/COMP_008_ep000_fail.mp4	431655	45463cebe6fccbc3d30405ae310733a04af449902f826db9ada8064f26b86ac5
assets/composition/failure_videos/COMP_009/COMP_009_ep002_fail.mp4	601084	ce868293438b143e773a13e4f86565f0a2d364f87e88c9c202e46093f867f4b4
assets/composition/failure_videos/COMP_010/COMP_010_ep000_fail.mp4	421634	b5ac2e8fe8d92f496d9435a8524108883fe4f4fc828c4dc0381907b80d0f060e
assets/composition/failure_videos/COMP_011/COMP_011_ep000_fail.mp4	583507	3d5ab68e12060cb043afe0eec751e3aa03e647f1ce8eb4d40bb0914c2c6c0314
assets/composition/failure_videos/COMP_012/COMP_012_ep000_fail.mp4	440224	4c35ac7539576ac1a3c65c6fc2f20a136e3ae25c8407fb05a86fb5424382f281
assets/composition/failure_videos/COMP_013/COMP_013_ep000_fail.mp4	521974	905ac8d2d44c934a67c3b6fa1c93bdd5fd7869ef2c4bce7ba2217be400639e18
assets/composition/failure_videos/COMP_014/COMP_014_ep000_fail.mp4	423734	58fae98ceef5591a8589c696f0af8a2e85ffc9373202dc6863f747b8b7a43520
assets/composition/failure_videos/COMP_015/COMP_015_ep003_fail.mp4	543956	d6dfdccef9588651eb16eb5fc19b329700aef0ea6d5b63bfa33a41ff7839a133
assets/composition/failure_videos/COMP_016/COMP_016_ep000_fail.mp4	393915	0d7946bcf19612a1fbbb6b24d65d2b36231a8af81ed827503439221c6bbf95ef
assets/composition/failure_videos/COMP_017/COMP_017_ep000_fail.mp4	344443	0cff79e7b0d69f5b94d3ba1196bf6dea70db0afecc41e41c3ed4d3216eea98fd
assets/composition/failure_videos/COMP_018/COMP_018_ep000_fail.mp4	368388	b5887e2fd9ec39464f3b15d71a1bb8adacd467ffc50ad155746d8d47dd4ef6ca
assets/composition/failure_videos/COMP_019/COMP_019_ep001_fail.mp4	451478	b894898f3e03f8c74180da7383ee816a615f3c8d6f8d825586ce341af154fbdf
assets/composition/failure_videos/COMP_020/COMP_020_ep001_fail.mp4	451760	af3d72a127d4f58c0968fc41766bd66c77d9dad30422ae2088da8538297aa132
assets/composition/failure_videos/COMP_021/COMP_021_ep000_fail.mp4	564158	91a330c692244a61d230b5a417b6df7242ce3044905fc48b9a6425290f15e818
assets/composition/failure_videos/COMP_022/COMP_022_ep003_fail.mp4	412016	0dc79fad2dd1a121853a2c8328aff0bfaaa77e6e017a5546b0f5cec054164ab7
assets/composition/failure_videos/COMP_023/COMP_023_ep000_fail.mp4	510505	54d55ea5fe36f825b1b909d5d07d0e252901084365e2b969c98e834cb5051c06
assets/composition/failure_videos/COMP_024/COMP_024_ep002_fail.mp4	351254	fdf53e23517ea9c123af7e08cb3626924a08a079212694cc96b9202127dfdc73
assets/composition/failure_videos/COMP_025/COMP_025_ep004_fail.mp4	375447	3f43758a7501839e8d9026d8d2999bf0c288e2b2b125b8a71f718a91b15fc98e
assets/composition/failure_videos/COMP_026/COMP_026_ep000_fail.mp4	378089	31cb5a9db393e4ea53671e4af02443fb1c1b482cf553e95d121f23b3a057b254
assets/composition/failure_videos/COMP_027/COMP_027_ep001_fail.mp4	300111	f08faadc23c368e82549cb1908c6dd45cd046e83e06269bd47dd014d1eb5f4b8
assets/composition/failure_videos/COMP_028/COMP_028_ep003_fail.mp4	318461	587de7b006d8a17b05cb087610952a55d309b33e7f0a5062c03ab15b7f23fc6d
assets/composition/failure_videos/COMP_029/COMP_029_ep001_fail.mp4	370832	431d2c4fac10c55a16c1b9a0ad5e2c95eadd478a347f60ca296c678ebe9b05df
assets/composition/failure_videos/COMP_030/COMP_030_ep000_fail.mp4	346667	8331d7399948482a6ec39b3edf6fad04ad80bb06e2784c1de5430a605dea64fd
assets/composition/failure_videos/COMP_031/COMP_031_ep000_fail.mp4	407278	db686a31f0642c2d7a8c741d629bf7406571b5e25a4aa9ffca6c30415e38ae9d
assets/composition/failure_videos/COMP_032/COMP_032_ep000_fail.mp4	382009	60bd3e0520b77ba8161a096d7239a7bb0ed4f7612752b35dce6b63aca256ce0c
assets/composition/failure_videos/COMP_033/COMP_033_ep001_fail.mp4	530724	c881a2b46317599631d97d35b4ecd424f25736ac6f65cf15c52a479fe2b97aeb
assets/composition/failure_videos/COMP_034/COMP_034_ep000_fail.mp4	393752	549cb87aeef043e09e995c1d48ff845515eed3c07a82fb99ef2cc5dd12ae1173
assets/composition/failure_videos/COMP_035/COMP_035_ep000_fail.mp4	370677	cb9ebb094006868aea7b2a6e5af2bd11c4d13832221c622890ca9180a332d0f8
assets/composition/failure_videos/COMP_036/COMP_036_ep000_fail.mp4	402604	96c36953143c9401ea5514fb6c6e6b2aea45b4b101298a3e1917fab81848a11f
assets/composition/failure_videos/COMP_037/COMP_037_ep000_fail.mp4	363307	70c8fa87cf20e8073424e30d4edc98e3c29fcc6726f945f47973b437b51d9ff8
assets/composition/failure_videos/COMP_038/COMP_038_ep000_fail.mp4	412170	e00545a61cb6518f7ecbfde02643fbb1d2953ef261f5ab39975a059b88e6d9fb
assets/composition/failure_videos/COMP_039/COMP_039_ep000_fail.mp4	326568	d1002ae56b65d1af984a7b171ec1fab0d7203ecacc7c6d7e10fee1bbadd52213
assets/composition/failure_videos/COMP_040/COMP_040_ep002_fail.mp4	313690	efb4f99935296020ef50d7c294bc8c049b2df3795b4c93c5ae061b57a7d320ac
assets/composition/failure_videos/COMP_041/COMP_041_ep001_fail.mp4	428662	90b3a7074481c4e4ee86217efa75ece3a804510bc5391a1cefdd6e1503596eca
assets/composition/failure_videos/COMP_042/COMP_042_ep004_fail.mp4	407371	02387dff37f16a7f0d457b3897e0a0e6858d00589829b0d07dc9a42eeea3de12
assets/composition/failure_videos/COMP_043/COMP_043_ep004_fail.mp4	375159	532dc7924935094c5ccd3a2e3fef46e9cb4433adfc2dbe28344830e878a508bb
assets/composition/failure_videos/COMP_044/COMP_044_ep001_fail.mp4	365360	ec5acf947641266e1785d7b791d9d169a8a30eccd4abee6ee23fa93211034748
assets/composition/failure_videos/COMP_045/COMP_045_ep000_fail.mp4	422631	cbec5d611725503020ef0b172d743d69db5cc0b459aeec65c709440496c595fb
assets/composition/failure_videos/COMP_046/COMP_046_ep001_fail.mp4	429985	e51908ae71157aa27557fca3227d402102c7313d1e3f8a26a6f28dc49275e93b
assets/composition/failure_videos/COMP_047/COMP_047_ep000_fail.mp4	425568	3aabc8d5b4fcc016d9d06e8f8a34991e68d32cee1f846445021ce87698f270c1
assets/composition/failure_videos/COMP_048/COMP_048_ep000_fail.mp4	488722	b8a4efe515b39f0e5bc79781985ee31bbc753d68e7b89af2569877fd749274d2
assets/composition/failure_videos/COMP_049/COMP_049_ep001_fail.mp4	344862	b5090411f801f6cb372df5380344cae941ccbcb9df401a30eaa7d582266a3439
assets/composition/failure_videos/COMP_050/COMP_050_ep000_fail.mp4	481175	0e3b011fe8d6f95e6f746f15d7727c9ba503f6edef6d2f0ec9ffad54a2c63b6e
assets/composition/failure_videos/COMP_051/COMP_051_ep000_fail.mp4	356021	3ad1b7b605a9525a55d00913d82fa1beff1788d9905871bf0c33dd63daaa9542
assets/composition/failure_videos/COMP_052/COMP_052_ep001_fail.mp4	436676	16a0fa3997ea827387542d6c51f2d29b73cf5a34817436862a656df537106665
assets/composition/failure_videos/COMP_053/COMP_053_ep000_fail.mp4	461402	3d7ddc3b985728c6f0c4b7e23fc12652bbe6c51df09d4074167c74e1d623e67b
assets/composition/failure_videos/COMP_054/COMP_054_ep001_fail.mp4	427319	79b8cabc53f451e984e81227842fc3492ac7332a48a1cea227c1f6f30a102184
assets/composition/failure_videos/COMP_055/COMP_055_ep000_fail.mp4	422146	63225859ee907675a0c85119260821baca960ea275356632a767e1987fb34574
assets/composition/failure_videos/COMP_056/COMP_056_ep002_fail.mp4	375797	7988b1120af0235ab581fc8c4d4cd36fc719a64de621340628581bffbb8eadc6
assets/composition/failure_videos/COMP_057/COMP_057_ep000_fail.mp4	290211	1dba762851b5587d6dbaf5ac8ffca7f31c757051a01627e91972e3e22fa86f46
assets/composition/failure_videos/COMP_058/COMP_058_ep002_fail.mp4	374782	b74d6c147ec0153f1e788b45cbe5611145fbb79cd533f1f200d8e77b1567f288
assets/composition/failure_videos/COMP_059/COMP_059_ep004_fail.mp4	419216	2e9f1aa390ba1c05cda4adfcfeb5cdede54f91267898ce2c5a9a661bf56cd788
assets/composition/failure_videos/COMP_060/COMP_060_ep003_fail.mp4	415109	0e03aeb52388d7e8fe26d647db297e6682f4ced48dcdf5a15d2be740c876eda8
assets/composition/failure_videos/COMP_061/COMP_061_ep002_fail.mp4	323899	8b6d83c7e7862a2180ec7c273be592e23c69f437a4b7a5076c460a05bf747084
assets/composition/failure_videos/COMP_062/COMP_062_ep000_fail.mp4	363405	4789d53a53a71282046d92b6d467446ff1fd7a2f6a340b67183b14af867e4d6a
assets/composition/failure_videos/COMP_063/COMP_063_ep004_fail.mp4	476729	8b49c66a63e285745e8b8bee13ce14ae5074849a1b64f7242dffce0e4f004e67
assets/composition/failure_videos/COMP_064/COMP_064_ep000_fail.mp4	281262	95267e496bd007b2ad0755e6cb52d677315fa7393aedff4925491cb29cb01714
assets/composition/failure_videos/COMP_065/COMP_065_ep003_fail.mp4	390207	2cdb16f036ed2c407877e07b79a811ccf24f5b1111329ccffa8130fba7d26eba
assets/composition/failure_videos/COMP_066/COMP_066_ep004_fail.mp4	408675	2dc3cae100a4b4697d4db7d5447848c33701410001966c33e8cfffe4ee0b480d
assets/composition/failure_videos/COMP_067/COMP_067_ep003_fail.mp4	428743	d695c3107c2d8962e44a9081f38f6be74d071add854ee0c301d60c26c0e032b4
assets/composition/failure_videos/COMP_068/COMP_068_ep001_fail.mp4	443510	d6b2336a6706d8720abacca3ac6787144b5d3e5ff594e9732227dbafabb31e82
assets/composition/failure_videos/COMP_069/COMP_069_ep000_fail.mp4	417925	5ba48f40c8b2808d89c212f557cd873b6f8388b92452c67d69ba744f48003ef5
assets/composition/failure_videos/COMP_070/COMP_070_ep000_fail.mp4	400941	bace73f25be7031c0d133d3bd6fcb5132141fc2bfe93a38c01a5478110e72236
assets/composition/failure_videos/COMP_071/COMP_071_ep000_fail.mp4	449689	9a9b20b91ef223deba8cb455ef9236dd0ffc722bb60eaa36a31cdf6fb2044f1b
assets/composition/failure_videos/COMP_072/COMP_072_ep000_fail.mp4	367715	c242e8c1706aa48f31d1af9bc03a4042ff2bc7a76049ce6ecae523b9818434c6
assets/composition/failure_videos/COMP_073/COMP_073_ep003_fail.mp4	486550	7c5c1b885a64e279124414da59efff8f222b8f26f86f13d7a13e5b0b289a2fdc
assets/composition/failure_videos/COMP_074/COMP_074_ep000_fail.mp4	435511	58a6a3da4f6785424019e3907b2142b7cb9158063c5ed273fe6a882844b1b8ac
assets/composition/failure_videos/COMP_075/COMP_075_ep002_fail.mp4	404518	8bb650b02c01fa2559001d52596f17a40cdac56e5aa7714875d721e73e6ea822
assets/composition/failure_videos/COMP_076/COMP_076_ep000_fail.mp4	370740	43fa40df33a78ed816fea7e38aeaf66460003baed4471029835c4084a709002d
assets/composition/failure_videos/COMP_077/COMP_077_ep000_fail.mp4	524813	b973bcc5c412ba28d243a85a28546b66360b5b4ea0cc807c8d50d9e1368da7be
assets/composition/failure_videos/COMP_078/COMP_078_ep000_fail.mp4	447114	55617d5c42e85bce16891b4f97fcab40f9dbd7f007b4d9f2ba0db3444e2b0084
assets/composition/failure_videos/COMP_079/COMP_079_ep000_fail.mp4	374538	ea79ca3c038f221b6e2c71b2ef69ab600bd77335cd1849d43cdf7d45c1dab5c7
assets/composition/failure_videos/COMP_080/COMP_080_ep000_fail.mp4	481304	c56b836c933152328a13a2f5e3abc2deb653d222bab1c41aee19800ea462be06
assets/composition/failure_videos/COMP_081/COMP_081_ep000_fail.mp4	585840	3f40b402fa945b285d42529db2bd9a498e707ba492253572c4df49833a31a062
assets/composition/failure_videos/COMP_082/COMP_082_ep001_fail.mp4	599294	66e083725e7250833f630ad859548dead5cdf038bacf0db58871608c20b1f049
assets/composition/failure_videos/COMP_083/COMP_083_ep000_fail.mp4	336208	539990ae06f5d255220882dcf106ac7eab0b45ff3d9c22aeb5fe064b218a0384
assets/composition/failure_videos/COMP_084/COMP_084_ep000_fail.mp4	458541	81a40a141c929162bef3485bde67c30f6fde3ea0f7c1e453e1c702d5552cd5f3
assets/composition/failure_videos/COMP_085/COMP_085_ep000_fail.mp4	500429	54d7b9abd415ebe7bddeef40efed68f080b96c3e218f9c94a00742ee525067e3
assets/composition/failure_videos/COMP_086/COMP_086_ep000_fail.mp4	437875	3e652bedbac2d55e1a9f3b6d9418327243761a4115216e7a663aa4064adafc3f
assets/composition/failure_videos/COMP_087/COMP_087_ep001_fail.mp4	524034	3d4bf299a063d3a996f806a2dd7533e01eeda68721a48736aa4b5c0bd21c590e
assets/composition/failure_videos/COMP_088/COMP_088_ep001_fail.mp4	365549	4edde7f6785f8770b1852707e1c4fc28ca7ae064572a73c724695cb095100abd
assets/composition/failure_videos/COMP_089/COMP_089_ep000_fail.mp4	406289	f6e9967cbe75f14a237c5c7325a7cccd2d5da5af94c5712d4146812a0ef31edf
assets/composition/failure_videos/COMP_090/COMP_090_ep000_fail.mp4	470847	be0577d3ce214c77d25af91b496ae47bad66b5bb9bf14ea511790267a8b0c354
assets/composition/failure_videos/COMP_091/COMP_091_ep001_fail.mp4	561756	9cff1f784c6e8ae1cb808d076b2c858dc1b80de276b4ce308cb528a1acec1963
assets/composition/failure_videos/COMP_092/COMP_092_ep000_fail.mp4	452353	ac7d8317ef6f074e75a82c63795171820f4e06c4f45cc3fb35f41eb695240471
assets/composition/failure_videos/COMP_093/COMP_093_ep000_fail.mp4	466907	8150260af8a6b2eb10e03c79b6c9de2a32d62d5a88910a8a24160f0ae0c0e8f6
assets/composition/failure_videos/COMP_094/COMP_094_ep001_fail.mp4	509745	f2df7eef602780f2ebe98afaeb9e93e9713531b41b7159e737682236336e85cc
assets/composition/failure_videos/COMP_095/COMP_095_ep001_fail.mp4	534814	d73ec623d89f9b1a0de2486e5cb38c24963f38baabc5b8430bc8b4f61bf7e7d2
assets/composition/failure_videos/COMP_096/COMP_096_ep000_fail.mp4	571583	6b3eb3e7ccd59c0884787a47031b4d2add594d708cadbbf59feb3d43001aa168
assets/composition/failure_videos/COMP_097/COMP_097_ep000_fail.mp4	395432	7766f44f8a228ca4d4b85c31d30604e82807e39cc0835178b52a3ab8d507e63c
assets/composition/failure_videos/COMP_098/COMP_098_ep000_fail.mp4	398333	a09a2634396e379796c50b350008f3b21a8ed75fec1b6b38d6f933ece4075d48
assets/composition/failure_videos/COMP_099/COMP_099_ep000_fail.mp4	401536	98441ebd3626e3cd2a90d121020f1dea97ea26bc53520a7ea754fe41aa744163
assets/composition/failure_videos/COMP_100/COMP_100_ep001_fail.mp4	481235	6cd9b18917d214316461b03e910f9f8a225f8b86c10a0a8b13dad27b5593d2fb
assets/composition/failure_videos/COMP_101/COMP_101_ep001_fail.mp4	378113	7b2159cf0e7c5042e30433808ecfadadbcab74b39ff124c58f7695fbb1e1c81e
assets/composition/failure_videos/COMP_102/COMP_102_ep000_fail.mp4	403873	bfd0f6a9413a1c4922406eabff8f20eb75639dbb905f75829920ebe17326815e
assets/composition/failure_videos/COMP_103/COMP_103_ep000_fail.mp4	402634	b523b421451f7ee228d097363bdf96d7632548989a0d13864e993e80e360f760
assets/composition/failure_videos/COMP_104/COMP_104_ep003_fail.mp4	458384	5f77dd39f1aba22b2a8533a29d6f19a5903db48665fe472b4cadcb1ab0b657e8
assets/composition/failure_videos/COMP_105/COMP_105_ep000_fail.mp4	408599	700e61edc1bda5b34426caf29be77bfc2fbf1558567b70db92b62ce75651869e
assets/composition/failure_videos/COMP_106/COMP_106_ep000_fail.mp4	472672	11519db79efc889857c5ab4f829ed3ea1d47730505ba4b4efff347523293f0d9
assets/composition/failure_videos/COMP_107/COMP_107_ep000_fail.mp4	409292	999046cd46df75106a6f2f4cfde0602aa97cbc27ed9a25ed7d55fffae7a985f3
assets/composition/failure_videos/COMP_108/COMP_108_ep000_fail.mp4	353058	a106920ee201e0eb609f09e5cbe3d08ba60037e2497d91c2614abd8df6055190
assets/composition/failure_videos/COMP_109/COMP_109_ep000_fail.mp4	505857	3150416af1a9f94234f45ba630f4dd03ddf3264017761da45c4c1832e3505b7e
assets/composition/failure_videos/COMP_110/COMP_110_ep000_fail.mp4	454048	7d3a8bd132f974e50dcd8c83f1450bf04a942fb167b97f96c14e0b1bfc48fa82
assets/composition/failure_videos/COMP_111/COMP_111_ep000_fail.mp4	380810	aa9ffd4ecf917b5026fd79f6a59c77eb81d7ad2e125827e75bbe845b5c724b3e
assets/composition/failure_videos/COMP_112/COMP_112_ep000_fail.mp4	461893	ee651c5d90b85e43a5d0baa5006017e9476fb9425aeb4556f76d2d2373e47d2a
assets/composition/failure_videos/COMP_113/COMP_113_ep000_fail.mp4	465011	da1ee0aea6f75217d55a380325e226c131472ff36415a2e954d560f7bdab08e8
assets/composition/failure_videos/COMP_114/COMP_114_ep000_fail.mp4	510014	a0975b0c3845fd8973c5057beb7d1c521d5795994d1abc4f66d3803d30804132
assets/composition/failure_videos/COMP_115/COMP_115_ep000_fail.mp4	435999	727f60507ccab768de57deec0167903912489995bfcee41ca63912f90aa65f7f
assets/composition/failure_videos/COMP_116/COMP_116_ep000_fail.mp4	549151	8150b2225c7304cfbfe69987dd437381586dbab357c5bacf0817d1be3aa7ef8a
assets/composition/failure_videos/COMP_117/COMP_117_ep000_fail.mp4	413966	239bb98453e2efe5fc523958b98e58fa969057b9e6bce9f556476813740c2adc
assets/composition/failure_videos/COMP_118/COMP_118_ep000_fail.mp4	451717	d25b88451c86bc4206aefccd897977846ebc05227decb1a5ada36664eed9f6aa
assets/composition/failure_videos/COMP_119/COMP_119_ep000_fail.mp4	472389	b44b88e0fab49b4ab3ae07f37c4598b58508ec3c469229463ef54efde3d8fab3
assets/composition/failure_videos/COMP_120/COMP_120_ep000_fail.mp4	421793	d1af41be7c4bba3534693c1fe6db620c77e01fcdd0a6a9a34e049eb7275ab804
assets/composition/failure_videos/COMP_121/COMP_121_ep000_fail.mp4	625794	e23b3c271995b3a60f1566834c161a31608b7d1308c90c4c299eacbd74920f0a
assets/composition/failure_videos/COMP_122/COMP_122_ep001_fail.mp4	506833	e15af2314af78fff2ca84c966a2753312a8afedf1f82d1cb7f5e084088418457
assets/composition/failure_videos/COMP_123/COMP_123_ep000_fail.mp4	460406	225791738b49bacedc0d2cb6efcfd468c4d6c14da7c4f496840fb0bed6471b1b
assets/composition/failure_videos/COMP_124/COMP_124_ep000_fail.mp4	457066	bfd12e2589ea5dce0cd2d152bf3db39db408c0af8f6b956ce5136aa2379bbeb6
assets/composition/failure_videos/COMP_125/COMP_125_ep002_fail.mp4	565526	0b03fcb8844fe23aec76c1a0835c99eeda91fef37e59829f1e55dd3f785d9281
assets/composition/failure_videos/COMP_126/COMP_126_ep000_fail.mp4	448421	77bbdaaeb953270d78a45775be9e373659e4477ed0f493d72b91c89db9fc335f
assets/composition/failure_videos/COMP_127/COMP_127_ep000_fail.mp4	445864	6632ebd3f7c6e77c3a2adba7ce0ffced22408b31cb5f681e85c7a26d64ab5a71
assets/composition/failure_videos/COMP_128/COMP_128_ep004_fail.mp4	637507	ab8aad674ff5f333bcf4ba4066f43809326e1ef381e13aecf1c69ebb252d608f
assets/composition/failure_videos/COMP_129/COMP_129_ep000_fail.mp4	676424	01cbf26f4535c5bee4c4c8facc4a5e7fabc81ac5185f82cb8b36a660bd9eb095
assets/composition/failure_videos/COMP_130/COMP_130_ep002_fail.mp4	486731	23268d97d5051ecb820e0bf269755f9ad6198ecaebfda34bcf89c8180c85d3f2
assets/composition/failure_videos/COMP_131/COMP_131_ep000_fail.mp4	432080	f724056fd1bc1e57ed006e7f4a89e44bbff55655e1581d8911ab15af6e03bb14
assets/composition/failure_videos/COMP_132/COMP_132_ep000_fail.mp4	479999	fbe8e497095dd466db04358314bdb55fb7aebe25601ec6472a45d9c923eb416f
assets/composition/failure_videos/COMP_133/COMP_133_ep000_fail.mp4	529559	9267feeadcc656bcf5d262603fb2326ed54f506e99191b4ce5ca26c88a6d7125
assets/composition/failure_videos/COMP_134/COMP_134_ep000_fail.mp4	407044	6d5ae10dac94667940d805e0060b97538a2fca4cefc904859d9b83ce63bf6b3e
assets/composition/failure_videos/COMP_135/COMP_135_ep000_fail.mp4	520429	a2db6b9f522e213a474728baa119642b19317f23b9a55a5bb746c6d2d80c7225
assets/composition/failure_videos/COMP_136/COMP_136_ep000_fail.mp4	467810	4c93ff0bda83188e8f9279473ec8be46a8b0065998d55a3df71a5b33a61f6c28
assets/composition/failure_videos/COMP_137/COMP_137_ep001_fail.mp4	434145	6cd9ca734927b246742f9042fffed71e751c4a5317c00e0f2f941fb839e42370
assets/composition/failure_videos/COMP_138/COMP_138_ep001_fail.mp4	436225	8e72af1619148998904fa151a1a1548193ad27bc72efb8fa38c64b8edd345747
assets/composition/failure_videos/COMP_139/COMP_139_ep001_fail.mp4	502104	bd9c5faf729c23b6c0169a35cf47612437b5c8855aaea63032baa573d6f8f1cd
assets/composition/failure_videos/COMP_140/COMP_140_ep000_fail.mp4	478610	bd3b51c8027f3e67b7b63dd767c1d55609db44eb09d7205912c1537be2ed0d0e
assets/composition/failure_videos/COMP_141/COMP_141_ep000_fail.mp4	458352	bca84eddafb7cd18fadd8572c88e317927baf006d8276a85dbfc1764e71e4067
assets/composition/failure_videos/COMP_142/COMP_142_ep002_fail.mp4	561152	24e15b2093296a77a8a79c1535130235cdf050966db2fac39c82a87357787faa
assets/composition/failure_videos/COMP_143/COMP_143_ep000_fail.mp4	577416	d98c168511496dffed47d35b2fd691653cdf024d50c426dc2bf88728d860c04e
assets/composition/failure_videos/COMP_144/COMP_144_ep000_fail.mp4	572230	df0d3855130f2569b0836373a0aac2c0f970af8025a48800fb919d1de18183ad
assets/composition/failure_videos/COMP_145/COMP_145_ep000_fail.mp4	363291	837095fbd18857f405fb37ef53f13d7b6817e667ee937d132e71afa7f340c273
assets/composition/failure_videos/COMP_146/COMP_146_ep000_fail.mp4	342303	a01b2013a7eba230cf10f5c80446b2af6ac20c2e8e54419232042a9e47a819a4
assets/composition/failure_videos/COMP_147/COMP_147_ep001_fail.mp4	455177	201d09785b27ba3f7be7ad22b3d4fd8c59e8ace11c43bd52e4c5b70b994d0c90
assets/composition/failure_videos/COMP_148/COMP_148_ep000_fail.mp4	413610	7cd22fb6d7b1c56e989ee5d7492704d5e6a5a54e5e7b0e4d86c41c6ac4eb497f
assets/composition/failure_videos/COMP_149/COMP_149_ep000_fail.mp4	377524	9b6b2fba4879b12409916dcf1c896ebb5e48c23e0a880f33219dc7a414f2da72
assets/composition/failure_videos/COMP_150/COMP_150_ep000_fail.mp4	430123	1c54b610dc8e48d3e2d0b6e52fbde43bbc37e0142665ff81cdd089aabc0c69e4
assets/composition/failure_videos/COMP_151/COMP_151_ep003_fail.mp4	421612	3694a963a849dd078445ffce6b3c37741242fb0340a81f09a594c6d18798f21b
assets/composition/failure_videos/COMP_152/COMP_152_ep001_fail.mp4	342758	c4fff6f003497987bc6353a901ded22bbf6820cbcb1e9e978d29c9d9be5962e8
assets/composition/failure_videos/COMP_153/COMP_153_ep000_fail.mp4	460457	50811027563df2166fc62888be939a7ec4b2b26889d5f52c388625dc7add4778
assets/composition/failure_videos/COMP_154/COMP_154_ep003_fail.mp4	562706	9b2a290c7b0dc650e553563c913f195c2b9661ded64aba6043a321e8a0d687b6
assets/composition/failure_videos/COMP_155/COMP_155_ep000_fail.mp4	490386	32e4a22c1cf23d6769ed89869217bba8112c6f81ef9e0a740072842170934661
assets/composition/failure_videos/COMP_156/COMP_156_ep000_fail.mp4	510021	7445dcff2c5ff18d3541de30a35cd8692ad92c7d40a5a19df0c316f8a85c94e0
assets/composition/failure_videos/COMP_157/COMP_157_ep002_fail.mp4	476510	b70423df963cc7e870e63a2ea0c901e60c33978585c825d6610d63ae2d413121
assets/composition/failure_videos/COMP_158/COMP_158_ep000_fail.mp4	445749	6306fb020bd65f9c7190acdf3b203d53ae9c46bab9bc248a853105ce2112cd0b
assets/composition/failure_videos/COMP_159/COMP_159_ep000_fail.mp4	482212	296d3fec70b544f34c97318d1d728dbd3491972c3e269afe2f5aaae6a3c50ed3
assets/composition/failure_videos/COMP_160/COMP_160_ep001_fail.mp4	461026	533b277a98a9027b9cc43f38215c1c136863499e70377a21238c4871dfa4cfd5
assets/composition/failure_videos/COMP_161/COMP_161_ep001_fail.mp4	456390	d5301878d5835c360049cbbed214f4606a635b072549641d0f6583931d4303b2
assets/composition/failure_videos/COMP_162/COMP_162_ep000_fail.mp4	470946	192a69d1bd8e93250cc479b449f2a2e1831cd6a4fe0c25c0681b8ad01e427b4d
assets/composition/failure_videos/COMP_163/COMP_163_ep000_fail.mp4	487436	69a8024a4ef2128113ab2a465edde83864b0d67be6586d3ec0e2f925b1ca585b
assets/composition/failure_videos/COMP_164/COMP_164_ep000_fail.mp4	562881	1e23e038c744c19026dc74d84b1e932fce855e9ae6e4994bbad1414565875f04
assets/composition/failure_videos/COMP_165/COMP_165_ep001_fail.mp4	519575	08e0c115a73813d94079baaa7c5531fe9e291b176c6e73374a108462ef48aefc
assets/composition/failure_videos/COMP_166/COMP_166_ep001_fail.mp4	429672	422dd82306b7101f193ff3a52e873ef4a58799ae7b84e308bf088adab8a07d1d
assets/composition/failure_videos/COMP_167/COMP_167_ep000_fail.mp4	571242	b022221a42ca5e68eb0bac3c5a7a7b0fa5c01fe8d391c21f79e06039a6561663
assets/composition/failure_videos/COMP_168/COMP_168_ep001_fail.mp4	595150	3f47966bf63bbf96f54a5b01b02fa4a25875f8f11caf691b34060d37aedf01f7
assets/composition/failure_videos/COMP_169/COMP_169_ep000_fail.mp4	406264	245fd1106ba1e45726f47ddce4a1052f82f5e327c908b0eb6d00edb005fad1b7
assets/composition/failure_videos/COMP_170/COMP_170_ep000_fail.mp4	391095	09a91e6b72de6e0c6a0fbedfd13651cc69021e18a4462924fc7ba31ff9b41110
assets/composition/failure_videos/COMP_171/COMP_171_ep000_fail.mp4	411335	ff9978578cfa8125722adbb739567538970061f0795d1d4385e41979c2021be4
assets/composition/failure_videos/COMP_172/COMP_172_ep004_fail.mp4	404878	49a716b5321545f9564c35567690b820ec6c5e9c5467db2dad3d9fad086872a7
assets/composition/failure_videos/COMP_173/COMP_173_ep000_fail.mp4	393838	76830e3bf85f674d9d0fcc20a247ceabcd4c715c3cf19f5da7f5f5c7c62c2612
assets/composition/failure_videos/COMP_174/COMP_174_ep000_fail.mp4	369698	174a5e979a71efda03f115d0ef7b720a12933a8a29d5c2311b70590823f06eb7
assets/composition/failure_videos/COMP_175/COMP_175_ep004_fail.mp4	370210	d7a97a199cc37118f7fe9bb1265474f8be71ba7a0fd21b3c46905f9c1c237850
assets/composition/failure_videos/COMP_176/COMP_176_ep000_fail.mp4	411831	e856b864e238a0c2c1d78455a2304b4232d4c12a5470e1933c44c857b80e5ba2
assets/composition/failure_videos/COMP_177/COMP_177_ep000_fail.mp4	345216	bd34440bbfc07694accdde59f815aeb864fe1b91cee7183e39b28e3d09fb03d9
assets/composition/failure_videos/COMP_178/COMP_178_ep000_fail.mp4	505479	ce7f2f8cd5c2f04239048b0540666feeca5489b11c2b28ae145f8c7fb4619fcf
assets/composition/failure_videos/COMP_179/COMP_179_ep000_fail.mp4	397824	373cd93988d8361a6752303f9df94a41fe4af3b8cdaf7446b6ccb771ca546fc9
assets/composition/failure_videos/COMP_180/COMP_180_ep000_fail.mp4	500795	34e6e590ee70b7d0390a27b234f8ef506c23785c11bdf58e78e192e6578b350b
assets/composition/failure_videos/COMP_181/COMP_181_ep000_fail.mp4	449823	3cc9e39e9320175501213a502024f77958eeed75e3513cc4b8816f728b0e8229
assets/composition/failure_videos/COMP_182/COMP_182_ep001_fail.mp4	349234	bddb36895d6015deb089895659d72f050863daf21b164772668f199328b3cab1
assets/composition/failure_videos/COMP_183/COMP_183_ep000_fail.mp4	357583	3b048fe8219456d2524fbb329238e9e2c61a5289a6354b6fac9dca4348b5543b
assets/composition/failure_videos/COMP_184/COMP_184_ep001_fail.mp4	466650	5b9409d0fce8a6152627b70c969fd12dfadcc1e148eae7d63aa98b26a21a5695
assets/composition/failure_videos/COMP_185/COMP_185_ep000_fail.mp4	432561	bbd365778cdf5c198ddb3703b07b3c3de4d3731f51d1f6493d9f473be7cf6112
assets/composition/failure_videos/COMP_186/COMP_186_ep000_fail.mp4	460014	903ed7359b023365394751a18163202a42a0d00f569e2f5400325ed209dde86e
assets/composition/failure_videos/COMP_187/COMP_187_ep000_fail.mp4	439015	206c906912550fde79735a40474b15371780f97c9b79fac716f48dd095c2f755
assets/composition/failure_videos/COMP_188/COMP_188_ep000_fail.mp4	435999	c7a6997777cb7df6855eb5332b19b251367099557c1d56a96802ee5a413c173a
assets/composition/failure_videos/COMP_189/COMP_189_ep001_fail.mp4	391030	6a9df6d3f21bec0b9374d444025f4682a3895116686e347a6a45d03a6819a92e
assets/composition/failure_videos/COMP_190/COMP_190_ep002_fail.mp4	454546	153725e5842d449f60bff647e8224880cb62033a310d4d2e3a6bb04f9a65c215
assets/composition/failure_videos/COMP_191/COMP_191_ep001_fail.mp4	437923	f4987503e875148d7c2020f99177069708f192787c772e35b96ec1c4f44ebca0
assets/composition/failure_videos/COMP_192/COMP_192_ep000_fail.mp4	374414	7379f7f94cca4a19c4b0267d1e775d8e88a5b5e198af16e70c43c66bf7bab3ee
assets/composition/failure_videos/COMP_193/COMP_193_ep000_fail.mp4	420538	f058f9530633a9f940d9c6f8f8bdaceeb2e0c75af37debb1f73f1ac0f991dd6b
assets/composition/failure_videos/COMP_194/COMP_194_ep000_fail.mp4	449087	50747a13f139ea2271defbad10fb368e706850080eaf50b34c0cf000d061393e
assets/composition/failure_videos/COMP_195/COMP_195_ep000_fail.mp4	465021	577cbfa051c0762adf49c66fadddf12e099a698b2588632ca14089d0b188fea3
assets/composition/failure_videos/COMP_196/COMP_196_ep000_fail.mp4	511912	05e78604c0199293fa14b2d567bcdc289432ade733ccb9914f0fb03facc62b2b
assets/composition/failure_videos/COMP_197/COMP_197_ep001_fail.mp4	324690	c1b5247f7d48ba37efe3200347051ce3322bef5a2394facdba0b608af3888b94
assets/composition/failure_videos/COMP_198/COMP_198_ep001_fail.mp4	398894	3968c72b4ee401512b997e4b0fc62cadbef71d5df945ba9b4bc909ea578d4844
assets/composition/failure_videos/COMP_199/COMP_199_ep000_fail.mp4	516448	705558404802b1619297a546e6be0b31d5060527e14fe5f6ebcc7262f004962e
assets/composition/failure_videos/COMP_200/COMP_200_ep001_fail.mp4	324887	dfe6d1082ea337972f7bf2292f8db89f39dc793db54fa86dc9da8f32feb7222b
assets/composition/failure_videos/COMP_201/COMP_201_ep004_fail.mp4	471634	86397927e04692e94b45bc01907cc17cd5840c9c0e9dd64d52c26e0d580d2b79
assets/composition/failure_videos/COMP_202/COMP_202_ep004_fail.mp4	508450	3ce373c34c9c92f1fe4030dfe569410ed52e1582f544636a0f3b0acd375f5b0c
assets/composition/failure_videos/COMP_203/COMP_203_ep000_fail.mp4	449148	d258846b51b02c442d8673418a46baa38dbfd917525140d8ff794dbc324006b1
assets/composition/failure_videos/COMP_204/COMP_204_ep000_fail.mp4	448313	cc7511a4d3dfbd2e5ca95c272bacf7ec651b18feea9221112aa2c4c369ef6f4e
assets/composition/failure_videos/COMP_205/COMP_205_ep000_fail.mp4	516000	e8a25b21bc9eb377ad4b792a3fea29c3df88b605fd9f8a99d2d1692a5baa0423
assets/composition/failure_videos/COMP_206/COMP_206_ep000_fail.mp4	465781	ea723ad04d4c2d7170f874c1458f072289612b5914d3ec330bb0f7dd004bf2b7
assets/composition/failure_videos/COMP_207/COMP_207_ep002_fail.mp4	506842	c753ef9ea69626628f53b975a4929e009afae97877af2c75e80c7bbd1c246392
assets/composition/failure_videos/COMP_208/COMP_208_ep002_fail.mp4	559358	cf0564b60907a9b1b8cab40d5263c19f0a6d8bec869c566ca4366ad83e61ede9
assets/composition/failure_videos/COMP_209/COMP_209_ep000_fail.mp4	468312	903a5d16a48074e01002dba9727df9116174be08ff07a40fcc7f20b0a83fb051
assets/composition/failure_videos/COMP_210/COMP_210_ep000_fail.mp4	539270	0c654b235fe990d5e597c2c94c319301c1e609e8c4dd80e888fabf8853efc145
assets/composition/failure_videos/COMP_211/COMP_211_ep000_fail.mp4	535200	680fa4cc29bf133bf821a0db8b6bcd2ddb19cf956a2d972971713ea9a34f5953
assets/composition/failure_videos/COMP_212/COMP_212_ep000_fail.mp4	549365	9f241ca4fd35bdf131ebad4d5d33a63dc2a62b1990a1b6e0128c932639b0e661
assets/composition/failure_videos/COMP_213/COMP_213_ep000_fail.mp4	517903	8dac37ae27f61795e81c2292c309c5b09c05294d62be5ea13d1cb527bb28ed74
assets/composition/failure_videos/COMP_214/COMP_214_ep000_fail.mp4	532954	136cd15173669bb9fb29e3db41983924180960aa21b42b19d574f70eb7dc67ae
assets/composition/failure_videos/COMP_215/COMP_215_ep000_fail.mp4	540006	d7c5c6ae0fbd6e2b588e4e2d187864733cf626c757596b3f88ae6cdc61b35569
assets/composition/failure_videos/COMP_216/COMP_216_ep002_fail.mp4	541551	dfc0ff82a4450ffeace0208ee506d774f100c73b678d8cd593f07fa1e0f32cce
assets/composition/failure_videos/COMP_217/COMP_217_ep000_fail.mp4	587605	db333146d710c2b838ac65dc87bb396d434bb23e1ed9d151a2ad166323d35faf
assets/composition/failure_videos/COMP_218/COMP_218_ep000_fail.mp4	509925	8f50e8d1a65665c185e6f1f970b545948c1553018d2ecfd08244a1975024efd2
assets/composition/failure_videos/COMP_219/COMP_219_ep000_fail.mp4	570901	479016989de5ae8a57c05535770fb5a4df923fb8e9cca3f9500357ad733e53e4
assets/composition/failure_videos/COMP_220/COMP_220_ep001_fail.mp4	525459	ac63e1a8ca044e2110890ab771644efe037cb96529e89a90079877d48cf6c6a3
assets/composition/failure_videos/COMP_221/COMP_221_ep000_fail.mp4	486928	f0cb6ce97f1314a1299bafb7682734113ff419e21a9ae5da015b9f010f3278b3
assets/composition/failure_videos/COMP_222/COMP_222_ep000_fail.mp4	526586	21ef06f1c075c649f3a69c6b0576d437207227c36484a50ebb674d4a54fc465c
assets/composition/failure_videos/COMP_223/COMP_223_ep002_fail.mp4	511401	c0c642bf4c50e5ecd083a7cf4bb8e01cd2534f242103b35d1434770016570d54
assets/composition/failure_videos/COMP_224/COMP_224_ep000_fail.mp4	493031	979182d143a8eabe8994fd9329e3efe2ca35874a2c54fe99b2251f954c9044d0
assets/composition/failure_videos/COMP_225/COMP_225_ep002_fail.mp4	463319	b0e67f54fcff8fd4b2ad2492a90c2b0475472058eb2e77765773e340fa2d8441
assets/composition/failure_videos/COMP_226/COMP_226_ep003_fail.mp4	470877	5ae7a23f5bd2e63928b90cdd762429a9244bffee0a073d9a885f22976b6341e9
assets/composition/failure_videos/COMP_227/COMP_227_ep000_fail.mp4	499648	4fc2ebc7424e522ce56c15b83b3a3babd099b0ec7ded72828b17d555d77e3b21
assets/composition/failure_videos/COMP_228/COMP_228_ep000_fail.mp4	474778	3aa5c78e2ab97a186f276504cd8b8f5cc8927421d4f85ed17359c20d5cbc49a3
assets/composition/failure_videos/COMP_229/COMP_229_ep001_fail.mp4	519348	c829d5e12b936928e6d1601157e2bb9bd3e20373b0c023e0b7d1b2cecae646a1
assets/composition/failure_videos/COMP_230/COMP_230_ep000_fail.mp4	467570	d4d224ef55591188a8ff6fb909a6075e20d8b4e09eb5d16a56d81ed758ca3d30
assets/composition/failure_videos/COMP_231/COMP_231_ep000_fail.mp4	453125	a726836fc6330df66910ce5b6423a16057dfa0e457f7b194e2f5742c7f523745
assets/composition/failure_videos/COMP_232/COMP_232_ep000_fail.mp4	477871	93456ae0d4597b28ee6ffa1379d565bc4e4d4b08a788cc0a0cda70795d61987c
assets/composition/failure_videos/COMP_233/COMP_233_ep000_fail.mp4	485869	a626f35096655b2f2d958d36b7c8ee38e88e339580f1e706807d1c353a9c6e6a
assets/composition/failure_videos/COMP_234/COMP_234_ep000_fail.mp4	488526	121ac734de9139cfff1223bc9889db7af6457b7f9227724cdd2106ee77de8bc1
assets/composition/failure_videos/COMP_235/COMP_235_ep000_fail.mp4	513288	97881449dd2377c9a573bcbb80bfe77fc9d06488112aab4ae8d517648ea92be4
assets/composition/failure_videos/COMP_236/COMP_236_ep000_fail.mp4	505719	252c84d5044419ffed0ba2b89e7053b35d2c549e0b8f1f4e5dc9aaf1a0e3fe42
assets/composition/failure_videos/COMP_237/COMP_237_ep000_fail.mp4	492966	b14c8226cdd0a1c46b28e4979e085a0296a9f96964a1ca6fec25ccf1c5bf3cad
assets/composition/failure_videos/COMP_238/COMP_238_ep002_fail.mp4	455881	f8c98b489138c8a261af0122458346a47fd9822d02a41301cf66bcb00d5a1e09
assets/composition/failure_videos/COMP_239/COMP_239_ep000_fail.mp4	496665	6b31f9e0908ebb8b1f4fb13e257b6be0588fc7ddea098eae0b79fc4e0088fd72
assets/composition/failure_videos/COMP_240/COMP_240_ep000_fail.mp4	582037	2f46ebb7374dd7de23da28dc5e98e9b6dccef4f6aa5b80c649bfb1abf95fedfe
assets/composition/failure_videos/COMP_241/COMP_241_ep001_fail.mp4	609856	e77c857e308baaead45d30fa6c994aa28843bf319f03bd7b9e989264783c74d3
assets/composition/failure_videos/COMP_242/COMP_242_ep002_fail.mp4	614643	f3425412ba5e4c8cc4d23b131bf3fcf1ab2fef4951bf267104ffc2cb868c3832
assets/composition/failure_videos/COMP_243/COMP_243_ep002_fail.mp4	618350	909ca9a2aa48ce7e029ab6afc283b4046e582ea4d3e7101a31ee6e9aa659bd5b
assets/composition/failure_videos/COMP_244/COMP_244_ep004_fail.mp4	616433	557a053b10d570853c389e875586fb7fd9e16b61e4a1b081a7047f5d2715f4bf
assets/composition/failure_videos/COMP_245/COMP_245_ep001_fail.mp4	573074	5d1b23e4a6207e2628fd90cc88b3c7e0d5d939d12c08668cd106bf5d54d83e43
assets/composition/failure_videos/COMP_246/COMP_246_ep002_fail.mp4	564797	c8faf3b957a2145d3c3419b12e80e27417b77eb661decf851bbf567e18fcee56
assets/composition/failure_videos/COMP_247/COMP_247_ep000_fail.mp4	564071	33ab229cc58bbf292a6e263492895b9359b08c46927d0b2b5031a36fee2bf9c3
assets/composition/failure_videos/COMP_248/COMP_248_ep002_fail.mp4	618742	e345eefd22687096c519fc178a7cfbb39b17f573047768be8b0fe19da4db12d8
assets/composition/failure_videos/COMP_249/COMP_249_ep002_fail.mp4	572719	d6c3dc1dac570d54d080538e52fcb47aac961b525a6534e46fa21800c386d7e2
assets/composition/failure_videos/COMP_250/COMP_250_ep002_fail.mp4	531211	045978678d6ffe22a57c267f5d1293f53eddf7f395003fba54b26a5c03a7ceb9
assets/composition/failure_videos/COMP_251/COMP_251_ep004_fail.mp4	590363	2cc30b6dc2cebd1d25c8a1e3b06a98a9f35932b88ff44c3e1509e6b4c152ca01
assets/composition/failure_videos/COMP_252/COMP_252_ep001_fail.mp4	604394	5a8aeda7fbda27a240e242c47d54ea89c614ffcd678687249bf67686f0f4daa8
assets/composition/failure_videos/COMP_253/COMP_253_ep000_fail.mp4	628336	2fe72b5ee49a5549515172ec5122d66ee1c69a47e8a214f2f1e43634baab2d21
assets/composition/failure_videos/COMP_254/COMP_254_ep001_fail.mp4	641311	e148ccc3d542c7079dcc29b30db757916375f631db1b0dcc6b190e3a5ec12216
assets/composition/failure_videos/COMP_255/COMP_255_ep000_fail.mp4	597079	8db3d723e0603a23379669987d6deafa5087775ffe555aca7606014e4ce99578
assets/composition/failure_videos/COMP_256/COMP_256_ep000_fail.mp4	576563	5d2ac2efe5180c87cb6ef6549ff08525478ba347ea21c90a39d230f8f74af5a4
assets/composition/failure_videos/COMP_257/COMP_257_ep001_fail.mp4	617147	6387abfc8b7c653ff002a089a0cb686967a0582fc1f43db3114a9a0ca185eb06
assets/composition/failure_videos/COMP_258/COMP_258_ep000_fail.mp4	542627	64bc61e796cb9b9ca4580f312862c290e876cf618088aa5e317c68a8483907e9
assets/composition/failure_videos/COMP_259/COMP_259_ep001_fail.mp4	573142	0960c65f84f4db116da3f70f6562276a0d1ce2b5d059d5b03b4658aa6bebb351
assets/composition/failure_videos/COMP_260/COMP_260_ep001_fail.mp4	514838	e82c4b4163c66ef8e49f6c801854992dcef546fe7a54e60ec8adecea626b8d3f
assets/composition/failure_videos/COMP_261/COMP_261_ep004_fail.mp4	628557	75c193e057c25f9fc299038fc3f15cbe64b77f212a65c1dee2222d58016bc708
assets/composition/failure_videos/COMP_262/COMP_262_ep003_fail.mp4	548665	da8928957f4368fdc076f1344e517af25f94b6c0b9044a9d6e8431a7b1290d49
assets/composition/failure_videos/COMP_263/COMP_263_ep001_fail.mp4	623269	d5e72927e7ba95a209917843dc377856040413ddbe72261d3d9831a31ebe8847
assets/composition/failure_videos/COMP_264/COMP_264_ep000_fail.mp4	586327	a374f94b8265f8c8c7a17364d75a0c434ec6e8b5f0ea0bcad8e96163ff38895f
assets/composition/failure_videos/COMP_265/COMP_265_ep000_fail.mp4	590057	437dea4a197c4d29b1f435abdcce8559a2ed9916e074fa6778ca9202fcdcc924
assets/composition/failure_videos/COMP_266/COMP_266_ep001_fail.mp4	600518	a1781e41c66da4f81bc8fa7e5285c41372daa641d393f20fe7a929ac0e6ac1d9
assets/composition/failure_videos/COMP_267/COMP_267_ep000_fail.mp4	467060	fcbc83eac3be9fcf7c68c3c800dc22afeed2e2a756cf07cdd85befc55b492b11
assets/composition/failure_videos/COMP_268/COMP_268_ep000_fail.mp4	546098	46c92b4e52be1ec2908490eed706edc7c73ed98e1d48db67a569a4c0f2414a23
assets/composition/failure_videos/COMP_269/COMP_269_ep004_fail.mp4	565138	b7738a749e065a2c771624ed98ac9fb98b2c0e9afa91ecadf89f9b7e9b06c499
assets/composition/failure_videos/COMP_270/COMP_270_ep000_fail.mp4	570168	5c542511803e7a4bb92bfd4828346440eebe400fb247760adf9c7f27324dabc0
assets/composition/failure_videos/COMP_271/COMP_271_ep000_fail.mp4	595683	346b4d51c91e954376b458cc631f7dbdf0c3a839f49b04fd487db80fd1979d69
assets/composition/failure_videos/COMP_272/COMP_272_ep003_fail.mp4	552000	df5e5d3d4a311183cf3888182eebde25a3fefaa11bfbda2ed58ae335f7d278d9
assets/composition/failure_videos/COMP_273/COMP_273_ep000_fail.mp4	484372	4da763edaef2fb76ce98cd766bc35d8b53416637693c403f4c1413069ccb16a8
assets/composition/failure_videos/COMP_274/COMP_274_ep000_fail.mp4	482159	6f889f5f42282d272804d63ed5ab5a7e8f501d67432609899bd02ed33fa7c9e6
assets/composition/failure_videos/COMP_275/COMP_275_ep000_fail.mp4	560981	297f7cf134719670b90e84df8e4b87f7954c32d8cfae7f87b9143464213dc926
assets/composition/failure_videos/COMP_276/COMP_276_ep004_fail.mp4	527875	0717e72e77c3381b5dcb19757d457bf52a5bb8292fba3874674f2aa4b3bb45dc
assets/composition/failure_videos/COMP_277/COMP_277_ep004_fail.mp4	585363	ec72c596ce4dd89c788ec112ba723bfd859d5788554b027bd5d75c162ebe0eec
assets/composition/failure_videos/COMP_278/COMP_278_ep002_fail.mp4	574882	45b95bf2a5a987d1aac841cfe18fb61b0b92543c631061ed1991c6fc8e060ef8
assets/composition/failure_videos/COMP_279/COMP_279_ep000_fail.mp4	555772	de7759cbcd5f5b0dca147b84ff6a59f916fc305d8e5656004d8b99135cf7dd62
assets/composition/failure_videos/COMP_280/COMP_280_ep000_fail.mp4	630917	0745684abcab69ad8320a3c786215bf62576f863b492f7a346ca247fad5039ee
assets/composition/failure_videos/COMP_281/COMP_281_ep001_fail.mp4	616084	49e61f57db1d6eb84fe3623c9e5190ebfd8c182c31a99710c502a629e132c38f
assets/composition/failure_videos/COMP_282/COMP_282_ep000_fail.mp4	600861	a9d959b51867ada24f8fe04f28bdf99e97d16a4cb529ff25285b93ff23228351
assets/composition/failure_videos/COMP_283/COMP_283_ep000_fail.mp4	613108	886ebfa060c769538a0ec0cb6753775a8fe0305a00c4d7e95e19bc4dae13ae11
assets/composition/failure_videos/COMP_284/COMP_284_ep002_fail.mp4	623988	1f2bb3974fd7e81f1b249efc3c7eca78d32672d11916861f751859dd2c94d5bc
assets/composition/failure_videos/COMP_285/COMP_285_ep004_fail.mp4	654453	f93fdb6a7359e603ead6657cc1e41e6b3a4629818a9c8c69b0b8ce6d274c18c5
assets/composition/failure_videos/COMP_286/COMP_286_ep000_fail.mp4	571624	c9ac031bc132f5e5a836be5875dec36f3d19d0223e93222e070ca12ffea85224
assets/composition/failure_videos/COMP_287/COMP_287_ep001_fail.mp4	626061	36d79ced6cbdd6f3cbe14ee5655c162d8dd077945609ffb41d84251733585077
assets/composition/failure_videos/COMP_288/COMP_288_ep003_fail.mp4	634215	a88784d510591a0531402d81be20021f842cee2eb9597da8a2c4b21ace3c6635
assets/composition/failure_videos/COMP_289/COMP_289_ep000_fail.mp4	609839	562b2a93111f8a68ac112fee1163b1944914471df3d411207296a75e456ad61b
assets/composition/failure_videos/COMP_290/COMP_290_ep000_fail.mp4	661447	c2cdfa54197646fc2e457668c273af472c15c49bb4dfed433f173a43d72cb1bc
assets/composition/failure_videos/COMP_291/COMP_291_ep000_fail.mp4	625821	c18c6c5065c289e522c6da6540df56a3dd2c73f7e56f8179221910aaff8cd8d4
assets/composition/failure_videos/COMP_292/COMP_292_ep000_fail.mp4	652920	53073d060b51e5e1c8202a004f9bc697405ac123622dd938a989f3d5dd6dde50
assets/composition/failure_videos/COMP_293/COMP_293_ep000_fail.mp4	627675	44f1230470fe14c4d21f8b4e922d0a6ea7b0bcd7fcd66497bc18215afbbe575d
assets/composition/failure_videos/COMP_294/COMP_294_ep000_fail.mp4	683626	b9acc7d773cf0fe4f6e0272119ba5450abba869e935ace6032b7ebf5a68277b0
assets/composition/failure_videos/COMP_295/COMP_295_ep000_fail.mp4	620854	2e4ea08c90f2e33bdf1b3df8231b93e19ac3737325b3b38b3e18abf086150e51
assets/composition/failure_videos/COMP_296/COMP_296_ep001_fail.mp4	692073	f7fb8800a6c1c5a3d8b82739617ded6b82b7068cb522c45d4cc4179550ee1156
assets/composition/failure_videos/COMP_297/COMP_297_ep002_fail.mp4	613212	37f1b9314768ce1506974070bd03d137be85e2bf206740dec7c98d97c6bd9a95
assets/composition/failure_videos/COMP_298/COMP_298_ep002_fail.mp4	635935	88deb2e764a01ad78f2641f94abf86c51630491c1bd40369a7f8733a25356e64
assets/composition/failure_videos/COMP_299/COMP_299_ep001_fail.mp4	579399	dc19bd82191028e42bbfd92625df03a5b98ee380ce071804e31feb2bac88dfde
assets/composition/failure_videos/COMP_300/COMP_300_ep000_fail.mp4	617263	2ccc8671203a2fe99fd672af5ef80983dd23dd634657e0cd2cf09bbfeb76dcd8
assets/composition/failure_videos/COMP_301/COMP_301_ep000_fail.mp4	586716	72754a74c08cd79d770e6eaf095029b20cdd273865d1ffa7dfdec1c2e40059eb
assets/composition/failure_videos/COMP_302/COMP_302_ep000_fail.mp4	596013	6ea34b012f22e756e9bf2170602d0bb3987766825ee1b67fa8e4450eed7ab636
assets/composition/failure_videos/COMP_303/COMP_303_ep000_fail.mp4	560494	87b0cc228870bc65a7195ef07d0aa6d3c1fe1daf6ea7e866aad99cb803fbe1fa
assets/composition/failure_videos/COMP_304/COMP_304_ep000_fail.mp4	602459	de0c3f21a8c8ead2b5e3dcc4c44701c955ecf7a6e60f86fbc4a956237712651c
assets/composition/failure_videos/COMP_305/COMP_305_ep000_fail.mp4	626459	99084a9a2ed12d1983c9a6d0ce2d60572a885dd9a3c6fa3e339e5dc1ef4986b6
assets/composition/failure_videos/COMP_306/COMP_306_ep004_fail.mp4	580026	035faaed47c65564f7e7564fa084748c81214fd821a9bea527750841c2296234
assets/composition/failure_videos/COMP_307/COMP_307_ep000_fail.mp4	602066	497758af4171d783b25386a69935c06ed99ea58fdb4ad58828c1e411785087d4
assets/composition/failure_videos/COMP_308/COMP_308_ep001_fail.mp4	645768	8c6bef6daa0c4fb44c7dada9c210956c56b719c9d821d8549829fdbfc97f5b23
assets/composition/failure_videos/COMP_309/COMP_309_ep000_fail.mp4	615047	e03aade7d560bc58b999df2f277226ee91b9a34d1429a0e698eb183febe86bbd
assets/composition/failure_videos/COMP_310/COMP_310_ep002_fail.mp4	655366	f4ef67f3057816b36b2ac5e10a60545e25fc703cd1e1d5223a5aa45811e8b970
assets/composition/failure_videos/COMP_311/COMP_311_ep002_fail.mp4	631438	e35fd4abd7472f02a207098d4aa1920a1ceacc42af703590febde412a2d2ad5f
assets/composition/failure_videos/COMP_312/COMP_312_ep000_fail.mp4	618590	34ff9b8ca1ae1fbcae60545052af4d87806698d47c3ed0193f3e1f1b7557f848
assets/composition/failure_videos/COMP_313/COMP_313_ep003_fail.mp4	626132	441c48732a83c2ad26c03f9cda03bf02fad34045b0db670e1850565a8ad13531
assets/composition/failure_videos/COMP_314/COMP_314_ep004_fail.mp4	594223	da38d33a50683729c3e70127840d0168c38a65e656f67a57262e76553523da56
assets/composition/failure_videos/COMP_315/COMP_315_ep000_fail.mp4	610539	a2fded433f318c679150a127e4b84b4e85f8505790fb595bc9d01bf3be71f457
assets/composition/failure_videos/COMP_316/COMP_316_ep002_fail.mp4	589328	0f8f3f684f5a15e03bebb47539f607226849595b0ab7cbcb8b397345e1741c44
assets/composition/failure_videos/COMP_317/COMP_317_ep000_fail.mp4	642906	2d3235de6d3ebb64a63a6bbeacb13f410a9423aa2a237f97522b1d8d1a8729f7
assets/composition/failure_videos/COMP_318/COMP_318_ep000_fail.mp4	600085	9ed4bc3f2a70aacfe1ead02776e0b839010a3c3635def3aeaffd84ec86fd14c3
assets/composition/failure_videos/COMP_319/COMP_319_ep000_fail.mp4	495854	a20933a1329d6d9348a2b68684a4c56686b7f936093b66b98b0915fddcaef244
assets/composition/failure_videos/COMP_320/COMP_320_ep003_fail.mp4	492362	2d71cccfafa2bbc64d18859aa85345804dfd7342b6343bd6a9b38348a6f8b419
assets/composition/failure_videos/COMP_321/COMP_321_ep001_fail.mp4	585154	4fb769ac919576c5b7387bb63c5704c8d4c2f9deabc0e5a9b6075b0eecab4ecd
assets/composition/failure_videos/COMP_322/COMP_322_ep001_fail.mp4	577130	2ae63f3e25b90569d943442a39587155961662ac0728a2c45683a612e7c6f20a
assets/composition/failure_videos/COMP_323/COMP_323_ep001_fail.mp4	591960	8e3aed10935b1bf6ce02af1d5ec95a0aa0dc338550a9e9adbef046209b359e69
assets/composition/failure_videos/COMP_324/COMP_324_ep001_fail.mp4	578490	9b04e74350042d907edee60013503f3ebe6ee5ef4edf42f41ed5be470c744ad3
assets/composition/failure_videos/COMP_325/COMP_325_ep002_fail.mp4	559625	6e37dd444782b46f47f3bb76c09031328dfbfdac55a81f778631e0a73de8102d
assets/composition/failure_videos/COMP_326/COMP_326_ep000_fail.mp4	561212	f539626e35bbe277b16d5dae2ebee88f87787baaa0508362d8f59030ae85de6f
assets/composition/failure_videos/COMP_327/COMP_327_ep003_fail.mp4	552924	b09ea3717966364e41237f2acfaf4104b9c1c67f23bd1a2908386771c3cbf053
assets/composition/failure_videos/COMP_328/COMP_328_ep000_fail.mp4	497006	42abd0709e3d0462b6e2f5969e51f6c4411de3438fe577532f46792c1199a2d4
assets/composition/failure_videos/COMP_329/COMP_329_ep000_fail.mp4	480138	18d59760309d22f9202332780d01cb47711109aacbe30395954f1e0946d368b7
assets/composition/failure_videos/COMP_330/COMP_330_ep000_fail.mp4	582387	c65deeb7cd50584ef1f4dbf09cc71a4ffd23af7b86a4be2c41c2b8872ad23503
assets/composition/failure_videos/COMP_331/COMP_331_ep000_fail.mp4	604209	e12e6cc2e378c594b0e07e58337ac1943f3ba70a93bcbee99229e624960307c0
assets/composition/failure_videos/COMP_332/COMP_332_ep000_fail.mp4	619310	a45402a6b95cdf61643bfff8c8c14b7f9e0c604f8fee2c92b7537fd5d7b04f95
assets/composition/failure_videos/COMP_333/COMP_333_ep000_fail.mp4	567824	4aea2ae400732e7c1aae212b29655337220ff4d494a00a7a79e18d0fe492d4d3
assets/composition/failure_videos/COMP_334/COMP_334_ep000_fail.mp4	567523	13e9277ef04e8fd95ae1e6fd9f926469e07e6a57d86b4ab1456d080b2ec0e362
assets/composition/failure_videos/COMP_335/COMP_335_ep001_fail.mp4	587573	fee07deb8213d93adeb6f351bfa66a62241c782eb7d5d530861609d321ed9b47
assets/composition/failure_videos/COMP_336/COMP_336_ep002_fail.mp4	538945	b4aab3f17bd53201e0fda54ce4c18c423ed57b732a3cd9ed9f5236304d771784
assets/composition/failure_videos/COMP_337/COMP_337_ep002_fail.mp4	574189	99c688fbdc4730c4f3f319701dc47256de5cea32ca63e161b32d074f1fb36c3a
assets/composition/failure_videos/COMP_338/COMP_338_ep002_fail.mp4	551538	1c4b021a6b30336938fe0bd7c7dd4e0ee3211b28e0c4d09e5ec9203eac4354fd
assets/composition/failure_videos/COMP_339/COMP_339_ep000_fail.mp4	522037	d91dea8ebbf3844eace6e9381be313b8b09fbb8c26adfbb6e9bdb59ca5310737
assets/composition/failure_videos/COMP_340/COMP_340_ep001_fail.mp4	627738	d14e38dbb7e79d1fa56893ae33ebe0b2439b6967b57453b0fc150c5941ed19ea
assets/composition/failure_videos/COMP_341/COMP_341_ep002_fail.mp4	618975	552b17f3d008356c174233b1955f6ceab0f2ce8b4617078fe363bdb55b37150b
assets/composition/failure_videos/COMP_342/COMP_342_ep000_fail.mp4	589487	8cd0f7b116d03ad1921bbfb841e06c53e36a99176db03fa4b59586f032997584
assets/composition/failure_videos/COMP_343/COMP_343_ep001_fail.mp4	610659	0853839c796f43a4e5f6bc99c2ec6e878cd576995178ff5737921caf068dfc2f
assets/composition/failure_videos/COMP_344/COMP_344_ep000_fail.mp4	584285	96260d8998ef0f2a05d1959962313f44fa41174932c72a8981a81ee468eccb08
assets/composition/failure_videos/COMP_345/COMP_345_ep002_fail.mp4	619423	db7665a88fafe5f7bc187d66d6f9284a524340f05258a37f84e8216d7f1df8c8
assets/composition/failure_videos/COMP_346/COMP_346_ep001_fail.mp4	606446	c47683147bacaf4ffd3fe0efe57b998efc8531a3981aa538a9b57ae9f2015848
assets/composition/failure_videos/COMP_347/COMP_347_ep001_fail.mp4	579506	37b8e0d951265ed9603ccbcd06eb855035d56ff6f066fe845538192558cafcab
assets/composition/failure_videos/COMP_348/COMP_348_ep001_fail.mp4	600301	034b6c5acce65a2c78311faae6ace53d4b83fcc83e252285c763a8490b5f1700
assets/composition/failure_videos/COMP_349/COMP_349_ep000_fail.mp4	615009	95285a15f3e572c8bb0208d961bebe302328797167d9ec76e02c55b57ccf0e2e
assets/composition/failure_videos/COMP_350/COMP_350_ep000_fail.mp4	541760	f9c72ec4a8462d90e792d5545ef800d870598800231e9ea2ce61c33b4a6fb336
assets/composition/failure_videos/COMP_351/COMP_351_ep003_fail.mp4	620256	9977a475f0b57a32ea46f722a4ac135bbcc7463ad38f67c41e17fee6402b933a
assets/composition/failure_videos/COMP_352/COMP_352_ep000_fail.mp4	581621	4ca015ae674ba1e61ed2f31b73ca1354073e3b007130369ba6d9f4b5e6b7ef61
assets/composition/failure_videos/COMP_353/COMP_353_ep000_fail.mp4	536046	c502660f0afdc154e0c40f026f3638f031b496cb82171bea0f65b3914ca41e8f
assets/composition/failure_videos/COMP_354/COMP_354_ep003_fail.mp4	560036	9c35ec838a04a2ca61faed65233943ce364aee0c5b472e191a240b8b40e4fb46
assets/composition/failure_videos/COMP_355/COMP_355_ep000_fail.mp4	565168	444fa6b8f17c1a6f24e64344ec908009a2c426873f434a2982ece96540c85996
assets/composition/failure_videos/COMP_356/COMP_356_ep001_fail.mp4	581305	21472677fd25cd4f513fcddab895af7d184a8fe5c5094b792ca0e946170cf002
assets/composition/failure_videos/COMP_357/COMP_357_ep001_fail.mp4	572101	eeba6ceb75a681c670376473a40ee2f1cf484d6a08517aeec15ff0c1cd4ffc3a
assets/composition/failure_videos/COMP_358/COMP_358_ep002_fail.mp4	609894	27a240528f2daf1ad9a018c73f986571274008074e9bc2ca3627cf54d25ae927
assets/composition/failure_videos/COMP_359/COMP_359_ep001_fail.mp4	489027	aa29ec965970e9e70388a6c1571ef522a8679a76fc452218e8609625f387522a
assets/composition/failure_videos/COMP_360/COMP_360_ep000_fail.mp4	586072	4113bdc0079261b9a588feed75f77e1cca868e37a27f734a8a1ec967dc523055
assets/composition/failure_videos/COMP_361/COMP_361_ep003_fail.mp4	627180	8d4c715a2e46baa28da3e1763b329757e35fdaa8d75a94b6996bed2e728770bf
assets/composition/failure_videos/COMP_362/COMP_362_ep000_fail.mp4	600596	511539a1e13f6026a84a94d04d3fd480ca7927ac203b5909189470eb2fc051f0
assets/composition/failure_videos/COMP_363/COMP_363_ep000_fail.mp4	554657	9f78e85909d1a4b77b6a7a9aebde4a6354c3767de97f04bbeb934c2e55a3530f
assets/composition/failure_videos/COMP_364/COMP_364_ep003_fail.mp4	519726	514b1206caf97a5888d7239a87ae3e85a05bf63decb0cb166f274aa5d6583a73
assets/composition/failure_videos/COMP_365/COMP_365_ep000_fail.mp4	613363	0735420d0e266a0fa15c0be82c59271207e5422069128c2385d86cfc5bd4ecab
assets/composition/failure_videos/COMP_366/COMP_366_ep001_fail.mp4	634898	3f53ab3281d4d8a6a8b3f5051392e21e19ca9252fc247df856f534d1a304ad97
assets/composition/failure_videos/COMP_367/COMP_367_ep003_fail.mp4	574178	a6a7331103923f8b6a12ca538f2a88012ce2c619c4f712b5b80fe61e205572b3
assets/composition/failure_videos/COMP_368/COMP_368_ep001_fail.mp4	632676	85072735107cea0984c8806f4a443eac745dc4990fdc08c16884fd803289b202
assets/composition/failure_videos/COMP_369/COMP_369_ep000_fail.mp4	637678	3630efe280742b84d3fc5934cdd9910a5bf9a27500aa36fc3e26444b4a1f46eb
assets/composition/failure_videos/COMP_370/COMP_370_ep003_fail.mp4	575081	26df8d09f1967b4d718384e2f9da85f3baa29e8444750a0b0209c691d7267988
assets/composition/failure_videos/COMP_371/COMP_371_ep001_fail.mp4	614669	508d4000b85b0aa370c8a1308210e489dc920e7b8ff3a5a2b7abccb2a58e5c33
assets/composition/failure_videos/COMP_372/COMP_372_ep000_fail.mp4	640981	d171a5e26bf7430185be44d8e514c1b5dd4831bcdd64074a11bab63013e85604
assets/composition/failure_videos/COMP_373/COMP_373_ep001_fail.mp4	588246	ba7c3c2a6b998b2d034637ec7d4ee39c1b0d8c6b46c8f979dca514946efd0a84
assets/composition/failure_videos/COMP_374/COMP_374_ep004_fail.mp4	633693	a854eb50f5fcadb2874e56b5a01ddc3b979a3f27b6662d40d227b403548ab6a1
assets/composition/failure_videos/COMP_375/COMP_375_ep001_fail.mp4	617973	ed77ec0f4f51d9d27b2fbb8f17ab1866c17e479a1877587da21c26c723f302f4
assets/composition/failure_videos/COMP_376/COMP_376_ep004_fail.mp4	598500	a46df3ac38260a19a04ca5a180fdd93e422b160a521a1e1e4a139b211c335081
assets/composition/failure_videos/COMP_377/COMP_377_ep000_fail.mp4	601558	eb1edf67a5352733ecffa5fe41e8c2de26b9eb1196c3cd2e644df239cf06b6d6
assets/composition/failure_videos/COMP_378/COMP_378_ep000_fail.mp4	661188	5a17e2707f0d5fb15643a4a909619b91957e9337b9efa25c7cee064b37dafe7d
assets/composition/failure_videos/COMP_379/COMP_379_ep000_fail.mp4	603609	90b9695026cab928fb270f19994c51efef377ccf4eca426df850b89ca300f965
assets/composition/failure_videos/COMP_380/COMP_380_ep001_fail.mp4	535116	6eb590c249624c37a609f20e985792acdd83ee88918841b98570c9c2885f182e
assets/composition/failure_videos/COMP_381/COMP_381_ep003_fail.mp4	543512	dec9e8b76c67030cdb4f0abd913c83fc64cff7e063b42eb097d98893ba975c25
assets/composition/failure_videos/COMP_382/COMP_382_ep002_fail.mp4	545220	f9ad5417a4e7bca3a474f3526362f04c3e9cfc0bc94ee9e675b557f21daa7249
assets/composition/failure_videos/COMP_383/COMP_383_ep002_fail.mp4	589542	4c6022985e197bb67378dd14019f748e8d393d825ba3458863c3fb205735081d
assets/composition/failure_videos/COMP_384/COMP_384_ep002_fail.mp4	553148	38b3979273c8f37480231627c2a8433cff2cad0872d08278761baa492fb46552
assets/composition/failure_videos/COMP_385/COMP_385_ep002_fail.mp4	527036	d923ab9f5898537d758988641aea4981e105a135453a5aeac225c7dcf9a95f94
assets/composition/failure_videos/COMP_386/COMP_386_ep003_fail.mp4	619708	993c6b03f5f53a62399aac784b1ad4f4aa38a536f83ae0e0a409921e6dfa2303
assets/composition/failure_videos/COMP_387/COMP_387_ep003_fail.mp4	560924	314ab4bf483b059c0f7dfe2b8f9355b6b8104aa42535fd1c57ebeef85d496783
assets/composition/failure_videos/COMP_388/COMP_388_ep000_fail.mp4	617894	dfefff7726e952629d26b14d15b1f5de66205f54f6b8400b9f75e392e27fb999
assets/composition/failure_videos/COMP_389/COMP_389_ep000_fail.mp4	540340	4516ef53059d2eb68a392c6b7bf1fa325cf36c534ab5d0d783e58fa908641188
assets/composition/failure_videos/COMP_390/COMP_390_ep001_fail.mp4	539391	12ed3a28ee410214e6dae303f3c53fabf8625f81362a0248a108ef28ed0f307d
assets/composition/failure_videos/COMP_391/COMP_391_ep001_fail.mp4	578704	445c234fd7199272b57d86cd97e79d251ec05f32d0405a34ac981495e644cf44
assets/composition/failure_videos/COMP_392/COMP_392_ep004_fail.mp4	654925	155173f9447664dc66c7c089c1c5eaddeb5f84c027425843a20a1ee81b7e417e
assets/composition/failure_videos/COMP_393/COMP_393_ep004_fail.mp4	606267	1beaed6eb69f3ebe4a2c1a8a7064642d10816f39fbf4b254ef52478ecc5d5371
assets/composition/failure_videos/COMP_394/COMP_394_ep001_fail.mp4	495232	0d7b794d7effadaf546536419eb07c7271a919e3b61e3eddffea60ba3a9e4df3
assets/composition/failure_videos/COMP_395/COMP_395_ep001_fail.mp4	549224	402f22856629cf6b84cfdd883b828e38ef26805b6ac27877d6b613d25fae1fa2
assets/composition/failure_videos/COMP_396/COMP_396_ep004_fail.mp4	484616	a139b1aa0507549901bbf812f3c6bdf86c0f68dfac17eaedd9ea14ac84af1753
assets/composition/failure_videos/COMP_397/COMP_397_ep004_fail.mp4	550009	5401d689a75f4705766ea0daa327d74c24cb773b3a1c8113c901d982c4f4ce74
assets/composition/failure_videos/COMP_398/COMP_398_ep002_fail.mp4	606309	37433b5fd09c1e259580c57d6324a1ac4d3bdf16bae9ae58025f0b723973f216
assets/composition/failure_videos/COMP_399/COMP_399_ep000_fail.mp4	532722	3d8766bd2c189a6f3e6d05e31c54781847f695578773f58a6911230d241752e6
assets/composition/failure_videos/COMP_400/COMP_400_ep000_fail.mp4	551962	b1f10e4b79007759da76177224800f4ab3d5ff4dec3aba1acc290439fbb2b8a8
assets/composition/failure_videos/COMP_401/COMP_401_ep003_fail.mp4	612092	13d7c87104eacb5dd8f7ced36f5b9ba8c910248628af7e9ab5e3d0ca5acccca1
assets/composition/failure_videos/COMP_402/COMP_402_ep000_fail.mp4	558607	7f4e4ec1e7848726f8f109911296b1446a58177a4de0b22eeca0ece7b872f02d
assets/composition/failure_videos/COMP_403/COMP_403_ep000_fail.mp4	610410	c9bf50d9c97d337646da87f5c64ea051e6a47650703e6a008bd2c38a01ba23d5
assets/composition/failure_videos/COMP_404/COMP_404_ep001_fail.mp4	587457	6c1c506645fca17f2540efa1466f313a32caa375aac95e74928502d35828e286
assets/composition/failure_videos/COMP_405/COMP_405_ep000_fail.mp4	537625	849e13103ba4af278ba2b17b1821e7c8cb4247ba88ca2510e1061a0c9e448b47
assets/composition/failure_videos/COMP_406/COMP_406_ep001_fail.mp4	634622	b0e0ba2969d1e0117b3280bc56ba7315ec7ea9a4eec94f34c70695587158a892
assets/composition/failure_videos/COMP_407/COMP_407_ep000_fail.mp4	552996	26d7d62cab0eb6c2719ec48fec09ac2caeaf475e67f906e99616a9779c8d8b51
assets/composition/failure_videos/COMP_408/COMP_408_ep000_fail.mp4	562406	3f603e291dc0038c859781de6e53906d9b0e736fbc9328a3990128ce7bc06f1b
assets/composition/failure_videos/COMP_409/COMP_409_ep003_fail.mp4	620283	207a3fc77a9c7eca404fb67e2ef95262590d11cbbd0addbbd3e49391c12276cb
assets/composition/failure_videos/COMP_410/COMP_410_ep000_fail.mp4	554325	0df72d6f3945c2996aa39a801d80ff40b3e9e689e57299c0e313eb98d16003dd
assets/composition/failure_videos/COMP_411/COMP_411_ep002_fail.mp4	637513	5a6997635388b7cb1079f3a685b6d9b35822f69584c298fc9f94ded0942783ea
assets/composition/failure_videos/COMP_412/COMP_412_ep000_fail.mp4	607548	f43c15a86ae8e4d6599d4ca3bcea63cde0648e60c241cf3216a503aeeb91166f
assets/composition/failure_videos/COMP_413/COMP_413_ep000_fail.mp4	598546	5be995deffcc39cbbecd5e0a4233fd001ab4d7a950f00dda629da9fd5c010596
assets/composition/failure_videos/COMP_414/COMP_414_ep003_fail.mp4	640971	f598cef9e5d5fe420bb060b1977db7838eb8504f8f0130c429c9e17322a66231
assets/composition/failure_videos/COMP_415/COMP_415_ep002_fail.mp4	612137	64279aa5d5b6ebf4ff9032af050bc86843965de55bc2eec0db50471dc3507f52
assets/composition/failure_videos/COMP_416/COMP_416_ep000_fail.mp4	454208	ab8033b3eccb4dbc0b97554afaf96b87b0e2e601bf08a86160ad921d9baed3a0
assets/composition/failure_videos/COMP_417/COMP_417_ep000_fail.mp4	586273	45232b885044e61d2c27ad409b84272f8a69489f42d49c507645ef2bc840b25d
assets/composition/failure_videos/COMP_418/COMP_418_ep000_fail.mp4	644972	589d29402525831fcd3aa6d6d551ade58303af33e960898eeefa8e17b03aea91
assets/composition/failure_videos/COMP_419/COMP_419_ep004_fail.mp4	630168	2afc41e4c3d7e75d8050aec1dfb5c0affa12ba4a22dc47dc9829678136325b2c
assets/composition/failure_videos/COMP_420/COMP_420_ep004_fail.mp4	641145	db8224be651a187e1fae47373abefb409d478263516e5c0cfc5d30d20269a404
assets/composition/failure_videos/COMP_421/COMP_421_ep000_fail.mp4	546149	70db454dc1d6ef5912e6d8817795187c4974d089ca04d714b96e321efc3c8d66
assets/composition/failure_videos/COMP_422/COMP_422_ep004_fail.mp4	612745	1455b09a3e83cfcae1b8781cce5e0847bf68d717e43f24f69e813d35e0804145
assets/composition/failure_videos/COMP_423/COMP_423_ep000_fail.mp4	574674	5ee9be4ffd86f1f3a7c7df6e261aa1a2b13549b9a422340b8968ae5f72188d33
assets/composition/failure_videos/COMP_424/COMP_424_ep000_fail.mp4	640894	43e79df80db02ee2bfe2be6ded0494f20493e56fe64968a1696cbb9779ae2180
assets/composition/failure_videos/COMP_425/COMP_425_ep000_fail.mp4	578858	d7235729727d41f6f27f28a2323bb1d246d5f3999f1292e30f2d305211143f84
assets/composition/failure_videos/COMP_426/COMP_426_ep000_fail.mp4	585183	f1fec982c83be5f51e4385db661a3f197df068a4beff210679841070c8f3ad60
assets/composition/failure_videos/COMP_427/COMP_427_ep003_fail.mp4	610718	8ca22133d40024a1edb6704a9c89e8af9a84a944fe357ad61d7dfe9f109a12d0
assets/composition/failure_videos/COMP_428/COMP_428_ep002_fail.mp4	627548	80d1f54c4c5855d319d6e011988bc7bac7e6907e7bf1390c8c4a35ac51999ffc
assets/composition/failure_videos/COMP_429/COMP_429_ep000_fail.mp4	577226	e79cc8df09d956eaf623a284de53da7e1549081fbc2ea3f7e5cc3a87c21ab39a
assets/composition/failure_videos/COMP_430/COMP_430_ep003_fail.mp4	530831	aa62b541b10af1a596a7cad7222a786d0abea6f011aa8cc059b760a62188fc41
assets/composition/failure_videos/COMP_431/COMP_431_ep004_fail.mp4	612997	1cb90c6fbefb3efb143e680df2a34a76af82bab470ec76e3aae33f09390ebfd4
assets/composition/failure_videos/COMP_432/COMP_432_ep001_fail.mp4	614045	fc0e764b73bdc30a3fa022ad0383df75e0ff5ad620672153f4bbaffb38df64c5
assets/composition/failure_videos/COMP_433/COMP_433_ep000_fail.mp4	617267	2e2411fcab610cce89d0a27d221cf6891d3b351ac18858f50149e16a74d45fda
assets/composition/failure_videos/COMP_434/COMP_434_ep000_fail.mp4	683611	04ddf11f1b0f43d0df20af34e7fdfbac71297ead6abbaea2e148c74c5a9f98a6
assets/composition/failure_videos/COMP_435/COMP_435_ep002_fail.mp4	612048	7c49d75125c4c822056429e89f96faf3700caf21d806d005928d583c959a563a
assets/composition/failure_videos/COMP_436/COMP_436_ep000_fail.mp4	647654	f1e66dbbbdef2510b92ad447d2ded0036bb23f7b607061f7a435fb8e1dd9c832
assets/composition/failure_videos/COMP_437/COMP_437_ep000_fail.mp4	526656	0d825df11da2e57a287ea4a8f2cbdde9386ca2e0d868bb8c3a3b97f571102aac
assets/composition/failure_videos/COMP_438/COMP_438_ep000_fail.mp4	506580	4279c5bf5edae1844a3264a133685d6027e4df8847c1ab315e2d650dc75f363a
assets/composition/failure_videos/COMP_439/COMP_439_ep000_fail.mp4	640574	6184e5e974f7c49c411241751068c84b25db9823ffb28a8e66f79bb5e6be7b3a
assets/composition/success_videos/COMP_205/COMP_205_ep003_ok.mp4	448096	002575c52b0b9d98a90a535227cb126309ebb14e735a9ad07cd067b25849a52a
assets/composition/success_videos/COMP_209/COMP_209_ep004_ok.mp4	394216	60918227fa1007ae2f6aa2b9cbf8006aceafbf0b1494c3d4834ab716e0f3be9e
assets/composition/success_videos/COMP_213/COMP_213_ep004_ok.mp4	419413	e6d538ab1c486c80677c2ee2e79088e208cb56a673854872b09052d4ae52d602
assets/composition/success_videos/COMP_223/COMP_223_ep000_ok.mp4	361357	ee3ab8548d4c609788baa36640748a0ca87b532be2adc8bbf97b24070043de2c
assets/composition/success_videos/COMP_223/COMP_223_ep001_ok.mp4	555338	4e7fe57e8dc766d77e2b8d1e412ebb547e739ff94957f7cd173a57a0360e0aee
assets/composition/success_videos/COMP_223/COMP_223_ep003_ok.mp4	394564	57ad01a3728cb50f8f865f5da66e464ded4fa69d9d092723fecc2fb0e7397f67
assets/decomposition/comparison_png/DECOMP_001__TDL10_001.png	301019	7f76ddc76e47daa5de2edaaaf68ec43e3b0d7627a42bcf499685d83a9f45e0ca
assets/decomposition/comparison_png/DECOMP_002__TDL10_002.png	303363	9647b049d27960332eacf0c1acae02eb72851b953ed553d99c9e9c39f843a2a5
assets/decomposition/comparison_png/DECOMP_003__TDL10_003.png	308026	fb6cb6d3f73369a29bac935a02cc5680ab145af884fa69de8491e58ef7dd723d
assets/decomposition/comparison_png/DECOMP_004__TDL10_004.png	308822	f862e34a00c799d286d82b5250951763e5fd6e7f8079b474b7ae213eada7ed25
assets/decomposition/comparison_png/DECOMP_005__TDL10_005.png	245597	2eb3ab83e81836216129cbf06e60f6cdc90c6be54cef6309f130713224297dd4
assets/decomposition/comparison_png/DECOMP_006__TDL10_006.png	243095	9b955448969735bb381c61d40e78475b84f1143df37d94744a2a1b862bae3b88
assets/decomposition/comparison_png/DECOMP_007__TDL10_008.png	268162	bfe77dc72fc14df36a226c71889dcecb09087f9665c3ffa1e64cdfe961c006b3
assets/decomposition/comparison_png/DECOMP_008__TDL10_009.png	318182	4df13532bd79950c79df24942acfe7504e50dacb9820312d5e08bf550fc29e71
assets/decomposition/comparison_png/DECOMP_009__TDL10_010.png	317998	61a2e48a49b903732c737610b8bbfc1423afe4b38c5d60fa6426b64616ad6f03
assets/decomposition/comparison_png/DECOMP_010__TDL10_011.png	321604	cfc6d652ccd1d9c15c81a949f06cfc5fa20488f907544d173910db0ace5cb609
assets/decomposition/comparison_png/DECOMP_011__TDL10_012.png	322556	64166c8dbe35d8f645e7bb400243f809f6c791dc8a5d3cfc0ac7f809a71ef92f
assets/decomposition/comparison_png/DECOMP_012__TDL10_013.png	326290	d35e3e59b335b83171b81ac711dbf5c3fb1b605ece01b3451f9acc13848aa45d
assets/decomposition/comparison_png/DECOMP_013__TDL10_014.png	324325	92e9b839df4b75e72e99515bec603b66ff03539ca1e4228b46050e12821a5933
assets/decomposition/comparison_png/DECOMP_014__TDL10_016.png	358914	129fd8e133491ff38159b42ba41d2ee3ac1262bdfe29222683db00bdb4f3e288
assets/decomposition/comparison_png/DECOMP_015__TDC40_001.png	265106	cfa3ea72d08635851de3bf8e684bd491cc271587b0a799c73159b7a6326ea86e
assets/decomposition/comparison_png/DECOMP_016__TDC40_002.png	361194	db468fa1ef6e6300ea1331c29c8b3b91e5bd6befbd0d43d514c27eb70f9c997b
assets/decomposition/comparison_png/DECOMP_017__TDC40_003.png	267039	f1c0e2e53faba3ddc7ab49e0702c28c3538aa4cde62f99f6de89036af1ec1f89
assets/decomposition/comparison_png/DECOMP_018__TDC40_004.png	266636	e9f5558d883ab1d64f9d08afe1cae0ff4e935ec9083b99ce739b8a3825b6d989
assets/decomposition/comparison_png/DECOMP_019__TDC40_005.png	360256	68b7f1744f370ff9b3c752a3d088a4895548230605d932eb1768bfa68440922c
assets/decomposition/comparison_png/DECOMP_020__TDC40_006.png	361378	3b16b8d3d20cc1c607e68702a85486dc1adbceff4b6b89bffd55fdf371c289e9
assets/decomposition/success_videos/TDC40_001/TDC40_001_ep000_ok.mp4	370921	3369195a8d3861b2e5d58528e12e6a13b46ed391646d4d184d5f71ebc994aae5
assets/decomposition/success_videos/TDC40_001/TDC40_001_ep007_ok.mp4	388309	9a896c03a1d233d5997f9d26cf532f1cb977302cbf0e29f605415b72bc5c6aad
assets/decomposition/success_videos/TDC40_003/TDC40_003_ep000_ok.mp4	311202	a5aabe64fe6b66f945c1917ad1f4c49e00e13f628b9c5cde9c788f34d807a88e
assets/decomposition/success_videos/TDC40_003/TDC40_003_ep001_ok.mp4	309052	476172be2415547370f3c750a054187e91d2cfb4bea4fe81b6b5e4b45e081982
assets/decomposition/success_videos/TDC40_003/TDC40_003_ep002_ok.mp4	316730	ce97784a38c31cf8dd85b93dc8c39a034186452afcc707ee0ef3a59e2e299942
assets/decomposition/success_videos/TDC40_003/TDC40_003_ep004_ok.mp4	295970	9a906d7e2589998a938acf9e6574a86f14d79908bda87e77be823c39f415b2ef
assets/decomposition/success_videos/TDC40_003/TDC40_003_ep005_ok.mp4	325669	999cc9352edfc6db8e9f950198b62a09d2cc73015d29f7d6f8f31714d271898d
assets/decomposition/success_videos/TDC40_005/TDC40_005_ep002_ok.mp4	180912	9eb0fecc16c8f97ea0d53bb73665ee79ce92073c413cb3c78130687ce233c0b5
assets/decomposition/success_videos/TDC40_006/TDC40_006_ep000_ok.mp4	302208	216e71950bb7df3e730add09bb544752f32034b49d5cdfe60dc70b7ae95fa723
assets/decomposition/success_videos/TDC40_006/TDC40_006_ep001_ok.mp4	273168	0a5d5d189675754df6baaa2f94738f43e949a735da12097ab728d98a4f303caf
assets/decomposition/success_videos/TDC40_006/TDC40_006_ep002_ok.mp4	265409	b9bc0f06f5534e270ebcece5d2e338a32acc6c1e166e0eba728a7e88ba5bbd60
assets/decomposition/success_videos/TDC40_006/TDC40_006_ep003_ok.mp4	272985	d7cd6778e67022a5dd9c514a82fbdbf521a8373341298648bedcfec270a9b6f0
assets/decomposition/success_videos/TDC40_006/TDC40_006_ep004_ok.mp4	279649	8f549dec44d42df52bbe717b4ba4687514af05d553b7b7cee524d423ae9a64f8
assets/decomposition/success_videos/TDL10_001/TDL10_001_ep001_ok.mp4	260916	a1b532f5d26313a43a84b3c39d2218937a3e4766bbda2047acc1dda518a92bc7
assets/decomposition/success_videos/TDL10_001/TDL10_001_ep002_ok.mp4	282681	c45191e925399d28a638e9605182d0a54882ff5ac5b2601f846bb5352da9f664
assets/decomposition/success_videos/TDL10_001/TDL10_001_ep003_ok.mp4	274288	d8f1c17ddabe57f796123564bb6f646e54f32664ffb2f01f35ab6e7c3f82260d
assets/decomposition/success_videos/TDL10_001/TDL10_001_ep004_ok.mp4	287541	2d030317dd8845fc5603fef1d95c325e63d1cec6f73fa05762d2aaec62bdd003
assets/decomposition/success_videos/TDL10_001/TDL10_001_ep005_ok.mp4	262970	bb876e18ee0bbe080e2bdbf39946ad7878f2c85957952ab2f075b29e7b194856
assets/decomposition/success_videos/TDL10_002/TDL10_002_ep000_ok.mp4	186790	1415378900e99286cf67856cc452d8924284aae002c34f3008402bf2fe1a84db
assets/decomposition/success_videos/TDL10_002/TDL10_002_ep001_ok.mp4	191147	368b98b64df2cd3b7087366964c4a43469ea8ccaf24447a5331bf41ada88fcd9
assets/decomposition/success_videos/TDL10_002/TDL10_002_ep002_ok.mp4	184255	600077674876cb7fe16d9dbc6280cf8b24d78b0a4fa5c7ebaebd1af64420c206
assets/decomposition/success_videos/TDL10_002/TDL10_002_ep003_ok.mp4	191667	f18b794cb473a8dc5346b7efe936ccb14543f3f7d748ab27ebd7b66bf7fc5c3d
assets/decomposition/success_videos/TDL10_002/TDL10_002_ep004_ok.mp4	156730	8dcbf02042dac59e2236b88b2879943382667674c636840484633e943efb5a67
assets/decomposition/success_videos/TDL10_003/TDL10_003_ep000_ok.mp4	315529	5de04bdb9152d544c3ec35693487d16dd5c29ac59d0a2ad8bc5ab0c7614611a1
assets/decomposition/success_videos/TDL10_003/TDL10_003_ep009_ok.mp4	314954	18f8b7d4fe41f101531d2213f7a0a59f19c18266fb9f3f9624b7191866d1abc4
assets/decomposition/success_videos/TDL10_003/TDL10_003_ep014_ok.mp4	222009	6bacf3cec6e3a42ca2260efe8c9a05762c3153c3298ba0f2152c8b77bd5aa254
assets/decomposition/success_videos/TDL10_003/TDL10_003_ep020_ok.mp4	327085	ed139fdc4c93252afedc368b6ea5c65822b526e9c2a3352b66c40f6fffb0f5e4
assets/decomposition/success_videos/TDL10_003/TDL10_003_ep021_ok.mp4	290803	f4bfe38bf8d4cb24674e754417c56d498bfd83841e60c8a5107c72d4485bb16d
assets/decomposition/success_videos/TDL10_004/TDL10_004_ep000_ok.mp4	232616	9aec60109a6bea31dc48a584b3414d4b8d436a52bf99cbe644eaa561d52bd21a
assets/decomposition/success_videos/TDL10_004/TDL10_004_ep001_ok.mp4	237038	3de73a1f6fa6f2a61b34acf449d8cc9c414c9d5bc4da6a3fc82b2aef9499e6b7
assets/decomposition/success_videos/TDL10_004/TDL10_004_ep002_ok.mp4	296433	2df20d9bdec1e8176d0a4ff17be8cd42d8837d4a2111f48789a3c660c29af162
assets/decomposition/success_videos/TDL10_004/TDL10_004_ep003_ok.mp4	259555	e4adbe655104c526cdadc2d7254b15623aa248099a1a3e03ea140ed2bc583078
assets/decomposition/success_videos/TDL10_004/TDL10_004_ep004_ok.mp4	227971	e46a87fa1828d9c67cd963960b6f1394d9c852419419d1e6cd06cbbd39a7dfb2
assets/decomposition/success_videos/TDL10_005/TDL10_005_ep001_ok.mp4	243455	58fb214ef922199fbc17e4ed052d81d96598e34fad6a7002c61d6cfcf097b7d0
assets/decomposition/success_videos/TDL10_005/TDL10_005_ep004_ok.mp4	256670	ed1f653a9a28d9c53084d5db0320fe7cc125b54b642ce00eafbb017cd8703a1f
assets/decomposition/success_videos/TDL10_005/TDL10_005_ep005_ok.mp4	235590	5b32d52acd79fd05a54f8f859290654e1fa69e8147f11814adf1b640293c5cd9
assets/decomposition/success_videos/TDL10_005/TDL10_005_ep009_ok.mp4	311471	b75cff5d3f6dac8b5609f704b958f8174b2662aa87eedb7ef6cd873ba17ca426
assets/decomposition/success_videos/TDL10_005/TDL10_005_ep012_ok.mp4	244495	5ffee9cbb8e724218e653cb82759a5ae2abc2dc1066a5d0b4033112540edc7e0
assets/decomposition/success_videos/TDL10_006/TDL10_006_ep000_ok.mp4	176597	ebae46397ec2b56a60de755b9d8c7332cbdd76a678851d6b271903b1ed2f0fa6
assets/decomposition/success_videos/TDL10_006/TDL10_006_ep001_ok.mp4	259755	3e24be90c61dab1c8976e623a5a0e8001ab49931033a50a3c7383babea85aa07
assets/decomposition/success_videos/TDL10_006/TDL10_006_ep002_ok.mp4	268647	29020b9543a82ec2da9f739a51a3894a8363ab088d5d6ad21ee4ccb7f267aa2e
assets/decomposition/success_videos/TDL10_006/TDL10_006_ep003_ok.mp4	283227	39f525aec18caf468c092a410d247733503a797c07bbf0741a9a8f28e2d744ef
assets/decomposition/success_videos/TDL10_006/TDL10_006_ep004_ok.mp4	258565	f7ba55e337cf0db083299e0498265e6eb1aed724ffded9b4ad9562caa9acc2e8
assets/decomposition/success_videos/TDL10_008/TDL10_008_ep000_ok.mp4	337840	1ec72ab15c97ab3f7c30f81683419065a3006822c36f62ee04729a9bc23003be
assets/decomposition/success_videos/TDL10_008/TDL10_008_ep003_ok.mp4	333436	35e3bf6cf05954624ab9d33a900fc354f1597b411b01ab24ee1dc44936644c5d
assets/decomposition/success_videos/TDL10_008/TDL10_008_ep012_ok.mp4	383784	441fc20b320b8a323227a0f111ec2b223e017ef29c0554aea85e005c98922b63
assets/decomposition/success_videos/TDL10_008/TDL10_008_ep020_ok.mp4	379584	a763cae20bf29f82eeae0b119f4a99f4ac18a5ea9bda4e7aaab94d9fa5bf011b
assets/decomposition/success_videos/TDL10_008/TDL10_008_ep022_ok.mp4	341062	99c7c2307e2945a802328fb4aa7af969e5aa3091a0fc3bfdfb0f1520e94dd057
assets/decomposition/success_videos/TDL10_009/TDL10_009_ep000_ok.mp4	297535	bfadb6f0b099f247cc68b8763f0575a03c19e48efb10b5b319ce98680361ff67
assets/decomposition/success_videos/TDL10_009/TDL10_009_ep001_ok.mp4	288618	32fb802f2f8d9ac460a0b593ca6943e0dda375eeb359767a5eb5600e659c9b42
assets/decomposition/success_videos/TDL10_009/TDL10_009_ep002_ok.mp4	327551	63ff354e8874510490835f2dcb487ef57bedf2cbe77440c068fa4dd773a921cd
assets/decomposition/success_videos/TDL10_009/TDL10_009_ep003_ok.mp4	300748	a83f32e4b5068baea744fbd11c1bb0cfb8e8927437b7f68e742800ce17fa9dc7
assets/decomposition/success_videos/TDL10_009/TDL10_009_ep004_ok.mp4	329217	05a2fdeb28c01b96ec77cb19498840b398c7c0865fa6ea026a453663e96f9bda
assets/decomposition/success_videos/TDL10_010/TDL10_010_ep001_ok.mp4	220194	541bd6cbd713c5f0ef685abd95d9b5eae5383ffa67abbce3ef4b495620c89935
assets/decomposition/success_videos/TDL10_010/TDL10_010_ep002_ok.mp4	250304	a53a8d88521e6fdb3569f6ac8d47f35b8f77868658e75c794266fcf267cee45d
assets/decomposition/success_videos/TDL10_010/TDL10_010_ep005_ok.mp4	224427	d34a764ea6cec1ba5915dffe1d86253974f26270f1af268a2ce28f1ddb452447
assets/decomposition/success_videos/TDL10_010/TDL10_010_ep006_ok.mp4	225940	267e975bc2bb7c6c9c9903b122ff6237065396cf5c33522c2517b32e21051d37
assets/decomposition/success_videos/TDL10_010/TDL10_010_ep007_ok.mp4	216466	ebb733b7fa8f55affb6698210a3a0a85a93bb57aeaad7fb14a76e0425e14dff1
assets/decomposition/success_videos/TDL10_011/TDL10_011_ep000_ok.mp4	339565	0a4f22f824d14658ba88f50cd84da7f6a1ba77101c3ed614c9e0b1a80a94e9cc
assets/decomposition/success_videos/TDL10_011/TDL10_011_ep001_ok.mp4	309077	5009ce7a9fd6041d2233c3dafc4563d8edc3c71d4f7b6d4e2c237f18f2608e37
assets/decomposition/success_videos/TDL10_011/TDL10_011_ep002_ok.mp4	318551	5cc31fbc78ec4f6ee83d290d007debfdd3408982008cb18a8cd75d9776fef005
assets/decomposition/success_videos/TDL10_011/TDL10_011_ep003_ok.mp4	326624	eed1b68155bd6a4e47cd23e3f9bc96b5f712433caa02d177e9b46241eb64ff3f
assets/decomposition/success_videos/TDL10_011/TDL10_011_ep004_ok.mp4	269006	682234ad92a3b3d49e2de9705cbb4b612026553c11d81a55d16b31fdb1210581
assets/decomposition/success_videos/TDL10_012/TDL10_012_ep000_ok.mp4	291379	d3a4ccbd4682a1cd49b3ab479c3f784cc27a61b690c1129747fde6a55d8c94d7
assets/decomposition/success_videos/TDL10_012/TDL10_012_ep001_ok.mp4	262315	7c79515c7781e03f9287d5bebb30632c0bc15f5b821789cb5b757030b860c909
assets/decomposition/success_videos/TDL10_012/TDL10_012_ep002_ok.mp4	242951	51a9c0252527c1d144f7eb80bee97cbb2584ab64bb5a714082119561346b1d19
assets/decomposition/success_videos/TDL10_012/TDL10_012_ep003_ok.mp4	307062	13b300ae6ea170a681a13acdcb86360b5e6962111bbc2a7246107b3fdce50c90
assets/decomposition/success_videos/TDL10_012/TDL10_012_ep004_ok.mp4	282635	ca9a9f653ad9c8127f3022b09a17236bb7efd725c8837dce49c5d627f85962be
assets/decomposition/success_videos/TDL10_013/TDL10_013_ep003_ok.mp4	332638	1c5207cf50aea426579a59bbb86a9b6d7eec7d7b592b0faaf09aa67009253192
assets/decomposition/success_videos/TDL10_013/TDL10_013_ep004_ok.mp4	352107	fcddfcb42af0eaac3ed15cd0ec2f123c709399facf0ba05f6b4f4e5e695df572
assets/decomposition/success_videos/TDL10_013/TDL10_013_ep009_ok.mp4	264478	025f0749b95911f9f8358bb5e833740109e30ed869de2faa1105da48e8c8e1c5
assets/decomposition/success_videos/TDL10_013/TDL10_013_ep012_ok.mp4	346131	6c0beed5e0bd04f1e2180be1b8367f8600a2e7d03750f58f80d8ddf02a66bec2
assets/decomposition/success_videos/TDL10_013/TDL10_013_ep016_ok.mp4	371312	b6ab567fdca8f75ac7191434bbeecd2a59b43335c2d77bd2dabe853894bb8961
assets/decomposition/success_videos/TDL10_014/TDL10_014_ep000_ok.mp4	277452	9dbe68cbaabcff9dbbc8e80ffb41b589f7d55c01c48c2ae3c684087b2738b530
assets/decomposition/success_videos/TDL10_014/TDL10_014_ep001_ok.mp4	274808	666b1fbef67793363be9fdfc869773f7c0af1e138f42f81b820e74234ccd4c62
assets/decomposition/success_videos/TDL10_014/TDL10_014_ep002_ok.mp4	266177	8a43c94b91686a50deb67e3024a7e69fac2547abad6e43d44b88323d4174b4fd
assets/decomposition/success_videos/TDL10_014/TDL10_014_ep003_ok.mp4	220268	f6a9346b09c4c7c1e7b8ab7fae438aed3d0d0dfba7377039e51b63c34a808866
assets/decomposition/success_videos/TDL10_014/TDL10_014_ep004_ok.mp4	238600	e2137edf1a3d3c8a6a73c4ccf8180556ad697af3c9b72cd295161f5532c39b6a
assets/decomposition/success_videos/TDL10_016/TDL10_016_ep000_ok.mp4	213762	240cb72085ee18431d270952d55e5d4e29df7d409d83aa57ee26810b6c91b924
assets/decomposition/success_videos/TDL10_016/TDL10_016_ep007_ok.mp4	301704	257ef0e28da208deba3c9a2fe24ac7768535d9ddc9ea097f8814e131eb07ecb1
assets/decomposition/success_videos/TDL10_016/TDL10_016_ep011_ok.mp4	229110	a5b23e3ea92b52b11d46ff41d51c68bfaa855640f254cf9af6412e494a04871f
assets/decomposition/success_videos/TDL10_016/TDL10_016_ep012_ok.mp4	217729	3ebbfeb85a65a3756d940524b926d685468dabc94a4520de7a5bc8d3de42d7e1
assets/decomposition/success_videos/TDL10_016/TDL10_016_ep014_ok.mp4	236710	aff0ef649b3206c13ff03cfc12e51d44cbd197e88752adf0d47c05f773da53c1
composition439/index.html	869989	aa467ba5a15974cc16153845b594f0eb6c73ba837d80e127a641cd394f43d526
composition439/tasks.tsv	452694	42b888aefb02e68314e8b050611c53e3a45094b773f3b16ac01f41cf3ffe5063
composition_failures/index.html	781833	eb93d2a5c7ccb1ab8d7217f20158b1fbeb22937c7b6c8e53373b96b403c9bb47
composition_failures/tasks.tsv	314283	f857a9ac08ea95833714fca27441b00aa285c7872952368ae2ccf99c0374cd44
composition_success/index.html	11477	43ea71d2aee8b489bea89135a9a4240a68c4a3a88fba1e01e4b67bbc4a5a4a8c
composition_success/tasks.tsv	4821	d9224bbdeb789c585f8b93ea2e8e00ff978416a25a6f7fa57625b440b8458cd2
composition_two_step/index.html	100806	e80e1b3d1547fbe061c4dbbe8e5355b7a7d884c4550734827a7b6866ed7d52bf
composition_two_step/tasks.tsv	39258	d2b4f43056ca6c50aadf49c84173c09c3b688a0db995d7f43b54a8af3df390ae
decomposition20/index.html	36692	a3d729b365681cab26fdc88b911b17480c6ec71250f0482d6df043291c5c3f47
decomposition20/tasks.tsv	4895	be2d7e122b4e3e5cedd23902cd79c71ae881ed2f05b68d15bb4d976873dfcc52
index.html	3331	303627bc616ed9fc64bf2671731dc33713daaa66370811800e86eec8313e4f78
original40/cards/LIBERO_10_01.png	564300	ac6eb7fb4cf5b6819ea48b8f7932936524180ae73e717212db9208c6473c3b70
original40/cards/LIBERO_10_02.png	570463	31c50755c603e90b4efecf85bbe25c137e704c5cb3f394d65bf2bc29f3f1b5d0
original40/cards/LIBERO_10_03.png	432306	5245db87b4cb17c84ca96d2c6383211712a79c6cbe6117e6b249dbd54e2f5295
original40/cards/LIBERO_10_04.png	487915	7875616a6e687fc2de5375045ade45cc5761487a83063e1727cded0a076bc81e
original40/cards/LIBERO_10_05.png	528598	e3070c6a88ccc1c133237f7c9a1f40ebef4c192732ebda09eea67ac72b97e795
original40/cards/LIBERO_10_06.png	447220	fd3f289fd47a8367c9f8ab0b0fefcfaabee6687023c6c290551f017d67a8c596
original40/cards/LIBERO_10_07.png	535062	9ccf89440f42484bcb0c271cee1a719ac2ad5c856be811bf24d431026aa4b195
original40/cards/LIBERO_10_08.png	549970	2a4578046ea507bc6b1d4d3c50505c3464f3841daa58dcf86d5297475a7f3c8a
original40/cards/LIBERO_10_09.png	414634	4d937d3d957eb7e980f6521c80b41e35a60369c2cdaddb010e22b274b972ec21
original40/cards/LIBERO_10_10.png	380243	a71c38eeb3b4ff789046c923b2c2baad7dadf58db258c19d559766fc47c247bd
original40/cards/LIBERO_GOAL_01.png	514757	d5a99723dfe447f2ae57775057603e81283cdb5044028dce59f18ea5e89aad29
original40/cards/LIBERO_GOAL_02.png	505363	450dddfcd5eb50e756f3c6450ceed6314e46188ef871bacb20f761934620a7f5
original40/cards/LIBERO_GOAL_03.png	501074	2673dac6861911f3dad413d021dd41a32bf751f6e91a0b186b7919ae965d9256
original40/cards/LIBERO_GOAL_04.png	508352	04ae0910bfe72e87d3d264198fe9142d948968a9e5f12d3fa109761a7d4a3269
original40/cards/LIBERO_GOAL_05.png	497158	01b84bd932d9aae5caa24109f9bda41b0235f238728c07a94837f85723591de0
original40/cards/LIBERO_GOAL_06.png	506538	ef863e650fa3e1e01b3c94c964660976e133f358c77a52a5ee6986646ebef1d5
original40/cards/LIBERO_GOAL_07.png	500263	883ee48356eb83381ba48250495b15dea69c93fc3f42ab8d21c4fa34ab3cc330
original40/cards/LIBERO_GOAL_08.png	505681	ada7daf87615802029e1fd131b6c75c16e3d6ff9175d6b4bba465ded222cdf1e
original40/cards/LIBERO_GOAL_09.png	501387	e760b3227ac8b9f1a28e5a3abae098d6849bfb2e31ce28a2b23dbda4a83085d0
original40/cards/LIBERO_GOAL_10.png	503546	0be9eda4a34eb35fdad4ca6f7f7c174dadca07fdc3a9af78a077f704568c335e
original40/cards/LIBERO_OBJECT_01.png	758584	97eba5b4b7519d953704579a8ade7a66fba3b1be1ac4f254933cdded1ff1e491
original40/cards/LIBERO_OBJECT_02.png	761508	46f91d04bdd056b72c1c526f650f8b7049215a6db3593a11d3afd122da66fbf7
original40/cards/LIBERO_OBJECT_03.png	761527	71ff6fbfde0c7e5baf542554c2bf8df83434baf8ee2cc67d4a6e6c50040e72a1
original40/cards/LIBERO_OBJECT_04.png	757110	b28a82844928dff9e442eee72dab4134cc112b626d1b68c98b205087966f0d96
original40/cards/LIBERO_OBJECT_05.png	760223	e95299b372db6fdd508c17a82cb8760f97d4e169b9f73b8799fc9a6c3dbf163f
original40/cards/LIBERO_OBJECT_06.png	764150	e7e98dd6d7814000d4832daf3ff04762d65cbbc15351fa4d3ccc897069100234
original40/cards/LIBERO_OBJECT_07.png	761728	667f3be8d9e9bdad6482a0d16bb2a6d39ca122cf6f52771e5856e855b9f4a7cf
original40/cards/LIBERO_OBJECT_08.png	760488	a6be608dac9c7e27ace670e79d1069051dc88c9b5fb2ee14c30072e0b35401ae
original40/cards/LIBERO_OBJECT_09.png	762491	551d346d8d48c4d973b327bc2a19e69de48c344526563d7ada8d62591b1bf542
original40/cards/LIBERO_OBJECT_10.png	761674	a3d8057cfb119cf8c264086ed926b353f3005999b1aec06db63f85258c45ec12
original40/cards/LIBERO_SPATIAL_01.png	487842	d0d9c85f38896a6ebc1f8ff7e5d50be00084acd13f474feebdd0bcdb35e5580e
original40/cards/LIBERO_SPATIAL_02.png	502213	3299cdf733439353ecd0669436d92bb9de2c7475d29fd166e7c6d128bccb9632
original40/cards/LIBERO_SPATIAL_03.png	499899	4ce0ffb9d3acf514467711755c0ff81a4e2fe11cd91cf2d7a8fe183aa23c1fb6
original40/cards/LIBERO_SPATIAL_04.png	501194	a5b1af3482cbb27b8f189139810a6d5a21688c3c7e95082ce66b51ddd5613382
original40/cards/LIBERO_SPATIAL_05.png	492297	b99bdc202d3e04187dd1819c25ad0c5043431dccf088dbc4627a679ca75898d5
original40/cards/LIBERO_SPATIAL_06.png	504382	4ce8349b6aa0f963938154c405a518937a02de5bbb9879711aa1b196c3850f45
original40/cards/LIBERO_SPATIAL_07.png	497246	80c5ac9448973a370137364dc1b42c61e38fb4dbbc8803145d87b61d9c7b331a
original40/cards/LIBERO_SPATIAL_08.png	490642	4ed7ab6451cb2e44615533c47159827fc2e0f6f032426cce786bb500801d4c67
original40/cards/LIBERO_SPATIAL_09.png	493087	0aa157c0c0176d7077367f46b4ea4cd530db33d40a5cb9f7c9fe50300ebce8e8
original40/cards/LIBERO_SPATIAL_10.png	489533	324232db69b4561c3b5250cc365d68b9e5a26cf4cd187606da2dd3d3ba016f2b
original40/contact_sheets/LIBERO_10.png	999716	0a1520c7f786b2164bc004c1482cd79aabd32b3608ca0079bbc786c8bdc228a1
original40/contact_sheets/LIBERO_GOAL.png	933051	92ed224b03cdd152eb10669e152237d9d4029d4c4547dd1ad7101a2d74e4a4a7
original40/contact_sheets/LIBERO_OBJECT.png	1043041	722da8b72896a1c314dacd2cc77c45289722823db6a892263642dddd1266d8f9
original40/contact_sheets/LIBERO_SPATIAL.png	921634	2ef0310d67561fa40a6159912c5763d3732c5bf49cfa0d71425fce7c5fb5478d
original40/index.html	63541	024a5087d68dce1c194f9fb5d7e6ec5b30b937d561e0ef7fc14b53d965014903
original40/tasks.tsv	22228	a6ca9ca0c7917278b609bab398a34f5986c24adc50f33ec92908a97786db1e61
