task_id	pool	family	semantic_subtasks	pure_composition	requires_transition	instruction	source_suite	source_task_id	source_task	original_instruction	goal_atom	physical_group	evidence_notes	gpu	successes	episodes	success_rate_percent	success_videos	canonical_task_signature
COMPOSE_001	Compose-350	X1_object_layout_four_to_basket	4	true	false	Put the alphabet soup, the salad dressing, the cream cheese box, and the milk in the basket one after another.	libero_object	301;303;302;308	pick_up_the_alphabet_soup_and_place_it_in_the_basket;pick_up_the_salad_dressing_and_place_it_in_the_basket;pick_up_the_cream_cheese_and_place_it_in_the_basket;pick_up_the_milk_and_place_it_in_the_basket	Pick the alphabet soup and place it in the basket | Pick the salad dressing and place it in the basket | Pick the cream cheese and place it in the basket | Pick the milk and place it in the basket	in(alphabet_soup_1, basket_1_contain_region); in(salad_dressing_1, basket_1_contain_region); in(cream_cheese_1, basket_1_contain_region); in(milk_1, basket_1_contain_region)	object4_pick_up_the_alphabet_soup_and_place_it_in_the_basket	Novel four-object extension of this exact stock Object layout; all C(6,4) subsets are enumerated. | All corresponding three-object identities were already screened in LiberoComposition and are not repeated. | Object identity has its own original LIBERO-Object pick-to-basket trajectory; its pose in the composite scene may differ. | Object identity has its own original LIBERO-Object pick-to-basket trajectory; its pose in the composite scene may differ. | Object identity has its own original LIBERO-Object pick-to-basket trajectory; its pose in the composite scene may differ. | Object identity has its own original LIBERO-Object pick-to-basket trajectory; its pose in the composite scene may differ.	6	0	5	0.0	0	composition|6f539a70682318de1f02e5e48d0094b8430bdd78cbc718ac1e7c89a9f51197fb|frozenset({in(alphabet_soup_1,basket_1_contain_region),in(cream_cheese_1,basket_1_contain_region),in(milk_1,basket_1_contain_region),in(salad_dressing_1,basket_1_contain_region)})
COMPOSE_002	Compose-350	X1_object_layout_four_to_basket	4	true	false	Put the alphabet soup, the salad dressing, the cream cheese box, and the tomato sauce in the basket one after another.	libero_object	301;303;302;306	pick_up_the_alphabet_soup_and_place_it_in_the_basket;pick_up_the_salad_dressing_and_place_it_in_the_basket;pick_up_the_cream_cheese_and_place_it_in_the_basket;pick_up_the_tomato_sauce_and_place_it_in_the_basket	Pick the alphabet soup and place it in the basket | Pick the salad dressing and place it in the basket | Pick the cream cheese and place it in the basket | Pick the tomato sauce and place it in the basket	in(alphabet_soup_1, basket_1_contain_region); in(salad_dressing_1, basket_1_contain_region); in(cream_cheese_1, basket_1_contain_region); in(tomato_sauce_1, basket_1_contain_region)	object4_pick_up_the_alphabet_soup_and_place_it_in_the_basket	Novel four-object extension of this exact stock Object layout; all C(6,4) subsets are enumerated. | All corresponding three-object identities were already screened in LiberoComposition and are not repeated. | Object identity has its own original LIBERO-Object pick-to-basket trajectory; its pose in the composite scene may differ. | Object identity has its own original LIBERO-Object pick-to-basket trajectory; its pose in the composite scene may differ. | Object identity has its own original LIBERO-Object pick-to-basket trajectory; its pose in the composite scene may differ. | Object identity has its own original LIBERO-Object pick-to-basket trajectory; its pose in the composite scene may differ.	7	0	5	0.0	0	composition|6f539a70682318de1f02e5e48d0094b8430bdd78cbc718ac1e7c89a9f51197fb|frozenset({in(alphabet_soup_1,basket_1_contain_region),in(cream_cheese_1,basket_1_contain_region),in(salad_dressing_1,basket_1_contain_region),in(tomato_sauce_1,basket_1_contain_region)})
COMPOSE_003	Compose-350	X1_object_layout_four_to_basket	4	true	false	Put the alphabet soup, the salad dressing, the cream cheese box, and the butter in the basket one after another.	libero_object	301;303;302;307	pick_up_the_alphabet_soup_and_place_it_in_the_basket;pick_up_the_salad_dressing_and_place_it_in_the_basket;pick_up_the_cream_cheese_and_place_it_in_the_basket;pick_up_the_butter_and_place_it_in_the_basket	Pick the alphabet soup and place it in the basket | Pick the salad dressing and place it in the basket | Pick the cream cheese and place it in the basket | Pick the butter and place it in the basket	in(alphabet_soup_1, basket_1_contain_region); in(salad_dressing_1, basket_1_contain_region); in(cream_cheese_1, basket_1_contain_region); in(butter_1, basket_1_contain_region)	object4_pick_up_the_alphabet_soup_and_place_it_in_the_basket	Novel four-object extension of this exact stock Object layout; all C(6,4) subsets are enumerated. | All corresponding three-object identities were already screened in LiberoComposition and are not repeated. | Object identity has its own original LIBERO-Object pick-to-basket trajectory; its pose in the composite scene may differ. | Object identity has its own original LIBERO-Object pick-to-basket trajectory; its pose in the composite scene may differ. | Object identity has its own original LIBERO-Object pick-to-basket trajectory; its pose in the composite scene may differ. | Object identity has its own original LIBERO-Object pick-to-basket trajectory; its pose in the composite scene may differ.	6	0	5	0.0	0	composition|6f539a70682318de1f02e5e48d0094b8430bdd78cbc718ac1e7c89a9f51197fb|frozenset({in(alphabet_soup_1,basket_1_contain_region),in(butter_1,basket_1_contain_region),in(cream_cheese_1,basket_1_contain_region),in(salad_dressing_1,basket_1_contain_region)})
COMPOSE_004	Compose-350	X1_object_layout_four_to_basket	4	true	false	Put the alphabet soup, the salad dressing, the milk, and the tomato sauce in the basket one after another.	libero_object	301;303;308;306	pick_up_the_alphabet_soup_and_place_it_in_the_basket;pick_up_the_salad_dressing_and_place_it_in_the_basket;pick_up_the_milk_and_place_it_in_the_basket;pick_up_the_tomato_sauce_and_place_it_in_the_basket	Pick the alphabet soup and place it in the basket | Pick the salad dressing and place it in the basket | Pick the milk and place it in the basket | Pick the tomato sauce and place it in the basket	in(alphabet_soup_1, basket_1_contain_region); in(salad_dressing_1, basket_1_contain_region); in(milk_1, basket_1_contain_region); in(tomato_sauce_1, basket_1_contain_region)	object4_pick_up_the_alphabet_soup_and_place_it_in_the_basket	Novel four-object extension of this exact stock Object layout; all C(6,4) subsets are enumerated. | All corresponding three-object identities were already screened in LiberoComposition and are not repeated. | Object identity has its own original LIBERO-Object pick-to-basket trajectory; its pose in the composite scene may differ. | Object identity has its own original LIBERO-Object pick-to-basket trajectory; its pose in the composite scene may differ. | Object identity has its own original LIBERO-Object pick-to-basket trajectory; its pose in the composite scene may differ. | Object identity has its own original LIBERO-Object pick-to-basket trajectory; its pose in the composite scene may differ.	7	0	5	0.0	0	composition|6f539a70682318de1f02e5e48d0094b8430bdd78cbc718ac1e7c89a9f51197fb|frozenset({in(alphabet_soup_1,basket_1_contain_region),in(milk_1,basket_1_contain_region),in(salad_dressing_1,basket_1_contain_region),in(tomato_sauce_1,basket_1_contain_region)})
COMPOSE_005	Compose-350	X1_object_layout_four_to_basket	4	true	false	Put the alphabet soup, the salad dressing, the milk, and the butter in the basket one after another.	libero_object	301;303;308;307	pick_up_the_alphabet_soup_and_place_it_in_the_basket;pick_up_the_salad_dressing_and_place_it_in_the_basket;pick_up_the_milk_and_place_it_in_the_basket;pick_up_the_butter_and_place_it_in_the_basket	Pick the alphabet soup and place it in the basket | Pick the salad dressing and place it in the basket | Pick the milk and place it in the basket | Pick the butter and place it in the basket	in(alphabet_soup_1, basket_1_contain_region); in(salad_dressing_1, basket_1_contain_region); in(milk_1, basket_1_contain_region); in(butter_1, basket_1_contain_region)	object4_pick_up_the_alphabet_soup_and_place_it_in_the_basket	Novel four-object extension of this exact stock Object layout; all C(6,4) subsets are enumerated. | All corresponding three-object identities were already screened in LiberoComposition and are not repeated. | Object identity has its own original LIBERO-Object pick-to-basket trajectory; its pose in the composite scene may differ. | Object identity has its own original LIBERO-Object pick-to-basket trajectory; its pose in the composite scene may differ. | Object identity has its own original LIBERO-Object pick-to-basket trajectory; its pose in the composite scene may differ. | Object identity has its own original LIBERO-Object pick-to-basket trajectory; its pose in the composite scene may differ.	6	0	5	0.0	0	composition|6f539a70682318de1f02e5e48d0094b8430bdd78cbc718ac1e7c89a9f51197fb|frozenset({in(alphabet_soup_1,basket_1_contain_region),in(butter_1,basket_1_contain_region),in(milk_1,basket_1_contain_region),in(salad_dressing_1,basket_1_contain_region)})
COMPOSE_006	Compose-350	X1_object_layout_four_to_basket	4	true	false	Put the alphabet soup, the salad dressing, the tomato sauce, and the butter in the basket one after another.	libero_object	301;303;306;307	pick_up_the_alphabet_soup_and_place_it_in_the_basket;pick_up_the_salad_dressing_and_place_it_in_the_basket;pick_up_the_tomato_sauce_and_place_it_in_the_basket;pick_up_the_butter_and_place_it_in_the_basket	Pick the alphabet soup and place it in the basket | Pick the salad dressing and place it in the basket | Pick the tomato sauce and place it in the basket | Pick the butter and place it in the basket	in(alphabet_soup_1, basket_1_contain_region); in(salad_dressing_1, basket_1_contain_region); in(tomato_sauce_1, basket_1_contain_region); in(butter_1, basket_1_contain_region)	object4_pick_up_the_alphabet_soup_and_place_it_in_the_basket	Novel four-object extension of this exact stock Object layout; all C(6,4) subsets are enumerated. | All corresponding three-object identities were already screened in LiberoComposition and are not repeated. | Object identity has its own original LIBERO-Object pick-to-basket trajectory; its pose in the composite scene may differ. | Object identity has its own original LIBERO-Object pick-to-basket trajectory; its pose in the composite scene may differ. | Object identity has its own original LIBERO-Object pick-to-basket trajectory; its pose in the composite scene may differ. | Object identity has its own original LIBERO-Object pick-to-basket trajectory; its pose in the composite scene may differ.	7	0	5	0.0	0	composition|6f539a70682318de1f02e5e48d0094b8430bdd78cbc718ac1e7c89a9f51197fb|frozenset({in(alphabet_soup_1,basket_1_contain_region),in(butter_1,basket_1_contain_region),in(salad_dressing_1,basket_1_contain_region),in(tomato_sauce_1,basket_1_contain_region)})
COMPOSE_007	Compose-350	X1_object_layout_four_to_basket	4	true	false	Put the alphabet soup, the cream cheese box, the milk, and the tomato sauce in the basket one after another.	libero_object	301;302;308;306	pick_up_the_alphabet_soup_and_place_it_in_the_basket;pick_up_the_cream_cheese_and_place_it_in_the_basket;pick_up_the_milk_and_place_it_in_the_basket;pick_up_the_tomato_sauce_and_place_it_in_the_basket	Pick the alphabet soup and place it in the basket | Pick the cream cheese and place it in the basket | Pick the milk and place it in the basket | Pick the tomato sauce and place it in the basket	in(alphabet_soup_1, basket_1_contain_region); in(cream_cheese_1, basket_1_contain_region); in(milk_1, basket_1_contain_region); in(tomato_sauce_1, basket_1_contain_region)	object4_pick_up_the_alphabet_soup_and_place_it_in_the_basket	Novel four-object extension of this exact stock Object layout; all C(6,4) subsets are enumerated. | All corresponding three-object identities were already screened in LiberoComposition and are not repeated. | Object identity has its own original LIBERO-Object pick-to-basket trajectory; its pose in the composite scene may differ. | Object identity has its own original LIBERO-Object pick-to-basket trajectory; its pose in the composite scene may differ. | Object identity has its own original LIBERO-Object pick-to-basket trajectory; its pose in the composite scene may differ. | Object identity has its own original LIBERO-Object pick-to-basket trajectory; its pose in the composite scene may differ.	6	0	5	0.0	0	composition|6f539a70682318de1f02e5e48d0094b8430bdd78cbc718ac1e7c89a9f51197fb|frozenset({in(alphabet_soup_1,basket_1_contain_region),in(cream_cheese_1,basket_1_contain_region),in(milk_1,basket_1_contain_region),in(tomato_sauce_1,basket_1_contain_region)})
COMPOSE_008	Compose-350	X1_object_layout_four_to_basket	4	true	false	Put the alphabet soup, the cream cheese box, the milk, and the butter in the basket one after another.	libero_object	301;302;308;307	pick_up_the_alphabet_soup_and_place_it_in_the_basket;pick_up_the_cream_cheese_and_place_it_in_the_basket;pick_up_the_milk_and_place_it_in_the_basket;pick_up_the_butter_and_place_it_in_the_basket	Pick the alphabet soup and place it in the basket | Pick the cream cheese and place it in the basket | Pick the milk and place it in the basket | Pick the butter and place it in the basket	in(alphabet_soup_1, basket_1_contain_region); in(cream_cheese_1, basket_1_contain_region); in(milk_1, basket_1_contain_region); in(butter_1, basket_1_contain_region)	object4_pick_up_the_alphabet_soup_and_place_it_in_the_basket	Novel four-object extension of this exact stock Object layout; all C(6,4) subsets are enumerated. | All corresponding three-object identities were already screened in LiberoComposition and are not repeated. | Object identity has its own original LIBERO-Object pick-to-basket trajectory; its pose in the composite scene may differ. | Object identity has its own original LIBERO-Object pick-to-basket trajectory; its pose in the composite scene may differ. | Object identity has its own original LIBERO-Object pick-to-basket trajectory; its pose in the composite scene may differ. | Object identity has its own original LIBERO-Object pick-to-basket trajectory; its pose in the composite scene may differ.	7	0	5	0.0	0	composition|6f539a70682318de1f02e5e48d0094b8430bdd78cbc718ac1e7c89a9f51197fb|frozenset({in(alphabet_soup_1,basket_1_contain_region),in(butter_1,basket_1_contain_region),in(cream_cheese_1,basket_1_contain_region),in(milk_1,basket_1_contain_region)})
COMPOSE_009	Compose-350	X1_object_layout_four_to_basket	4	true	false	Put the alphabet soup, the cream cheese box, the tomato sauce, and the butter in the basket one after another.	libero_object	301;302;306;307	pick_up_the_alphabet_soup_and_place_it_in_the_basket;pick_up_the_cream_cheese_and_place_it_in_the_basket;pick_up_the_tomato_sauce_and_place_it_in_the_basket;pick_up_the_butter_and_place_it_in_the_basket	Pick the alphabet soup and place it in the basket | Pick the cream cheese and place it in the basket | Pick the tomato sauce and place it in the basket | Pick the butter and place it in the basket	in(alphabet_soup_1, basket_1_contain_region); in(cream_cheese_1, basket_1_contain_region); in(tomato_sauce_1, basket_1_contain_region); in(butter_1, basket_1_contain_region)	object4_pick_up_the_alphabet_soup_and_place_it_in_the_basket	Novel four-object extension of this exact stock Object layout; all C(6,4) subsets are enumerated. | All corresponding three-object identities were already screened in LiberoComposition and are not repeated. | Object identity has its own original LIBERO-Object pick-to-basket trajectory; its pose in the composite scene may differ. | Object identity has its own original LIBERO-Object pick-to-basket trajectory; its pose in the composite scene may differ. | Object identity has its own original LIBERO-Object pick-to-basket trajectory; its pose in the composite scene may differ. | Object identity has its own original LIBERO-Object pick-to-basket trajectory; its pose in the composite scene may differ.	6	0	5	0.0	0	composition|6f539a70682318de1f02e5e48d0094b8430bdd78cbc718ac1e7c89a9f51197fb|frozenset({in(alphabet_soup_1,basket_1_contain_region),in(butter_1,basket_1_contain_region),in(cream_cheese_1,basket_1_contain_region),in(tomato_sauce_1,basket_1_contain_region)})
COMPOSE_010	Compose-350	X1_object_layout_four_to_basket	4	true	false	Put the alphabet soup, the milk, the tomato sauce, and the butter in the basket one after another.	libero_object	301;308;306;307	pick_up_the_alphabet_soup_and_place_it_in_the_basket;pick_up_the_milk_and_place_it_in_the_basket;pick_up_the_tomato_sauce_and_place_it_in_the_basket;pick_up_the_butter_and_place_it_in_the_basket	Pick the alphabet soup and place it in the basket | Pick the milk and place it in the basket | Pick the tomato sauce and place it in the basket | Pick the butter and place it in the basket	in(alphabet_soup_1, basket_1_contain_region); in(milk_1, basket_1_contain_region); in(tomato_sauce_1, basket_1_contain_region); in(butter_1, basket_1_contain_region)	object4_pick_up_the_alphabet_soup_and_place_it_in_the_basket	Novel four-object extension of this exact stock Object layout; all C(6,4) subsets are enumerated. | All corresponding three-object identities were already screened in LiberoComposition and are not repeated. | Object identity has its own original LIBERO-Object pick-to-basket trajectory; its pose in the composite scene may differ. | Object identity has its own original LIBERO-Object pick-to-basket trajectory; its pose in the composite scene may differ. | Object identity has its own original LIBERO-Object pick-to-basket trajectory; its pose in the composite scene may differ. | Object identity has its own original LIBERO-Object pick-to-basket trajectory; its pose in the composite scene may differ.	7	0	5	0.0	0	composition|6f539a70682318de1f02e5e48d0094b8430bdd78cbc718ac1e7c89a9f51197fb|frozenset({in(alphabet_soup_1,basket_1_contain_region),in(butter_1,basket_1_contain_region),in(milk_1,basket_1_contain_region),in(tomato_sauce_1,basket_1_contain_region)})
COMPOSE_011	Compose-350	X1_object_layout_four_to_basket	4	true	false	Put the salad dressing, the cream cheese box, the milk, and the tomato sauce in the basket one after another.	libero_object	303;302;308;306	pick_up_the_salad_dressing_and_place_it_in_the_basket;pick_up_the_cream_cheese_and_place_it_in_the_basket;pick_up_the_milk_and_place_it_in_the_basket;pick_up_the_tomato_sauce_and_place_it_in_the_basket	Pick the salad dressing and place it in the basket | Pick the cream cheese and place it in the basket | Pick the milk and place it in the basket | Pick the tomato sauce and place it in the basket	in(salad_dressing_1, basket_1_contain_region); in(cream_cheese_1, basket_1_contain_region); in(milk_1, basket_1_contain_region); in(tomato_sauce_1, basket_1_contain_region)	object4_pick_up_the_alphabet_soup_and_place_it_in_the_basket	Novel four-object extension of this exact stock Object layout; all C(6,4) subsets are enumerated. | All corresponding three-object identities were already screened in LiberoComposition and are not repeated. | Object identity has its own original LIBERO-Object pick-to-basket trajectory; its pose in the composite scene may differ. | Object identity has its own original LIBERO-Object pick-to-basket trajectory; its pose in the composite scene may differ. | Object identity has its own original LIBERO-Object pick-to-basket trajectory; its pose in the composite scene may differ. | Object identity has its own original LIBERO-Object pick-to-basket trajectory; its pose in the composite scene may differ.	6	0	5	0.0	0	composition|6f539a70682318de1f02e5e48d0094b8430bdd78cbc718ac1e7c89a9f51197fb|frozenset({in(cream_cheese_1,basket_1_contain_region),in(milk_1,basket_1_contain_region),in(salad_dressing_1,basket_1_contain_region),in(tomato_sauce_1,basket_1_contain_region)})
COMPOSE_012	Compose-350	X1_object_layout_four_to_basket	4	true	false	Put the salad dressing, the cream cheese box, the milk, and the butter in the basket one after another.	libero_object	303;302;308;307	pick_up_the_salad_dressing_and_place_it_in_the_basket;pick_up_the_cream_cheese_and_place_it_in_the_basket;pick_up_the_milk_and_place_it_in_the_basket;pick_up_the_butter_and_place_it_in_the_basket	Pick the salad dressing and place it in the basket | Pick the cream cheese and place it in the basket | Pick the milk and place it in the basket | Pick the butter and place it in the basket	in(salad_dressing_1, basket_1_contain_region); in(cream_cheese_1, basket_1_contain_region); in(milk_1, basket_1_contain_region); in(butter_1, basket_1_contain_region)	object4_pick_up_the_alphabet_soup_and_place_it_in_the_basket	Novel four-object extension of this exact stock Object layout; all C(6,4) subsets are enumerated. | All corresponding three-object identities were already screened in LiberoComposition and are not repeated. | Object identity has its own original LIBERO-Object pick-to-basket trajectory; its pose in the composite scene may differ. | Object identity has its own original LIBERO-Object pick-to-basket trajectory; its pose in the composite scene may differ. | Object identity has its own original LIBERO-Object pick-to-basket trajectory; its pose in the composite scene may differ. | Object identity has its own original LIBERO-Object pick-to-basket trajectory; its pose in the composite scene may differ.	7	0	5	0.0	0	composition|6f539a70682318de1f02e5e48d0094b8430bdd78cbc718ac1e7c89a9f51197fb|frozenset({in(butter_1,basket_1_contain_region),in(cream_cheese_1,basket_1_contain_region),in(milk_1,basket_1_contain_region),in(salad_dressing_1,basket_1_contain_region)})
COMPOSE_013	Compose-350	X1_object_layout_four_to_basket	4	true	false	Put the salad dressing, the cream cheese box, the tomato sauce, and the butter in the basket one after another.	libero_object	303;302;306;307	pick_up_the_salad_dressing_and_place_it_in_the_basket;pick_up_the_cream_cheese_and_place_it_in_the_basket;pick_up_the_tomato_sauce_and_place_it_in_the_basket;pick_up_the_butter_and_place_it_in_the_basket	Pick the salad dressing and place it in the basket | Pick the cream cheese and place it in the basket | Pick the tomato sauce and place it in the basket | Pick the butter and place it in the basket	in(salad_dressing_1, basket_1_contain_region); in(cream_cheese_1, basket_1_contain_region); in(tomato_sauce_1, basket_1_contain_region); in(butter_1, basket_1_contain_region)	object4_pick_up_the_alphabet_soup_and_place_it_in_the_basket	Novel four-object extension of this exact stock Object layout; all C(6,4) subsets are enumerated. | All corresponding three-object identities were already screened in LiberoComposition and are not repeated. | Object identity has its own original LIBERO-Object pick-to-basket trajectory; its pose in the composite scene may differ. | Object identity has its own original LIBERO-Object pick-to-basket trajectory; its pose in the composite scene may differ. | Object identity has its own original LIBERO-Object pick-to-basket trajectory; its pose in the composite scene may differ. | Object identity has its own original LIBERO-Object pick-to-basket trajectory; its pose in the composite scene may differ.	6	0	5	0.0	0	composition|6f539a70682318de1f02e5e48d0094b8430bdd78cbc718ac1e7c89a9f51197fb|frozenset({in(butter_1,basket_1_contain_region),in(cream_cheese_1,basket_1_contain_region),in(salad_dressing_1,basket_1_contain_region),in(tomato_sauce_1,basket_1_contain_region)})
COMPOSE_014	Compose-350	X1_object_layout_four_to_basket	4	true	false	Put the salad dressing, the milk, the tomato sauce, and the butter in the basket one after another.	libero_object	303;308;306;307	pick_up_the_salad_dressing_and_place_it_in_the_basket;pick_up_the_milk_and_place_it_in_the_basket;pick_up_the_tomato_sauce_and_place_it_in_the_basket;pick_up_the_butter_and_place_it_in_the_basket	Pick the salad dressing and place it in the basket | Pick the milk and place it in the basket | Pick the tomato sauce and place it in the basket | Pick the butter and place it in the basket	in(salad_dressing_1, basket_1_contain_region); in(milk_1, basket_1_contain_region); in(tomato_sauce_1, basket_1_contain_region); in(butter_1, basket_1_contain_region)	object4_pick_up_the_alphabet_soup_and_place_it_in_the_basket	Novel four-object extension of this exact stock Object layout; all C(6,4) subsets are enumerated. | All corresponding three-object identities were already screened in LiberoComposition and are not repeated. | Object identity has its own original LIBERO-Object pick-to-basket trajectory; its pose in the composite scene may differ. | Object identity has its own original LIBERO-Object pick-to-basket trajectory; its pose in the composite scene may differ. | Object identity has its own original LIBERO-Object pick-to-basket trajectory; its pose in the composite scene may differ. | Object identity has its own original LIBERO-Object pick-to-basket trajectory; its pose in the composite scene may differ.	7	0	5	0.0	0	composition|6f539a70682318de1f02e5e48d0094b8430bdd78cbc718ac1e7c89a9f51197fb|frozenset({in(butter_1,basket_1_contain_region),in(milk_1,basket_1_contain_region),in(salad_dressing_1,basket_1_contain_region),in(tomato_sauce_1,basket_1_contain_region)})
COMPOSE_015	Compose-350	X1_object_layout_four_to_basket	4	true	false	Put the cream cheese box, the milk, the tomato sauce, and the butter in the basket one after another.	libero_object	302;308;306;307	pick_up_the_cream_cheese_and_place_it_in_the_basket;pick_up_the_milk_and_place_it_in_the_basket;pick_up_the_tomato_sauce_and_place_it_in_the_basket;pick_up_the_butter_and_place_it_in_the_basket	Pick the cream cheese and place it in the basket | Pick the milk and place it in the basket | Pick the tomato sauce and place it in the basket | Pick the butter and place it in the basket	in(cream_cheese_1, basket_1_contain_region); in(milk_1, basket_1_contain_region); in(tomato_sauce_1, basket_1_contain_region); in(butter_1, basket_1_contain_region)	object4_pick_up_the_alphabet_soup_and_place_it_in_the_basket	Novel four-object extension of this exact stock Object layout; all C(6,4) subsets are enumerated. | All corresponding three-object identities were already screened in LiberoComposition and are not repeated. | Object identity has its own original LIBERO-Object pick-to-basket trajectory; its pose in the composite scene may differ. | Object identity has its own original LIBERO-Object pick-to-basket trajectory; its pose in the composite scene may differ. | Object identity has its own original LIBERO-Object pick-to-basket trajectory; its pose in the composite scene may differ. | Object identity has its own original LIBERO-Object pick-to-basket trajectory; its pose in the composite scene may differ.	6	0	5	0.0	0	composition|6f539a70682318de1f02e5e48d0094b8430bdd78cbc718ac1e7c89a9f51197fb|frozenset({in(butter_1,basket_1_contain_region),in(cream_cheese_1,basket_1_contain_region),in(milk_1,basket_1_contain_region),in(tomato_sauce_1,basket_1_contain_region)})
COMPOSE_016	Compose-350	X1_object_layout_four_to_basket	4	true	false	Put the bbq sauce, the chocolate pudding, the ketchup, and the salad dressing in the basket one after another.	libero_object	304;309;305;303	pick_up_the_bbq_sauce_and_place_it_in_the_basket;pick_up_the_chocolate_pudding_and_place_it_in_the_basket;pick_up_the_ketchup_and_place_it_in_the_basket;pick_up_the_salad_dressing_and_place_it_in_the_basket	Pick the bbq sauce and place it in the basket | Pick the chocolate pudding and place it in the basket | Pick the ketchup and place it in the basket | Pick the salad dressing and place it in the basket	in(bbq_sauce_1, basket_1_contain_region); in(chocolate_pudding_1, basket_1_contain_region); in(ketchup_1, basket_1_contain_region); in(salad_dressing_1, basket_1_contain_region)	object4_pick_up_the_bbq_sauce_and_place_it_in_the_basket	Novel four-object extension of this exact stock Object layout; all C(6,4) subsets are enumerated. | All corresponding three-object identities were already screened in LiberoComposition and are not repeated. | Object identity has its own original LIBERO-Object pick-to-basket trajectory; its pose in the composite scene may differ. | Object identity has its own original LIBERO-Object pick-to-basket trajectory; its pose in the composite scene may differ. | Object identity has its own original LIBERO-Object pick-to-basket trajectory; its pose in the composite scene may differ. | Object identity has its own original LIBERO-Object pick-to-basket trajectory; its pose in the composite scene may differ.	7	0	5	0.0	0	composition|c18a735ec83354055ea586c6620d26ab9d9462fcb9bfe6545edcd6a656426093|frozenset({in(bbq_sauce_1,basket_1_contain_region),in(chocolate_pudding_1,basket_1_contain_region),in(ketchup_1,basket_1_contain_region),in(salad_dressing_1,basket_1_contain_region)})
COMPOSE_017	Compose-350	X1_object_layout_four_to_basket	4	true	false	Put the bbq sauce, the chocolate pudding, the ketchup, and the alphabet soup in the basket one after another.	libero_object	304;309;305;301	pick_up_the_bbq_sauce_and_place_it_in_the_basket;pick_up_the_chocolate_pudding_and_place_it_in_the_basket;pick_up_the_ketchup_and_place_it_in_the_basket;pick_up_the_alphabet_soup_and_place_it_in_the_basket	Pick the bbq sauce and place it in the basket | Pick the chocolate pudding and place it in the basket | Pick the ketchup and place it in the basket | Pick the alphabet soup and place it in the basket	in(bbq_sauce_1, basket_1_contain_region); in(chocolate_pudding_1, basket_1_contain_region); in(ketchup_1, basket_1_contain_region); in(alphabet_soup_1, basket_1_contain_region)	object4_pick_up_the_bbq_sauce_and_place_it_in_the_basket	Novel four-object extension of this exact stock Object layout; all C(6,4) subsets are enumerated. | All corresponding three-object identities were already screened in LiberoComposition and are not repeated. | Object identity has its own original LIBERO-Object pick-to-basket trajectory; its pose in the composite scene may differ. | Object identity has its own original LIBERO-Object pick-to-basket trajectory; its pose in the composite scene may differ. | Object identity has its own original LIBERO-Object pick-to-basket trajectory; its pose in the composite scene may differ. | Object identity has its own original LIBERO-Object pick-to-basket trajectory; its pose in the composite scene may differ.	6	0	5	0.0	0	composition|c18a735ec83354055ea586c6620d26ab9d9462fcb9bfe6545edcd6a656426093|frozenset({in(alphabet_soup_1,basket_1_contain_region),in(bbq_sauce_1,basket_1_contain_region),in(chocolate_pudding_1,basket_1_contain_region),in(ketchup_1,basket_1_contain_region)})
COMPOSE_018	Compose-350	X1_object_layout_four_to_basket	4	true	false	Put the bbq sauce, the chocolate pudding, the ketchup, and the cream cheese box in the basket one after another.	libero_object	304;309;305;302	pick_up_the_bbq_sauce_and_place_it_in_the_basket;pick_up_the_chocolate_pudding_and_place_it_in_the_basket;pick_up_the_ketchup_and_place_it_in_the_basket;pick_up_the_cream_cheese_and_place_it_in_the_basket	Pick the bbq sauce and place it in the basket | Pick the chocolate pudding and place it in the basket | Pick the ketchup and place it in the basket | Pick the cream cheese and place it in the basket	in(bbq_sauce_1, basket_1_contain_region); in(chocolate_pudding_1, basket_1_contain_region); in(ketchup_1, basket_1_contain_region); in(cream_cheese_1, basket_1_contain_region)	object4_pick_up_the_bbq_sauce_and_place_it_in_the_basket	Novel four-object extension of this exact stock Object layout; all C(6,4) subsets are enumerated. | All corresponding three-object identities were already screened in LiberoComposition and are not repeated. | Object identity has its own original LIBERO-Object pick-to-basket trajectory; its pose in the composite scene may differ. | Object identity has its own original LIBERO-Object pick-to-basket trajectory; its pose in the composite scene may differ. | Object identity has its own original LIBERO-Object pick-to-basket trajectory; its pose in the composite scene may differ. | Object identity has its own original LIBERO-Object pick-to-basket trajectory; its pose in the composite scene may differ.	7	0	5	0.0	0	composition|c18a735ec83354055ea586c6620d26ab9d9462fcb9bfe6545edcd6a656426093|frozenset({in(bbq_sauce_1,basket_1_contain_region),in(chocolate_pudding_1,basket_1_contain_region),in(cream_cheese_1,basket_1_contain_region),in(ketchup_1,basket_1_contain_region)})
COMPOSE_019	Compose-350	X1_object_layout_four_to_basket	4	true	false	Put the bbq sauce, the chocolate pudding, the salad dressing, and the alphabet soup in the basket one after another.	libero_object	304;309;303;301	pick_up_the_bbq_sauce_and_place_it_in_the_basket;pick_up_the_chocolate_pudding_and_place_it_in_the_basket;pick_up_the_salad_dressing_and_place_it_in_the_basket;pick_up_the_alphabet_soup_and_place_it_in_the_basket	Pick the bbq sauce and place it in the basket | Pick the chocolate pudding and place it in the basket | Pick the salad dressing and place it in the basket | Pick the alphabet soup and place it in the basket	in(bbq_sauce_1, basket_1_contain_region); in(chocolate_pudding_1, basket_1_contain_region); in(salad_dressing_1, basket_1_contain_region); in(alphabet_soup_1, basket_1_contain_region)	object4_pick_up_the_bbq_sauce_and_place_it_in_the_basket	Novel four-object extension of this exact stock Object layout; all C(6,4) subsets are enumerated. | All corresponding three-object identities were already screened in LiberoComposition and are not repeated. | Object identity has its own original LIBERO-Object pick-to-basket trajectory; its pose in the composite scene may differ. | Object identity has its own original LIBERO-Object pick-to-basket trajectory; its pose in the composite scene may differ. | Object identity has its own original LIBERO-Object pick-to-basket trajectory; its pose in the composite scene may differ. | Object identity has its own original LIBERO-Object pick-to-basket trajectory; its pose in the composite scene may differ.	6	0	5	0.0	0	composition|c18a735ec83354055ea586c6620d26ab9d9462fcb9bfe6545edcd6a656426093|frozenset({in(alphabet_soup_1,basket_1_contain_region),in(bbq_sauce_1,basket_1_contain_region),in(chocolate_pudding_1,basket_1_contain_region),in(salad_dressing_1,basket_1_contain_region)})
COMPOSE_020	Compose-350	X1_object_layout_four_to_basket	4	true	false	Put the bbq sauce, the chocolate pudding, the salad dressing, and the cream cheese box in the basket one after another.	libero_object	304;309;303;302	pick_up_the_bbq_sauce_and_place_it_in_the_basket;pick_up_the_chocolate_pudding_and_place_it_in_the_basket;pick_up_the_salad_dressing_and_place_it_in_the_basket;pick_up_the_cream_cheese_and_place_it_in_the_basket	Pick the bbq sauce and place it in the basket | Pick the chocolate pudding and place it in the basket | Pick the salad dressing and place it in the basket | Pick the cream cheese and place it in the basket	in(bbq_sauce_1, basket_1_contain_region); in(chocolate_pudding_1, basket_1_contain_region); in(salad_dressing_1, basket_1_contain_region); in(cream_cheese_1, basket_1_contain_region)	object4_pick_up_the_bbq_sauce_and_place_it_in_the_basket	Novel four-object extension of this exact stock Object layout; all C(6,4) subsets are enumerated. | All corresponding three-object identities were already screened in LiberoComposition and are not repeated. | Object identity has its own original LIBERO-Object pick-to-basket trajectory; its pose in the composite scene may differ. | Object identity has its own original LIBERO-Object pick-to-basket trajectory; its pose in the composite scene may differ. | Object identity has its own original LIBERO-Object pick-to-basket trajectory; its pose in the composite scene may differ. | Object identity has its own original LIBERO-Object pick-to-basket trajectory; its pose in the composite scene may differ.	7	0	5	0.0	0	composition|c18a735ec83354055ea586c6620d26ab9d9462fcb9bfe6545edcd6a656426093|frozenset({in(bbq_sauce_1,basket_1_contain_region),in(chocolate_pudding_1,basket_1_contain_region),in(cream_cheese_1,basket_1_contain_region),in(salad_dressing_1,basket_1_contain_region)})
COMPOSE_021	Compose-350	X1_object_layout_four_to_basket	4	true	false	Put the bbq sauce, the chocolate pudding, the alphabet soup, and the cream cheese box in the basket one after another.	libero_object	304;309;301;302	pick_up_the_bbq_sauce_and_place_it_in_the_basket;pick_up_the_chocolate_pudding_and_place_it_in_the_basket;pick_up_the_alphabet_soup_and_place_it_in_the_basket;pick_up_the_cream_cheese_and_place_it_in_the_basket	Pick the bbq sauce and place it in the basket | Pick the chocolate pudding and place it in the basket | Pick the alphabet soup and place it in the basket | Pick the cream cheese and place it in the basket	in(bbq_sauce_1, basket_1_contain_region); in(chocolate_pudding_1, basket_1_contain_region); in(alphabet_soup_1, basket_1_contain_region); in(cream_cheese_1, basket_1_contain_region)	object4_pick_up_the_bbq_sauce_and_place_it_in_the_basket	Novel four-object extension of this exact stock Object layout; all C(6,4) subsets are enumerated. | All corresponding three-object identities were already screened in LiberoComposition and are not repeated. | Object identity has its own original LIBERO-Object pick-to-basket trajectory; its pose in the composite scene may differ. | Object identity has its own original LIBERO-Object pick-to-basket trajectory; its pose in the composite scene may differ. | Object identity has its own original LIBERO-Object pick-to-basket trajectory; its pose in the composite scene may differ. | Object identity has its own original LIBERO-Object pick-to-basket trajectory; its pose in the composite scene may differ.	6	0	5	0.0	0	composition|c18a735ec83354055ea586c6620d26ab9d9462fcb9bfe6545edcd6a656426093|frozenset({in(alphabet_soup_1,basket_1_contain_region),in(bbq_sauce_1,basket_1_contain_region),in(chocolate_pudding_1,basket_1_contain_region),in(cream_cheese_1,basket_1_contain_region)})
COMPOSE_022	Compose-350	X1_object_layout_four_to_basket	4	true	false	Put the bbq sauce, the ketchup, the salad dressing, and the alphabet soup in the basket one after another.	libero_object	304;305;303;301	pick_up_the_bbq_sauce_and_place_it_in_the_basket;pick_up_the_ketchup_and_place_it_in_the_basket;pick_up_the_salad_dressing_and_place_it_in_the_basket;pick_up_the_alphabet_soup_and_place_it_in_the_basket	Pick the bbq sauce and place it in the basket | Pick the ketchup and place it in the basket | Pick the salad dressing and place it in the basket | Pick the alphabet soup and place it in the basket	in(bbq_sauce_1, basket_1_contain_region); in(ketchup_1, basket_1_contain_region); in(salad_dressing_1, basket_1_contain_region); in(alphabet_soup_1, basket_1_contain_region)	object4_pick_up_the_bbq_sauce_and_place_it_in_the_basket	Novel four-object extension of this exact stock Object layout; all C(6,4) subsets are enumerated. | All corresponding three-object identities were already screened in LiberoComposition and are not repeated. | Object identity has its own original LIBERO-Object pick-to-basket trajectory; its pose in the composite scene may differ. | Object identity has its own original LIBERO-Object pick-to-basket trajectory; its pose in the composite scene may differ. | Object identity has its own original LIBERO-Object pick-to-basket trajectory; its pose in the composite scene may differ. | Object identity has its own original LIBERO-Object pick-to-basket trajectory; its pose in the composite scene may differ.	7	0	5	0.0	0	composition|c18a735ec83354055ea586c6620d26ab9d9462fcb9bfe6545edcd6a656426093|frozenset({in(alphabet_soup_1,basket_1_contain_region),in(bbq_sauce_1,basket_1_contain_region),in(ketchup_1,basket_1_contain_region),in(salad_dressing_1,basket_1_contain_region)})
COMPOSE_023	Compose-350	X1_object_layout_four_to_basket	4	true	false	Put the bbq sauce, the ketchup, the salad dressing, and the cream cheese box in the basket one after another.	libero_object	304;305;303;302	pick_up_the_bbq_sauce_and_place_it_in_the_basket;pick_up_the_ketchup_and_place_it_in_the_basket;pick_up_the_salad_dressing_and_place_it_in_the_basket;pick_up_the_cream_cheese_and_place_it_in_the_basket	Pick the bbq sauce and place it in the basket | Pick the ketchup and place it in the basket | Pick the salad dressing and place it in the basket | Pick the cream cheese and place it in the basket	in(bbq_sauce_1, basket_1_contain_region); in(ketchup_1, basket_1_contain_region); in(salad_dressing_1, basket_1_contain_region); in(cream_cheese_1, basket_1_contain_region)	object4_pick_up_the_bbq_sauce_and_place_it_in_the_basket	Novel four-object extension of this exact stock Object layout; all C(6,4) subsets are enumerated. | All corresponding three-object identities were already screened in LiberoComposition and are not repeated. | Object identity has its own original LIBERO-Object pick-to-basket trajectory; its pose in the composite scene may differ. | Object identity has its own original LIBERO-Object pick-to-basket trajectory; its pose in the composite scene may differ. | Object identity has its own original LIBERO-Object pick-to-basket trajectory; its pose in the composite scene may differ. | Object identity has its own original LIBERO-Object pick-to-basket trajectory; its pose in the composite scene may differ.	6	0	5	0.0	0	composition|c18a735ec83354055ea586c6620d26ab9d9462fcb9bfe6545edcd6a656426093|frozenset({in(bbq_sauce_1,basket_1_contain_region),in(cream_cheese_1,basket_1_contain_region),in(ketchup_1,basket_1_contain_region),in(salad_dressing_1,basket_1_contain_region)})
COMPOSE_024	Compose-350	X1_object_layout_four_to_basket	4	true	false	Put the bbq sauce, the ketchup, the alphabet soup, and the cream cheese box in the basket one after another.	libero_object	304;305;301;302	pick_up_the_bbq_sauce_and_place_it_in_the_basket;pick_up_the_ketchup_and_place_it_in_the_basket;pick_up_the_alphabet_soup_and_place_it_in_the_basket;pick_up_the_cream_cheese_and_place_it_in_the_basket	Pick the bbq sauce and place it in the basket | Pick the ketchup and place it in the basket | Pick the alphabet soup and place it in the basket | Pick the cream cheese and place it in the basket	in(bbq_sauce_1, basket_1_contain_region); in(ketchup_1, basket_1_contain_region); in(alphabet_soup_1, basket_1_contain_region); in(cream_cheese_1, basket_1_contain_region)	object4_pick_up_the_bbq_sauce_and_place_it_in_the_basket	Novel four-object extension of this exact stock Object layout; all C(6,4) subsets are enumerated. | All corresponding three-object identities were already screened in LiberoComposition and are not repeated. | Object identity has its own original LIBERO-Object pick-to-basket trajectory; its pose in the composite scene may differ. | Object identity has its own original LIBERO-Object pick-to-basket trajectory; its pose in the composite scene may differ. | Object identity has its own original LIBERO-Object pick-to-basket trajectory; its pose in the composite scene may differ. | Object identity has its own original LIBERO-Object pick-to-basket trajectory; its pose in the composite scene may differ.	7	0	5	0.0	0	composition|c18a735ec83354055ea586c6620d26ab9d9462fcb9bfe6545edcd6a656426093|frozenset({in(alphabet_soup_1,basket_1_contain_region),in(bbq_sauce_1,basket_1_contain_region),in(cream_cheese_1,basket_1_contain_region),in(ketchup_1,basket_1_contain_region)})
COMPOSE_025	Compose-350	X1_object_layout_four_to_basket	4	true	false	Put the bbq sauce, the salad dressing, the alphabet soup, and the cream cheese box in the basket one after another.	libero_object	304;303;301;302	pick_up_the_bbq_sauce_and_place_it_in_the_basket;pick_up_the_salad_dressing_and_place_it_in_the_basket;pick_up_the_alphabet_soup_and_place_it_in_the_basket;pick_up_the_cream_cheese_and_place_it_in_the_basket	Pick the bbq sauce and place it in the basket | Pick the salad dressing and place it in the basket | Pick the alphabet soup and place it in the basket | Pick the cream cheese and place it in the basket	in(bbq_sauce_1, basket_1_contain_region); in(salad_dressing_1, basket_1_contain_region); in(alphabet_soup_1, basket_1_contain_region); in(cream_cheese_1, basket_1_contain_region)	object4_pick_up_the_bbq_sauce_and_place_it_in_the_basket	Novel four-object extension of this exact stock Object layout; all C(6,4) subsets are enumerated. | All corresponding three-object identities were already screened in LiberoComposition and are not repeated. | Object identity has its own original LIBERO-Object pick-to-basket trajectory; its pose in the composite scene may differ. | Object identity has its own original LIBERO-Object pick-to-basket trajectory; its pose in the composite scene may differ. | Object identity has its own original LIBERO-Object pick-to-basket trajectory; its pose in the composite scene may differ. | Object identity has its own original LIBERO-Object pick-to-basket trajectory; its pose in the composite scene may differ.	6	0	5	0.0	0	composition|c18a735ec83354055ea586c6620d26ab9d9462fcb9bfe6545edcd6a656426093|frozenset({in(alphabet_soup_1,basket_1_contain_region),in(bbq_sauce_1,basket_1_contain_region),in(cream_cheese_1,basket_1_contain_region),in(salad_dressing_1,basket_1_contain_region)})
COMPOSE_026	Compose-350	X1_object_layout_four_to_basket	4	true	false	Put the chocolate pudding, the ketchup, the salad dressing, and the alphabet soup in the basket one after another.	libero_object	309;305;303;301	pick_up_the_chocolate_pudding_and_place_it_in_the_basket;pick_up_the_ketchup_and_place_it_in_the_basket;pick_up_the_salad_dressing_and_place_it_in_the_basket;pick_up_the_alphabet_soup_and_place_it_in_the_basket	Pick the chocolate pudding and place it in the basket | Pick the ketchup and place it in the basket | Pick the salad dressing and place it in the basket | Pick the alphabet soup and place it in the basket	in(chocolate_pudding_1, basket_1_contain_region); in(ketchup_1, basket_1_contain_region); in(salad_dressing_1, basket_1_contain_region); in(alphabet_soup_1, basket_1_contain_region)	object4_pick_up_the_bbq_sauce_and_place_it_in_the_basket	Novel four-object extension of this exact stock Object layout; all C(6,4) subsets are enumerated. | All corresponding three-object identities were already screened in LiberoComposition and are not repeated. | Object identity has its own original LIBERO-Object pick-to-basket trajectory; its pose in the composite scene may differ. | Object identity has its own original LIBERO-Object pick-to-basket trajectory; its pose in the composite scene may differ. | Object identity has its own original LIBERO-Object pick-to-basket trajectory; its pose in the composite scene may differ. | Object identity has its own original LIBERO-Object pick-to-basket trajectory; its pose in the composite scene may differ.	7	0	5	0.0	0	composition|c18a735ec83354055ea586c6620d26ab9d9462fcb9bfe6545edcd6a656426093|frozenset({in(alphabet_soup_1,basket_1_contain_region),in(chocolate_pudding_1,basket_1_contain_region),in(ketchup_1,basket_1_contain_region),in(salad_dressing_1,basket_1_contain_region)})
COMPOSE_027	Compose-350	X1_object_layout_four_to_basket	4	true	false	Put the chocolate pudding, the ketchup, the salad dressing, and the cream cheese box in the basket one after another.	libero_object	309;305;303;302	pick_up_the_chocolate_pudding_and_place_it_in_the_basket;pick_up_the_ketchup_and_place_it_in_the_basket;pick_up_the_salad_dressing_and_place_it_in_the_basket;pick_up_the_cream_cheese_and_place_it_in_the_basket	Pick the chocolate pudding and place it in the basket | Pick the ketchup and place it in the basket | Pick the salad dressing and place it in the basket | Pick the cream cheese and place it in the basket	in(chocolate_pudding_1, basket_1_contain_region); in(ketchup_1, basket_1_contain_region); in(salad_dressing_1, basket_1_contain_region); in(cream_cheese_1, basket_1_contain_region)	object4_pick_up_the_bbq_sauce_and_place_it_in_the_basket	Novel four-object extension of this exact stock Object layout; all C(6,4) subsets are enumerated. | All corresponding three-object identities were already screened in LiberoComposition and are not repeated. | Object identity has its own original LIBERO-Object pick-to-basket trajectory; its pose in the composite scene may differ. | Object identity has its own original LIBERO-Object pick-to-basket trajectory; its pose in the composite scene may differ. | Object identity has its own original LIBERO-Object pick-to-basket trajectory; its pose in the composite scene may differ. | Object identity has its own original LIBERO-Object pick-to-basket trajectory; its pose in the composite scene may differ.	6	0	5	0.0	0	composition|c18a735ec83354055ea586c6620d26ab9d9462fcb9bfe6545edcd6a656426093|frozenset({in(chocolate_pudding_1,basket_1_contain_region),in(cream_cheese_1,basket_1_contain_region),in(ketchup_1,basket_1_contain_region),in(salad_dressing_1,basket_1_contain_region)})
COMPOSE_028	Compose-350	X1_object_layout_four_to_basket	4	true	false	Put the chocolate pudding, the ketchup, the alphabet soup, and the cream cheese box in the basket one after another.	libero_object	309;305;301;302	pick_up_the_chocolate_pudding_and_place_it_in_the_basket;pick_up_the_ketchup_and_place_it_in_the_basket;pick_up_the_alphabet_soup_and_place_it_in_the_basket;pick_up_the_cream_cheese_and_place_it_in_the_basket	Pick the chocolate pudding and place it in the basket | Pick the ketchup and place it in the basket | Pick the alphabet soup and place it in the basket | Pick the cream cheese and place it in the basket	in(chocolate_pudding_1, basket_1_contain_region); in(ketchup_1, basket_1_contain_region); in(alphabet_soup_1, basket_1_contain_region); in(cream_cheese_1, basket_1_contain_region)	object4_pick_up_the_bbq_sauce_and_place_it_in_the_basket	Novel four-object extension of this exact stock Object layout; all C(6,4) subsets are enumerated. | All corresponding three-object identities were already screened in LiberoComposition and are not repeated. | Object identity has its own original LIBERO-Object pick-to-basket trajectory; its pose in the composite scene may differ. | Object identity has its own original LIBERO-Object pick-to-basket trajectory; its pose in the composite scene may differ. | Object identity has its own original LIBERO-Object pick-to-basket trajectory; its pose in the composite scene may differ. | Object identity has its own original LIBERO-Object pick-to-basket trajectory; its pose in the composite scene may differ.	7	0	5	0.0	0	composition|c18a735ec83354055ea586c6620d26ab9d9462fcb9bfe6545edcd6a656426093|frozenset({in(alphabet_soup_1,basket_1_contain_region),in(chocolate_pudding_1,basket_1_contain_region),in(cream_cheese_1,basket_1_contain_region),in(ketchup_1,basket_1_contain_region)})
COMPOSE_029	Compose-350	X1_object_layout_four_to_basket	4	true	false	Put the chocolate pudding, the salad dressing, the alphabet soup, and the cream cheese box in the basket one after another.	libero_object	309;303;301;302	pick_up_the_chocolate_pudding_and_place_it_in_the_basket;pick_up_the_salad_dressing_and_place_it_in_the_basket;pick_up_the_alphabet_soup_and_place_it_in_the_basket;pick_up_the_cream_cheese_and_place_it_in_the_basket	Pick the chocolate pudding and place it in the basket | Pick the salad dressing and place it in the basket | Pick the alphabet soup and place it in the basket | Pick the cream cheese and place it in the basket	in(chocolate_pudding_1, basket_1_contain_region); in(salad_dressing_1, basket_1_contain_region); in(alphabet_soup_1, basket_1_contain_region); in(cream_cheese_1, basket_1_contain_region)	object4_pick_up_the_bbq_sauce_and_place_it_in_the_basket	Novel four-object extension of this exact stock Object layout; all C(6,4) subsets are enumerated. | All corresponding three-object identities were already screened in LiberoComposition and are not repeated. | Object identity has its own original LIBERO-Object pick-to-basket trajectory; its pose in the composite scene may differ. | Object identity has its own original LIBERO-Object pick-to-basket trajectory; its pose in the composite scene may differ. | Object identity has its own original LIBERO-Object pick-to-basket trajectory; its pose in the composite scene may differ. | Object identity has its own original LIBERO-Object pick-to-basket trajectory; its pose in the composite scene may differ.	6	0	5	0.0	0	composition|c18a735ec83354055ea586c6620d26ab9d9462fcb9bfe6545edcd6a656426093|frozenset({in(alphabet_soup_1,basket_1_contain_region),in(chocolate_pudding_1,basket_1_contain_region),in(cream_cheese_1,basket_1_contain_region),in(salad_dressing_1,basket_1_contain_region)})
COMPOSE_030	Compose-350	X1_object_layout_four_to_basket	4	true	false	Put the ketchup, the salad dressing, the alphabet soup, and the cream cheese box in the basket one after another.	libero_object	305;303;301;302	pick_up_the_ketchup_and_place_it_in_the_basket;pick_up_the_salad_dressing_and_place_it_in_the_basket;pick_up_the_alphabet_soup_and_place_it_in_the_basket;pick_up_the_cream_cheese_and_place_it_in_the_basket	Pick the ketchup and place it in the basket | Pick the salad dressing and place it in the basket | Pick the alphabet soup and place it in the basket | Pick the cream cheese and place it in the basket	in(ketchup_1, basket_1_contain_region); in(salad_dressing_1, basket_1_contain_region); in(alphabet_soup_1, basket_1_contain_region); in(cream_cheese_1, basket_1_contain_region)	object4_pick_up_the_bbq_sauce_and_place_it_in_the_basket	Novel four-object extension of this exact stock Object layout; all C(6,4) subsets are enumerated. | All corresponding three-object identities were already screened in LiberoComposition and are not repeated. | Object identity has its own original LIBERO-Object pick-to-basket trajectory; its pose in the composite scene may differ. | Object identity has its own original LIBERO-Object pick-to-basket trajectory; its pose in the composite scene may differ. | Object identity has its own original LIBERO-Object pick-to-basket trajectory; its pose in the composite scene may differ. | Object identity has its own original LIBERO-Object pick-to-basket trajectory; its pose in the composite scene may differ.	7	0	5	0.0	0	composition|c18a735ec83354055ea586c6620d26ab9d9462fcb9bfe6545edcd6a656426093|frozenset({in(alphabet_soup_1,basket_1_contain_region),in(cream_cheese_1,basket_1_contain_region),in(ketchup_1,basket_1_contain_region),in(salad_dressing_1,basket_1_contain_region)})
COMPOSE_031	Compose-350	X1_object_layout_four_to_basket	4	true	false	Put the butter, the tomato sauce, the orange juice, and the chocolate pudding in the basket one after another.	libero_object	307;306;310;309	pick_up_the_butter_and_place_it_in_the_basket;pick_up_the_tomato_sauce_and_place_it_in_the_basket;pick_up_the_orange_juice_and_place_it_in_the_basket;pick_up_the_chocolate_pudding_and_place_it_in_the_basket	Pick the butter and place it in the basket | Pick the tomato sauce and place it in the basket | Pick the orange juice and place it in the basket | Pick the chocolate pudding and place it in the basket	in(butter_1, basket_1_contain_region); in(tomato_sauce_1, basket_1_contain_region); in(orange_juice_1, basket_1_contain_region); in(chocolate_pudding_1, basket_1_contain_region)	object4_pick_up_the_butter_and_place_it_in_the_basket	Novel four-object extension of this exact stock Object layout; all C(6,4) subsets are enumerated. | All corresponding three-object identities were already screened in LiberoComposition and are not repeated. | Object identity has its own original LIBERO-Object pick-to-basket trajectory; its pose in the composite scene may differ. | Object identity has its own original LIBERO-Object pick-to-basket trajectory; its pose in the composite scene may differ. | Object identity has its own original LIBERO-Object pick-to-basket trajectory; its pose in the composite scene may differ. | Object identity has its own original LIBERO-Object pick-to-basket trajectory; its pose in the composite scene may differ.	6	0	5	0.0	0	composition|f4c797cd430f50cbdbfc85d7b847eead4a10a9c0be7847f9c032dbc9dad9d52d|frozenset({in(butter_1,basket_1_contain_region),in(chocolate_pudding_1,basket_1_contain_region),in(orange_juice_1,basket_1_contain_region),in(tomato_sauce_1,basket_1_contain_region)})
COMPOSE_032	Compose-350	X1_object_layout_four_to_basket	4	true	false	Put the butter, the tomato sauce, the orange juice, and the bbq sauce in the basket one after another.	libero_object	307;306;310;304	pick_up_the_butter_and_place_it_in_the_basket;pick_up_the_tomato_sauce_and_place_it_in_the_basket;pick_up_the_orange_juice_and_place_it_in_the_basket;pick_up_the_bbq_sauce_and_place_it_in_the_basket	Pick the butter and place it in the basket | Pick the tomato sauce and place it in the basket | Pick the orange juice and place it in the basket | Pick the bbq sauce and place it in the basket	in(butter_1, basket_1_contain_region); in(tomato_sauce_1, basket_1_contain_region); in(orange_juice_1, basket_1_contain_region); in(bbq_sauce_1, basket_1_contain_region)	object4_pick_up_the_butter_and_place_it_in_the_basket	Novel four-object extension of this exact stock Object layout; all C(6,4) subsets are enumerated. | All corresponding three-object identities were already screened in LiberoComposition and are not repeated. | Object identity has its own original LIBERO-Object pick-to-basket trajectory; its pose in the composite scene may differ. | Object identity has its own original LIBERO-Object pick-to-basket trajectory; its pose in the composite scene may differ. | Object identity has its own original LIBERO-Object pick-to-basket trajectory; its pose in the composite scene may differ. | Object identity has its own original LIBERO-Object pick-to-basket trajectory; its pose in the composite scene may differ.	7	0	5	0.0	0	composition|f4c797cd430f50cbdbfc85d7b847eead4a10a9c0be7847f9c032dbc9dad9d52d|frozenset({in(bbq_sauce_1,basket_1_contain_region),in(butter_1,basket_1_contain_region),in(orange_juice_1,basket_1_contain_region),in(tomato_sauce_1,basket_1_contain_region)})
COMPOSE_033	Compose-350	X1_object_layout_four_to_basket	4	true	false	Put the butter, the tomato sauce, the orange juice, and the ketchup in the basket one after another.	libero_object	307;306;310;305	pick_up_the_butter_and_place_it_in_the_basket;pick_up_the_tomato_sauce_and_place_it_in_the_basket;pick_up_the_orange_juice_and_place_it_in_the_basket;pick_up_the_ketchup_and_place_it_in_the_basket	Pick the butter and place it in the basket | Pick the tomato sauce and place it in the basket | Pick the orange juice and place it in the basket | Pick the ketchup and place it in the basket	in(butter_1, basket_1_contain_region); in(tomato_sauce_1, basket_1_contain_region); in(orange_juice_1, basket_1_contain_region); in(ketchup_1, basket_1_contain_region)	object4_pick_up_the_butter_and_place_it_in_the_basket	Novel four-object extension of this exact stock Object layout; all C(6,4) subsets are enumerated. | All corresponding three-object identities were already screened in LiberoComposition and are not repeated. | Object identity has its own original LIBERO-Object pick-to-basket trajectory; its pose in the composite scene may differ. | Object identity has its own original LIBERO-Object pick-to-basket trajectory; its pose in the composite scene may differ. | Object identity has its own original LIBERO-Object pick-to-basket trajectory; its pose in the composite scene may differ. | Object identity has its own original LIBERO-Object pick-to-basket trajectory; its pose in the composite scene may differ.	6	0	5	0.0	0	composition|f4c797cd430f50cbdbfc85d7b847eead4a10a9c0be7847f9c032dbc9dad9d52d|frozenset({in(butter_1,basket_1_contain_region),in(ketchup_1,basket_1_contain_region),in(orange_juice_1,basket_1_contain_region),in(tomato_sauce_1,basket_1_contain_region)})
COMPOSE_034	Compose-350	X1_object_layout_four_to_basket	4	true	false	Put the butter, the tomato sauce, the chocolate pudding, and the bbq sauce in the basket one after another.	libero_object	307;306;309;304	pick_up_the_butter_and_place_it_in_the_basket;pick_up_the_tomato_sauce_and_place_it_in_the_basket;pick_up_the_chocolate_pudding_and_place_it_in_the_basket;pick_up_the_bbq_sauce_and_place_it_in_the_basket	Pick the butter and place it in the basket | Pick the tomato sauce and place it in the basket | Pick the chocolate pudding and place it in the basket | Pick the bbq sauce and place it in the basket	in(butter_1, basket_1_contain_region); in(tomato_sauce_1, basket_1_contain_region); in(chocolate_pudding_1, basket_1_contain_region); in(bbq_sauce_1, basket_1_contain_region)	object4_pick_up_the_butter_and_place_it_in_the_basket	Novel four-object extension of this exact stock Object layout; all C(6,4) subsets are enumerated. | All corresponding three-object identities were already screened in LiberoComposition and are not repeated. | Object identity has its own original LIBERO-Object pick-to-basket trajectory; its pose in the composite scene may differ. | Object identity has its own original LIBERO-Object pick-to-basket trajectory; its pose in the composite scene may differ. | Object identity has its own original LIBERO-Object pick-to-basket trajectory; its pose in the composite scene may differ. | Object identity has its own original LIBERO-Object pick-to-basket trajectory; its pose in the composite scene may differ.	7	0	5	0.0	0	composition|f4c797cd430f50cbdbfc85d7b847eead4a10a9c0be7847f9c032dbc9dad9d52d|frozenset({in(bbq_sauce_1,basket_1_contain_region),in(butter_1,basket_1_contain_region),in(chocolate_pudding_1,basket_1_contain_region),in(tomato_sauce_1,basket_1_contain_region)})
COMPOSE_035	Compose-350	X1_object_layout_four_to_basket	4	true	false	Put the butter, the tomato sauce, the chocolate pudding, and the ketchup in the basket one after another.	libero_object	307;306;309;305	pick_up_the_butter_and_place_it_in_the_basket;pick_up_the_tomato_sauce_and_place_it_in_the_basket;pick_up_the_chocolate_pudding_and_place_it_in_the_basket;pick_up_the_ketchup_and_place_it_in_the_basket	Pick the butter and place it in the basket | Pick the tomato sauce and place it in the basket | Pick the chocolate pudding and place it in the basket | Pick the ketchup and place it in the basket	in(butter_1, basket_1_contain_region); in(tomato_sauce_1, basket_1_contain_region); in(chocolate_pudding_1, basket_1_contain_region); in(ketchup_1, basket_1_contain_region)	object4_pick_up_the_butter_and_place_it_in_the_basket	Novel four-object extension of this exact stock Object layout; all C(6,4) subsets are enumerated. | All corresponding three-object identities were already screened in LiberoComposition and are not repeated. | Object identity has its own original LIBERO-Object pick-to-basket trajectory; its pose in the composite scene may differ. | Object identity has its own original LIBERO-Object pick-to-basket trajectory; its pose in the composite scene may differ. | Object identity has its own original LIBERO-Object pick-to-basket trajectory; its pose in the composite scene may differ. | Object identity has its own original LIBERO-Object pick-to-basket trajectory; its pose in the composite scene may differ.	6	0	5	0.0	0	composition|f4c797cd430f50cbdbfc85d7b847eead4a10a9c0be7847f9c032dbc9dad9d52d|frozenset({in(butter_1,basket_1_contain_region),in(chocolate_pudding_1,basket_1_contain_region),in(ketchup_1,basket_1_contain_region),in(tomato_sauce_1,basket_1_contain_region)})
COMPOSE_036	Compose-350	X1_object_layout_four_to_basket	4	true	false	Put the butter, the tomato sauce, the bbq sauce, and the ketchup in the basket one after another.	libero_object	307;306;304;305	pick_up_the_butter_and_place_it_in_the_basket;pick_up_the_tomato_sauce_and_place_it_in_the_basket;pick_up_the_bbq_sauce_and_place_it_in_the_basket;pick_up_the_ketchup_and_place_it_in_the_basket	Pick the butter and place it in the basket | Pick the tomato sauce and place it in the basket | Pick the bbq sauce and place it in the basket | Pick the ketchup and place it in the basket	in(butter_1, basket_1_contain_region); in(tomato_sauce_1, basket_1_contain_region); in(bbq_sauce_1, basket_1_contain_region); in(ketchup_1, basket_1_contain_region)	object4_pick_up_the_butter_and_place_it_in_the_basket	Novel four-object extension of this exact stock Object layout; all C(6,4) subsets are enumerated. | All corresponding three-object identities were already screened in LiberoComposition and are not repeated. | Object identity has its own original LIBERO-Object pick-to-basket trajectory; its pose in the composite scene may differ. | Object identity has its own original LIBERO-Object pick-to-basket trajectory; its pose in the composite scene may differ. | Object identity has its own original LIBERO-Object pick-to-basket trajectory; its pose in the composite scene may differ. | Object identity has its own original LIBERO-Object pick-to-basket trajectory; its pose in the composite scene may differ.	7	0	5	0.0	0	composition|f4c797cd430f50cbdbfc85d7b847eead4a10a9c0be7847f9c032dbc9dad9d52d|frozenset({in(bbq_sauce_1,basket_1_contain_region),in(butter_1,basket_1_contain_region),in(ketchup_1,basket_1_contain_region),in(tomato_sauce_1,basket_1_contain_region)})
COMPOSE_037	Compose-350	X1_object_layout_four_to_basket	4	true	false	Put the butter, the orange juice, the chocolate pudding, and the bbq sauce in the basket one after another.	libero_object	307;310;309;304	pick_up_the_butter_and_place_it_in_the_basket;pick_up_the_orange_juice_and_place_it_in_the_basket;pick_up_the_chocolate_pudding_and_place_it_in_the_basket;pick_up_the_bbq_sauce_and_place_it_in_the_basket	Pick the butter and place it in the basket | Pick the orange juice and place it in the basket | Pick the chocolate pudding and place it in the basket | Pick the bbq sauce and place it in the basket	in(butter_1, basket_1_contain_region); in(orange_juice_1, basket_1_contain_region); in(chocolate_pudding_1, basket_1_contain_region); in(bbq_sauce_1, basket_1_contain_region)	object4_pick_up_the_butter_and_place_it_in_the_basket	Novel four-object extension of this exact stock Object layout; all C(6,4) subsets are enumerated. | All corresponding three-object identities were already screened in LiberoComposition and are not repeated. | Object identity has its own original LIBERO-Object pick-to-basket trajectory; its pose in the composite scene may differ. | Object identity has its own original LIBERO-Object pick-to-basket trajectory; its pose in the composite scene may differ. | Object identity has its own original LIBERO-Object pick-to-basket trajectory; its pose in the composite scene may differ. | Object identity has its own original LIBERO-Object pick-to-basket trajectory; its pose in the composite scene may differ.	6	0	5	0.0	0	composition|f4c797cd430f50cbdbfc85d7b847eead4a10a9c0be7847f9c032dbc9dad9d52d|frozenset({in(bbq_sauce_1,basket_1_contain_region),in(butter_1,basket_1_contain_region),in(chocolate_pudding_1,basket_1_contain_region),in(orange_juice_1,basket_1_contain_region)})
COMPOSE_038	Compose-350	X1_object_layout_four_to_basket	4	true	false	Put the butter, the orange juice, the chocolate pudding, and the ketchup in the basket one after another.	libero_object	307;310;309;305	pick_up_the_butter_and_place_it_in_the_basket;pick_up_the_orange_juice_and_place_it_in_the_basket;pick_up_the_chocolate_pudding_and_place_it_in_the_basket;pick_up_the_ketchup_and_place_it_in_the_basket	Pick the butter and place it in the basket | Pick the orange juice and place it in the basket | Pick the chocolate pudding and place it in the basket | Pick the ketchup and place it in the basket	in(butter_1, basket_1_contain_region); in(orange_juice_1, basket_1_contain_region); in(chocolate_pudding_1, basket_1_contain_region); in(ketchup_1, basket_1_contain_region)	object4_pick_up_the_butter_and_place_it_in_the_basket	Novel four-object extension of this exact stock Object layout; all C(6,4) subsets are enumerated. | All corresponding three-object identities were already screened in LiberoComposition and are not repeated. | Object identity has its own original LIBERO-Object pick-to-basket trajectory; its pose in the composite scene may differ. | Object identity has its own original LIBERO-Object pick-to-basket trajectory; its pose in the composite scene may differ. | Object identity has its own original LIBERO-Object pick-to-basket trajectory; its pose in the composite scene may differ. | Object identity has its own original LIBERO-Object pick-to-basket trajectory; its pose in the composite scene may differ.	7	0	5	0.0	0	composition|f4c797cd430f50cbdbfc85d7b847eead4a10a9c0be7847f9c032dbc9dad9d52d|frozenset({in(butter_1,basket_1_contain_region),in(chocolate_pudding_1,basket_1_contain_region),in(ketchup_1,basket_1_contain_region),in(orange_juice_1,basket_1_contain_region)})
COMPOSE_039	Compose-350	X1_object_layout_four_to_basket	4	true	false	Put the butter, the orange juice, the bbq sauce, and the ketchup in the basket one after another.	libero_object	307;310;304;305	pick_up_the_butter_and_place_it_in_the_basket;pick_up_the_orange_juice_and_place_it_in_the_basket;pick_up_the_bbq_sauce_and_place_it_in_the_basket;pick_up_the_ketchup_and_place_it_in_the_basket	Pick the butter and place it in the basket | Pick the orange juice and place it in the basket | Pick the bbq sauce and place it in the basket | Pick the ketchup and place it in the basket	in(butter_1, basket_1_contain_region); in(orange_juice_1, basket_1_contain_region); in(bbq_sauce_1, basket_1_contain_region); in(ketchup_1, basket_1_contain_region)	object4_pick_up_the_butter_and_place_it_in_the_basket	Novel four-object extension of this exact stock Object layout; all C(6,4) subsets are enumerated. | All corresponding three-object identities were already screened in LiberoComposition and are not repeated. | Object identity has its own original LIBERO-Object pick-to-basket trajectory; its pose in the composite scene may differ. | Object identity has its own original LIBERO-Object pick-to-basket trajectory; its pose in the composite scene may differ. | Object identity has its own original LIBERO-Object pick-to-basket trajectory; its pose in the composite scene may differ. | Object identity has its own original LIBERO-Object pick-to-basket trajectory; its pose in the composite scene may differ.	6	0	5	0.0	0	composition|f4c797cd430f50cbdbfc85d7b847eead4a10a9c0be7847f9c032dbc9dad9d52d|frozenset({in(bbq_sauce_1,basket_1_contain_region),in(butter_1,basket_1_contain_region),in(ketchup_1,basket_1_contain_region),in(orange_juice_1,basket_1_contain_region)})
COMPOSE_040	Compose-350	X1_object_layout_four_to_basket	4	true	false	Put the butter, the chocolate pudding, the bbq sauce, and the ketchup in the basket one after another.	libero_object	307;309;304;305	pick_up_the_butter_and_place_it_in_the_basket;pick_up_the_chocolate_pudding_and_place_it_in_the_basket;pick_up_the_bbq_sauce_and_place_it_in_the_basket;pick_up_the_ketchup_and_place_it_in_the_basket	Pick the butter and place it in the basket | Pick the chocolate pudding and place it in the basket | Pick the bbq sauce and place it in the basket | Pick the ketchup and place it in the basket	in(butter_1, basket_1_contain_region); in(chocolate_pudding_1, basket_1_contain_region); in(bbq_sauce_1, basket_1_contain_region); in(ketchup_1, basket_1_contain_region)	object4_pick_up_the_butter_and_place_it_in_the_basket	Novel four-object extension of this exact stock Object layout; all C(6,4) subsets are enumerated. | All corresponding three-object identities were already screened in LiberoComposition and are not repeated. | Object identity has its own original LIBERO-Object pick-to-basket trajectory; its pose in the composite scene may differ. | Object identity has its own original LIBERO-Object pick-to-basket trajectory; its pose in the composite scene may differ. | Object identity has its own original LIBERO-Object pick-to-basket trajectory; its pose in the composite scene may differ. | Object identity has its own original LIBERO-Object pick-to-basket trajectory; its pose in the composite scene may differ.	7	0	5	0.0	0	composition|f4c797cd430f50cbdbfc85d7b847eead4a10a9c0be7847f9c032dbc9dad9d52d|frozenset({in(bbq_sauce_1,basket_1_contain_region),in(butter_1,basket_1_contain_region),in(chocolate_pudding_1,basket_1_contain_region),in(ketchup_1,basket_1_contain_region)})
COMPOSE_041	Compose-350	X1_object_layout_four_to_basket	4	true	false	Put the tomato sauce, the orange juice, the chocolate pudding, and the bbq sauce in the basket one after another.	libero_object	306;310;309;304	pick_up_the_tomato_sauce_and_place_it_in_the_basket;pick_up_the_orange_juice_and_place_it_in_the_basket;pick_up_the_chocolate_pudding_and_place_it_in_the_basket;pick_up_the_bbq_sauce_and_place_it_in_the_basket	Pick the tomato sauce and place it in the basket | Pick the orange juice and place it in the basket | Pick the chocolate pudding and place it in the basket | Pick the bbq sauce and place it in the basket	in(tomato_sauce_1, basket_1_contain_region); in(orange_juice_1, basket_1_contain_region); in(chocolate_pudding_1, basket_1_contain_region); in(bbq_sauce_1, basket_1_contain_region)	object4_pick_up_the_butter_and_place_it_in_the_basket	Novel four-object extension of this exact stock Object layout; all C(6,4) subsets are enumerated. | All corresponding three-object identities were already screened in LiberoComposition and are not repeated. | Object identity has its own original LIBERO-Object pick-to-basket trajectory; its pose in the composite scene may differ. | Object identity has its own original LIBERO-Object pick-to-basket trajectory; its pose in the composite scene may differ. | Object identity has its own original LIBERO-Object pick-to-basket trajectory; its pose in the composite scene may differ. | Object identity has its own original LIBERO-Object pick-to-basket trajectory; its pose in the composite scene may differ.	6	0	5	0.0	0	composition|f4c797cd430f50cbdbfc85d7b847eead4a10a9c0be7847f9c032dbc9dad9d52d|frozenset({in(bbq_sauce_1,basket_1_contain_region),in(chocolate_pudding_1,basket_1_contain_region),in(orange_juice_1,basket_1_contain_region),in(tomato_sauce_1,basket_1_contain_region)})
COMPOSE_042	Compose-350	X1_object_layout_four_to_basket	4	true	false	Put the tomato sauce, the orange juice, the chocolate pudding, and the ketchup in the basket one after another.	libero_object	306;310;309;305	pick_up_the_tomato_sauce_and_place_it_in_the_basket;pick_up_the_orange_juice_and_place_it_in_the_basket;pick_up_the_chocolate_pudding_and_place_it_in_the_basket;pick_up_the_ketchup_and_place_it_in_the_basket	Pick the tomato sauce and place it in the basket | Pick the orange juice and place it in the basket | Pick the chocolate pudding and place it in the basket | Pick the ketchup and place it in the basket	in(tomato_sauce_1, basket_1_contain_region); in(orange_juice_1, basket_1_contain_region); in(chocolate_pudding_1, basket_1_contain_region); in(ketchup_1, basket_1_contain_region)	object4_pick_up_the_butter_and_place_it_in_the_basket	Novel four-object extension of this exact stock Object layout; all C(6,4) subsets are enumerated. | All corresponding three-object identities were already screened in LiberoComposition and are not repeated. | Object identity has its own original LIBERO-Object pick-to-basket trajectory; its pose in the composite scene may differ. | Object identity has its own original LIBERO-Object pick-to-basket trajectory; its pose in the composite scene may differ. | Object identity has its own original LIBERO-Object pick-to-basket trajectory; its pose in the composite scene may differ. | Object identity has its own original LIBERO-Object pick-to-basket trajectory; its pose in the composite scene may differ.	7	0	5	0.0	0	composition|f4c797cd430f50cbdbfc85d7b847eead4a10a9c0be7847f9c032dbc9dad9d52d|frozenset({in(chocolate_pudding_1,basket_1_contain_region),in(ketchup_1,basket_1_contain_region),in(orange_juice_1,basket_1_contain_region),in(tomato_sauce_1,basket_1_contain_region)})
COMPOSE_043	Compose-350	X1_object_layout_four_to_basket	4	true	false	Put the tomato sauce, the orange juice, the bbq sauce, and the ketchup in the basket one after another.	libero_object	306;310;304;305	pick_up_the_tomato_sauce_and_place_it_in_the_basket;pick_up_the_orange_juice_and_place_it_in_the_basket;pick_up_the_bbq_sauce_and_place_it_in_the_basket;pick_up_the_ketchup_and_place_it_in_the_basket	Pick the tomato sauce and place it in the basket | Pick the orange juice and place it in the basket | Pick the bbq sauce and place it in the basket | Pick the ketchup and place it in the basket	in(tomato_sauce_1, basket_1_contain_region); in(orange_juice_1, basket_1_contain_region); in(bbq_sauce_1, basket_1_contain_region); in(ketchup_1, basket_1_contain_region)	object4_pick_up_the_butter_and_place_it_in_the_basket	Novel four-object extension of this exact stock Object layout; all C(6,4) subsets are enumerated. | All corresponding three-object identities were already screened in LiberoComposition and are not repeated. | Object identity has its own original LIBERO-Object pick-to-basket trajectory; its pose in the composite scene may differ. | Object identity has its own original LIBERO-Object pick-to-basket trajectory; its pose in the composite scene may differ. | Object identity has its own original LIBERO-Object pick-to-basket trajectory; its pose in the composite scene may differ. | Object identity has its own original LIBERO-Object pick-to-basket trajectory; its pose in the composite scene may differ.	6	0	5	0.0	0	composition|f4c797cd430f50cbdbfc85d7b847eead4a10a9c0be7847f9c032dbc9dad9d52d|frozenset({in(bbq_sauce_1,basket_1_contain_region),in(ketchup_1,basket_1_contain_region),in(orange_juice_1,basket_1_contain_region),in(tomato_sauce_1,basket_1_contain_region)})
COMPOSE_044	Compose-350	X1_object_layout_four_to_basket	4	true	false	Put the tomato sauce, the chocolate pudding, the bbq sauce, and the ketchup in the basket one after another.	libero_object	306;309;304;305	pick_up_the_tomato_sauce_and_place_it_in_the_basket;pick_up_the_chocolate_pudding_and_place_it_in_the_basket;pick_up_the_bbq_sauce_and_place_it_in_the_basket;pick_up_the_ketchup_and_place_it_in_the_basket	Pick the tomato sauce and place it in the basket | Pick the chocolate pudding and place it in the basket | Pick the bbq sauce and place it in the basket | Pick the ketchup and place it in the basket	in(tomato_sauce_1, basket_1_contain_region); in(chocolate_pudding_1, basket_1_contain_region); in(bbq_sauce_1, basket_1_contain_region); in(ketchup_1, basket_1_contain_region)	object4_pick_up_the_butter_and_place_it_in_the_basket	Novel four-object extension of this exact stock Object layout; all C(6,4) subsets are enumerated. | All corresponding three-object identities were already screened in LiberoComposition and are not repeated. | Object identity has its own original LIBERO-Object pick-to-basket trajectory; its pose in the composite scene may differ. | Object identity has its own original LIBERO-Object pick-to-basket trajectory; its pose in the composite scene may differ. | Object identity has its own original LIBERO-Object pick-to-basket trajectory; its pose in the composite scene may differ. | Object identity has its own original LIBERO-Object pick-to-basket trajectory; its pose in the composite scene may differ.	7	0	5	0.0	0	composition|f4c797cd430f50cbdbfc85d7b847eead4a10a9c0be7847f9c032dbc9dad9d52d|frozenset({in(bbq_sauce_1,basket_1_contain_region),in(chocolate_pudding_1,basket_1_contain_region),in(ketchup_1,basket_1_contain_region),in(tomato_sauce_1,basket_1_contain_region)})
COMPOSE_045	Compose-350	X1_object_layout_four_to_basket	4	true	false	Put the orange juice, the chocolate pudding, the bbq sauce, and the ketchup in the basket one after another.	libero_object	310;309;304;305	pick_up_the_orange_juice_and_place_it_in_the_basket;pick_up_the_chocolate_pudding_and_place_it_in_the_basket;pick_up_the_bbq_sauce_and_place_it_in_the_basket;pick_up_the_ketchup_and_place_it_in_the_basket	Pick the orange juice and place it in the basket | Pick the chocolate pudding and place it in the basket | Pick the bbq sauce and place it in the basket | Pick the ketchup and place it in the basket	in(orange_juice_1, basket_1_contain_region); in(chocolate_pudding_1, basket_1_contain_region); in(bbq_sauce_1, basket_1_contain_region); in(ketchup_1, basket_1_contain_region)	object4_pick_up_the_butter_and_place_it_in_the_basket	Novel four-object extension of this exact stock Object layout; all C(6,4) subsets are enumerated. | All corresponding three-object identities were already screened in LiberoComposition and are not repeated. | Object identity has its own original LIBERO-Object pick-to-basket trajectory; its pose in the composite scene may differ. | Object identity has its own original LIBERO-Object pick-to-basket trajectory; its pose in the composite scene may differ. | Object identity has its own original LIBERO-Object pick-to-basket trajectory; its pose in the composite scene may differ. | Object identity has its own original LIBERO-Object pick-to-basket trajectory; its pose in the composite scene may differ.	6	0	5	0.0	0	composition|f4c797cd430f50cbdbfc85d7b847eead4a10a9c0be7847f9c032dbc9dad9d52d|frozenset({in(bbq_sauce_1,basket_1_contain_region),in(chocolate_pudding_1,basket_1_contain_region),in(ketchup_1,basket_1_contain_region),in(orange_juice_1,basket_1_contain_region)})
COMPOSE_046	Compose-350	X1_object_layout_four_to_basket	4	true	false	Put the chocolate pudding, the orange juice, the bbq sauce, and the ketchup in the basket one after another.	libero_object	309;310;304;305	pick_up_the_chocolate_pudding_and_place_it_in_the_basket;pick_up_the_orange_juice_and_place_it_in_the_basket;pick_up_the_bbq_sauce_and_place_it_in_the_basket;pick_up_the_ketchup_and_place_it_in_the_basket	Pick the chocolate pudding and place it in the basket | Pick the orange juice and place it in the basket | Pick the bbq sauce and place it in the basket | Pick the ketchup and place it in the basket	in(chocolate_pudding_1, basket_1_contain_region); in(orange_juice_1, basket_1_contain_region); in(bbq_sauce_1, basket_1_contain_region); in(ketchup_1, basket_1_contain_region)	object4_pick_up_the_chocolate_pudding_and_place_it_in_the_basket	Novel four-object extension of this exact stock Object layout; all C(6,4) subsets are enumerated. | All corresponding three-object identities were already screened in LiberoComposition and are not repeated. | Object identity has its own original LIBERO-Object pick-to-basket trajectory; its pose in the composite scene may differ. | Object identity has its own original LIBERO-Object pick-to-basket trajectory; its pose in the composite scene may differ. | Object identity has its own original LIBERO-Object pick-to-basket trajectory; its pose in the composite scene may differ. | Object identity has its own original LIBERO-Object pick-to-basket trajectory; its pose in the composite scene may differ.	7	0	5	0.0	0	composition|4aa27741501c741922f73456dfa26fdb41a8cbe8d2c2146af28a5687f1bad91e|frozenset({in(bbq_sauce_1,basket_1_contain_region),in(chocolate_pudding_1,basket_1_contain_region),in(ketchup_1,basket_1_contain_region),in(orange_juice_1,basket_1_contain_region)})
COMPOSE_047	Compose-350	X1_object_layout_four_to_basket	4	true	false	Put the chocolate pudding, the orange juice, the bbq sauce, and the salad dressing in the basket one after another.	libero_object	309;310;304;303	pick_up_the_chocolate_pudding_and_place_it_in_the_basket;pick_up_the_orange_juice_and_place_it_in_the_basket;pick_up_the_bbq_sauce_and_place_it_in_the_basket;pick_up_the_salad_dressing_and_place_it_in_the_basket	Pick the chocolate pudding and place it in the basket | Pick the orange juice and place it in the basket | Pick the bbq sauce and place it in the basket | Pick the salad dressing and place it in the basket	in(chocolate_pudding_1, basket_1_contain_region); in(orange_juice_1, basket_1_contain_region); in(bbq_sauce_1, basket_1_contain_region); in(salad_dressing_1, basket_1_contain_region)	object4_pick_up_the_chocolate_pudding_and_place_it_in_the_basket	Novel four-object extension of this exact stock Object layout; all C(6,4) subsets are enumerated. | All corresponding three-object identities were already screened in LiberoComposition and are not repeated. | Object identity has its own original LIBERO-Object pick-to-basket trajectory; its pose in the composite scene may differ. | Object identity has its own original LIBERO-Object pick-to-basket trajectory; its pose in the composite scene may differ. | Object identity has its own original LIBERO-Object pick-to-basket trajectory; its pose in the composite scene may differ. | Object identity has its own original LIBERO-Object pick-to-basket trajectory; its pose in the composite scene may differ.	6	0	5	0.0	0	composition|4aa27741501c741922f73456dfa26fdb41a8cbe8d2c2146af28a5687f1bad91e|frozenset({in(bbq_sauce_1,basket_1_contain_region),in(chocolate_pudding_1,basket_1_contain_region),in(orange_juice_1,basket_1_contain_region),in(salad_dressing_1,basket_1_contain_region)})
COMPOSE_048	Compose-350	X1_object_layout_four_to_basket	4	true	false	Put the chocolate pudding, the orange juice, the bbq sauce, and the alphabet soup in the basket one after another.	libero_object	309;310;304;301	pick_up_the_chocolate_pudding_and_place_it_in_the_basket;pick_up_the_orange_juice_and_place_it_in_the_basket;pick_up_the_bbq_sauce_and_place_it_in_the_basket;pick_up_the_alphabet_soup_and_place_it_in_the_basket	Pick the chocolate pudding and place it in the basket | Pick the orange juice and place it in the basket | Pick the bbq sauce and place it in the basket | Pick the alphabet soup and place it in the basket	in(chocolate_pudding_1, basket_1_contain_region); in(orange_juice_1, basket_1_contain_region); in(bbq_sauce_1, basket_1_contain_region); in(alphabet_soup_1, basket_1_contain_region)	object4_pick_up_the_chocolate_pudding_and_place_it_in_the_basket	Novel four-object extension of this exact stock Object layout; all C(6,4) subsets are enumerated. | All corresponding three-object identities were already screened in LiberoComposition and are not repeated. | Object identity has its own original LIBERO-Object pick-to-basket trajectory; its pose in the composite scene may differ. | Object identity has its own original LIBERO-Object pick-to-basket trajectory; its pose in the composite scene may differ. | Object identity has its own original LIBERO-Object pick-to-basket trajectory; its pose in the composite scene may differ. | Object identity has its own original LIBERO-Object pick-to-basket trajectory; its pose in the composite scene may differ.	7	0	5	0.0	0	composition|4aa27741501c741922f73456dfa26fdb41a8cbe8d2c2146af28a5687f1bad91e|frozenset({in(alphabet_soup_1,basket_1_contain_region),in(bbq_sauce_1,basket_1_contain_region),in(chocolate_pudding_1,basket_1_contain_region),in(orange_juice_1,basket_1_contain_region)})
COMPOSE_049	Compose-350	X1_object_layout_four_to_basket	4	true	false	Put the chocolate pudding, the orange juice, the ketchup, and the salad dressing in the basket one after another.	libero_object	309;310;305;303	pick_up_the_chocolate_pudding_and_place_it_in_the_basket;pick_up_the_orange_juice_and_place_it_in_the_basket;pick_up_the_ketchup_and_place_it_in_the_basket;pick_up_the_salad_dressing_and_place_it_in_the_basket	Pick the chocolate pudding and place it in the basket | Pick the orange juice and place it in the basket | Pick the ketchup and place it in the basket | Pick the salad dressing and place it in the basket	in(chocolate_pudding_1, basket_1_contain_region); in(orange_juice_1, basket_1_contain_region); in(ketchup_1, basket_1_contain_region); in(salad_dressing_1, basket_1_contain_region)	object4_pick_up_the_chocolate_pudding_and_place_it_in_the_basket	Novel four-object extension of this exact stock Object layout; all C(6,4) subsets are enumerated. | All corresponding three-object identities were already screened in LiberoComposition and are not repeated. | Object identity has its own original LIBERO-Object pick-to-basket trajectory; its pose in the composite scene may differ. | Object identity has its own original LIBERO-Object pick-to-basket trajectory; its pose in the composite scene may differ. | Object identity has its own original LIBERO-Object pick-to-basket trajectory; its pose in the composite scene may differ. | Object identity has its own original LIBERO-Object pick-to-basket trajectory; its pose in the composite scene may differ.	6	0	5	0.0	0	composition|4aa27741501c741922f73456dfa26fdb41a8cbe8d2c2146af28a5687f1bad91e|frozenset({in(chocolate_pudding_1,basket_1_contain_region),in(ketchup_1,basket_1_contain_region),in(orange_juice_1,basket_1_contain_region),in(salad_dressing_1,basket_1_contain_region)})
COMPOSE_050	Compose-350	X1_object_layout_four_to_basket	4	true	false	Put the chocolate pudding, the orange juice, the ketchup, and the alphabet soup in the basket one after another.	libero_object	309;310;305;301	pick_up_the_chocolate_pudding_and_place_it_in_the_basket;pick_up_the_orange_juice_and_place_it_in_the_basket;pick_up_the_ketchup_and_place_it_in_the_basket;pick_up_the_alphabet_soup_and_place_it_in_the_basket	Pick the chocolate pudding and place it in the basket | Pick the orange juice and place it in the basket | Pick the ketchup and place it in the basket | Pick the alphabet soup and place it in the basket	in(chocolate_pudding_1, basket_1_contain_region); in(orange_juice_1, basket_1_contain_region); in(ketchup_1, basket_1_contain_region); in(alphabet_soup_1, basket_1_contain_region)	object4_pick_up_the_chocolate_pudding_and_place_it_in_the_basket	Novel four-object extension of this exact stock Object layout; all C(6,4) subsets are enumerated. | All corresponding three-object identities were already screened in LiberoComposition and are not repeated. | Object identity has its own original LIBERO-Object pick-to-basket trajectory; its pose in the composite scene may differ. | Object identity has its own original LIBERO-Object pick-to-basket trajectory; its pose in the composite scene may differ. | Object identity has its own original LIBERO-Object pick-to-basket trajectory; its pose in the composite scene may differ. | Object identity has its own original LIBERO-Object pick-to-basket trajectory; its pose in the composite scene may differ.	7	0	5	0.0	0	composition|4aa27741501c741922f73456dfa26fdb41a8cbe8d2c2146af28a5687f1bad91e|frozenset({in(alphabet_soup_1,basket_1_contain_region),in(chocolate_pudding_1,basket_1_contain_region),in(ketchup_1,basket_1_contain_region),in(orange_juice_1,basket_1_contain_region)})
COMPOSE_051	Compose-350	X1_object_layout_four_to_basket	4	true	false	Put the chocolate pudding, the orange juice, the salad dressing, and the alphabet soup in the basket one after another.	libero_object	309;310;303;301	pick_up_the_chocolate_pudding_and_place_it_in_the_basket;pick_up_the_orange_juice_and_place_it_in_the_basket;pick_up_the_salad_dressing_and_place_it_in_the_basket;pick_up_the_alphabet_soup_and_place_it_in_the_basket	Pick the chocolate pudding and place it in the basket | Pick the orange juice and place it in the basket | Pick the salad dressing and place it in the basket | Pick the alphabet soup and place it in the basket	in(chocolate_pudding_1, basket_1_contain_region); in(orange_juice_1, basket_1_contain_region); in(salad_dressing_1, basket_1_contain_region); in(alphabet_soup_1, basket_1_contain_region)	object4_pick_up_the_chocolate_pudding_and_place_it_in_the_basket	Novel four-object extension of this exact stock Object layout; all C(6,4) subsets are enumerated. | All corresponding three-object identities were already screened in LiberoComposition and are not repeated. | Object identity has its own original LIBERO-Object pick-to-basket trajectory; its pose in the composite scene may differ. | Object identity has its own original LIBERO-Object pick-to-basket trajectory; its pose in the composite scene may differ. | Object identity has its own original LIBERO-Object pick-to-basket trajectory; its pose in the composite scene may differ. | Object identity has its own original LIBERO-Object pick-to-basket trajectory; its pose in the composite scene may differ.	6	0	5	0.0	0	composition|4aa27741501c741922f73456dfa26fdb41a8cbe8d2c2146af28a5687f1bad91e|frozenset({in(alphabet_soup_1,basket_1_contain_region),in(chocolate_pudding_1,basket_1_contain_region),in(orange_juice_1,basket_1_contain_region),in(salad_dressing_1,basket_1_contain_region)})
COMPOSE_052	Compose-350	X1_object_layout_four_to_basket	4	true	false	Put the chocolate pudding, the bbq sauce, the ketchup, and the salad dressing in the basket one after another.	libero_object	309;304;305;303	pick_up_the_chocolate_pudding_and_place_it_in_the_basket;pick_up_the_bbq_sauce_and_place_it_in_the_basket;pick_up_the_ketchup_and_place_it_in_the_basket;pick_up_the_salad_dressing_and_place_it_in_the_basket	Pick the chocolate pudding and place it in the basket | Pick the bbq sauce and place it in the basket | Pick the ketchup and place it in the basket | Pick the salad dressing and place it in the basket	in(chocolate_pudding_1, basket_1_contain_region); in(bbq_sauce_1, basket_1_contain_region); in(ketchup_1, basket_1_contain_region); in(salad_dressing_1, basket_1_contain_region)	object4_pick_up_the_chocolate_pudding_and_place_it_in_the_basket	Novel four-object extension of this exact stock Object layout; all C(6,4) subsets are enumerated. | All corresponding three-object identities were already screened in LiberoComposition and are not repeated. | Object identity has its own original LIBERO-Object pick-to-basket trajectory; its pose in the composite scene may differ. | Object identity has its own original LIBERO-Object pick-to-basket trajectory; its pose in the composite scene may differ. | Object identity has its own original LIBERO-Object pick-to-basket trajectory; its pose in the composite scene may differ. | Object identity has its own original LIBERO-Object pick-to-basket trajectory; its pose in the composite scene may differ.	7	0	5	0.0	0	composition|4aa27741501c741922f73456dfa26fdb41a8cbe8d2c2146af28a5687f1bad91e|frozenset({in(bbq_sauce_1,basket_1_contain_region),in(chocolate_pudding_1,basket_1_contain_region),in(ketchup_1,basket_1_contain_region),in(salad_dressing_1,basket_1_contain_region)})
COMPOSE_053	Compose-350	X1_object_layout_four_to_basket	4	true	false	Put the chocolate pudding, the bbq sauce, the ketchup, and the alphabet soup in the basket one after another.	libero_object	309;304;305;301	pick_up_the_chocolate_pudding_and_place_it_in_the_basket;pick_up_the_bbq_sauce_and_place_it_in_the_basket;pick_up_the_ketchup_and_place_it_in_the_basket;pick_up_the_alphabet_soup_and_place_it_in_the_basket	Pick the chocolate pudding and place it in the basket | Pick the bbq sauce and place it in the basket | Pick the ketchup and place it in the basket | Pick the alphabet soup and place it in the basket	in(chocolate_pudding_1, basket_1_contain_region); in(bbq_sauce_1, basket_1_contain_region); in(ketchup_1, basket_1_contain_region); in(alphabet_soup_1, basket_1_contain_region)	object4_pick_up_the_chocolate_pudding_and_place_it_in_the_basket	Novel four-object extension of this exact stock Object layout; all C(6,4) subsets are enumerated. | All corresponding three-object identities were already screened in LiberoComposition and are not repeated. | Object identity has its own original LIBERO-Object pick-to-basket trajectory; its pose in the composite scene may differ. | Object identity has its own original LIBERO-Object pick-to-basket trajectory; its pose in the composite scene may differ. | Object identity has its own original LIBERO-Object pick-to-basket trajectory; its pose in the composite scene may differ. | Object identity has its own original LIBERO-Object pick-to-basket trajectory; its pose in the composite scene may differ.	6	0	5	0.0	0	composition|4aa27741501c741922f73456dfa26fdb41a8cbe8d2c2146af28a5687f1bad91e|frozenset({in(alphabet_soup_1,basket_1_contain_region),in(bbq_sauce_1,basket_1_contain_region),in(chocolate_pudding_1,basket_1_contain_region),in(ketchup_1,basket_1_contain_region)})
COMPOSE_054	Compose-350	X1_object_layout_four_to_basket	4	true	false	Put the chocolate pudding, the bbq sauce, the salad dressing, and the alphabet soup in the basket one after another.	libero_object	309;304;303;301	pick_up_the_chocolate_pudding_and_place_it_in_the_basket;pick_up_the_bbq_sauce_and_place_it_in_the_basket;pick_up_the_salad_dressing_and_place_it_in_the_basket;pick_up_the_alphabet_soup_and_place_it_in_the_basket	Pick the chocolate pudding and place it in the basket | Pick the bbq sauce and place it in the basket | Pick the salad dressing and place it in the basket | Pick the alphabet soup and place it in the basket	in(chocolate_pudding_1, basket_1_contain_region); in(bbq_sauce_1, basket_1_contain_region); in(salad_dressing_1, basket_1_contain_region); in(alphabet_soup_1, basket_1_contain_region)	object4_pick_up_the_chocolate_pudding_and_place_it_in_the_basket	Novel four-object extension of this exact stock Object layout; all C(6,4) subsets are enumerated. | All corresponding three-object identities were already screened in LiberoComposition and are not repeated. | Object identity has its own original LIBERO-Object pick-to-basket trajectory; its pose in the composite scene may differ. | Object identity has its own original LIBERO-Object pick-to-basket trajectory; its pose in the composite scene may differ. | Object identity has its own original LIBERO-Object pick-to-basket trajectory; its pose in the composite scene may differ. | Object identity has its own original LIBERO-Object pick-to-basket trajectory; its pose in the composite scene may differ.	7	0	5	0.0	0	composition|4aa27741501c741922f73456dfa26fdb41a8cbe8d2c2146af28a5687f1bad91e|frozenset({in(alphabet_soup_1,basket_1_contain_region),in(bbq_sauce_1,basket_1_contain_region),in(chocolate_pudding_1,basket_1_contain_region),in(salad_dressing_1,basket_1_contain_region)})
COMPOSE_055	Compose-350	X1_object_layout_four_to_basket	4	true	false	Put the chocolate pudding, the ketchup, the salad dressing, and the alphabet soup in the basket one after another.	libero_object	309;305;303;301	pick_up_the_chocolate_pudding_and_place_it_in_the_basket;pick_up_the_ketchup_and_place_it_in_the_basket;pick_up_the_salad_dressing_and_place_it_in_the_basket;pick_up_the_alphabet_soup_and_place_it_in_the_basket	Pick the chocolate pudding and place it in the basket | Pick the ketchup and place it in the basket | Pick the salad dressing and place it in the basket | Pick the alphabet soup and place it in the basket	in(chocolate_pudding_1, basket_1_contain_region); in(ketchup_1, basket_1_contain_region); in(salad_dressing_1, basket_1_contain_region); in(alphabet_soup_1, basket_1_contain_region)	object4_pick_up_the_chocolate_pudding_and_place_it_in_the_basket	Novel four-object extension of this exact stock Object layout; all C(6,4) subsets are enumerated. | All corresponding three-object identities were already screened in LiberoComposition and are not repeated. | Object identity has its own original LIBERO-Object pick-to-basket trajectory; its pose in the composite scene may differ. | Object identity has its own original LIBERO-Object pick-to-basket trajectory; its pose in the composite scene may differ. | Object identity has its own original LIBERO-Object pick-to-basket trajectory; its pose in the composite scene may differ. | Object identity has its own original LIBERO-Object pick-to-basket trajectory; its pose in the composite scene may differ.	6	0	5	0.0	0	composition|4aa27741501c741922f73456dfa26fdb41a8cbe8d2c2146af28a5687f1bad91e|frozenset({in(alphabet_soup_1,basket_1_contain_region),in(chocolate_pudding_1,basket_1_contain_region),in(ketchup_1,basket_1_contain_region),in(salad_dressing_1,basket_1_contain_region)})
COMPOSE_056	Compose-350	X1_object_layout_four_to_basket	4	true	false	Put the orange juice, the bbq sauce, the ketchup, and the salad dressing in the basket one after another.	libero_object	310;304;305;303	pick_up_the_orange_juice_and_place_it_in_the_basket;pick_up_the_bbq_sauce_and_place_it_in_the_basket;pick_up_the_ketchup_and_place_it_in_the_basket;pick_up_the_salad_dressing_and_place_it_in_the_basket	Pick the orange juice and place it in the basket | Pick the bbq sauce and place it in the basket | Pick the ketchup and place it in the basket | Pick the salad dressing and place it in the basket	in(orange_juice_1, basket_1_contain_region); in(bbq_sauce_1, basket_1_contain_region); in(ketchup_1, basket_1_contain_region); in(salad_dressing_1, basket_1_contain_region)	object4_pick_up_the_chocolate_pudding_and_place_it_in_the_basket	Novel four-object extension of this exact stock Object layout; all C(6,4) subsets are enumerated. | All corresponding three-object identities were already screened in LiberoComposition and are not repeated. | Object identity has its own original LIBERO-Object pick-to-basket trajectory; its pose in the composite scene may differ. | Object identity has its own original LIBERO-Object pick-to-basket trajectory; its pose in the composite scene may differ. | Object identity has its own original LIBERO-Object pick-to-basket trajectory; its pose in the composite scene may differ. | Object identity has its own original LIBERO-Object pick-to-basket trajectory; its pose in the composite scene may differ.	7	0	5	0.0	0	composition|4aa27741501c741922f73456dfa26fdb41a8cbe8d2c2146af28a5687f1bad91e|frozenset({in(bbq_sauce_1,basket_1_contain_region),in(ketchup_1,basket_1_contain_region),in(orange_juice_1,basket_1_contain_region),in(salad_dressing_1,basket_1_contain_region)})
COMPOSE_057	Compose-350	X1_object_layout_four_to_basket	4	true	false	Put the orange juice, the bbq sauce, the ketchup, and the alphabet soup in the basket one after another.	libero_object	310;304;305;301	pick_up_the_orange_juice_and_place_it_in_the_basket;pick_up_the_bbq_sauce_and_place_it_in_the_basket;pick_up_the_ketchup_and_place_it_in_the_basket;pick_up_the_alphabet_soup_and_place_it_in_the_basket	Pick the orange juice and place it in the basket | Pick the bbq sauce and place it in the basket | Pick the ketchup and place it in the basket | Pick the alphabet soup and place it in the basket	in(orange_juice_1, basket_1_contain_region); in(bbq_sauce_1, basket_1_contain_region); in(ketchup_1, basket_1_contain_region); in(alphabet_soup_1, basket_1_contain_region)	object4_pick_up_the_chocolate_pudding_and_place_it_in_the_basket	Novel four-object extension of this exact stock Object layout; all C(6,4) subsets are enumerated. | All corresponding three-object identities were already screened in LiberoComposition and are not repeated. | Object identity has its own original LIBERO-Object pick-to-basket trajectory; its pose in the composite scene may differ. | Object identity has its own original LIBERO-Object pick-to-basket trajectory; its pose in the composite scene may differ. | Object identity has its own original LIBERO-Object pick-to-basket trajectory; its pose in the composite scene may differ. | Object identity has its own original LIBERO-Object pick-to-basket trajectory; its pose in the composite scene may differ.	6	0	5	0.0	0	composition|4aa27741501c741922f73456dfa26fdb41a8cbe8d2c2146af28a5687f1bad91e|frozenset({in(alphabet_soup_1,basket_1_contain_region),in(bbq_sauce_1,basket_1_contain_region),in(ketchup_1,basket_1_contain_region),in(orange_juice_1,basket_1_contain_region)})
COMPOSE_058	Compose-350	X1_object_layout_four_to_basket	4	true	false	Put the orange juice, the bbq sauce, the salad dressing, and the alphabet soup in the basket one after another.	libero_object	310;304;303;301	pick_up_the_orange_juice_and_place_it_in_the_basket;pick_up_the_bbq_sauce_and_place_it_in_the_basket;pick_up_the_salad_dressing_and_place_it_in_the_basket;pick_up_the_alphabet_soup_and_place_it_in_the_basket	Pick the orange juice and place it in the basket | Pick the bbq sauce and place it in the basket | Pick the salad dressing and place it in the basket | Pick the alphabet soup and place it in the basket	in(orange_juice_1, basket_1_contain_region); in(bbq_sauce_1, basket_1_contain_region); in(salad_dressing_1, basket_1_contain_region); in(alphabet_soup_1, basket_1_contain_region)	object4_pick_up_the_chocolate_pudding_and_place_it_in_the_basket	Novel four-object extension of this exact stock Object layout; all C(6,4) subsets are enumerated. | All corresponding three-object identities were already screened in LiberoComposition and are not repeated. | Object identity has its own original LIBERO-Object pick-to-basket trajectory; its pose in the composite scene may differ. | Object identity has its own original LIBERO-Object pick-to-basket trajectory; its pose in the composite scene may differ. | Object identity has its own original LIBERO-Object pick-to-basket trajectory; its pose in the composite scene may differ. | Object identity has its own original LIBERO-Object pick-to-basket trajectory; its pose in the composite scene may differ.	7	0	5	0.0	0	composition|4aa27741501c741922f73456dfa26fdb41a8cbe8d2c2146af28a5687f1bad91e|frozenset({in(alphabet_soup_1,basket_1_contain_region),in(bbq_sauce_1,basket_1_contain_region),in(orange_juice_1,basket_1_contain_region),in(salad_dressing_1,basket_1_contain_region)})
COMPOSE_059	Compose-350	X1_object_layout_four_to_basket	4	true	false	Put the orange juice, the ketchup, the salad dressing, and the alphabet soup in the basket one after another.	libero_object	310;305;303;301	pick_up_the_orange_juice_and_place_it_in_the_basket;pick_up_the_ketchup_and_place_it_in_the_basket;pick_up_the_salad_dressing_and_place_it_in_the_basket;pick_up_the_alphabet_soup_and_place_it_in_the_basket	Pick the orange juice and place it in the basket | Pick the ketchup and place it in the basket | Pick the salad dressing and place it in the basket | Pick the alphabet soup and place it in the basket	in(orange_juice_1, basket_1_contain_region); in(ketchup_1, basket_1_contain_region); in(salad_dressing_1, basket_1_contain_region); in(alphabet_soup_1, basket_1_contain_region)	object4_pick_up_the_chocolate_pudding_and_place_it_in_the_basket	Novel four-object extension of this exact stock Object layout; all C(6,4) subsets are enumerated. | All corresponding three-object identities were already screened in LiberoComposition and are not repeated. | Object identity has its own original LIBERO-Object pick-to-basket trajectory; its pose in the composite scene may differ. | Object identity has its own original LIBERO-Object pick-to-basket trajectory; its pose in the composite scene may differ. | Object identity has its own original LIBERO-Object pick-to-basket trajectory; its pose in the composite scene may differ. | Object identity has its own original LIBERO-Object pick-to-basket trajectory; its pose in the composite scene may differ.	6	0	5	0.0	0	composition|4aa27741501c741922f73456dfa26fdb41a8cbe8d2c2146af28a5687f1bad91e|frozenset({in(alphabet_soup_1,basket_1_contain_region),in(ketchup_1,basket_1_contain_region),in(orange_juice_1,basket_1_contain_region),in(salad_dressing_1,basket_1_contain_region)})
COMPOSE_060	Compose-350	X1_object_layout_four_to_basket	4	true	false	Put the bbq sauce, the ketchup, the salad dressing, and the alphabet soup in the basket one after another.	libero_object	304;305;303;301	pick_up_the_bbq_sauce_and_place_it_in_the_basket;pick_up_the_ketchup_and_place_it_in_the_basket;pick_up_the_salad_dressing_and_place_it_in_the_basket;pick_up_the_alphabet_soup_and_place_it_in_the_basket	Pick the bbq sauce and place it in the basket | Pick the ketchup and place it in the basket | Pick the salad dressing and place it in the basket | Pick the alphabet soup and place it in the basket	in(bbq_sauce_1, basket_1_contain_region); in(ketchup_1, basket_1_contain_region); in(salad_dressing_1, basket_1_contain_region); in(alphabet_soup_1, basket_1_contain_region)	object4_pick_up_the_chocolate_pudding_and_place_it_in_the_basket	Novel four-object extension of this exact stock Object layout; all C(6,4) subsets are enumerated. | All corresponding three-object identities were already screened in LiberoComposition and are not repeated. | Object identity has its own original LIBERO-Object pick-to-basket trajectory; its pose in the composite scene may differ. | Object identity has its own original LIBERO-Object pick-to-basket trajectory; its pose in the composite scene may differ. | Object identity has its own original LIBERO-Object pick-to-basket trajectory; its pose in the composite scene may differ. | Object identity has its own original LIBERO-Object pick-to-basket trajectory; its pose in the composite scene may differ.	7	0	5	0.0	0	composition|4aa27741501c741922f73456dfa26fdb41a8cbe8d2c2146af28a5687f1bad91e|frozenset({in(alphabet_soup_1,basket_1_contain_region),in(bbq_sauce_1,basket_1_contain_region),in(ketchup_1,basket_1_contain_region),in(salad_dressing_1,basket_1_contain_region)})
COMPOSE_061	Compose-350	X1_object_layout_four_to_basket	4	true	false	Put the cream cheese box, the alphabet soup, the milk, and the tomato sauce in the basket one after another.	libero_object	302;301;308;306	pick_up_the_cream_cheese_and_place_it_in_the_basket;pick_up_the_alphabet_soup_and_place_it_in_the_basket;pick_up_the_milk_and_place_it_in_the_basket;pick_up_the_tomato_sauce_and_place_it_in_the_basket	Pick the cream cheese and place it in the basket | Pick the alphabet soup and place it in the basket | Pick the milk and place it in the basket | Pick the tomato sauce and place it in the basket	in(cream_cheese_1, basket_1_contain_region); in(alphabet_soup_1, basket_1_contain_region); in(milk_1, basket_1_contain_region); in(tomato_sauce_1, basket_1_contain_region)	object4_pick_up_the_cream_cheese_and_place_it_in_the_basket	Novel four-object extension of this exact stock Object layout; all C(6,4) subsets are enumerated. | All corresponding three-object identities were already screened in LiberoComposition and are not repeated. | Object identity has its own original LIBERO-Object pick-to-basket trajectory; its pose in the composite scene may differ. | Object identity has its own original LIBERO-Object pick-to-basket trajectory; its pose in the composite scene may differ. | Object identity has its own original LIBERO-Object pick-to-basket trajectory; its pose in the composite scene may differ. | Object identity has its own original LIBERO-Object pick-to-basket trajectory; its pose in the composite scene may differ.	6	0	5	0.0	0	composition|a057c2029b41a4edf6117413a040d21e74cf9f15af32f59e0cdb88c1dc833bab|frozenset({in(alphabet_soup_1,basket_1_contain_region),in(cream_cheese_1,basket_1_contain_region),in(milk_1,basket_1_contain_region),in(tomato_sauce_1,basket_1_contain_region)})
COMPOSE_062	Compose-350	X1_object_layout_four_to_basket	4	true	false	Put the cream cheese box, the alphabet soup, the milk, and the butter in the basket one after another.	libero_object	302;301;308;307	pick_up_the_cream_cheese_and_place_it_in_the_basket;pick_up_the_alphabet_soup_and_place_it_in_the_basket;pick_up_the_milk_and_place_it_in_the_basket;pick_up_the_butter_and_place_it_in_the_basket	Pick the cream cheese and place it in the basket | Pick the alphabet soup and place it in the basket | Pick the milk and place it in the basket | Pick the butter and place it in the basket	in(cream_cheese_1, basket_1_contain_region); in(alphabet_soup_1, basket_1_contain_region); in(milk_1, basket_1_contain_region); in(butter_1, basket_1_contain_region)	object4_pick_up_the_cream_cheese_and_place_it_in_the_basket	Novel four-object extension of this exact stock Object layout; all C(6,4) subsets are enumerated. | All corresponding three-object identities were already screened in LiberoComposition and are not repeated. | Object identity has its own original LIBERO-Object pick-to-basket trajectory; its pose in the composite scene may differ. | Object identity has its own original LIBERO-Object pick-to-basket trajectory; its pose in the composite scene may differ. | Object identity has its own original LIBERO-Object pick-to-basket trajectory; its pose in the composite scene may differ. | Object identity has its own original LIBERO-Object pick-to-basket trajectory; its pose in the composite scene may differ.	7	0	5	0.0	0	composition|a057c2029b41a4edf6117413a040d21e74cf9f15af32f59e0cdb88c1dc833bab|frozenset({in(alphabet_soup_1,basket_1_contain_region),in(butter_1,basket_1_contain_region),in(cream_cheese_1,basket_1_contain_region),in(milk_1,basket_1_contain_region)})
COMPOSE_063	Compose-350	X1_object_layout_four_to_basket	4	true	false	Put the cream cheese box, the alphabet soup, the milk, and the orange juice in the basket one after another.	libero_object	302;301;308;310	pick_up_the_cream_cheese_and_place_it_in_the_basket;pick_up_the_alphabet_soup_and_place_it_in_the_basket;pick_up_the_milk_and_place_it_in_the_basket;pick_up_the_orange_juice_and_place_it_in_the_basket	Pick the cream cheese and place it in the basket | Pick the alphabet soup and place it in the basket | Pick the milk and place it in the basket | Pick the orange juice and place it in the basket	in(cream_cheese_1, basket_1_contain_region); in(alphabet_soup_1, basket_1_contain_region); in(milk_1, basket_1_contain_region); in(orange_juice_1, basket_1_contain_region)	object4_pick_up_the_cream_cheese_and_place_it_in_the_basket	Novel four-object extension of this exact stock Object layout; all C(6,4) subsets are enumerated. | All corresponding three-object identities were already screened in LiberoComposition and are not repeated. | Object identity has its own original LIBERO-Object pick-to-basket trajectory; its pose in the composite scene may differ. | Object identity has its own original LIBERO-Object pick-to-basket trajectory; its pose in the composite scene may differ. | Object identity has its own original LIBERO-Object pick-to-basket trajectory; its pose in the composite scene may differ. | Object identity has its own original LIBERO-Object pick-to-basket trajectory; its pose in the composite scene may differ.	6	0	5	0.0	0	composition|a057c2029b41a4edf6117413a040d21e74cf9f15af32f59e0cdb88c1dc833bab|frozenset({in(alphabet_soup_1,basket_1_contain_region),in(cream_cheese_1,basket_1_contain_region),in(milk_1,basket_1_contain_region),in(orange_juice_1,basket_1_contain_region)})
COMPOSE_064	Compose-350	X1_object_layout_four_to_basket	4	true	false	Put the cream cheese box, the alphabet soup, the tomato sauce, and the butter in the basket one after another.	libero_object	302;301;306;307	pick_up_the_cream_cheese_and_place_it_in_the_basket;pick_up_the_alphabet_soup_and_place_it_in_the_basket;pick_up_the_tomato_sauce_and_place_it_in_the_basket;pick_up_the_butter_and_place_it_in_the_basket	Pick the cream cheese and place it in the basket | Pick the alphabet soup and place it in the basket | Pick the tomato sauce and place it in the basket | Pick the butter and place it in the basket	in(cream_cheese_1, basket_1_contain_region); in(alphabet_soup_1, basket_1_contain_region); in(tomato_sauce_1, basket_1_contain_region); in(butter_1, basket_1_contain_region)	object4_pick_up_the_cream_cheese_and_place_it_in_the_basket	Novel four-object extension of this exact stock Object layout; all C(6,4) subsets are enumerated. | All corresponding three-object identities were already screened in LiberoComposition and are not repeated. | Object identity has its own original LIBERO-Object pick-to-basket trajectory; its pose in the composite scene may differ. | Object identity has its own original LIBERO-Object pick-to-basket trajectory; its pose in the composite scene may differ. | Object identity has its own original LIBERO-Object pick-to-basket trajectory; its pose in the composite scene may differ. | Object identity has its own original LIBERO-Object pick-to-basket trajectory; its pose in the composite scene may differ.	7	0	5	0.0	0	composition|a057c2029b41a4edf6117413a040d21e74cf9f15af32f59e0cdb88c1dc833bab|frozenset({in(alphabet_soup_1,basket_1_contain_region),in(butter_1,basket_1_contain_region),in(cream_cheese_1,basket_1_contain_region),in(tomato_sauce_1,basket_1_contain_region)})
COMPOSE_065	Compose-350	X1_object_layout_four_to_basket	4	true	false	Put the cream cheese box, the alphabet soup, the tomato sauce, and the orange juice in the basket one after another.	libero_object	302;301;306;310	pick_up_the_cream_cheese_and_place_it_in_the_basket;pick_up_the_alphabet_soup_and_place_it_in_the_basket;pick_up_the_tomato_sauce_and_place_it_in_the_basket;pick_up_the_orange_juice_and_place_it_in_the_basket	Pick the cream cheese and place it in the basket | Pick the alphabet soup and place it in the basket | Pick the tomato sauce and place it in the basket | Pick the orange juice and place it in the basket	in(cream_cheese_1, basket_1_contain_region); in(alphabet_soup_1, basket_1_contain_region); in(tomato_sauce_1, basket_1_contain_region); in(orange_juice_1, basket_1_contain_region)	object4_pick_up_the_cream_cheese_and_place_it_in_the_basket	Novel four-object extension of this exact stock Object layout; all C(6,4) subsets are enumerated. | All corresponding three-object identities were already screened in LiberoComposition and are not repeated. | Object identity has its own original LIBERO-Object pick-to-basket trajectory; its pose in the composite scene may differ. | Object identity has its own original LIBERO-Object pick-to-basket trajectory; its pose in the composite scene may differ. | Object identity has its own original LIBERO-Object pick-to-basket trajectory; its pose in the composite scene may differ. | Object identity has its own original LIBERO-Object pick-to-basket trajectory; its pose in the composite scene may differ.	6	0	5	0.0	0	composition|a057c2029b41a4edf6117413a040d21e74cf9f15af32f59e0cdb88c1dc833bab|frozenset({in(alphabet_soup_1,basket_1_contain_region),in(cream_cheese_1,basket_1_contain_region),in(orange_juice_1,basket_1_contain_region),in(tomato_sauce_1,basket_1_contain_region)})
COMPOSE_066	Compose-350	X1_object_layout_four_to_basket	4	true	false	Put the cream cheese box, the alphabet soup, the butter, and the orange juice in the basket one after another.	libero_object	302;301;307;310	pick_up_the_cream_cheese_and_place_it_in_the_basket;pick_up_the_alphabet_soup_and_place_it_in_the_basket;pick_up_the_butter_and_place_it_in_the_basket;pick_up_the_orange_juice_and_place_it_in_the_basket	Pick the cream cheese and place it in the basket | Pick the alphabet soup and place it in the basket | Pick the butter and place it in the basket | Pick the orange juice and place it in the basket	in(cream_cheese_1, basket_1_contain_region); in(alphabet_soup_1, basket_1_contain_region); in(butter_1, basket_1_contain_region); in(orange_juice_1, basket_1_contain_region)	object4_pick_up_the_cream_cheese_and_place_it_in_the_basket	Novel four-object extension of this exact stock Object layout; all C(6,4) subsets are enumerated. | All corresponding three-object identities were already screened in LiberoComposition and are not repeated. | Object identity has its own original LIBERO-Object pick-to-basket trajectory; its pose in the composite scene may differ. | Object identity has its own original LIBERO-Object pick-to-basket trajectory; its pose in the composite scene may differ. | Object identity has its own original LIBERO-Object pick-to-basket trajectory; its pose in the composite scene may differ. | Object identity has its own original LIBERO-Object pick-to-basket trajectory; its pose in the composite scene may differ.	7	0	5	0.0	0	composition|a057c2029b41a4edf6117413a040d21e74cf9f15af32f59e0cdb88c1dc833bab|frozenset({in(alphabet_soup_1,basket_1_contain_region),in(butter_1,basket_1_contain_region),in(cream_cheese_1,basket_1_contain_region),in(orange_juice_1,basket_1_contain_region)})
COMPOSE_067	Compose-350	X1_object_layout_four_to_basket	4	true	false	Put the cream cheese box, the milk, the tomato sauce, and the butter in the basket one after another.	libero_object	302;308;306;307	pick_up_the_cream_cheese_and_place_it_in_the_basket;pick_up_the_milk_and_place_it_in_the_basket;pick_up_the_tomato_sauce_and_place_it_in_the_basket;pick_up_the_butter_and_place_it_in_the_basket	Pick the cream cheese and place it in the basket | Pick the milk and place it in the basket | Pick the tomato sauce and place it in the basket | Pick the butter and place it in the basket	in(cream_cheese_1, basket_1_contain_region); in(milk_1, basket_1_contain_region); in(tomato_sauce_1, basket_1_contain_region); in(butter_1, basket_1_contain_region)	object4_pick_up_the_cream_cheese_and_place_it_in_the_basket	Novel four-object extension of this exact stock Object layout; all C(6,4) subsets are enumerated. | All corresponding three-object identities were already screened in LiberoComposition and are not repeated. | Object identity has its own original LIBERO-Object pick-to-basket trajectory; its pose in the composite scene may differ. | Object identity has its own original LIBERO-Object pick-to-basket trajectory; its pose in the composite scene may differ. | Object identity has its own original LIBERO-Object pick-to-basket trajectory; its pose in the composite scene may differ. | Object identity has its own original LIBERO-Object pick-to-basket trajectory; its pose in the composite scene may differ.	6	0	5	0.0	0	composition|a057c2029b41a4edf6117413a040d21e74cf9f15af32f59e0cdb88c1dc833bab|frozenset({in(butter_1,basket_1_contain_region),in(cream_cheese_1,basket_1_contain_region),in(milk_1,basket_1_contain_region),in(tomato_sauce_1,basket_1_contain_region)})
COMPOSE_068	Compose-350	X1_object_layout_four_to_basket	4	true	false	Put the cream cheese box, the milk, the tomato sauce, and the orange juice in the basket one after another.	libero_object	302;308;306;310	pick_up_the_cream_cheese_and_place_it_in_the_basket;pick_up_the_milk_and_place_it_in_the_basket;pick_up_the_tomato_sauce_and_place_it_in_the_basket;pick_up_the_orange_juice_and_place_it_in_the_basket	Pick the cream cheese and place it in the basket | Pick the milk and place it in the basket | Pick the tomato sauce and place it in the basket | Pick the orange juice and place it in the basket	in(cream_cheese_1, basket_1_contain_region); in(milk_1, basket_1_contain_region); in(tomato_sauce_1, basket_1_contain_region); in(orange_juice_1, basket_1_contain_region)	object4_pick_up_the_cream_cheese_and_place_it_in_the_basket	Novel four-object extension of this exact stock Object layout; all C(6,4) subsets are enumerated. | All corresponding three-object identities were already screened in LiberoComposition and are not repeated. | Object identity has its own original LIBERO-Object pick-to-basket trajectory; its pose in the composite scene may differ. | Object identity has its own original LIBERO-Object pick-to-basket trajectory; its pose in the composite scene may differ. | Object identity has its own original LIBERO-Object pick-to-basket trajectory; its pose in the composite scene may differ. | Object identity has its own original LIBERO-Object pick-to-basket trajectory; its pose in the composite scene may differ.	7	0	5	0.0	0	composition|a057c2029b41a4edf6117413a040d21e74cf9f15af32f59e0cdb88c1dc833bab|frozenset({in(cream_cheese_1,basket_1_contain_region),in(milk_1,basket_1_contain_region),in(orange_juice_1,basket_1_contain_region),in(tomato_sauce_1,basket_1_contain_region)})
COMPOSE_069	Compose-350	X1_object_layout_four_to_basket	4	true	false	Put the cream cheese box, the milk, the butter, and the orange juice in the basket one after another.	libero_object	302;308;307;310	pick_up_the_cream_cheese_and_place_it_in_the_basket;pick_up_the_milk_and_place_it_in_the_basket;pick_up_the_butter_and_place_it_in_the_basket;pick_up_the_orange_juice_and_place_it_in_the_basket	Pick the cream cheese and place it in the basket | Pick the milk and place it in the basket | Pick the butter and place it in the basket | Pick the orange juice and place it in the basket	in(cream_cheese_1, basket_1_contain_region); in(milk_1, basket_1_contain_region); in(butter_1, basket_1_contain_region); in(orange_juice_1, basket_1_contain_region)	object4_pick_up_the_cream_cheese_and_place_it_in_the_basket	Novel four-object extension of this exact stock Object layout; all C(6,4) subsets are enumerated. | All corresponding three-object identities were already screened in LiberoComposition and are not repeated. | Object identity has its own original LIBERO-Object pick-to-basket trajectory; its pose in the composite scene may differ. | Object identity has its own original LIBERO-Object pick-to-basket trajectory; its pose in the composite scene may differ. | Object identity has its own original LIBERO-Object pick-to-basket trajectory; its pose in the composite scene may differ. | Object identity has its own original LIBERO-Object pick-to-basket trajectory; its pose in the composite scene may differ.	6	0	5	0.0	0	composition|a057c2029b41a4edf6117413a040d21e74cf9f15af32f59e0cdb88c1dc833bab|frozenset({in(butter_1,basket_1_contain_region),in(cream_cheese_1,basket_1_contain_region),in(milk_1,basket_1_contain_region),in(orange_juice_1,basket_1_contain_region)})
COMPOSE_070	Compose-350	X1_object_layout_four_to_basket	4	true	false	Put the cream cheese box, the tomato sauce, the butter, and the orange juice in the basket one after another.	libero_object	302;306;307;310	pick_up_the_cream_cheese_and_place_it_in_the_basket;pick_up_the_tomato_sauce_and_place_it_in_the_basket;pick_up_the_butter_and_place_it_in_the_basket;pick_up_the_orange_juice_and_place_it_in_the_basket	Pick the cream cheese and place it in the basket | Pick the tomato sauce and place it in the basket | Pick the butter and place it in the basket | Pick the orange juice and place it in the basket	in(cream_cheese_1, basket_1_contain_region); in(tomato_sauce_1, basket_1_contain_region); in(butter_1, basket_1_contain_region); in(orange_juice_1, basket_1_contain_region)	object4_pick_up_the_cream_cheese_and_place_it_in_the_basket	Novel four-object extension of this exact stock Object layout; all C(6,4) subsets are enumerated. | All corresponding three-object identities were already screened in LiberoComposition and are not repeated. | Object identity has its own original LIBERO-Object pick-to-basket trajectory; its pose in the composite scene may differ. | Object identity has its own original LIBERO-Object pick-to-basket trajectory; its pose in the composite scene may differ. | Object identity has its own original LIBERO-Object pick-to-basket trajectory; its pose in the composite scene may differ. | Object identity has its own original LIBERO-Object pick-to-basket trajectory; its pose in the composite scene may differ.	7	0	5	0.0	0	composition|a057c2029b41a4edf6117413a040d21e74cf9f15af32f59e0cdb88c1dc833bab|frozenset({in(butter_1,basket_1_contain_region),in(cream_cheese_1,basket_1_contain_region),in(orange_juice_1,basket_1_contain_region),in(tomato_sauce_1,basket_1_contain_region)})
COMPOSE_071	Compose-350	X1_object_layout_four_to_basket	4	true	false	Put the alphabet soup, the milk, the tomato sauce, and the butter in the basket one after another.	libero_object	301;308;306;307	pick_up_the_alphabet_soup_and_place_it_in_the_basket;pick_up_the_milk_and_place_it_in_the_basket;pick_up_the_tomato_sauce_and_place_it_in_the_basket;pick_up_the_butter_and_place_it_in_the_basket	Pick the alphabet soup and place it in the basket | Pick the milk and place it in the basket | Pick the tomato sauce and place it in the basket | Pick the butter and place it in the basket	in(alphabet_soup_1, basket_1_contain_region); in(milk_1, basket_1_contain_region); in(tomato_sauce_1, basket_1_contain_region); in(butter_1, basket_1_contain_region)	object4_pick_up_the_cream_cheese_and_place_it_in_the_basket	Novel four-object extension of this exact stock Object layout; all C(6,4) subsets are enumerated. | All corresponding three-object identities were already screened in LiberoComposition and are not repeated. | Object identity has its own original LIBERO-Object pick-to-basket trajectory; its pose in the composite scene may differ. | Object identity has its own original LIBERO-Object pick-to-basket trajectory; its pose in the composite scene may differ. | Object identity has its own original LIBERO-Object pick-to-basket trajectory; its pose in the composite scene may differ. | Object identity has its own original LIBERO-Object pick-to-basket trajectory; its pose in the composite scene may differ.	6	0	5	0.0	0	composition|a057c2029b41a4edf6117413a040d21e74cf9f15af32f59e0cdb88c1dc833bab|frozenset({in(alphabet_soup_1,basket_1_contain_region),in(butter_1,basket_1_contain_region),in(milk_1,basket_1_contain_region),in(tomato_sauce_1,basket_1_contain_region)})
COMPOSE_072	Compose-350	X1_object_layout_four_to_basket	4	true	false	Put the alphabet soup, the milk, the tomato sauce, and the orange juice in the basket one after another.	libero_object	301;308;306;310	pick_up_the_alphabet_soup_and_place_it_in_the_basket;pick_up_the_milk_and_place_it_in_the_basket;pick_up_the_tomato_sauce_and_place_it_in_the_basket;pick_up_the_orange_juice_and_place_it_in_the_basket	Pick the alphabet soup and place it in the basket | Pick the milk and place it in the basket | Pick the tomato sauce and place it in the basket | Pick the orange juice and place it in the basket	in(alphabet_soup_1, basket_1_contain_region); in(milk_1, basket_1_contain_region); in(tomato_sauce_1, basket_1_contain_region); in(orange_juice_1, basket_1_contain_region)	object4_pick_up_the_cream_cheese_and_place_it_in_the_basket	Novel four-object extension of this exact stock Object layout; all C(6,4) subsets are enumerated. | All corresponding three-object identities were already screened in LiberoComposition and are not repeated. | Object identity has its own original LIBERO-Object pick-to-basket trajectory; its pose in the composite scene may differ. | Object identity has its own original LIBERO-Object pick-to-basket trajectory; its pose in the composite scene may differ. | Object identity has its own original LIBERO-Object pick-to-basket trajectory; its pose in the composite scene may differ. | Object identity has its own original LIBERO-Object pick-to-basket trajectory; its pose in the composite scene may differ.	7	0	5	0.0	0	composition|a057c2029b41a4edf6117413a040d21e74cf9f15af32f59e0cdb88c1dc833bab|frozenset({in(alphabet_soup_1,basket_1_contain_region),in(milk_1,basket_1_contain_region),in(orange_juice_1,basket_1_contain_region),in(tomato_sauce_1,basket_1_contain_region)})
COMPOSE_073	Compose-350	X1_object_layout_four_to_basket	4	true	false	Put the alphabet soup, the milk, the butter, and the orange juice in the basket one after another.	libero_object	301;308;307;310	pick_up_the_alphabet_soup_and_place_it_in_the_basket;pick_up_the_milk_and_place_it_in_the_basket;pick_up_the_butter_and_place_it_in_the_basket;pick_up_the_orange_juice_and_place_it_in_the_basket	Pick the alphabet soup and place it in the basket | Pick the milk and place it in the basket | Pick the butter and place it in the basket | Pick the orange juice and place it in the basket	in(alphabet_soup_1, basket_1_contain_region); in(milk_1, basket_1_contain_region); in(butter_1, basket_1_contain_region); in(orange_juice_1, basket_1_contain_region)	object4_pick_up_the_cream_cheese_and_place_it_in_the_basket	Novel four-object extension of this exact stock Object layout; all C(6,4) subsets are enumerated. | All corresponding three-object identities were already screened in LiberoComposition and are not repeated. | Object identity has its own original LIBERO-Object pick-to-basket trajectory; its pose in the composite scene may differ. | Object identity has its own original LIBERO-Object pick-to-basket trajectory; its pose in the composite scene may differ. | Object identity has its own original LIBERO-Object pick-to-basket trajectory; its pose in the composite scene may differ. | Object identity has its own original LIBERO-Object pick-to-basket trajectory; its pose in the composite scene may differ.	6	0	5	0.0	0	composition|a057c2029b41a4edf6117413a040d21e74cf9f15af32f59e0cdb88c1dc833bab|frozenset({in(alphabet_soup_1,basket_1_contain_region),in(butter_1,basket_1_contain_region),in(milk_1,basket_1_contain_region),in(orange_juice_1,basket_1_contain_region)})
COMPOSE_074	Compose-350	X1_object_layout_four_to_basket	4	true	false	Put the alphabet soup, the tomato sauce, the butter, and the orange juice in the basket one after another.	libero_object	301;306;307;310	pick_up_the_alphabet_soup_and_place_it_in_the_basket;pick_up_the_tomato_sauce_and_place_it_in_the_basket;pick_up_the_butter_and_place_it_in_the_basket;pick_up_the_orange_juice_and_place_it_in_the_basket	Pick the alphabet soup and place it in the basket | Pick the tomato sauce and place it in the basket | Pick the butter and place it in the basket | Pick the orange juice and place it in the basket	in(alphabet_soup_1, basket_1_contain_region); in(tomato_sauce_1, basket_1_contain_region); in(butter_1, basket_1_contain_region); in(orange_juice_1, basket_1_contain_region)	object4_pick_up_the_cream_cheese_and_place_it_in_the_basket	Novel four-object extension of this exact stock Object layout; all C(6,4) subsets are enumerated. | All corresponding three-object identities were already screened in LiberoComposition and are not repeated. | Object identity has its own original LIBERO-Object pick-to-basket trajectory; its pose in the composite scene may differ. | Object identity has its own original LIBERO-Object pick-to-basket trajectory; its pose in the composite scene may differ. | Object identity has its own original LIBERO-Object pick-to-basket trajectory; its pose in the composite scene may differ. | Object identity has its own original LIBERO-Object pick-to-basket trajectory; its pose in the composite scene may differ.	7	0	5	0.0	0	composition|a057c2029b41a4edf6117413a040d21e74cf9f15af32f59e0cdb88c1dc833bab|frozenset({in(alphabet_soup_1,basket_1_contain_region),in(butter_1,basket_1_contain_region),in(orange_juice_1,basket_1_contain_region),in(tomato_sauce_1,basket_1_contain_region)})
COMPOSE_075	Compose-350	X1_object_layout_four_to_basket	4	true	false	Put the milk, the tomato sauce, the butter, and the orange juice in the basket one after another.	libero_object	308;306;307;310	pick_up_the_milk_and_place_it_in_the_basket;pick_up_the_tomato_sauce_and_place_it_in_the_basket;pick_up_the_butter_and_place_it_in_the_basket;pick_up_the_orange_juice_and_place_it_in_the_basket	Pick the milk and place it in the basket | Pick the tomato sauce and place it in the basket | Pick the butter and place it in the basket | Pick the orange juice and place it in the basket	in(milk_1, basket_1_contain_region); in(tomato_sauce_1, basket_1_contain_region); in(butter_1, basket_1_contain_region); in(orange_juice_1, basket_1_contain_region)	object4_pick_up_the_cream_cheese_and_place_it_in_the_basket	Novel four-object extension of this exact stock Object layout; all C(6,4) subsets are enumerated. | All corresponding three-object identities were already screened in LiberoComposition and are not repeated. | Object identity has its own original LIBERO-Object pick-to-basket trajectory; its pose in the composite scene may differ. | Object identity has its own original LIBERO-Object pick-to-basket trajectory; its pose in the composite scene may differ. | Object identity has its own original LIBERO-Object pick-to-basket trajectory; its pose in the composite scene may differ. | Object identity has its own original LIBERO-Object pick-to-basket trajectory; its pose in the composite scene may differ.	6	0	5	0.0	0	composition|a057c2029b41a4edf6117413a040d21e74cf9f15af32f59e0cdb88c1dc833bab|frozenset({in(butter_1,basket_1_contain_region),in(milk_1,basket_1_contain_region),in(orange_juice_1,basket_1_contain_region),in(tomato_sauce_1,basket_1_contain_region)})
COMPOSE_076	Compose-350	X1_object_layout_four_to_basket	4	true	false	Put the ketchup, the bbq sauce, the salad dressing, and the alphabet soup in the basket one after another.	libero_object	305;304;303;301	pick_up_the_ketchup_and_place_it_in_the_basket;pick_up_the_bbq_sauce_and_place_it_in_the_basket;pick_up_the_salad_dressing_and_place_it_in_the_basket;pick_up_the_alphabet_soup_and_place_it_in_the_basket	Pick the ketchup and place it in the basket | Pick the bbq sauce and place it in the basket | Pick the salad dressing and place it in the basket | Pick the alphabet soup and place it in the basket	in(ketchup_1, basket_1_contain_region); in(bbq_sauce_1, basket_1_contain_region); in(salad_dressing_1, basket_1_contain_region); in(alphabet_soup_1, basket_1_contain_region)	object4_pick_up_the_ketchup_and_place_it_in_the_basket	Novel four-object extension of this exact stock Object layout; all C(6,4) subsets are enumerated. | All corresponding three-object identities were already screened in LiberoComposition and are not repeated. | Object identity has its own original LIBERO-Object pick-to-basket trajectory; its pose in the composite scene may differ. | Object identity has its own original LIBERO-Object pick-to-basket trajectory; its pose in the composite scene may differ. | Object identity has its own original LIBERO-Object pick-to-basket trajectory; its pose in the composite scene may differ. | Object identity has its own original LIBERO-Object pick-to-basket trajectory; its pose in the composite scene may differ.	7	0	5	0.0	0	composition|974ec90b3aa960a4acd40f0843bdc989e0730bf8eb7f087a75d07e5332b5a9c9|frozenset({in(alphabet_soup_1,basket_1_contain_region),in(bbq_sauce_1,basket_1_contain_region),in(ketchup_1,basket_1_contain_region),in(salad_dressing_1,basket_1_contain_region)})
COMPOSE_077	Compose-350	X1_object_layout_four_to_basket	4	true	false	Put the ketchup, the bbq sauce, the salad dressing, and the cream cheese box in the basket one after another.	libero_object	305;304;303;302	pick_up_the_ketchup_and_place_it_in_the_basket;pick_up_the_bbq_sauce_and_place_it_in_the_basket;pick_up_the_salad_dressing_and_place_it_in_the_basket;pick_up_the_cream_cheese_and_place_it_in_the_basket	Pick the ketchup and place it in the basket | Pick the bbq sauce and place it in the basket | Pick the salad dressing and place it in the basket | Pick the cream cheese and place it in the basket	in(ketchup_1, basket_1_contain_region); in(bbq_sauce_1, basket_1_contain_region); in(salad_dressing_1, basket_1_contain_region); in(cream_cheese_1, basket_1_contain_region)	object4_pick_up_the_ketchup_and_place_it_in_the_basket	Novel four-object extension of this exact stock Object layout; all C(6,4) subsets are enumerated. | All corresponding three-object identities were already screened in LiberoComposition and are not repeated. | Object identity has its own original LIBERO-Object pick-to-basket trajectory; its pose in the composite scene may differ. | Object identity has its own original LIBERO-Object pick-to-basket trajectory; its pose in the composite scene may differ. | Object identity has its own original LIBERO-Object pick-to-basket trajectory; its pose in the composite scene may differ. | Object identity has its own original LIBERO-Object pick-to-basket trajectory; its pose in the composite scene may differ.	6	0	5	0.0	0	composition|974ec90b3aa960a4acd40f0843bdc989e0730bf8eb7f087a75d07e5332b5a9c9|frozenset({in(bbq_sauce_1,basket_1_contain_region),in(cream_cheese_1,basket_1_contain_region),in(ketchup_1,basket_1_contain_region),in(salad_dressing_1,basket_1_contain_region)})
COMPOSE_078	Compose-350	X1_object_layout_four_to_basket	4	true	false	Put the ketchup, the bbq sauce, the salad dressing, and the milk in the basket one after another.	libero_object	305;304;303;308	pick_up_the_ketchup_and_place_it_in_the_basket;pick_up_the_bbq_sauce_and_place_it_in_the_basket;pick_up_the_salad_dressing_and_place_it_in_the_basket;pick_up_the_milk_and_place_it_in_the_basket	Pick the ketchup and place it in the basket | Pick the bbq sauce and place it in the basket | Pick the salad dressing and place it in the basket | Pick the milk and place it in the basket	in(ketchup_1, basket_1_contain_region); in(bbq_sauce_1, basket_1_contain_region); in(salad_dressing_1, basket_1_contain_region); in(milk_1, basket_1_contain_region)	object4_pick_up_the_ketchup_and_place_it_in_the_basket	Novel four-object extension of this exact stock Object layout; all C(6,4) subsets are enumerated. | All corresponding three-object identities were already screened in LiberoComposition and are not repeated. | Object identity has its own original LIBERO-Object pick-to-basket trajectory; its pose in the composite scene may differ. | Object identity has its own original LIBERO-Object pick-to-basket trajectory; its pose in the composite scene may differ. | Object identity has its own original LIBERO-Object pick-to-basket trajectory; its pose in the composite scene may differ. | Object identity has its own original LIBERO-Object pick-to-basket trajectory; its pose in the composite scene may differ.	7	0	5	0.0	0	composition|974ec90b3aa960a4acd40f0843bdc989e0730bf8eb7f087a75d07e5332b5a9c9|frozenset({in(bbq_sauce_1,basket_1_contain_region),in(ketchup_1,basket_1_contain_region),in(milk_1,basket_1_contain_region),in(salad_dressing_1,basket_1_contain_region)})
COMPOSE_079	Compose-350	X1_object_layout_four_to_basket	4	true	false	Put the ketchup, the bbq sauce, the alphabet soup, and the cream cheese box in the basket one after another.	libero_object	305;304;301;302	pick_up_the_ketchup_and_place_it_in_the_basket;pick_up_the_bbq_sauce_and_place_it_in_the_basket;pick_up_the_alphabet_soup_and_place_it_in_the_basket;pick_up_the_cream_cheese_and_place_it_in_the_basket	Pick the ketchup and place it in the basket | Pick the bbq sauce and place it in the basket | Pick the alphabet soup and place it in the basket | Pick the cream cheese and place it in the basket	in(ketchup_1, basket_1_contain_region); in(bbq_sauce_1, basket_1_contain_region); in(alphabet_soup_1, basket_1_contain_region); in(cream_cheese_1, basket_1_contain_region)	object4_pick_up_the_ketchup_and_place_it_in_the_basket	Novel four-object extension of this exact stock Object layout; all C(6,4) subsets are enumerated. | All corresponding three-object identities were already screened in LiberoComposition and are not repeated. | Object identity has its own original LIBERO-Object pick-to-basket trajectory; its pose in the composite scene may differ. | Object identity has its own original LIBERO-Object pick-to-basket trajectory; its pose in the composite scene may differ. | Object identity has its own original LIBERO-Object pick-to-basket trajectory; its pose in the composite scene may differ. | Object identity has its own original LIBERO-Object pick-to-basket trajectory; its pose in the composite scene may differ.	6	0	5	0.0	0	composition|974ec90b3aa960a4acd40f0843bdc989e0730bf8eb7f087a75d07e5332b5a9c9|frozenset({in(alphabet_soup_1,basket_1_contain_region),in(bbq_sauce_1,basket_1_contain_region),in(cream_cheese_1,basket_1_contain_region),in(ketchup_1,basket_1_contain_region)})
COMPOSE_080	Compose-350	X1_object_layout_four_to_basket	4	true	false	Put the ketchup, the bbq sauce, the alphabet soup, and the milk in the basket one after another.	libero_object	305;304;301;308	pick_up_the_ketchup_and_place_it_in_the_basket;pick_up_the_bbq_sauce_and_place_it_in_the_basket;pick_up_the_alphabet_soup_and_place_it_in_the_basket;pick_up_the_milk_and_place_it_in_the_basket	Pick the ketchup and place it in the basket | Pick the bbq sauce and place it in the basket | Pick the alphabet soup and place it in the basket | Pick the milk and place it in the basket	in(ketchup_1, basket_1_contain_region); in(bbq_sauce_1, basket_1_contain_region); in(alphabet_soup_1, basket_1_contain_region); in(milk_1, basket_1_contain_region)	object4_pick_up_the_ketchup_and_place_it_in_the_basket	Novel four-object extension of this exact stock Object layout; all C(6,4) subsets are enumerated. | All corresponding three-object identities were already screened in LiberoComposition and are not repeated. | Object identity has its own original LIBERO-Object pick-to-basket trajectory; its pose in the composite scene may differ. | Object identity has its own original LIBERO-Object pick-to-basket trajectory; its pose in the composite scene may differ. | Object identity has its own original LIBERO-Object pick-to-basket trajectory; its pose in the composite scene may differ. | Object identity has its own original LIBERO-Object pick-to-basket trajectory; its pose in the composite scene may differ.	7	0	5	0.0	0	composition|974ec90b3aa960a4acd40f0843bdc989e0730bf8eb7f087a75d07e5332b5a9c9|frozenset({in(alphabet_soup_1,basket_1_contain_region),in(bbq_sauce_1,basket_1_contain_region),in(ketchup_1,basket_1_contain_region),in(milk_1,basket_1_contain_region)})
COMPOSE_081	Compose-350	X1_object_layout_four_to_basket	4	true	false	Put the ketchup, the bbq sauce, the cream cheese box, and the milk in the basket one after another.	libero_object	305;304;302;308	pick_up_the_ketchup_and_place_it_in_the_basket;pick_up_the_bbq_sauce_and_place_it_in_the_basket;pick_up_the_cream_cheese_and_place_it_in_the_basket;pick_up_the_milk_and_place_it_in_the_basket	Pick the ketchup and place it in the basket | Pick the bbq sauce and place it in the basket | Pick the cream cheese and place it in the basket | Pick the milk and place it in the basket	in(ketchup_1, basket_1_contain_region); in(bbq_sauce_1, basket_1_contain_region); in(cream_cheese_1, basket_1_contain_region); in(milk_1, basket_1_contain_region)	object4_pick_up_the_ketchup_and_place_it_in_the_basket	Novel four-object extension of this exact stock Object layout; all C(6,4) subsets are enumerated. | All corresponding three-object identities were already screened in LiberoComposition and are not repeated. | Object identity has its own original LIBERO-Object pick-to-basket trajectory; its pose in the composite scene may differ. | Object identity has its own original LIBERO-Object pick-to-basket trajectory; its pose in the composite scene may differ. | Object identity has its own original LIBERO-Object pick-to-basket trajectory; its pose in the composite scene may differ. | Object identity has its own original LIBERO-Object pick-to-basket trajectory; its pose in the composite scene may differ.	6	0	5	0.0	0	composition|974ec90b3aa960a4acd40f0843bdc989e0730bf8eb7f087a75d07e5332b5a9c9|frozenset({in(bbq_sauce_1,basket_1_contain_region),in(cream_cheese_1,basket_1_contain_region),in(ketchup_1,basket_1_contain_region),in(milk_1,basket_1_contain_region)})
COMPOSE_082	Compose-350	X1_object_layout_four_to_basket	4	true	false	Put the ketchup, the salad dressing, the alphabet soup, and the cream cheese box in the basket one after another.	libero_object	305;303;301;302	pick_up_the_ketchup_and_place_it_in_the_basket;pick_up_the_salad_dressing_and_place_it_in_the_basket;pick_up_the_alphabet_soup_and_place_it_in_the_basket;pick_up_the_cream_cheese_and_place_it_in_the_basket	Pick the ketchup and place it in the basket | Pick the salad dressing and place it in the basket | Pick the alphabet soup and place it in the basket | Pick the cream cheese and place it in the basket	in(ketchup_1, basket_1_contain_region); in(salad_dressing_1, basket_1_contain_region); in(alphabet_soup_1, basket_1_contain_region); in(cream_cheese_1, basket_1_contain_region)	object4_pick_up_the_ketchup_and_place_it_in_the_basket	Novel four-object extension of this exact stock Object layout; all C(6,4) subsets are enumerated. | All corresponding three-object identities were already screened in LiberoComposition and are not repeated. | Object identity has its own original LIBERO-Object pick-to-basket trajectory; its pose in the composite scene may differ. | Object identity has its own original LIBERO-Object pick-to-basket trajectory; its pose in the composite scene may differ. | Object identity has its own original LIBERO-Object pick-to-basket trajectory; its pose in the composite scene may differ. | Object identity has its own original LIBERO-Object pick-to-basket trajectory; its pose in the composite scene may differ.	7	0	5	0.0	0	composition|974ec90b3aa960a4acd40f0843bdc989e0730bf8eb7f087a75d07e5332b5a9c9|frozenset({in(alphabet_soup_1,basket_1_contain_region),in(cream_cheese_1,basket_1_contain_region),in(ketchup_1,basket_1_contain_region),in(salad_dressing_1,basket_1_contain_region)})
COMPOSE_083	Compose-350	X1_object_layout_four_to_basket	4	true	false	Put the ketchup, the salad dressing, the alphabet soup, and the milk in the basket one after another.	libero_object	305;303;301;308	pick_up_the_ketchup_and_place_it_in_the_basket;pick_up_the_salad_dressing_and_place_it_in_the_basket;pick_up_the_alphabet_soup_and_place_it_in_the_basket;pick_up_the_milk_and_place_it_in_the_basket	Pick the ketchup and place it in the basket | Pick the salad dressing and place it in the basket | Pick the alphabet soup and place it in the basket | Pick the milk and place it in the basket	in(ketchup_1, basket_1_contain_region); in(salad_dressing_1, basket_1_contain_region); in(alphabet_soup_1, basket_1_contain_region); in(milk_1, basket_1_contain_region)	object4_pick_up_the_ketchup_and_place_it_in_the_basket	Novel four-object extension of this exact stock Object layout; all C(6,4) subsets are enumerated. | All corresponding three-object identities were already screened in LiberoComposition and are not repeated. | Object identity has its own original LIBERO-Object pick-to-basket trajectory; its pose in the composite scene may differ. | Object identity has its own original LIBERO-Object pick-to-basket trajectory; its pose in the composite scene may differ. | Object identity has its own original LIBERO-Object pick-to-basket trajectory; its pose in the composite scene may differ. | Object identity has its own original LIBERO-Object pick-to-basket trajectory; its pose in the composite scene may differ.	6	0	5	0.0	0	composition|974ec90b3aa960a4acd40f0843bdc989e0730bf8eb7f087a75d07e5332b5a9c9|frozenset({in(alphabet_soup_1,basket_1_contain_region),in(ketchup_1,basket_1_contain_region),in(milk_1,basket_1_contain_region),in(salad_dressing_1,basket_1_contain_region)})
COMPOSE_084	Compose-350	X1_object_layout_four_to_basket	4	true	false	Put the ketchup, the salad dressing, the cream cheese box, and the milk in the basket one after another.	libero_object	305;303;302;308	pick_up_the_ketchup_and_place_it_in_the_basket;pick_up_the_salad_dressing_and_place_it_in_the_basket;pick_up_the_cream_cheese_and_place_it_in_the_basket;pick_up_the_milk_and_place_it_in_the_basket	Pick the ketchup and place it in the basket | Pick the salad dressing and place it in the basket | Pick the cream cheese and place it in the basket | Pick the milk and place it in the basket	in(ketchup_1, basket_1_contain_region); in(salad_dressing_1, basket_1_contain_region); in(cream_cheese_1, basket_1_contain_region); in(milk_1, basket_1_contain_region)	object4_pick_up_the_ketchup_and_place_it_in_the_basket	Novel four-object extension of this exact stock Object layout; all C(6,4) subsets are enumerated. | All corresponding three-object identities were already screened in LiberoComposition and are not repeated. | Object identity has its own original LIBERO-Object pick-to-basket trajectory; its pose in the composite scene may differ. | Object identity has its own original LIBERO-Object pick-to-basket trajectory; its pose in the composite scene may differ. | Object identity has its own original LIBERO-Object pick-to-basket trajectory; its pose in the composite scene may differ. | Object identity has its own original LIBERO-Object pick-to-basket trajectory; its pose in the composite scene may differ.	7	0	5	0.0	0	composition|974ec90b3aa960a4acd40f0843bdc989e0730bf8eb7f087a75d07e5332b5a9c9|frozenset({in(cream_cheese_1,basket_1_contain_region),in(ketchup_1,basket_1_contain_region),in(milk_1,basket_1_contain_region),in(salad_dressing_1,basket_1_contain_region)})
COMPOSE_085	Compose-350	X1_object_layout_four_to_basket	4	true	false	Put the ketchup, the alphabet soup, the cream cheese box, and the milk in the basket one after another.	libero_object	305;301;302;308	pick_up_the_ketchup_and_place_it_in_the_basket;pick_up_the_alphabet_soup_and_place_it_in_the_basket;pick_up_the_cream_cheese_and_place_it_in_the_basket;pick_up_the_milk_and_place_it_in_the_basket	Pick the ketchup and place it in the basket | Pick the alphabet soup and place it in the basket | Pick the cream cheese and place it in the basket | Pick the milk and place it in the basket	in(ketchup_1, basket_1_contain_region); in(alphabet_soup_1, basket_1_contain_region); in(cream_cheese_1, basket_1_contain_region); in(milk_1, basket_1_contain_region)	object4_pick_up_the_ketchup_and_place_it_in_the_basket	Novel four-object extension of this exact stock Object layout; all C(6,4) subsets are enumerated. | All corresponding three-object identities were already screened in LiberoComposition and are not repeated. | Object identity has its own original LIBERO-Object pick-to-basket trajectory; its pose in the composite scene may differ. | Object identity has its own original LIBERO-Object pick-to-basket trajectory; its pose in the composite scene may differ. | Object identity has its own original LIBERO-Object pick-to-basket trajectory; its pose in the composite scene may differ. | Object identity has its own original LIBERO-Object pick-to-basket trajectory; its pose in the composite scene may differ.	6	0	5	0.0	0	composition|974ec90b3aa960a4acd40f0843bdc989e0730bf8eb7f087a75d07e5332b5a9c9|frozenset({in(alphabet_soup_1,basket_1_contain_region),in(cream_cheese_1,basket_1_contain_region),in(ketchup_1,basket_1_contain_region),in(milk_1,basket_1_contain_region)})
COMPOSE_086	Compose-350	X1_object_layout_four_to_basket	4	true	false	Put the bbq sauce, the salad dressing, the alphabet soup, and the cream cheese box in the basket one after another.	libero_object	304;303;301;302	pick_up_the_bbq_sauce_and_place_it_in_the_basket;pick_up_the_salad_dressing_and_place_it_in_the_basket;pick_up_the_alphabet_soup_and_place_it_in_the_basket;pick_up_the_cream_cheese_and_place_it_in_the_basket	Pick the bbq sauce and place it in the basket | Pick the salad dressing and place it in the basket | Pick the alphabet soup and place it in the basket | Pick the cream cheese and place it in the basket	in(bbq_sauce_1, basket_1_contain_region); in(salad_dressing_1, basket_1_contain_region); in(alphabet_soup_1, basket_1_contain_region); in(cream_cheese_1, basket_1_contain_region)	object4_pick_up_the_ketchup_and_place_it_in_the_basket	Novel four-object extension of this exact stock Object layout; all C(6,4) subsets are enumerated. | All corresponding three-object identities were already screened in LiberoComposition and are not repeated. | Object identity has its own original LIBERO-Object pick-to-basket trajectory; its pose in the composite scene may differ. | Object identity has its own original LIBERO-Object pick-to-basket trajectory; its pose in the composite scene may differ. | Object identity has its own original LIBERO-Object pick-to-basket trajectory; its pose in the composite scene may differ. | Object identity has its own original LIBERO-Object pick-to-basket trajectory; its pose in the composite scene may differ.	7	0	5	0.0	0	composition|974ec90b3aa960a4acd40f0843bdc989e0730bf8eb7f087a75d07e5332b5a9c9|frozenset({in(alphabet_soup_1,basket_1_contain_region),in(bbq_sauce_1,basket_1_contain_region),in(cream_cheese_1,basket_1_contain_region),in(salad_dressing_1,basket_1_contain_region)})
COMPOSE_087	Compose-350	X1_object_layout_four_to_basket	4	true	false	Put the bbq sauce, the salad dressing, the alphabet soup, and the milk in the basket one after another.	libero_object	304;303;301;308	pick_up_the_bbq_sauce_and_place_it_in_the_basket;pick_up_the_salad_dressing_and_place_it_in_the_basket;pick_up_the_alphabet_soup_and_place_it_in_the_basket;pick_up_the_milk_and_place_it_in_the_basket	Pick the bbq sauce and place it in the basket | Pick the salad dressing and place it in the basket | Pick the alphabet soup and place it in the basket | Pick the milk and place it in the basket	in(bbq_sauce_1, basket_1_contain_region); in(salad_dressing_1, basket_1_contain_region); in(alphabet_soup_1, basket_1_contain_region); in(milk_1, basket_1_contain_region)	object4_pick_up_the_ketchup_and_place_it_in_the_basket	Novel four-object extension of this exact stock Object layout; all C(6,4) subsets are enumerated. | All corresponding three-object identities were already screened in LiberoComposition and are not repeated. | Object identity has its own original LIBERO-Object pick-to-basket trajectory; its pose in the composite scene may differ. | Object identity has its own original LIBERO-Object pick-to-basket trajectory; its pose in the composite scene may differ. | Object identity has its own original LIBERO-Object pick-to-basket trajectory; its pose in the composite scene may differ. | Object identity has its own original LIBERO-Object pick-to-basket trajectory; its pose in the composite scene may differ.	6	0	5	0.0	0	composition|974ec90b3aa960a4acd40f0843bdc989e0730bf8eb7f087a75d07e5332b5a9c9|frozenset({in(alphabet_soup_1,basket_1_contain_region),in(bbq_sauce_1,basket_1_contain_region),in(milk_1,basket_1_contain_region),in(salad_dressing_1,basket_1_contain_region)})
COMPOSE_088	Compose-350	X1_object_layout_four_to_basket	4	true	false	Put the bbq sauce, the salad dressing, the cream cheese box, and the milk in the basket one after another.	libero_object	304;303;302;308	pick_up_the_bbq_sauce_and_place_it_in_the_basket;pick_up_the_salad_dressing_and_place_it_in_the_basket;pick_up_the_cream_cheese_and_place_it_in_the_basket;pick_up_the_milk_and_place_it_in_the_basket	Pick the bbq sauce and place it in the basket | Pick the salad dressing and place it in the basket | Pick the cream cheese and place it in the basket | Pick the milk and place it in the basket	in(bbq_sauce_1, basket_1_contain_region); in(salad_dressing_1, basket_1_contain_region); in(cream_cheese_1, basket_1_contain_region); in(milk_1, basket_1_contain_region)	object4_pick_up_the_ketchup_and_place_it_in_the_basket	Novel four-object extension of this exact stock Object layout; all C(6,4) subsets are enumerated. | All corresponding three-object identities were already screened in LiberoComposition and are not repeated. | Object identity has its own original LIBERO-Object pick-to-basket trajectory; its pose in the composite scene may differ. | Object identity has its own original LIBERO-Object pick-to-basket trajectory; its pose in the composite scene may differ. | Object identity has its own original LIBERO-Object pick-to-basket trajectory; its pose in the composite scene may differ. | Object identity has its own original LIBERO-Object pick-to-basket trajectory; its pose in the composite scene may differ.	7	0	5	0.0	0	composition|974ec90b3aa960a4acd40f0843bdc989e0730bf8eb7f087a75d07e5332b5a9c9|frozenset({in(bbq_sauce_1,basket_1_contain_region),in(cream_cheese_1,basket_1_contain_region),in(milk_1,basket_1_contain_region),in(salad_dressing_1,basket_1_contain_region)})
COMPOSE_089	Compose-350	X1_object_layout_four_to_basket	4	true	false	Put the bbq sauce, the alphabet soup, the cream cheese box, and the milk in the basket one after another.	libero_object	304;301;302;308	pick_up_the_bbq_sauce_and_place_it_in_the_basket;pick_up_the_alphabet_soup_and_place_it_in_the_basket;pick_up_the_cream_cheese_and_place_it_in_the_basket;pick_up_the_milk_and_place_it_in_the_basket	Pick the bbq sauce and place it in the basket | Pick the alphabet soup and place it in the basket | Pick the cream cheese and place it in the basket | Pick the milk and place it in the basket	in(bbq_sauce_1, basket_1_contain_region); in(alphabet_soup_1, basket_1_contain_region); in(cream_cheese_1, basket_1_contain_region); in(milk_1, basket_1_contain_region)	object4_pick_up_the_ketchup_and_place_it_in_the_basket	Novel four-object extension of this exact stock Object layout; all C(6,4) subsets are enumerated. | All corresponding three-object identities were already screened in LiberoComposition and are not repeated. | Object identity has its own original LIBERO-Object pick-to-basket trajectory; its pose in the composite scene may differ. | Object identity has its own original LIBERO-Object pick-to-basket trajectory; its pose in the composite scene may differ. | Object identity has its own original LIBERO-Object pick-to-basket trajectory; its pose in the composite scene may differ. | Object identity has its own original LIBERO-Object pick-to-basket trajectory; its pose in the composite scene may differ.	6	0	5	0.0	0	composition|974ec90b3aa960a4acd40f0843bdc989e0730bf8eb7f087a75d07e5332b5a9c9|frozenset({in(alphabet_soup_1,basket_1_contain_region),in(bbq_sauce_1,basket_1_contain_region),in(cream_cheese_1,basket_1_contain_region),in(milk_1,basket_1_contain_region)})
COMPOSE_090	Compose-350	X1_object_layout_four_to_basket	4	true	false	Put the salad dressing, the alphabet soup, the cream cheese box, and the milk in the basket one after another.	libero_object	303;301;302;308	pick_up_the_salad_dressing_and_place_it_in_the_basket;pick_up_the_alphabet_soup_and_place_it_in_the_basket;pick_up_the_cream_cheese_and_place_it_in_the_basket;pick_up_the_milk_and_place_it_in_the_basket	Pick the salad dressing and place it in the basket | Pick the alphabet soup and place it in the basket | Pick the cream cheese and place it in the basket | Pick the milk and place it in the basket	in(salad_dressing_1, basket_1_contain_region); in(alphabet_soup_1, basket_1_contain_region); in(cream_cheese_1, basket_1_contain_region); in(milk_1, basket_1_contain_region)	object4_pick_up_the_ketchup_and_place_it_in_the_basket	Novel four-object extension of this exact stock Object layout; all C(6,4) subsets are enumerated. | All corresponding three-object identities were already screened in LiberoComposition and are not repeated. | Object identity has its own original LIBERO-Object pick-to-basket trajectory; its pose in the composite scene may differ. | Object identity has its own original LIBERO-Object pick-to-basket trajectory; its pose in the composite scene may differ. | Object identity has its own original LIBERO-Object pick-to-basket trajectory; its pose in the composite scene may differ. | Object identity has its own original LIBERO-Object pick-to-basket trajectory; its pose in the composite scene may differ.	7	0	5	0.0	0	composition|974ec90b3aa960a4acd40f0843bdc989e0730bf8eb7f087a75d07e5332b5a9c9|frozenset({in(alphabet_soup_1,basket_1_contain_region),in(cream_cheese_1,basket_1_contain_region),in(milk_1,basket_1_contain_region),in(salad_dressing_1,basket_1_contain_region)})
COMPOSE_091	Compose-350	X1_object_layout_four_to_basket	4	true	false	Put the milk, the cream cheese box, the tomato sauce, and the butter in the basket one after another.	libero_object	308;302;306;307	pick_up_the_milk_and_place_it_in_the_basket;pick_up_the_cream_cheese_and_place_it_in_the_basket;pick_up_the_tomato_sauce_and_place_it_in_the_basket;pick_up_the_butter_and_place_it_in_the_basket	Pick the milk and place it in the basket | Pick the cream cheese and place it in the basket | Pick the tomato sauce and place it in the basket | Pick the butter and place it in the basket	in(milk_1, basket_1_contain_region); in(cream_cheese_1, basket_1_contain_region); in(tomato_sauce_1, basket_1_contain_region); in(butter_1, basket_1_contain_region)	object4_pick_up_the_milk_and_place_it_in_the_basket	Novel four-object extension of this exact stock Object layout; all C(6,4) subsets are enumerated. | All corresponding three-object identities were already screened in LiberoComposition and are not repeated. | Object identity has its own original LIBERO-Object pick-to-basket trajectory; its pose in the composite scene may differ. | Object identity has its own original LIBERO-Object pick-to-basket trajectory; its pose in the composite scene may differ. | Object identity has its own original LIBERO-Object pick-to-basket trajectory; its pose in the composite scene may differ. | Object identity has its own original LIBERO-Object pick-to-basket trajectory; its pose in the composite scene may differ.	6	0	5	0.0	0	composition|7ba9d10e19350f9437b0f4a1a731b59d62e13a2cbbb5e813673656da0d2f6b1e|frozenset({in(butter_1,basket_1_contain_region),in(cream_cheese_1,basket_1_contain_region),in(milk_1,basket_1_contain_region),in(tomato_sauce_1,basket_1_contain_region)})
COMPOSE_092	Compose-350	X1_object_layout_four_to_basket	4	true	false	Put the milk, the cream cheese box, the tomato sauce, and the orange juice in the basket one after another.	libero_object	308;302;306;310	pick_up_the_milk_and_place_it_in_the_basket;pick_up_the_cream_cheese_and_place_it_in_the_basket;pick_up_the_tomato_sauce_and_place_it_in_the_basket;pick_up_the_orange_juice_and_place_it_in_the_basket	Pick the milk and place it in the basket | Pick the cream cheese and place it in the basket | Pick the tomato sauce and place it in the basket | Pick the orange juice and place it in the basket	in(milk_1, basket_1_contain_region); in(cream_cheese_1, basket_1_contain_region); in(tomato_sauce_1, basket_1_contain_region); in(orange_juice_1, basket_1_contain_region)	object4_pick_up_the_milk_and_place_it_in_the_basket	Novel four-object extension of this exact stock Object layout; all C(6,4) subsets are enumerated. | All corresponding three-object identities were already screened in LiberoComposition and are not repeated. | Object identity has its own original LIBERO-Object pick-to-basket trajectory; its pose in the composite scene may differ. | Object identity has its own original LIBERO-Object pick-to-basket trajectory; its pose in the composite scene may differ. | Object identity has its own original LIBERO-Object pick-to-basket trajectory; its pose in the composite scene may differ. | Object identity has its own original LIBERO-Object pick-to-basket trajectory; its pose in the composite scene may differ.	7	0	5	0.0	0	composition|7ba9d10e19350f9437b0f4a1a731b59d62e13a2cbbb5e813673656da0d2f6b1e|frozenset({in(cream_cheese_1,basket_1_contain_region),in(milk_1,basket_1_contain_region),in(orange_juice_1,basket_1_contain_region),in(tomato_sauce_1,basket_1_contain_region)})
COMPOSE_093	Compose-350	X1_object_layout_four_to_basket	4	true	false	Put the milk, the cream cheese box, the tomato sauce, and the chocolate pudding in the basket one after another.	libero_object	308;302;306;309	pick_up_the_milk_and_place_it_in_the_basket;pick_up_the_cream_cheese_and_place_it_in_the_basket;pick_up_the_tomato_sauce_and_place_it_in_the_basket;pick_up_the_chocolate_pudding_and_place_it_in_the_basket	Pick the milk and place it in the basket | Pick the cream cheese and place it in the basket | Pick the tomato sauce and place it in the basket | Pick the chocolate pudding and place it in the basket	in(milk_1, basket_1_contain_region); in(cream_cheese_1, basket_1_contain_region); in(tomato_sauce_1, basket_1_contain_region); in(chocolate_pudding_1, basket_1_contain_region)	object4_pick_up_the_milk_and_place_it_in_the_basket	Novel four-object extension of this exact stock Object layout; all C(6,4) subsets are enumerated. | All corresponding three-object identities were already screened in LiberoComposition and are not repeated. | Object identity has its own original LIBERO-Object pick-to-basket trajectory; its pose in the composite scene may differ. | Object identity has its own original LIBERO-Object pick-to-basket trajectory; its pose in the composite scene may differ. | Object identity has its own original LIBERO-Object pick-to-basket trajectory; its pose in the composite scene may differ. | Object identity has its own original LIBERO-Object pick-to-basket trajectory; its pose in the composite scene may differ.	6	0	5	0.0	0	composition|7ba9d10e19350f9437b0f4a1a731b59d62e13a2cbbb5e813673656da0d2f6b1e|frozenset({in(chocolate_pudding_1,basket_1_contain_region),in(cream_cheese_1,basket_1_contain_region),in(milk_1,basket_1_contain_region),in(tomato_sauce_1,basket_1_contain_region)})
COMPOSE_094	Compose-350	X1_object_layout_four_to_basket	4	true	false	Put the milk, the cream cheese box, the butter, and the orange juice in the basket one after another.	libero_object	308;302;307;310	pick_up_the_milk_and_place_it_in_the_basket;pick_up_the_cream_cheese_and_place_it_in_the_basket;pick_up_the_butter_and_place_it_in_the_basket;pick_up_the_orange_juice_and_place_it_in_the_basket	Pick the milk and place it in the basket | Pick the cream cheese and place it in the basket | Pick the butter and place it in the basket | Pick the orange juice and place it in the basket	in(milk_1, basket_1_contain_region); in(cream_cheese_1, basket_1_contain_region); in(butter_1, basket_1_contain_region); in(orange_juice_1, basket_1_contain_region)	object4_pick_up_the_milk_and_place_it_in_the_basket	Novel four-object extension of this exact stock Object layout; all C(6,4) subsets are enumerated. | All corresponding three-object identities were already screened in LiberoComposition and are not repeated. | Object identity has its own original LIBERO-Object pick-to-basket trajectory; its pose in the composite scene may differ. | Object identity has its own original LIBERO-Object pick-to-basket trajectory; its pose in the composite scene may differ. | Object identity has its own original LIBERO-Object pick-to-basket trajectory; its pose in the composite scene may differ. | Object identity has its own original LIBERO-Object pick-to-basket trajectory; its pose in the composite scene may differ.	7	0	5	0.0	0	composition|7ba9d10e19350f9437b0f4a1a731b59d62e13a2cbbb5e813673656da0d2f6b1e|frozenset({in(butter_1,basket_1_contain_region),in(cream_cheese_1,basket_1_contain_region),in(milk_1,basket_1_contain_region),in(orange_juice_1,basket_1_contain_region)})
COMPOSE_095	Compose-350	X1_object_layout_four_to_basket	4	true	false	Put the milk, the cream cheese box, the butter, and the chocolate pudding in the basket one after another.	libero_object	308;302;307;309	pick_up_the_milk_and_place_it_in_the_basket;pick_up_the_cream_cheese_and_place_it_in_the_basket;pick_up_the_butter_and_place_it_in_the_basket;pick_up_the_chocolate_pudding_and_place_it_in_the_basket	Pick the milk and place it in the basket | Pick the cream cheese and place it in the basket | Pick the butter and place it in the basket | Pick the chocolate pudding and place it in the basket	in(milk_1, basket_1_contain_region); in(cream_cheese_1, basket_1_contain_region); in(butter_1, basket_1_contain_region); in(chocolate_pudding_1, basket_1_contain_region)	object4_pick_up_the_milk_and_place_it_in_the_basket	Novel four-object extension of this exact stock Object layout; all C(6,4) subsets are enumerated. | All corresponding three-object identities were already screened in LiberoComposition and are not repeated. | Object identity has its own original LIBERO-Object pick-to-basket trajectory; its pose in the composite scene may differ. | Object identity has its own original LIBERO-Object pick-to-basket trajectory; its pose in the composite scene may differ. | Object identity has its own original LIBERO-Object pick-to-basket trajectory; its pose in the composite scene may differ. | Object identity has its own original LIBERO-Object pick-to-basket trajectory; its pose in the composite scene may differ.	6	0	5	0.0	0	composition|7ba9d10e19350f9437b0f4a1a731b59d62e13a2cbbb5e813673656da0d2f6b1e|frozenset({in(butter_1,basket_1_contain_region),in(chocolate_pudding_1,basket_1_contain_region),in(cream_cheese_1,basket_1_contain_region),in(milk_1,basket_1_contain_region)})
COMPOSE_096	Compose-350	X1_object_layout_four_to_basket	4	true	false	Put the milk, the cream cheese box, the orange juice, and the chocolate pudding in the basket one after another.	libero_object	308;302;310;309	pick_up_the_milk_and_place_it_in_the_basket;pick_up_the_cream_cheese_and_place_it_in_the_basket;pick_up_the_orange_juice_and_place_it_in_the_basket;pick_up_the_chocolate_pudding_and_place_it_in_the_basket	Pick the milk and place it in the basket | Pick the cream cheese and place it in the basket | Pick the orange juice and place it in the basket | Pick the chocolate pudding and place it in the basket	in(milk_1, basket_1_contain_region); in(cream_cheese_1, basket_1_contain_region); in(orange_juice_1, basket_1_contain_region); in(chocolate_pudding_1, basket_1_contain_region)	object4_pick_up_the_milk_and_place_it_in_the_basket	Novel four-object extension of this exact stock Object layout; all C(6,4) subsets are enumerated. | All corresponding three-object identities were already screened in LiberoComposition and are not repeated. | Object identity has its own original LIBERO-Object pick-to-basket trajectory; its pose in the composite scene may differ. | Object identity has its own original LIBERO-Object pick-to-basket trajectory; its pose in the composite scene may differ. | Object identity has its own original LIBERO-Object pick-to-basket trajectory; its pose in the composite scene may differ. | Object identity has its own original LIBERO-Object pick-to-basket trajectory; its pose in the composite scene may differ.	7	0	5	0.0	0	composition|7ba9d10e19350f9437b0f4a1a731b59d62e13a2cbbb5e813673656da0d2f6b1e|frozenset({in(chocolate_pudding_1,basket_1_contain_region),in(cream_cheese_1,basket_1_contain_region),in(milk_1,basket_1_contain_region),in(orange_juice_1,basket_1_contain_region)})
COMPOSE_097	Compose-350	X1_object_layout_four_to_basket	4	true	false	Put the milk, the tomato sauce, the butter, and the orange juice in the basket one after another.	libero_object	308;306;307;310	pick_up_the_milk_and_place_it_in_the_basket;pick_up_the_tomato_sauce_and_place_it_in_the_basket;pick_up_the_butter_and_place_it_in_the_basket;pick_up_the_orange_juice_and_place_it_in_the_basket	Pick the milk and place it in the basket | Pick the tomato sauce and place it in the basket | Pick the butter and place it in the basket | Pick the orange juice and place it in the basket	in(milk_1, basket_1_contain_region); in(tomato_sauce_1, basket_1_contain_region); in(butter_1, basket_1_contain_region); in(orange_juice_1, basket_1_contain_region)	object4_pick_up_the_milk_and_place_it_in_the_basket	Novel four-object extension of this exact stock Object layout; all C(6,4) subsets are enumerated. | All corresponding three-object identities were already screened in LiberoComposition and are not repeated. | Object identity has its own original LIBERO-Object pick-to-basket trajectory; its pose in the composite scene may differ. | Object identity has its own original LIBERO-Object pick-to-basket trajectory; its pose in the composite scene may differ. | Object identity has its own original LIBERO-Object pick-to-basket trajectory; its pose in the composite scene may differ. | Object identity has its own original LIBERO-Object pick-to-basket trajectory; its pose in the composite scene may differ.	6	0	5	0.0	0	composition|7ba9d10e19350f9437b0f4a1a731b59d62e13a2cbbb5e813673656da0d2f6b1e|frozenset({in(butter_1,basket_1_contain_region),in(milk_1,basket_1_contain_region),in(orange_juice_1,basket_1_contain_region),in(tomato_sauce_1,basket_1_contain_region)})
COMPOSE_098	Compose-350	X1_object_layout_four_to_basket	4	true	false	Put the milk, the tomato sauce, the butter, and the chocolate pudding in the basket one after another.	libero_object	308;306;307;309	pick_up_the_milk_and_place_it_in_the_basket;pick_up_the_tomato_sauce_and_place_it_in_the_basket;pick_up_the_butter_and_place_it_in_the_basket;pick_up_the_chocolate_pudding_and_place_it_in_the_basket	Pick the milk and place it in the basket | Pick the tomato sauce and place it in the basket | Pick the butter and place it in the basket | Pick the chocolate pudding and place it in the basket	in(milk_1, basket_1_contain_region); in(tomato_sauce_1, basket_1_contain_region); in(butter_1, basket_1_contain_region); in(chocolate_pudding_1, basket_1_contain_region)	object4_pick_up_the_milk_and_place_it_in_the_basket	Novel four-object extension of this exact stock Object layout; all C(6,4) subsets are enumerated. | All corresponding three-object identities were already screened in LiberoComposition and are not repeated. | Object identity has its own original LIBERO-Object pick-to-basket trajectory; its pose in the composite scene may differ. | Object identity has its own original LIBERO-Object pick-to-basket trajectory; its pose in the composite scene may differ. | Object identity has its own original LIBERO-Object pick-to-basket trajectory; its pose in the composite scene may differ. | Object identity has its own original LIBERO-Object pick-to-basket trajectory; its pose in the composite scene may differ.	7	0	5	0.0	0	composition|7ba9d10e19350f9437b0f4a1a731b59d62e13a2cbbb5e813673656da0d2f6b1e|frozenset({in(butter_1,basket_1_contain_region),in(chocolate_pudding_1,basket_1_contain_region),in(milk_1,basket_1_contain_region),in(tomato_sauce_1,basket_1_contain_region)})
COMPOSE_099	Compose-350	X1_object_layout_four_to_basket	4	true	false	Put the milk, the tomato sauce, the orange juice, and the chocolate pudding in the basket one after another.	libero_object	308;306;310;309	pick_up_the_milk_and_place_it_in_the_basket;pick_up_the_tomato_sauce_and_place_it_in_the_basket;pick_up_the_orange_juice_and_place_it_in_the_basket;pick_up_the_chocolate_pudding_and_place_it_in_the_basket	Pick the milk and place it in the basket | Pick the tomato sauce and place it in the basket | Pick the orange juice and place it in the basket | Pick the chocolate pudding and place it in the basket	in(milk_1, basket_1_contain_region); in(tomato_sauce_1, basket_1_contain_region); in(orange_juice_1, basket_1_contain_region); in(chocolate_pudding_1, basket_1_contain_region)	object4_pick_up_the_milk_and_place_it_in_the_basket	Novel four-object extension of this exact stock Object layout; all C(6,4) subsets are enumerated. | All corresponding three-object identities were already screened in LiberoComposition and are not repeated. | Object identity has its own original LIBERO-Object pick-to-basket trajectory; its pose in the composite scene may differ. | Object identity has its own original LIBERO-Object pick-to-basket trajectory; its pose in the composite scene may differ. | Object identity has its own original LIBERO-Object pick-to-basket trajectory; its pose in the composite scene may differ. | Object identity has its own original LIBERO-Object pick-to-basket trajectory; its pose in the composite scene may differ.	6	0	5	0.0	0	composition|7ba9d10e19350f9437b0f4a1a731b59d62e13a2cbbb5e813673656da0d2f6b1e|frozenset({in(chocolate_pudding_1,basket_1_contain_region),in(milk_1,basket_1_contain_region),in(orange_juice_1,basket_1_contain_region),in(tomato_sauce_1,basket_1_contain_region)})
COMPOSE_100	Compose-350	X1_object_layout_four_to_basket	4	true	false	Put the milk, the butter, the orange juice, and the chocolate pudding in the basket one after another.	libero_object	308;307;310;309	pick_up_the_milk_and_place_it_in_the_basket;pick_up_the_butter_and_place_it_in_the_basket;pick_up_the_orange_juice_and_place_it_in_the_basket;pick_up_the_chocolate_pudding_and_place_it_in_the_basket	Pick the milk and place it in the basket | Pick the butter and place it in the basket | Pick the orange juice and place it in the basket | Pick the chocolate pudding and place it in the basket	in(milk_1, basket_1_contain_region); in(butter_1, basket_1_contain_region); in(orange_juice_1, basket_1_contain_region); in(chocolate_pudding_1, basket_1_contain_region)	object4_pick_up_the_milk_and_place_it_in_the_basket	Novel four-object extension of this exact stock Object layout; all C(6,4) subsets are enumerated. | All corresponding three-object identities were already screened in LiberoComposition and are not repeated. | Object identity has its own original LIBERO-Object pick-to-basket trajectory; its pose in the composite scene may differ. | Object identity has its own original LIBERO-Object pick-to-basket trajectory; its pose in the composite scene may differ. | Object identity has its own original LIBERO-Object pick-to-basket trajectory; its pose in the composite scene may differ. | Object identity has its own original LIBERO-Object pick-to-basket trajectory; its pose in the composite scene may differ.	7	0	5	0.0	0	composition|7ba9d10e19350f9437b0f4a1a731b59d62e13a2cbbb5e813673656da0d2f6b1e|frozenset({in(butter_1,basket_1_contain_region),in(chocolate_pudding_1,basket_1_contain_region),in(milk_1,basket_1_contain_region),in(orange_juice_1,basket_1_contain_region)})
COMPOSE_101	Compose-350	X1_object_layout_four_to_basket	4	true	false	Put the cream cheese box, the tomato sauce, the butter, and the orange juice in the basket one after another.	libero_object	302;306;307;310	pick_up_the_cream_cheese_and_place_it_in_the_basket;pick_up_the_tomato_sauce_and_place_it_in_the_basket;pick_up_the_butter_and_place_it_in_the_basket;pick_up_the_orange_juice_and_place_it_in_the_basket	Pick the cream cheese and place it in the basket | Pick the tomato sauce and place it in the basket | Pick the butter and place it in the basket | Pick the orange juice and place it in the basket	in(cream_cheese_1, basket_1_contain_region); in(tomato_sauce_1, basket_1_contain_region); in(butter_1, basket_1_contain_region); in(orange_juice_1, basket_1_contain_region)	object4_pick_up_the_milk_and_place_it_in_the_basket	Novel four-object extension of this exact stock Object layout; all C(6,4) subsets are enumerated. | All corresponding three-object identities were already screened in LiberoComposition and are not repeated. | Object identity has its own original LIBERO-Object pick-to-basket trajectory; its pose in the composite scene may differ. | Object identity has its own original LIBERO-Object pick-to-basket trajectory; its pose in the composite scene may differ. | Object identity has its own original LIBERO-Object pick-to-basket trajectory; its pose in the composite scene may differ. | Object identity has its own original LIBERO-Object pick-to-basket trajectory; its pose in the composite scene may differ.	6	0	5	0.0	0	composition|7ba9d10e19350f9437b0f4a1a731b59d62e13a2cbbb5e813673656da0d2f6b1e|frozenset({in(butter_1,basket_1_contain_region),in(cream_cheese_1,basket_1_contain_region),in(orange_juice_1,basket_1_contain_region),in(tomato_sauce_1,basket_1_contain_region)})
COMPOSE_102	Compose-350	X1_object_layout_four_to_basket	4	true	false	Put the cream cheese box, the tomato sauce, the butter, and the chocolate pudding in the basket one after another.	libero_object	302;306;307;309	pick_up_the_cream_cheese_and_place_it_in_the_basket;pick_up_the_tomato_sauce_and_place_it_in_the_basket;pick_up_the_butter_and_place_it_in_the_basket;pick_up_the_chocolate_pudding_and_place_it_in_the_basket	Pick the cream cheese and place it in the basket | Pick the tomato sauce and place it in the basket | Pick the butter and place it in the basket | Pick the chocolate pudding and place it in the basket	in(cream_cheese_1, basket_1_contain_region); in(tomato_sauce_1, basket_1_contain_region); in(butter_1, basket_1_contain_region); in(chocolate_pudding_1, basket_1_contain_region)	object4_pick_up_the_milk_and_place_it_in_the_basket	Novel four-object extension of this exact stock Object layout; all C(6,4) subsets are enumerated. | All corresponding three-object identities were already screened in LiberoComposition and are not repeated. | Object identity has its own original LIBERO-Object pick-to-basket trajectory; its pose in the composite scene may differ. | Object identity has its own original LIBERO-Object pick-to-basket trajectory; its pose in the composite scene may differ. | Object identity has its own original LIBERO-Object pick-to-basket trajectory; its pose in the composite scene may differ. | Object identity has its own original LIBERO-Object pick-to-basket trajectory; its pose in the composite scene may differ.	7	0	5	0.0	0	composition|7ba9d10e19350f9437b0f4a1a731b59d62e13a2cbbb5e813673656da0d2f6b1e|frozenset({in(butter_1,basket_1_contain_region),in(chocolate_pudding_1,basket_1_contain_region),in(cream_cheese_1,basket_1_contain_region),in(tomato_sauce_1,basket_1_contain_region)})
COMPOSE_103	Compose-350	X1_object_layout_four_to_basket	4	true	false	Put the cream cheese box, the tomato sauce, the orange juice, and the chocolate pudding in the basket one after another.	libero_object	302;306;310;309	pick_up_the_cream_cheese_and_place_it_in_the_basket;pick_up_the_tomato_sauce_and_place_it_in_the_basket;pick_up_the_orange_juice_and_place_it_in_the_basket;pick_up_the_chocolate_pudding_and_place_it_in_the_basket	Pick the cream cheese and place it in the basket | Pick the tomato sauce and place it in the basket | Pick the orange juice and place it in the basket | Pick the chocolate pudding and place it in the basket	in(cream_cheese_1, basket_1_contain_region); in(tomato_sauce_1, basket_1_contain_region); in(orange_juice_1, basket_1_contain_region); in(chocolate_pudding_1, basket_1_contain_region)	object4_pick_up_the_milk_and_place_it_in_the_basket	Novel four-object extension of this exact stock Object layout; all C(6,4) subsets are enumerated. | All corresponding three-object identities were already screened in LiberoComposition and are not repeated. | Object identity has its own original LIBERO-Object pick-to-basket trajectory; its pose in the composite scene may differ. | Object identity has its own original LIBERO-Object pick-to-basket trajectory; its pose in the composite scene may differ. | Object identity has its own original LIBERO-Object pick-to-basket trajectory; its pose in the composite scene may differ. | Object identity has its own original LIBERO-Object pick-to-basket trajectory; its pose in the composite scene may differ.	6	0	5	0.0	0	composition|7ba9d10e19350f9437b0f4a1a731b59d62e13a2cbbb5e813673656da0d2f6b1e|frozenset({in(chocolate_pudding_1,basket_1_contain_region),in(cream_cheese_1,basket_1_contain_region),in(orange_juice_1,basket_1_contain_region),in(tomato_sauce_1,basket_1_contain_region)})
COMPOSE_104	Compose-350	X1_object_layout_four_to_basket	4	true	false	Put the cream cheese box, the butter, the orange juice, and the chocolate pudding in the basket one after another.	libero_object	302;307;310;309	pick_up_the_cream_cheese_and_place_it_in_the_basket;pick_up_the_butter_and_place_it_in_the_basket;pick_up_the_orange_juice_and_place_it_in_the_basket;pick_up_the_chocolate_pudding_and_place_it_in_the_basket	Pick the cream cheese and place it in the basket | Pick the butter and place it in the basket | Pick the orange juice and place it in the basket | Pick the chocolate pudding and place it in the basket	in(cream_cheese_1, basket_1_contain_region); in(butter_1, basket_1_contain_region); in(orange_juice_1, basket_1_contain_region); in(chocolate_pudding_1, basket_1_contain_region)	object4_pick_up_the_milk_and_place_it_in_the_basket	Novel four-object extension of this exact stock Object layout; all C(6,4) subsets are enumerated. | All corresponding three-object identities were already screened in LiberoComposition and are not repeated. | Object identity has its own original LIBERO-Object pick-to-basket trajectory; its pose in the composite scene may differ. | Object identity has its own original LIBERO-Object pick-to-basket trajectory; its pose in the composite scene may differ. | Object identity has its own original LIBERO-Object pick-to-basket trajectory; its pose in the composite scene may differ. | Object identity has its own original LIBERO-Object pick-to-basket trajectory; its pose in the composite scene may differ.	7	0	5	0.0	0	composition|7ba9d10e19350f9437b0f4a1a731b59d62e13a2cbbb5e813673656da0d2f6b1e|frozenset({in(butter_1,basket_1_contain_region),in(chocolate_pudding_1,basket_1_contain_region),in(cream_cheese_1,basket_1_contain_region),in(orange_juice_1,basket_1_contain_region)})
COMPOSE_105	Compose-350	X1_object_layout_four_to_basket	4	true	false	Put the tomato sauce, the butter, the orange juice, and the chocolate pudding in the basket one after another.	libero_object	306;307;310;309	pick_up_the_tomato_sauce_and_place_it_in_the_basket;pick_up_the_butter_and_place_it_in_the_basket;pick_up_the_orange_juice_and_place_it_in_the_basket;pick_up_the_chocolate_pudding_and_place_it_in_the_basket	Pick the tomato sauce and place it in the basket | Pick the butter and place it in the basket | Pick the orange juice and place it in the basket | Pick the chocolate pudding and place it in the basket	in(tomato_sauce_1, basket_1_contain_region); in(butter_1, basket_1_contain_region); in(orange_juice_1, basket_1_contain_region); in(chocolate_pudding_1, basket_1_contain_region)	object4_pick_up_the_milk_and_place_it_in_the_basket	Novel four-object extension of this exact stock Object layout; all C(6,4) subsets are enumerated. | All corresponding three-object identities were already screened in LiberoComposition and are not repeated. | Object identity has its own original LIBERO-Object pick-to-basket trajectory; its pose in the composite scene may differ. | Object identity has its own original LIBERO-Object pick-to-basket trajectory; its pose in the composite scene may differ. | Object identity has its own original LIBERO-Object pick-to-basket trajectory; its pose in the composite scene may differ. | Object identity has its own original LIBERO-Object pick-to-basket trajectory; its pose in the composite scene may differ.	6	0	5	0.0	0	composition|7ba9d10e19350f9437b0f4a1a731b59d62e13a2cbbb5e813673656da0d2f6b1e|frozenset({in(butter_1,basket_1_contain_region),in(chocolate_pudding_1,basket_1_contain_region),in(orange_juice_1,basket_1_contain_region),in(tomato_sauce_1,basket_1_contain_region)})
COMPOSE_106	Compose-350	X1_object_layout_four_to_basket	4	true	false	Put the orange juice, the butter, the chocolate pudding, and the bbq sauce in the basket one after another.	libero_object	310;307;309;304	pick_up_the_orange_juice_and_place_it_in_the_basket;pick_up_the_butter_and_place_it_in_the_basket;pick_up_the_chocolate_pudding_and_place_it_in_the_basket;pick_up_the_bbq_sauce_and_place_it_in_the_basket	Pick the orange juice and place it in the basket | Pick the butter and place it in the basket | Pick the chocolate pudding and place it in the basket | Pick the bbq sauce and place it in the basket	in(orange_juice_1, basket_1_contain_region); in(butter_1, basket_1_contain_region); in(chocolate_pudding_1, basket_1_contain_region); in(bbq_sauce_1, basket_1_contain_region)	object4_pick_up_the_orange_juice_and_place_it_in_the_basket	Novel four-object extension of this exact stock Object layout; all C(6,4) subsets are enumerated. | All corresponding three-object identities were already screened in LiberoComposition and are not repeated. | Object identity has its own original LIBERO-Object pick-to-basket trajectory; its pose in the composite scene may differ. | Object identity has its own original LIBERO-Object pick-to-basket trajectory; its pose in the composite scene may differ. | Object identity has its own original LIBERO-Object pick-to-basket trajectory; its pose in the composite scene may differ. | Object identity has its own original LIBERO-Object pick-to-basket trajectory; its pose in the composite scene may differ.	7	0	5	0.0	0	composition|9b8a6f3cdd303f7edc9b85b6c38e6ef74de552334759fcdb99b30619da30c04c|frozenset({in(bbq_sauce_1,basket_1_contain_region),in(butter_1,basket_1_contain_region),in(chocolate_pudding_1,basket_1_contain_region),in(orange_juice_1,basket_1_contain_region)})
COMPOSE_107	Compose-350	X1_object_layout_four_to_basket	4	true	false	Put the orange juice, the butter, the chocolate pudding, and the ketchup in the basket one after another.	libero_object	310;307;309;305	pick_up_the_orange_juice_and_place_it_in_the_basket;pick_up_the_butter_and_place_it_in_the_basket;pick_up_the_chocolate_pudding_and_place_it_in_the_basket;pick_up_the_ketchup_and_place_it_in_the_basket	Pick the orange juice and place it in the basket | Pick the butter and place it in the basket | Pick the chocolate pudding and place it in the basket | Pick the ketchup and place it in the basket	in(orange_juice_1, basket_1_contain_region); in(butter_1, basket_1_contain_region); in(chocolate_pudding_1, basket_1_contain_region); in(ketchup_1, basket_1_contain_region)	object4_pick_up_the_orange_juice_and_place_it_in_the_basket	Novel four-object extension of this exact stock Object layout; all C(6,4) subsets are enumerated. | All corresponding three-object identities were already screened in LiberoComposition and are not repeated. | Object identity has its own original LIBERO-Object pick-to-basket trajectory; its pose in the composite scene may differ. | Object identity has its own original LIBERO-Object pick-to-basket trajectory; its pose in the composite scene may differ. | Object identity has its own original LIBERO-Object pick-to-basket trajectory; its pose in the composite scene may differ. | Object identity has its own original LIBERO-Object pick-to-basket trajectory; its pose in the composite scene may differ.	6	0	5	0.0	0	composition|9b8a6f3cdd303f7edc9b85b6c38e6ef74de552334759fcdb99b30619da30c04c|frozenset({in(butter_1,basket_1_contain_region),in(chocolate_pudding_1,basket_1_contain_region),in(ketchup_1,basket_1_contain_region),in(orange_juice_1,basket_1_contain_region)})
COMPOSE_108	Compose-350	X1_object_layout_four_to_basket	4	true	false	Put the orange juice, the butter, the chocolate pudding, and the salad dressing in the basket one after another.	libero_object	310;307;309;303	pick_up_the_orange_juice_and_place_it_in_the_basket;pick_up_the_butter_and_place_it_in_the_basket;pick_up_the_chocolate_pudding_and_place_it_in_the_basket;pick_up_the_salad_dressing_and_place_it_in_the_basket	Pick the orange juice and place it in the basket | Pick the butter and place it in the basket | Pick the chocolate pudding and place it in the basket | Pick the salad dressing and place it in the basket	in(orange_juice_1, basket_1_contain_region); in(butter_1, basket_1_contain_region); in(chocolate_pudding_1, basket_1_contain_region); in(salad_dressing_1, basket_1_contain_region)	object4_pick_up_the_orange_juice_and_place_it_in_the_basket	Novel four-object extension of this exact stock Object layout; all C(6,4) subsets are enumerated. | All corresponding three-object identities were already screened in LiberoComposition and are not repeated. | Object identity has its own original LIBERO-Object pick-to-basket trajectory; its pose in the composite scene may differ. | Object identity has its own original LIBERO-Object pick-to-basket trajectory; its pose in the composite scene may differ. | Object identity has its own original LIBERO-Object pick-to-basket trajectory; its pose in the composite scene may differ. | Object identity has its own original LIBERO-Object pick-to-basket trajectory; its pose in the composite scene may differ.	7	0	5	0.0	0	composition|9b8a6f3cdd303f7edc9b85b6c38e6ef74de552334759fcdb99b30619da30c04c|frozenset({in(butter_1,basket_1_contain_region),in(chocolate_pudding_1,basket_1_contain_region),in(orange_juice_1,basket_1_contain_region),in(salad_dressing_1,basket_1_contain_region)})
COMPOSE_109	Compose-350	X1_object_layout_four_to_basket	4	true	false	Put the orange juice, the butter, the bbq sauce, and the ketchup in the basket one after another.	libero_object	310;307;304;305	pick_up_the_orange_juice_and_place_it_in_the_basket;pick_up_the_butter_and_place_it_in_the_basket;pick_up_the_bbq_sauce_and_place_it_in_the_basket;pick_up_the_ketchup_and_place_it_in_the_basket	Pick the orange juice and place it in the basket | Pick the butter and place it in the basket | Pick the bbq sauce and place it in the basket | Pick the ketchup and place it in the basket	in(orange_juice_1, basket_1_contain_region); in(butter_1, basket_1_contain_region); in(bbq_sauce_1, basket_1_contain_region); in(ketchup_1, basket_1_contain_region)	object4_pick_up_the_orange_juice_and_place_it_in_the_basket	Novel four-object extension of this exact stock Object layout; all C(6,4) subsets are enumerated. | All corresponding three-object identities were already screened in LiberoComposition and are not repeated. | Object identity has its own original LIBERO-Object pick-to-basket trajectory; its pose in the composite scene may differ. | Object identity has its own original LIBERO-Object pick-to-basket trajectory; its pose in the composite scene may differ. | Object identity has its own original LIBERO-Object pick-to-basket trajectory; its pose in the composite scene may differ. | Object identity has its own original LIBERO-Object pick-to-basket trajectory; its pose in the composite scene may differ.	6	0	5	0.0	0	composition|9b8a6f3cdd303f7edc9b85b6c38e6ef74de552334759fcdb99b30619da30c04c|frozenset({in(bbq_sauce_1,basket_1_contain_region),in(butter_1,basket_1_contain_region),in(ketchup_1,basket_1_contain_region),in(orange_juice_1,basket_1_contain_region)})
COMPOSE_110	Compose-350	X1_object_layout_four_to_basket	4	true	false	Put the orange juice, the butter, the bbq sauce, and the salad dressing in the basket one after another.	libero_object	310;307;304;303	pick_up_the_orange_juice_and_place_it_in_the_basket;pick_up_the_butter_and_place_it_in_the_basket;pick_up_the_bbq_sauce_and_place_it_in_the_basket;pick_up_the_salad_dressing_and_place_it_in_the_basket	Pick the orange juice and place it in the basket | Pick the butter and place it in the basket | Pick the bbq sauce and place it in the basket | Pick the salad dressing and place it in the basket	in(orange_juice_1, basket_1_contain_region); in(butter_1, basket_1_contain_region); in(bbq_sauce_1, basket_1_contain_region); in(salad_dressing_1, basket_1_contain_region)	object4_pick_up_the_orange_juice_and_place_it_in_the_basket	Novel four-object extension of this exact stock Object layout; all C(6,4) subsets are enumerated. | All corresponding three-object identities were already screened in LiberoComposition and are not repeated. | Object identity has its own original LIBERO-Object pick-to-basket trajectory; its pose in the composite scene may differ. | Object identity has its own original LIBERO-Object pick-to-basket trajectory; its pose in the composite scene may differ. | Object identity has its own original LIBERO-Object pick-to-basket trajectory; its pose in the composite scene may differ. | Object identity has its own original LIBERO-Object pick-to-basket trajectory; its pose in the composite scene may differ.	7	0	5	0.0	0	composition|9b8a6f3cdd303f7edc9b85b6c38e6ef74de552334759fcdb99b30619da30c04c|frozenset({in(bbq_sauce_1,basket_1_contain_region),in(butter_1,basket_1_contain_region),in(orange_juice_1,basket_1_contain_region),in(salad_dressing_1,basket_1_contain_region)})
COMPOSE_111	Compose-350	X1_object_layout_four_to_basket	4	true	false	Put the orange juice, the butter, the ketchup, and the salad dressing in the basket one after another.	libero_object	310;307;305;303	pick_up_the_orange_juice_and_place_it_in_the_basket;pick_up_the_butter_and_place_it_in_the_basket;pick_up_the_ketchup_and_place_it_in_the_basket;pick_up_the_salad_dressing_and_place_it_in_the_basket	Pick the orange juice and place it in the basket | Pick the butter and place it in the basket | Pick the ketchup and place it in the basket | Pick the salad dressing and place it in the basket	in(orange_juice_1, basket_1_contain_region); in(butter_1, basket_1_contain_region); in(ketchup_1, basket_1_contain_region); in(salad_dressing_1, basket_1_contain_region)	object4_pick_up_the_orange_juice_and_place_it_in_the_basket	Novel four-object extension of this exact stock Object layout; all C(6,4) subsets are enumerated. | All corresponding three-object identities were already screened in LiberoComposition and are not repeated. | Object identity has its own original LIBERO-Object pick-to-basket trajectory; its pose in the composite scene may differ. | Object identity has its own original LIBERO-Object pick-to-basket trajectory; its pose in the composite scene may differ. | Object identity has its own original LIBERO-Object pick-to-basket trajectory; its pose in the composite scene may differ. | Object identity has its own original LIBERO-Object pick-to-basket trajectory; its pose in the composite scene may differ.	6	0	5	0.0	0	composition|9b8a6f3cdd303f7edc9b85b6c38e6ef74de552334759fcdb99b30619da30c04c|frozenset({in(butter_1,basket_1_contain_region),in(ketchup_1,basket_1_contain_region),in(orange_juice_1,basket_1_contain_region),in(salad_dressing_1,basket_1_contain_region)})
COMPOSE_112	Compose-350	X1_object_layout_four_to_basket	4	true	false	Put the orange juice, the chocolate pudding, the bbq sauce, and the ketchup in the basket one after another.	libero_object	310;309;304;305	pick_up_the_orange_juice_and_place_it_in_the_basket;pick_up_the_chocolate_pudding_and_place_it_in_the_basket;pick_up_the_bbq_sauce_and_place_it_in_the_basket;pick_up_the_ketchup_and_place_it_in_the_basket	Pick the orange juice and place it in the basket | Pick the chocolate pudding and place it in the basket | Pick the bbq sauce and place it in the basket | Pick the ketchup and place it in the basket	in(orange_juice_1, basket_1_contain_region); in(chocolate_pudding_1, basket_1_contain_region); in(bbq_sauce_1, basket_1_contain_region); in(ketchup_1, basket_1_contain_region)	object4_pick_up_the_orange_juice_and_place_it_in_the_basket	Novel four-object extension of this exact stock Object layout; all C(6,4) subsets are enumerated. | All corresponding three-object identities were already screened in LiberoComposition and are not repeated. | Object identity has its own original LIBERO-Object pick-to-basket trajectory; its pose in the composite scene may differ. | Object identity has its own original LIBERO-Object pick-to-basket trajectory; its pose in the composite scene may differ. | Object identity has its own original LIBERO-Object pick-to-basket trajectory; its pose in the composite scene may differ. | Object identity has its own original LIBERO-Object pick-to-basket trajectory; its pose in the composite scene may differ.	7	0	5	0.0	0	composition|9b8a6f3cdd303f7edc9b85b6c38e6ef74de552334759fcdb99b30619da30c04c|frozenset({in(bbq_sauce_1,basket_1_contain_region),in(chocolate_pudding_1,basket_1_contain_region),in(ketchup_1,basket_1_contain_region),in(orange_juice_1,basket_1_contain_region)})
COMPOSE_113	Compose-350	X1_object_layout_four_to_basket	4	true	false	Put the orange juice, the chocolate pudding, the bbq sauce, and the salad dressing in the basket one after another.	libero_object	310;309;304;303	pick_up_the_orange_juice_and_place_it_in_the_basket;pick_up_the_chocolate_pudding_and_place_it_in_the_basket;pick_up_the_bbq_sauce_and_place_it_in_the_basket;pick_up_the_salad_dressing_and_place_it_in_the_basket	Pick the orange juice and place it in the basket | Pick the chocolate pudding and place it in the basket | Pick the bbq sauce and place it in the basket | Pick the salad dressing and place it in the basket	in(orange_juice_1, basket_1_contain_region); in(chocolate_pudding_1, basket_1_contain_region); in(bbq_sauce_1, basket_1_contain_region); in(salad_dressing_1, basket_1_contain_region)	object4_pick_up_the_orange_juice_and_place_it_in_the_basket	Novel four-object extension of this exact stock Object layout; all C(6,4) subsets are enumerated. | All corresponding three-object identities were already screened in LiberoComposition and are not repeated. | Object identity has its own original LIBERO-Object pick-to-basket trajectory; its pose in the composite scene may differ. | Object identity has its own original LIBERO-Object pick-to-basket trajectory; its pose in the composite scene may differ. | Object identity has its own original LIBERO-Object pick-to-basket trajectory; its pose in the composite scene may differ. | Object identity has its own original LIBERO-Object pick-to-basket trajectory; its pose in the composite scene may differ.	6	0	5	0.0	0	composition|9b8a6f3cdd303f7edc9b85b6c38e6ef74de552334759fcdb99b30619da30c04c|frozenset({in(bbq_sauce_1,basket_1_contain_region),in(chocolate_pudding_1,basket_1_contain_region),in(orange_juice_1,basket_1_contain_region),in(salad_dressing_1,basket_1_contain_region)})
COMPOSE_114	Compose-350	X1_object_layout_four_to_basket	4	true	false	Put the orange juice, the chocolate pudding, the ketchup, and the salad dressing in the basket one after another.	libero_object	310;309;305;303	pick_up_the_orange_juice_and_place_it_in_the_basket;pick_up_the_chocolate_pudding_and_place_it_in_the_basket;pick_up_the_ketchup_and_place_it_in_the_basket;pick_up_the_salad_dressing_and_place_it_in_the_basket	Pick the orange juice and place it in the basket | Pick the chocolate pudding and place it in the basket | Pick the ketchup and place it in the basket | Pick the salad dressing and place it in the basket	in(orange_juice_1, basket_1_contain_region); in(chocolate_pudding_1, basket_1_contain_region); in(ketchup_1, basket_1_contain_region); in(salad_dressing_1, basket_1_contain_region)	object4_pick_up_the_orange_juice_and_place_it_in_the_basket	Novel four-object extension of this exact stock Object layout; all C(6,4) subsets are enumerated. | All corresponding three-object identities were already screened in LiberoComposition and are not repeated. | Object identity has its own original LIBERO-Object pick-to-basket trajectory; its pose in the composite scene may differ. | Object identity has its own original LIBERO-Object pick-to-basket trajectory; its pose in the composite scene may differ. | Object identity has its own original LIBERO-Object pick-to-basket trajectory; its pose in the composite scene may differ. | Object identity has its own original LIBERO-Object pick-to-basket trajectory; its pose in the composite scene may differ.	7	0	5	0.0	0	composition|9b8a6f3cdd303f7edc9b85b6c38e6ef74de552334759fcdb99b30619da30c04c|frozenset({in(chocolate_pudding_1,basket_1_contain_region),in(ketchup_1,basket_1_contain_region),in(orange_juice_1,basket_1_contain_region),in(salad_dressing_1,basket_1_contain_region)})
COMPOSE_115	Compose-350	X1_object_layout_four_to_basket	4	true	false	Put the orange juice, the bbq sauce, the ketchup, and the salad dressing in the basket one after another.	libero_object	310;304;305;303	pick_up_the_orange_juice_and_place_it_in_the_basket;pick_up_the_bbq_sauce_and_place_it_in_the_basket;pick_up_the_ketchup_and_place_it_in_the_basket;pick_up_the_salad_dressing_and_place_it_in_the_basket	Pick the orange juice and place it in the basket | Pick the bbq sauce and place it in the basket | Pick the ketchup and place it in the basket | Pick the salad dressing and place it in the basket	in(orange_juice_1, basket_1_contain_region); in(bbq_sauce_1, basket_1_contain_region); in(ketchup_1, basket_1_contain_region); in(salad_dressing_1, basket_1_contain_region)	object4_pick_up_the_orange_juice_and_place_it_in_the_basket	Novel four-object extension of this exact stock Object layout; all C(6,4) subsets are enumerated. | All corresponding three-object identities were already screened in LiberoComposition and are not repeated. | Object identity has its own original LIBERO-Object pick-to-basket trajectory; its pose in the composite scene may differ. | Object identity has its own original LIBERO-Object pick-to-basket trajectory; its pose in the composite scene may differ. | Object identity has its own original LIBERO-Object pick-to-basket trajectory; its pose in the composite scene may differ. | Object identity has its own original LIBERO-Object pick-to-basket trajectory; its pose in the composite scene may differ.	6	0	5	0.0	0	composition|9b8a6f3cdd303f7edc9b85b6c38e6ef74de552334759fcdb99b30619da30c04c|frozenset({in(bbq_sauce_1,basket_1_contain_region),in(ketchup_1,basket_1_contain_region),in(orange_juice_1,basket_1_contain_region),in(salad_dressing_1,basket_1_contain_region)})
COMPOSE_116	Compose-350	X1_object_layout_four_to_basket	4	true	false	Put the butter, the chocolate pudding, the bbq sauce, and the ketchup in the basket one after another.	libero_object	307;309;304;305	pick_up_the_butter_and_place_it_in_the_basket;pick_up_the_chocolate_pudding_and_place_it_in_the_basket;pick_up_the_bbq_sauce_and_place_it_in_the_basket;pick_up_the_ketchup_and_place_it_in_the_basket	Pick the butter and place it in the basket | Pick the chocolate pudding and place it in the basket | Pick the bbq sauce and place it in the basket | Pick the ketchup and place it in the basket	in(butter_1, basket_1_contain_region); in(chocolate_pudding_1, basket_1_contain_region); in(bbq_sauce_1, basket_1_contain_region); in(ketchup_1, basket_1_contain_region)	object4_pick_up_the_orange_juice_and_place_it_in_the_basket	Novel four-object extension of this exact stock Object layout; all C(6,4) subsets are enumerated. | All corresponding three-object identities were already screened in LiberoComposition and are not repeated. | Object identity has its own original LIBERO-Object pick-to-basket trajectory; its pose in the composite scene may differ. | Object identity has its own original LIBERO-Object pick-to-basket trajectory; its pose in the composite scene may differ. | Object identity has its own original LIBERO-Object pick-to-basket trajectory; its pose in the composite scene may differ. | Object identity has its own original LIBERO-Object pick-to-basket trajectory; its pose in the composite scene may differ.	7	0	5	0.0	0	composition|9b8a6f3cdd303f7edc9b85b6c38e6ef74de552334759fcdb99b30619da30c04c|frozenset({in(bbq_sauce_1,basket_1_contain_region),in(butter_1,basket_1_contain_region),in(chocolate_pudding_1,basket_1_contain_region),in(ketchup_1,basket_1_contain_region)})
COMPOSE_117	Compose-350	X1_object_layout_four_to_basket	4	true	false	Put the butter, the chocolate pudding, the bbq sauce, and the salad dressing in the basket one after another.	libero_object	307;309;304;303	pick_up_the_butter_and_place_it_in_the_basket;pick_up_the_chocolate_pudding_and_place_it_in_the_basket;pick_up_the_bbq_sauce_and_place_it_in_the_basket;pick_up_the_salad_dressing_and_place_it_in_the_basket	Pick the butter and place it in the basket | Pick the chocolate pudding and place it in the basket | Pick the bbq sauce and place it in the basket | Pick the salad dressing and place it in the basket	in(butter_1, basket_1_contain_region); in(chocolate_pudding_1, basket_1_contain_region); in(bbq_sauce_1, basket_1_contain_region); in(salad_dressing_1, basket_1_contain_region)	object4_pick_up_the_orange_juice_and_place_it_in_the_basket	Novel four-object extension of this exact stock Object layout; all C(6,4) subsets are enumerated. | All corresponding three-object identities were already screened in LiberoComposition and are not repeated. | Object identity has its own original LIBERO-Object pick-to-basket trajectory; its pose in the composite scene may differ. | Object identity has its own original LIBERO-Object pick-to-basket trajectory; its pose in the composite scene may differ. | Object identity has its own original LIBERO-Object pick-to-basket trajectory; its pose in the composite scene may differ. | Object identity has its own original LIBERO-Object pick-to-basket trajectory; its pose in the composite scene may differ.	6	0	5	0.0	0	composition|9b8a6f3cdd303f7edc9b85b6c38e6ef74de552334759fcdb99b30619da30c04c|frozenset({in(bbq_sauce_1,basket_1_contain_region),in(butter_1,basket_1_contain_region),in(chocolate_pudding_1,basket_1_contain_region),in(salad_dressing_1,basket_1_contain_region)})
COMPOSE_118	Compose-350	X1_object_layout_four_to_basket	4	true	false	Put the butter, the chocolate pudding, the ketchup, and the salad dressing in the basket one after another.	libero_object	307;309;305;303	pick_up_the_butter_and_place_it_in_the_basket;pick_up_the_chocolate_pudding_and_place_it_in_the_basket;pick_up_the_ketchup_and_place_it_in_the_basket;pick_up_the_salad_dressing_and_place_it_in_the_basket	Pick the butter and place it in the basket | Pick the chocolate pudding and place it in the basket | Pick the ketchup and place it in the basket | Pick the salad dressing and place it in the basket	in(butter_1, basket_1_contain_region); in(chocolate_pudding_1, basket_1_contain_region); in(ketchup_1, basket_1_contain_region); in(salad_dressing_1, basket_1_contain_region)	object4_pick_up_the_orange_juice_and_place_it_in_the_basket	Novel four-object extension of this exact stock Object layout; all C(6,4) subsets are enumerated. | All corresponding three-object identities were already screened in LiberoComposition and are not repeated. | Object identity has its own original LIBERO-Object pick-to-basket trajectory; its pose in the composite scene may differ. | Object identity has its own original LIBERO-Object pick-to-basket trajectory; its pose in the composite scene may differ. | Object identity has its own original LIBERO-Object pick-to-basket trajectory; its pose in the composite scene may differ. | Object identity has its own original LIBERO-Object pick-to-basket trajectory; its pose in the composite scene may differ.	7	0	5	0.0	0	composition|9b8a6f3cdd303f7edc9b85b6c38e6ef74de552334759fcdb99b30619da30c04c|frozenset({in(butter_1,basket_1_contain_region),in(chocolate_pudding_1,basket_1_contain_region),in(ketchup_1,basket_1_contain_region),in(salad_dressing_1,basket_1_contain_region)})
COMPOSE_119	Compose-350	X1_object_layout_four_to_basket	4	true	false	Put the butter, the bbq sauce, the ketchup, and the salad dressing in the basket one after another.	libero_object	307;304;305;303	pick_up_the_butter_and_place_it_in_the_basket;pick_up_the_bbq_sauce_and_place_it_in_the_basket;pick_up_the_ketchup_and_place_it_in_the_basket;pick_up_the_salad_dressing_and_place_it_in_the_basket	Pick the butter and place it in the basket | Pick the bbq sauce and place it in the basket | Pick the ketchup and place it in the basket | Pick the salad dressing and place it in the basket	in(butter_1, basket_1_contain_region); in(bbq_sauce_1, basket_1_contain_region); in(ketchup_1, basket_1_contain_region); in(salad_dressing_1, basket_1_contain_region)	object4_pick_up_the_orange_juice_and_place_it_in_the_basket	Novel four-object extension of this exact stock Object layout; all C(6,4) subsets are enumerated. | All corresponding three-object identities were already screened in LiberoComposition and are not repeated. | Object identity has its own original LIBERO-Object pick-to-basket trajectory; its pose in the composite scene may differ. | Object identity has its own original LIBERO-Object pick-to-basket trajectory; its pose in the composite scene may differ. | Object identity has its own original LIBERO-Object pick-to-basket trajectory; its pose in the composite scene may differ. | Object identity has its own original LIBERO-Object pick-to-basket trajectory; its pose in the composite scene may differ.	6	0	5	0.0	0	composition|9b8a6f3cdd303f7edc9b85b6c38e6ef74de552334759fcdb99b30619da30c04c|frozenset({in(bbq_sauce_1,basket_1_contain_region),in(butter_1,basket_1_contain_region),in(ketchup_1,basket_1_contain_region),in(salad_dressing_1,basket_1_contain_region)})
COMPOSE_120	Compose-350	X1_object_layout_four_to_basket	4	true	false	Put the chocolate pudding, the bbq sauce, the ketchup, and the salad dressing in the basket one after another.	libero_object	309;304;305;303	pick_up_the_chocolate_pudding_and_place_it_in_the_basket;pick_up_the_bbq_sauce_and_place_it_in_the_basket;pick_up_the_ketchup_and_place_it_in_the_basket;pick_up_the_salad_dressing_and_place_it_in_the_basket	Pick the chocolate pudding and place it in the basket | Pick the bbq sauce and place it in the basket | Pick the ketchup and place it in the basket | Pick the salad dressing and place it in the basket	in(chocolate_pudding_1, basket_1_contain_region); in(bbq_sauce_1, basket_1_contain_region); in(ketchup_1, basket_1_contain_region); in(salad_dressing_1, basket_1_contain_region)	object4_pick_up_the_orange_juice_and_place_it_in_the_basket	Novel four-object extension of this exact stock Object layout; all C(6,4) subsets are enumerated. | All corresponding three-object identities were already screened in LiberoComposition and are not repeated. | Object identity has its own original LIBERO-Object pick-to-basket trajectory; its pose in the composite scene may differ. | Object identity has its own original LIBERO-Object pick-to-basket trajectory; its pose in the composite scene may differ. | Object identity has its own original LIBERO-Object pick-to-basket trajectory; its pose in the composite scene may differ. | Object identity has its own original LIBERO-Object pick-to-basket trajectory; its pose in the composite scene may differ.	7	0	5	0.0	0	composition|9b8a6f3cdd303f7edc9b85b6c38e6ef74de552334759fcdb99b30619da30c04c|frozenset({in(bbq_sauce_1,basket_1_contain_region),in(chocolate_pudding_1,basket_1_contain_region),in(ketchup_1,basket_1_contain_region),in(salad_dressing_1,basket_1_contain_region)})
COMPOSE_121	Compose-350	X1_object_layout_four_to_basket	4	true	false	Put the salad dressing, the ketchup, the alphabet soup, and the cream cheese box in the basket one after another.	libero_object	303;305;301;302	pick_up_the_salad_dressing_and_place_it_in_the_basket;pick_up_the_ketchup_and_place_it_in_the_basket;pick_up_the_alphabet_soup_and_place_it_in_the_basket;pick_up_the_cream_cheese_and_place_it_in_the_basket	Pick the salad dressing and place it in the basket | Pick the ketchup and place it in the basket | Pick the alphabet soup and place it in the basket | Pick the cream cheese and place it in the basket	in(salad_dressing_1, basket_1_contain_region); in(ketchup_1, basket_1_contain_region); in(alphabet_soup_1, basket_1_contain_region); in(cream_cheese_1, basket_1_contain_region)	object4_pick_up_the_salad_dressing_and_place_it_in_the_basket	Novel four-object extension of this exact stock Object layout; all C(6,4) subsets are enumerated. | All corresponding three-object identities were already screened in LiberoComposition and are not repeated. | Object identity has its own original LIBERO-Object pick-to-basket trajectory; its pose in the composite scene may differ. | Object identity has its own original LIBERO-Object pick-to-basket trajectory; its pose in the composite scene may differ. | Object identity has its own original LIBERO-Object pick-to-basket trajectory; its pose in the composite scene may differ. | Object identity has its own original LIBERO-Object pick-to-basket trajectory; its pose in the composite scene may differ.	6	0	5	0.0	0	composition|4db2b582dbff0ab05541bdb2a88a58ad0460edacb6542803392b8f04e113b0df|frozenset({in(alphabet_soup_1,basket_1_contain_region),in(cream_cheese_1,basket_1_contain_region),in(ketchup_1,basket_1_contain_region),in(salad_dressing_1,basket_1_contain_region)})
COMPOSE_122	Compose-350	X1_object_layout_four_to_basket	4	true	false	Put the salad dressing, the ketchup, the alphabet soup, and the milk in the basket one after another.	libero_object	303;305;301;308	pick_up_the_salad_dressing_and_place_it_in_the_basket;pick_up_the_ketchup_and_place_it_in_the_basket;pick_up_the_alphabet_soup_and_place_it_in_the_basket;pick_up_the_milk_and_place_it_in_the_basket	Pick the salad dressing and place it in the basket | Pick the ketchup and place it in the basket | Pick the alphabet soup and place it in the basket | Pick the milk and place it in the basket	in(salad_dressing_1, basket_1_contain_region); in(ketchup_1, basket_1_contain_region); in(alphabet_soup_1, basket_1_contain_region); in(milk_1, basket_1_contain_region)	object4_pick_up_the_salad_dressing_and_place_it_in_the_basket	Novel four-object extension of this exact stock Object layout; all C(6,4) subsets are enumerated. | All corresponding three-object identities were already screened in LiberoComposition and are not repeated. | Object identity has its own original LIBERO-Object pick-to-basket trajectory; its pose in the composite scene may differ. | Object identity has its own original LIBERO-Object pick-to-basket trajectory; its pose in the composite scene may differ. | Object identity has its own original LIBERO-Object pick-to-basket trajectory; its pose in the composite scene may differ. | Object identity has its own original LIBERO-Object pick-to-basket trajectory; its pose in the composite scene may differ.	7	0	5	0.0	0	composition|4db2b582dbff0ab05541bdb2a88a58ad0460edacb6542803392b8f04e113b0df|frozenset({in(alphabet_soup_1,basket_1_contain_region),in(ketchup_1,basket_1_contain_region),in(milk_1,basket_1_contain_region),in(salad_dressing_1,basket_1_contain_region)})
COMPOSE_123	Compose-350	X1_object_layout_four_to_basket	4	true	false	Put the salad dressing, the ketchup, the alphabet soup, and the tomato sauce in the basket one after another.	libero_object	303;305;301;306	pick_up_the_salad_dressing_and_place_it_in_the_basket;pick_up_the_ketchup_and_place_it_in_the_basket;pick_up_the_alphabet_soup_and_place_it_in_the_basket;pick_up_the_tomato_sauce_and_place_it_in_the_basket	Pick the salad dressing and place it in the basket | Pick the ketchup and place it in the basket | Pick the alphabet soup and place it in the basket | Pick the tomato sauce and place it in the basket	in(salad_dressing_1, basket_1_contain_region); in(ketchup_1, basket_1_contain_region); in(alphabet_soup_1, basket_1_contain_region); in(tomato_sauce_1, basket_1_contain_region)	object4_pick_up_the_salad_dressing_and_place_it_in_the_basket	Novel four-object extension of this exact stock Object layout; all C(6,4) subsets are enumerated. | All corresponding three-object identities were already screened in LiberoComposition and are not repeated. | Object identity has its own original LIBERO-Object pick-to-basket trajectory; its pose in the composite scene may differ. | Object identity has its own original LIBERO-Object pick-to-basket trajectory; its pose in the composite scene may differ. | Object identity has its own original LIBERO-Object pick-to-basket trajectory; its pose in the composite scene may differ. | Object identity has its own original LIBERO-Object pick-to-basket trajectory; its pose in the composite scene may differ.	6	0	5	0.0	0	composition|4db2b582dbff0ab05541bdb2a88a58ad0460edacb6542803392b8f04e113b0df|frozenset({in(alphabet_soup_1,basket_1_contain_region),in(ketchup_1,basket_1_contain_region),in(salad_dressing_1,basket_1_contain_region),in(tomato_sauce_1,basket_1_contain_region)})
COMPOSE_124	Compose-350	X1_object_layout_four_to_basket	4	true	false	Put the salad dressing, the ketchup, the cream cheese box, and the milk in the basket one after another.	libero_object	303;305;302;308	pick_up_the_salad_dressing_and_place_it_in_the_basket;pick_up_the_ketchup_and_place_it_in_the_basket;pick_up_the_cream_cheese_and_place_it_in_the_basket;pick_up_the_milk_and_place_it_in_the_basket	Pick the salad dressing and place it in the basket | Pick the ketchup and place it in the basket | Pick the cream cheese and place it in the basket | Pick the milk and place it in the basket	in(salad_dressing_1, basket_1_contain_region); in(ketchup_1, basket_1_contain_region); in(cream_cheese_1, basket_1_contain_region); in(milk_1, basket_1_contain_region)	object4_pick_up_the_salad_dressing_and_place_it_in_the_basket	Novel four-object extension of this exact stock Object layout; all C(6,4) subsets are enumerated. | All corresponding three-object identities were already screened in LiberoComposition and are not repeated. | Object identity has its own original LIBERO-Object pick-to-basket trajectory; its pose in the composite scene may differ. | Object identity has its own original LIBERO-Object pick-to-basket trajectory; its pose in the composite scene may differ. | Object identity has its own original LIBERO-Object pick-to-basket trajectory; its pose in the composite scene may differ. | Object identity has its own original LIBERO-Object pick-to-basket trajectory; its pose in the composite scene may differ.	7	0	5	0.0	0	composition|4db2b582dbff0ab05541bdb2a88a58ad0460edacb6542803392b8f04e113b0df|frozenset({in(cream_cheese_1,basket_1_contain_region),in(ketchup_1,basket_1_contain_region),in(milk_1,basket_1_contain_region),in(salad_dressing_1,basket_1_contain_region)})
COMPOSE_125	Compose-350	X1_object_layout_four_to_basket	4	true	false	Put the salad dressing, the ketchup, the cream cheese box, and the tomato sauce in the basket one after another.	libero_object	303;305;302;306	pick_up_the_salad_dressing_and_place_it_in_the_basket;pick_up_the_ketchup_and_place_it_in_the_basket;pick_up_the_cream_cheese_and_place_it_in_the_basket;pick_up_the_tomato_sauce_and_place_it_in_the_basket	Pick the salad dressing and place it in the basket | Pick the ketchup and place it in the basket | Pick the cream cheese and place it in the basket | Pick the tomato sauce and place it in the basket	in(salad_dressing_1, basket_1_contain_region); in(ketchup_1, basket_1_contain_region); in(cream_cheese_1, basket_1_contain_region); in(tomato_sauce_1, basket_1_contain_region)	object4_pick_up_the_salad_dressing_and_place_it_in_the_basket	Novel four-object extension of this exact stock Object layout; all C(6,4) subsets are enumerated. | All corresponding three-object identities were already screened in LiberoComposition and are not repeated. | Object identity has its own original LIBERO-Object pick-to-basket trajectory; its pose in the composite scene may differ. | Object identity has its own original LIBERO-Object pick-to-basket trajectory; its pose in the composite scene may differ. | Object identity has its own original LIBERO-Object pick-to-basket trajectory; its pose in the composite scene may differ. | Object identity has its own original LIBERO-Object pick-to-basket trajectory; its pose in the composite scene may differ.	6	0	5	0.0	0	composition|4db2b582dbff0ab05541bdb2a88a58ad0460edacb6542803392b8f04e113b0df|frozenset({in(cream_cheese_1,basket_1_contain_region),in(ketchup_1,basket_1_contain_region),in(salad_dressing_1,basket_1_contain_region),in(tomato_sauce_1,basket_1_contain_region)})
COMPOSE_126	Compose-350	X1_object_layout_four_to_basket	4	true	false	Put the salad dressing, the ketchup, the milk, and the tomato sauce in the basket one after another.	libero_object	303;305;308;306	pick_up_the_salad_dressing_and_place_it_in_the_basket;pick_up_the_ketchup_and_place_it_in_the_basket;pick_up_the_milk_and_place_it_in_the_basket;pick_up_the_tomato_sauce_and_place_it_in_the_basket	Pick the salad dressing and place it in the basket | Pick the ketchup and place it in the basket | Pick the milk and place it in the basket | Pick the tomato sauce and place it in the basket	in(salad_dressing_1, basket_1_contain_region); in(ketchup_1, basket_1_contain_region); in(milk_1, basket_1_contain_region); in(tomato_sauce_1, basket_1_contain_region)	object4_pick_up_the_salad_dressing_and_place_it_in_the_basket	Novel four-object extension of this exact stock Object layout; all C(6,4) subsets are enumerated. | All corresponding three-object identities were already screened in LiberoComposition and are not repeated. | Object identity has its own original LIBERO-Object pick-to-basket trajectory; its pose in the composite scene may differ. | Object identity has its own original LIBERO-Object pick-to-basket trajectory; its pose in the composite scene may differ. | Object identity has its own original LIBERO-Object pick-to-basket trajectory; its pose in the composite scene may differ. | Object identity has its own original LIBERO-Object pick-to-basket trajectory; its pose in the composite scene may differ.	7	0	5	0.0	0	composition|4db2b582dbff0ab05541bdb2a88a58ad0460edacb6542803392b8f04e113b0df|frozenset({in(ketchup_1,basket_1_contain_region),in(milk_1,basket_1_contain_region),in(salad_dressing_1,basket_1_contain_region),in(tomato_sauce_1,basket_1_contain_region)})
COMPOSE_127	Compose-350	X1_object_layout_four_to_basket	4	true	false	Put the salad dressing, the alphabet soup, the cream cheese box, and the milk in the basket one after another.	libero_object	303;301;302;308	pick_up_the_salad_dressing_and_place_it_in_the_basket;pick_up_the_alphabet_soup_and_place_it_in_the_basket;pick_up_the_cream_cheese_and_place_it_in_the_basket;pick_up_the_milk_and_place_it_in_the_basket	Pick the salad dressing and place it in the basket | Pick the alphabet soup and place it in the basket | Pick the cream cheese and place it in the basket | Pick the milk and place it in the basket	in(salad_dressing_1, basket_1_contain_region); in(alphabet_soup_1, basket_1_contain_region); in(cream_cheese_1, basket_1_contain_region); in(milk_1, basket_1_contain_region)	object4_pick_up_the_salad_dressing_and_place_it_in_the_basket	Novel four-object extension of this exact stock Object layout; all C(6,4) subsets are enumerated. | All corresponding three-object identities were already screened in LiberoComposition and are not repeated. | Object identity has its own original LIBERO-Object pick-to-basket trajectory; its pose in the composite scene may differ. | Object identity has its own original LIBERO-Object pick-to-basket trajectory; its pose in the composite scene may differ. | Object identity has its own original LIBERO-Object pick-to-basket trajectory; its pose in the composite scene may differ. | Object identity has its own original LIBERO-Object pick-to-basket trajectory; its pose in the composite scene may differ.	6	0	5	0.0	0	composition|4db2b582dbff0ab05541bdb2a88a58ad0460edacb6542803392b8f04e113b0df|frozenset({in(alphabet_soup_1,basket_1_contain_region),in(cream_cheese_1,basket_1_contain_region),in(milk_1,basket_1_contain_region),in(salad_dressing_1,basket_1_contain_region)})
COMPOSE_128	Compose-350	X1_object_layout_four_to_basket	4	true	false	Put the salad dressing, the alphabet soup, the cream cheese box, and the tomato sauce in the basket one after another.	libero_object	303;301;302;306	pick_up_the_salad_dressing_and_place_it_in_the_basket;pick_up_the_alphabet_soup_and_place_it_in_the_basket;pick_up_the_cream_cheese_and_place_it_in_the_basket;pick_up_the_tomato_sauce_and_place_it_in_the_basket	Pick the salad dressing and place it in the basket | Pick the alphabet soup and place it in the basket | Pick the cream cheese and place it in the basket | Pick the tomato sauce and place it in the basket	in(salad_dressing_1, basket_1_contain_region); in(alphabet_soup_1, basket_1_contain_region); in(cream_cheese_1, basket_1_contain_region); in(tomato_sauce_1, basket_1_contain_region)	object4_pick_up_the_salad_dressing_and_place_it_in_the_basket	Novel four-object extension of this exact stock Object layout; all C(6,4) subsets are enumerated. | All corresponding three-object identities were already screened in LiberoComposition and are not repeated. | Object identity has its own original LIBERO-Object pick-to-basket trajectory; its pose in the composite scene may differ. | Object identity has its own original LIBERO-Object pick-to-basket trajectory; its pose in the composite scene may differ. | Object identity has its own original LIBERO-Object pick-to-basket trajectory; its pose in the composite scene may differ. | Object identity has its own original LIBERO-Object pick-to-basket trajectory; its pose in the composite scene may differ.	7	0	5	0.0	0	composition|4db2b582dbff0ab05541bdb2a88a58ad0460edacb6542803392b8f04e113b0df|frozenset({in(alphabet_soup_1,basket_1_contain_region),in(cream_cheese_1,basket_1_contain_region),in(salad_dressing_1,basket_1_contain_region),in(tomato_sauce_1,basket_1_contain_region)})
COMPOSE_129	Compose-350	X1_object_layout_four_to_basket	4	true	false	Put the salad dressing, the alphabet soup, the milk, and the tomato sauce in the basket one after another.	libero_object	303;301;308;306	pick_up_the_salad_dressing_and_place_it_in_the_basket;pick_up_the_alphabet_soup_and_place_it_in_the_basket;pick_up_the_milk_and_place_it_in_the_basket;pick_up_the_tomato_sauce_and_place_it_in_the_basket	Pick the salad dressing and place it in the basket | Pick the alphabet soup and place it in the basket | Pick the milk and place it in the basket | Pick the tomato sauce and place it in the basket	in(salad_dressing_1, basket_1_contain_region); in(alphabet_soup_1, basket_1_contain_region); in(milk_1, basket_1_contain_region); in(tomato_sauce_1, basket_1_contain_region)	object4_pick_up_the_salad_dressing_and_place_it_in_the_basket	Novel four-object extension of this exact stock Object layout; all C(6,4) subsets are enumerated. | All corresponding three-object identities were already screened in LiberoComposition and are not repeated. | Object identity has its own original LIBERO-Object pick-to-basket trajectory; its pose in the composite scene may differ. | Object identity has its own original LIBERO-Object pick-to-basket trajectory; its pose in the composite scene may differ. | Object identity has its own original LIBERO-Object pick-to-basket trajectory; its pose in the composite scene may differ. | Object identity has its own original LIBERO-Object pick-to-basket trajectory; its pose in the composite scene may differ.	6	0	5	0.0	0	composition|4db2b582dbff0ab05541bdb2a88a58ad0460edacb6542803392b8f04e113b0df|frozenset({in(alphabet_soup_1,basket_1_contain_region),in(milk_1,basket_1_contain_region),in(salad_dressing_1,basket_1_contain_region),in(tomato_sauce_1,basket_1_contain_region)})
COMPOSE_130	Compose-350	X1_object_layout_four_to_basket	4	true	false	Put the salad dressing, the cream cheese box, the milk, and the tomato sauce in the basket one after another.	libero_object	303;302;308;306	pick_up_the_salad_dressing_and_place_it_in_the_basket;pick_up_the_cream_cheese_and_place_it_in_the_basket;pick_up_the_milk_and_place_it_in_the_basket;pick_up_the_tomato_sauce_and_place_it_in_the_basket	Pick the salad dressing and place it in the basket | Pick the cream cheese and place it in the basket | Pick the milk and place it in the basket | Pick the tomato sauce and place it in the basket	in(salad_dressing_1, basket_1_contain_region); in(cream_cheese_1, basket_1_contain_region); in(milk_1, basket_1_contain_region); in(tomato_sauce_1, basket_1_contain_region)	object4_pick_up_the_salad_dressing_and_place_it_in_the_basket	Novel four-object extension of this exact stock Object layout; all C(6,4) subsets are enumerated. | All corresponding three-object identities were already screened in LiberoComposition and are not repeated. | Object identity has its own original LIBERO-Object pick-to-basket trajectory; its pose in the composite scene may differ. | Object identity has its own original LIBERO-Object pick-to-basket trajectory; its pose in the composite scene may differ. | Object identity has its own original LIBERO-Object pick-to-basket trajectory; its pose in the composite scene may differ. | Object identity has its own original LIBERO-Object pick-to-basket trajectory; its pose in the composite scene may differ.	7	0	5	0.0	0	composition|4db2b582dbff0ab05541bdb2a88a58ad0460edacb6542803392b8f04e113b0df|frozenset({in(cream_cheese_1,basket_1_contain_region),in(milk_1,basket_1_contain_region),in(salad_dressing_1,basket_1_contain_region),in(tomato_sauce_1,basket_1_contain_region)})
COMPOSE_131	Compose-350	X1_object_layout_four_to_basket	4	true	false	Put the ketchup, the alphabet soup, the cream cheese box, and the milk in the basket one after another.	libero_object	305;301;302;308	pick_up_the_ketchup_and_place_it_in_the_basket;pick_up_the_alphabet_soup_and_place_it_in_the_basket;pick_up_the_cream_cheese_and_place_it_in_the_basket;pick_up_the_milk_and_place_it_in_the_basket	Pick the ketchup and place it in the basket | Pick the alphabet soup and place it in the basket | Pick the cream cheese and place it in the basket | Pick the milk and place it in the basket	in(ketchup_1, basket_1_contain_region); in(alphabet_soup_1, basket_1_contain_region); in(cream_cheese_1, basket_1_contain_region); in(milk_1, basket_1_contain_region)	object4_pick_up_the_salad_dressing_and_place_it_in_the_basket	Novel four-object extension of this exact stock Object layout; all C(6,4) subsets are enumerated. | All corresponding three-object identities were already screened in LiberoComposition and are not repeated. | Object identity has its own original LIBERO-Object pick-to-basket trajectory; its pose in the composite scene may differ. | Object identity has its own original LIBERO-Object pick-to-basket trajectory; its pose in the composite scene may differ. | Object identity has its own original LIBERO-Object pick-to-basket trajectory; its pose in the composite scene may differ. | Object identity has its own original LIBERO-Object pick-to-basket trajectory; its pose in the composite scene may differ.	6	0	5	0.0	0	composition|4db2b582dbff0ab05541bdb2a88a58ad0460edacb6542803392b8f04e113b0df|frozenset({in(alphabet_soup_1,basket_1_contain_region),in(cream_cheese_1,basket_1_contain_region),in(ketchup_1,basket_1_contain_region),in(milk_1,basket_1_contain_region)})
COMPOSE_132	Compose-350	X1_object_layout_four_to_basket	4	true	false	Put the ketchup, the alphabet soup, the cream cheese box, and the tomato sauce in the basket one after another.	libero_object	305;301;302;306	pick_up_the_ketchup_and_place_it_in_the_basket;pick_up_the_alphabet_soup_and_place_it_in_the_basket;pick_up_the_cream_cheese_and_place_it_in_the_basket;pick_up_the_tomato_sauce_and_place_it_in_the_basket	Pick the ketchup and place it in the basket | Pick the alphabet soup and place it in the basket | Pick the cream cheese and place it in the basket | Pick the tomato sauce and place it in the basket	in(ketchup_1, basket_1_contain_region); in(alphabet_soup_1, basket_1_contain_region); in(cream_cheese_1, basket_1_contain_region); in(tomato_sauce_1, basket_1_contain_region)	object4_pick_up_the_salad_dressing_and_place_it_in_the_basket	Novel four-object extension of this exact stock Object layout; all C(6,4) subsets are enumerated. | All corresponding three-object identities were already screened in LiberoComposition and are not repeated. | Object identity has its own original LIBERO-Object pick-to-basket trajectory; its pose in the composite scene may differ. | Object identity has its own original LIBERO-Object pick-to-basket trajectory; its pose in the composite scene may differ. | Object identity has its own original LIBERO-Object pick-to-basket trajectory; its pose in the composite scene may differ. | Object identity has its own original LIBERO-Object pick-to-basket trajectory; its pose in the composite scene may differ.	7	0	5	0.0	0	composition|4db2b582dbff0ab05541bdb2a88a58ad0460edacb6542803392b8f04e113b0df|frozenset({in(alphabet_soup_1,basket_1_contain_region),in(cream_cheese_1,basket_1_contain_region),in(ketchup_1,basket_1_contain_region),in(tomato_sauce_1,basket_1_contain_region)})
COMPOSE_133	Compose-350	X1_object_layout_four_to_basket	4	true	false	Put the ketchup, the alphabet soup, the milk, and the tomato sauce in the basket one after another.	libero_object	305;301;308;306	pick_up_the_ketchup_and_place_it_in_the_basket;pick_up_the_alphabet_soup_and_place_it_in_the_basket;pick_up_the_milk_and_place_it_in_the_basket;pick_up_the_tomato_sauce_and_place_it_in_the_basket	Pick the ketchup and place it in the basket | Pick the alphabet soup and place it in the basket | Pick the milk and place it in the basket | Pick the tomato sauce and place it in the basket	in(ketchup_1, basket_1_contain_region); in(alphabet_soup_1, basket_1_contain_region); in(milk_1, basket_1_contain_region); in(tomato_sauce_1, basket_1_contain_region)	object4_pick_up_the_salad_dressing_and_place_it_in_the_basket	Novel four-object extension of this exact stock Object layout; all C(6,4) subsets are enumerated. | All corresponding three-object identities were already screened in LiberoComposition and are not repeated. | Object identity has its own original LIBERO-Object pick-to-basket trajectory; its pose in the composite scene may differ. | Object identity has its own original LIBERO-Object pick-to-basket trajectory; its pose in the composite scene may differ. | Object identity has its own original LIBERO-Object pick-to-basket trajectory; its pose in the composite scene may differ. | Object identity has its own original LIBERO-Object pick-to-basket trajectory; its pose in the composite scene may differ.	6	0	5	0.0	0	composition|4db2b582dbff0ab05541bdb2a88a58ad0460edacb6542803392b8f04e113b0df|frozenset({in(alphabet_soup_1,basket_1_contain_region),in(ketchup_1,basket_1_contain_region),in(milk_1,basket_1_contain_region),in(tomato_sauce_1,basket_1_contain_region)})
COMPOSE_134	Compose-350	X1_object_layout_four_to_basket	4	true	false	Put the ketchup, the cream cheese box, the milk, and the tomato sauce in the basket one after another.	libero_object	305;302;308;306	pick_up_the_ketchup_and_place_it_in_the_basket;pick_up_the_cream_cheese_and_place_it_in_the_basket;pick_up_the_milk_and_place_it_in_the_basket;pick_up_the_tomato_sauce_and_place_it_in_the_basket	Pick the ketchup and place it in the basket | Pick the cream cheese and place it in the basket | Pick the milk and place it in the basket | Pick the tomato sauce and place it in the basket	in(ketchup_1, basket_1_contain_region); in(cream_cheese_1, basket_1_contain_region); in(milk_1, basket_1_contain_region); in(tomato_sauce_1, basket_1_contain_region)	object4_pick_up_the_salad_dressing_and_place_it_in_the_basket	Novel four-object extension of this exact stock Object layout; all C(6,4) subsets are enumerated. | All corresponding three-object identities were already screened in LiberoComposition and are not repeated. | Object identity has its own original LIBERO-Object pick-to-basket trajectory; its pose in the composite scene may differ. | Object identity has its own original LIBERO-Object pick-to-basket trajectory; its pose in the composite scene may differ. | Object identity has its own original LIBERO-Object pick-to-basket trajectory; its pose in the composite scene may differ. | Object identity has its own original LIBERO-Object pick-to-basket trajectory; its pose in the composite scene may differ.	7	0	5	0.0	0	composition|4db2b582dbff0ab05541bdb2a88a58ad0460edacb6542803392b8f04e113b0df|frozenset({in(cream_cheese_1,basket_1_contain_region),in(ketchup_1,basket_1_contain_region),in(milk_1,basket_1_contain_region),in(tomato_sauce_1,basket_1_contain_region)})
COMPOSE_135	Compose-350	X1_object_layout_four_to_basket	4	true	false	Put the alphabet soup, the cream cheese box, the milk, and the tomato sauce in the basket one after another.	libero_object	301;302;308;306	pick_up_the_alphabet_soup_and_place_it_in_the_basket;pick_up_the_cream_cheese_and_place_it_in_the_basket;pick_up_the_milk_and_place_it_in_the_basket;pick_up_the_tomato_sauce_and_place_it_in_the_basket	Pick the alphabet soup and place it in the basket | Pick the cream cheese and place it in the basket | Pick the milk and place it in the basket | Pick the tomato sauce and place it in the basket	in(alphabet_soup_1, basket_1_contain_region); in(cream_cheese_1, basket_1_contain_region); in(milk_1, basket_1_contain_region); in(tomato_sauce_1, basket_1_contain_region)	object4_pick_up_the_salad_dressing_and_place_it_in_the_basket	Novel four-object extension of this exact stock Object layout; all C(6,4) subsets are enumerated. | All corresponding three-object identities were already screened in LiberoComposition and are not repeated. | Object identity has its own original LIBERO-Object pick-to-basket trajectory; its pose in the composite scene may differ. | Object identity has its own original LIBERO-Object pick-to-basket trajectory; its pose in the composite scene may differ. | Object identity has its own original LIBERO-Object pick-to-basket trajectory; its pose in the composite scene may differ. | Object identity has its own original LIBERO-Object pick-to-basket trajectory; its pose in the composite scene may differ.	6	0	5	0.0	0	composition|4db2b582dbff0ab05541bdb2a88a58ad0460edacb6542803392b8f04e113b0df|frozenset({in(alphabet_soup_1,basket_1_contain_region),in(cream_cheese_1,basket_1_contain_region),in(milk_1,basket_1_contain_region),in(tomato_sauce_1,basket_1_contain_region)})
COMPOSE_136	Compose-350	X1_object_layout_four_to_basket	4	true	false	Put the tomato sauce, the milk, the butter, and the orange juice in the basket one after another.	libero_object	306;308;307;310	pick_up_the_tomato_sauce_and_place_it_in_the_basket;pick_up_the_milk_and_place_it_in_the_basket;pick_up_the_butter_and_place_it_in_the_basket;pick_up_the_orange_juice_and_place_it_in_the_basket	Pick the tomato sauce and place it in the basket | Pick the milk and place it in the basket | Pick the butter and place it in the basket | Pick the orange juice and place it in the basket	in(tomato_sauce_1, basket_1_contain_region); in(milk_1, basket_1_contain_region); in(butter_1, basket_1_contain_region); in(orange_juice_1, basket_1_contain_region)	object4_pick_up_the_tomato_sauce_and_place_it_in_the_basket	Novel four-object extension of this exact stock Object layout; all C(6,4) subsets are enumerated. | All corresponding three-object identities were already screened in LiberoComposition and are not repeated. | Object identity has its own original LIBERO-Object pick-to-basket trajectory; its pose in the composite scene may differ. | Object identity has its own original LIBERO-Object pick-to-basket trajectory; its pose in the composite scene may differ. | Object identity has its own original LIBERO-Object pick-to-basket trajectory; its pose in the composite scene may differ. | Object identity has its own original LIBERO-Object pick-to-basket trajectory; its pose in the composite scene may differ.	7	0	5	0.0	0	composition|b2d1edccfcf1d327f2411487573372022051e62345c97a61693c306944814d42|frozenset({in(butter_1,basket_1_contain_region),in(milk_1,basket_1_contain_region),in(orange_juice_1,basket_1_contain_region),in(tomato_sauce_1,basket_1_contain_region)})
COMPOSE_137	Compose-350	X1_object_layout_four_to_basket	4	true	false	Put the tomato sauce, the milk, the butter, and the chocolate pudding in the basket one after another.	libero_object	306;308;307;309	pick_up_the_tomato_sauce_and_place_it_in_the_basket;pick_up_the_milk_and_place_it_in_the_basket;pick_up_the_butter_and_place_it_in_the_basket;pick_up_the_chocolate_pudding_and_place_it_in_the_basket	Pick the tomato sauce and place it in the basket | Pick the milk and place it in the basket | Pick the butter and place it in the basket | Pick the chocolate pudding and place it in the basket	in(tomato_sauce_1, basket_1_contain_region); in(milk_1, basket_1_contain_region); in(butter_1, basket_1_contain_region); in(chocolate_pudding_1, basket_1_contain_region)	object4_pick_up_the_tomato_sauce_and_place_it_in_the_basket	Novel four-object extension of this exact stock Object layout; all C(6,4) subsets are enumerated. | All corresponding three-object identities were already screened in LiberoComposition and are not repeated. | Object identity has its own original LIBERO-Object pick-to-basket trajectory; its pose in the composite scene may differ. | Object identity has its own original LIBERO-Object pick-to-basket trajectory; its pose in the composite scene may differ. | Object identity has its own original LIBERO-Object pick-to-basket trajectory; its pose in the composite scene may differ. | Object identity has its own original LIBERO-Object pick-to-basket trajectory; its pose in the composite scene may differ.	6	0	5	0.0	0	composition|b2d1edccfcf1d327f2411487573372022051e62345c97a61693c306944814d42|frozenset({in(butter_1,basket_1_contain_region),in(chocolate_pudding_1,basket_1_contain_region),in(milk_1,basket_1_contain_region),in(tomato_sauce_1,basket_1_contain_region)})
COMPOSE_138	Compose-350	X1_object_layout_four_to_basket	4	true	false	Put the tomato sauce, the milk, the butter, and the bbq sauce in the basket one after another.	libero_object	306;308;307;304	pick_up_the_tomato_sauce_and_place_it_in_the_basket;pick_up_the_milk_and_place_it_in_the_basket;pick_up_the_butter_and_place_it_in_the_basket;pick_up_the_bbq_sauce_and_place_it_in_the_basket	Pick the tomato sauce and place it in the basket | Pick the milk and place it in the basket | Pick the butter and place it in the basket | Pick the bbq sauce and place it in the basket	in(tomato_sauce_1, basket_1_contain_region); in(milk_1, basket_1_contain_region); in(butter_1, basket_1_contain_region); in(bbq_sauce_1, basket_1_contain_region)	object4_pick_up_the_tomato_sauce_and_place_it_in_the_basket	Novel four-object extension of this exact stock Object layout; all C(6,4) subsets are enumerated. | All corresponding three-object identities were already screened in LiberoComposition and are not repeated. | Object identity has its own original LIBERO-Object pick-to-basket trajectory; its pose in the composite scene may differ. | Object identity has its own original LIBERO-Object pick-to-basket trajectory; its pose in the composite scene may differ. | Object identity has its own original LIBERO-Object pick-to-basket trajectory; its pose in the composite scene may differ. | Object identity has its own original LIBERO-Object pick-to-basket trajectory; its pose in the composite scene may differ.	7	0	5	0.0	0	composition|b2d1edccfcf1d327f2411487573372022051e62345c97a61693c306944814d42|frozenset({in(bbq_sauce_1,basket_1_contain_region),in(butter_1,basket_1_contain_region),in(milk_1,basket_1_contain_region),in(tomato_sauce_1,basket_1_contain_region)})
COMPOSE_139	Compose-350	X1_object_layout_four_to_basket	4	true	false	Put the tomato sauce, the milk, the orange juice, and the chocolate pudding in the basket one after another.	libero_object	306;308;310;309	pick_up_the_tomato_sauce_and_place_it_in_the_basket;pick_up_the_milk_and_place_it_in_the_basket;pick_up_the_orange_juice_and_place_it_in_the_basket;pick_up_the_chocolate_pudding_and_place_it_in_the_basket	Pick the tomato sauce and place it in the basket | Pick the milk and place it in the basket | Pick the orange juice and place it in the basket | Pick the chocolate pudding and place it in the basket	in(tomato_sauce_1, basket_1_contain_region); in(milk_1, basket_1_contain_region); in(orange_juice_1, basket_1_contain_region); in(chocolate_pudding_1, basket_1_contain_region)	object4_pick_up_the_tomato_sauce_and_place_it_in_the_basket	Novel four-object extension of this exact stock Object layout; all C(6,4) subsets are enumerated. | All corresponding three-object identities were already screened in LiberoComposition and are not repeated. | Object identity has its own original LIBERO-Object pick-to-basket trajectory; its pose in the composite scene may differ. | Object identity has its own original LIBERO-Object pick-to-basket trajectory; its pose in the composite scene may differ. | Object identity has its own original LIBERO-Object pick-to-basket trajectory; its pose in the composite scene may differ. | Object identity has its own original LIBERO-Object pick-to-basket trajectory; its pose in the composite scene may differ.	6	0	5	0.0	0	composition|b2d1edccfcf1d327f2411487573372022051e62345c97a61693c306944814d42|frozenset({in(chocolate_pudding_1,basket_1_contain_region),in(milk_1,basket_1_contain_region),in(orange_juice_1,basket_1_contain_region),in(tomato_sauce_1,basket_1_contain_region)})
COMPOSE_140	Compose-350	X1_object_layout_four_to_basket	4	true	false	Put the tomato sauce, the milk, the orange juice, and the bbq sauce in the basket one after another.	libero_object	306;308;310;304	pick_up_the_tomato_sauce_and_place_it_in_the_basket;pick_up_the_milk_and_place_it_in_the_basket;pick_up_the_orange_juice_and_place_it_in_the_basket;pick_up_the_bbq_sauce_and_place_it_in_the_basket	Pick the tomato sauce and place it in the basket | Pick the milk and place it in the basket | Pick the orange juice and place it in the basket | Pick the bbq sauce and place it in the basket	in(tomato_sauce_1, basket_1_contain_region); in(milk_1, basket_1_contain_region); in(orange_juice_1, basket_1_contain_region); in(bbq_sauce_1, basket_1_contain_region)	object4_pick_up_the_tomato_sauce_and_place_it_in_the_basket	Novel four-object extension of this exact stock Object layout; all C(6,4) subsets are enumerated. | All corresponding three-object identities were already screened in LiberoComposition and are not repeated. | Object identity has its own original LIBERO-Object pick-to-basket trajectory; its pose in the composite scene may differ. | Object identity has its own original LIBERO-Object pick-to-basket trajectory; its pose in the composite scene may differ. | Object identity has its own original LIBERO-Object pick-to-basket trajectory; its pose in the composite scene may differ. | Object identity has its own original LIBERO-Object pick-to-basket trajectory; its pose in the composite scene may differ.	7	0	5	0.0	0	composition|b2d1edccfcf1d327f2411487573372022051e62345c97a61693c306944814d42|frozenset({in(bbq_sauce_1,basket_1_contain_region),in(milk_1,basket_1_contain_region),in(orange_juice_1,basket_1_contain_region),in(tomato_sauce_1,basket_1_contain_region)})
COMPOSE_141	Compose-350	X1_object_layout_four_to_basket	4	true	false	Put the tomato sauce, the milk, the chocolate pudding, and the bbq sauce in the basket one after another.	libero_object	306;308;309;304	pick_up_the_tomato_sauce_and_place_it_in_the_basket;pick_up_the_milk_and_place_it_in_the_basket;pick_up_the_chocolate_pudding_and_place_it_in_the_basket;pick_up_the_bbq_sauce_and_place_it_in_the_basket	Pick the tomato sauce and place it in the basket | Pick the milk and place it in the basket | Pick the chocolate pudding and place it in the basket | Pick the bbq sauce and place it in the basket	in(tomato_sauce_1, basket_1_contain_region); in(milk_1, basket_1_contain_region); in(chocolate_pudding_1, basket_1_contain_region); in(bbq_sauce_1, basket_1_contain_region)	object4_pick_up_the_tomato_sauce_and_place_it_in_the_basket	Novel four-object extension of this exact stock Object layout; all C(6,4) subsets are enumerated. | All corresponding three-object identities were already screened in LiberoComposition and are not repeated. | Object identity has its own original LIBERO-Object pick-to-basket trajectory; its pose in the composite scene may differ. | Object identity has its own original LIBERO-Object pick-to-basket trajectory; its pose in the composite scene may differ. | Object identity has its own original LIBERO-Object pick-to-basket trajectory; its pose in the composite scene may differ. | Object identity has its own original LIBERO-Object pick-to-basket trajectory; its pose in the composite scene may differ.	6	0	5	0.0	0	composition|b2d1edccfcf1d327f2411487573372022051e62345c97a61693c306944814d42|frozenset({in(bbq_sauce_1,basket_1_contain_region),in(chocolate_pudding_1,basket_1_contain_region),in(milk_1,basket_1_contain_region),in(tomato_sauce_1,basket_1_contain_region)})
COMPOSE_142	Compose-350	X1_object_layout_four_to_basket	4	true	false	Put the tomato sauce, the butter, the orange juice, and the chocolate pudding in the basket one after another.	libero_object	306;307;310;309	pick_up_the_tomato_sauce_and_place_it_in_the_basket;pick_up_the_butter_and_place_it_in_the_basket;pick_up_the_orange_juice_and_place_it_in_the_basket;pick_up_the_chocolate_pudding_and_place_it_in_the_basket	Pick the tomato sauce and place it in the basket | Pick the butter and place it in the basket | Pick the orange juice and place it in the basket | Pick the chocolate pudding and place it in the basket	in(tomato_sauce_1, basket_1_contain_region); in(butter_1, basket_1_contain_region); in(orange_juice_1, basket_1_contain_region); in(chocolate_pudding_1, basket_1_contain_region)	object4_pick_up_the_tomato_sauce_and_place_it_in_the_basket	Novel four-object extension of this exact stock Object layout; all C(6,4) subsets are enumerated. | All corresponding three-object identities were already screened in LiberoComposition and are not repeated. | Object identity has its own original LIBERO-Object pick-to-basket trajectory; its pose in the composite scene may differ. | Object identity has its own original LIBERO-Object pick-to-basket trajectory; its pose in the composite scene may differ. | Object identity has its own original LIBERO-Object pick-to-basket trajectory; its pose in the composite scene may differ. | Object identity has its own original LIBERO-Object pick-to-basket trajectory; its pose in the composite scene may differ.	7	0	5	0.0	0	composition|b2d1edccfcf1d327f2411487573372022051e62345c97a61693c306944814d42|frozenset({in(butter_1,basket_1_contain_region),in(chocolate_pudding_1,basket_1_contain_region),in(orange_juice_1,basket_1_contain_region),in(tomato_sauce_1,basket_1_contain_region)})
COMPOSE_143	Compose-350	X1_object_layout_four_to_basket	4	true	false	Put the tomato sauce, the butter, the orange juice, and the bbq sauce in the basket one after another.	libero_object	306;307;310;304	pick_up_the_tomato_sauce_and_place_it_in_the_basket;pick_up_the_butter_and_place_it_in_the_basket;pick_up_the_orange_juice_and_place_it_in_the_basket;pick_up_the_bbq_sauce_and_place_it_in_the_basket	Pick the tomato sauce and place it in the basket | Pick the butter and place it in the basket | Pick the orange juice and place it in the basket | Pick the bbq sauce and place it in the basket	in(tomato_sauce_1, basket_1_contain_region); in(butter_1, basket_1_contain_region); in(orange_juice_1, basket_1_contain_region); in(bbq_sauce_1, basket_1_contain_region)	object4_pick_up_the_tomato_sauce_and_place_it_in_the_basket	Novel four-object extension of this exact stock Object layout; all C(6,4) subsets are enumerated. | All corresponding three-object identities were already screened in LiberoComposition and are not repeated. | Object identity has its own original LIBERO-Object pick-to-basket trajectory; its pose in the composite scene may differ. | Object identity has its own original LIBERO-Object pick-to-basket trajectory; its pose in the composite scene may differ. | Object identity has its own original LIBERO-Object pick-to-basket trajectory; its pose in the composite scene may differ. | Object identity has its own original LIBERO-Object pick-to-basket trajectory; its pose in the composite scene may differ.	6	0	5	0.0	0	composition|b2d1edccfcf1d327f2411487573372022051e62345c97a61693c306944814d42|frozenset({in(bbq_sauce_1,basket_1_contain_region),in(butter_1,basket_1_contain_region),in(orange_juice_1,basket_1_contain_region),in(tomato_sauce_1,basket_1_contain_region)})
COMPOSE_144	Compose-350	X1_object_layout_four_to_basket	4	true	false	Put the tomato sauce, the butter, the chocolate pudding, and the bbq sauce in the basket one after another.	libero_object	306;307;309;304	pick_up_the_tomato_sauce_and_place_it_in_the_basket;pick_up_the_butter_and_place_it_in_the_basket;pick_up_the_chocolate_pudding_and_place_it_in_the_basket;pick_up_the_bbq_sauce_and_place_it_in_the_basket	Pick the tomato sauce and place it in the basket | Pick the butter and place it in the basket | Pick the chocolate pudding and place it in the basket | Pick the bbq sauce and place it in the basket	in(tomato_sauce_1, basket_1_contain_region); in(butter_1, basket_1_contain_region); in(chocolate_pudding_1, basket_1_contain_region); in(bbq_sauce_1, basket_1_contain_region)	object4_pick_up_the_tomato_sauce_and_place_it_in_the_basket	Novel four-object extension of this exact stock Object layout; all C(6,4) subsets are enumerated. | All corresponding three-object identities were already screened in LiberoComposition and are not repeated. | Object identity has its own original LIBERO-Object pick-to-basket trajectory; its pose in the composite scene may differ. | Object identity has its own original LIBERO-Object pick-to-basket trajectory; its pose in the composite scene may differ. | Object identity has its own original LIBERO-Object pick-to-basket trajectory; its pose in the composite scene may differ. | Object identity has its own original LIBERO-Object pick-to-basket trajectory; its pose in the composite scene may differ.	7	0	5	0.0	0	composition|b2d1edccfcf1d327f2411487573372022051e62345c97a61693c306944814d42|frozenset({in(bbq_sauce_1,basket_1_contain_region),in(butter_1,basket_1_contain_region),in(chocolate_pudding_1,basket_1_contain_region),in(tomato_sauce_1,basket_1_contain_region)})
COMPOSE_145	Compose-350	X1_object_layout_four_to_basket	4	true	false	Put the tomato sauce, the orange juice, the chocolate pudding, and the bbq sauce in the basket one after another.	libero_object	306;310;309;304	pick_up_the_tomato_sauce_and_place_it_in_the_basket;pick_up_the_orange_juice_and_place_it_in_the_basket;pick_up_the_chocolate_pudding_and_place_it_in_the_basket;pick_up_the_bbq_sauce_and_place_it_in_the_basket	Pick the tomato sauce and place it in the basket | Pick the orange juice and place it in the basket | Pick the chocolate pudding and place it in the basket | Pick the bbq sauce and place it in the basket	in(tomato_sauce_1, basket_1_contain_region); in(orange_juice_1, basket_1_contain_region); in(chocolate_pudding_1, basket_1_contain_region); in(bbq_sauce_1, basket_1_contain_region)	object4_pick_up_the_tomato_sauce_and_place_it_in_the_basket	Novel four-object extension of this exact stock Object layout; all C(6,4) subsets are enumerated. | All corresponding three-object identities were already screened in LiberoComposition and are not repeated. | Object identity has its own original LIBERO-Object pick-to-basket trajectory; its pose in the composite scene may differ. | Object identity has its own original LIBERO-Object pick-to-basket trajectory; its pose in the composite scene may differ. | Object identity has its own original LIBERO-Object pick-to-basket trajectory; its pose in the composite scene may differ. | Object identity has its own original LIBERO-Object pick-to-basket trajectory; its pose in the composite scene may differ.	6	0	5	0.0	0	composition|b2d1edccfcf1d327f2411487573372022051e62345c97a61693c306944814d42|frozenset({in(bbq_sauce_1,basket_1_contain_region),in(chocolate_pudding_1,basket_1_contain_region),in(orange_juice_1,basket_1_contain_region),in(tomato_sauce_1,basket_1_contain_region)})
COMPOSE_146	Compose-350	X1_object_layout_four_to_basket	4	true	false	Put the milk, the butter, the orange juice, and the chocolate pudding in the basket one after another.	libero_object	308;307;310;309	pick_up_the_milk_and_place_it_in_the_basket;pick_up_the_butter_and_place_it_in_the_basket;pick_up_the_orange_juice_and_place_it_in_the_basket;pick_up_the_chocolate_pudding_and_place_it_in_the_basket	Pick the milk and place it in the basket | Pick the butter and place it in the basket | Pick the orange juice and place it in the basket | Pick the chocolate pudding and place it in the basket	in(milk_1, basket_1_contain_region); in(butter_1, basket_1_contain_region); in(orange_juice_1, basket_1_contain_region); in(chocolate_pudding_1, basket_1_contain_region)	object4_pick_up_the_tomato_sauce_and_place_it_in_the_basket	Novel four-object extension of this exact stock Object layout; all C(6,4) subsets are enumerated. | All corresponding three-object identities were already screened in LiberoComposition and are not repeated. | Object identity has its own original LIBERO-Object pick-to-basket trajectory; its pose in the composite scene may differ. | Object identity has its own original LIBERO-Object pick-to-basket trajectory; its pose in the composite scene may differ. | Object identity has its own original LIBERO-Object pick-to-basket trajectory; its pose in the composite scene may differ. | Object identity has its own original LIBERO-Object pick-to-basket trajectory; its pose in the composite scene may differ.	7	0	5	0.0	0	composition|b2d1edccfcf1d327f2411487573372022051e62345c97a61693c306944814d42|frozenset({in(butter_1,basket_1_contain_region),in(chocolate_pudding_1,basket_1_contain_region),in(milk_1,basket_1_contain_region),in(orange_juice_1,basket_1_contain_region)})
COMPOSE_147	Compose-350	X1_object_layout_four_to_basket	4	true	false	Put the milk, the butter, the orange juice, and the bbq sauce in the basket one after another.	libero_object	308;307;310;304	pick_up_the_milk_and_place_it_in_the_basket;pick_up_the_butter_and_place_it_in_the_basket;pick_up_the_orange_juice_and_place_it_in_the_basket;pick_up_the_bbq_sauce_and_place_it_in_the_basket	Pick the milk and place it in the basket | Pick the butter and place it in the basket | Pick the orange juice and place it in the basket | Pick the bbq sauce and place it in the basket	in(milk_1, basket_1_contain_region); in(butter_1, basket_1_contain_region); in(orange_juice_1, basket_1_contain_region); in(bbq_sauce_1, basket_1_contain_region)	object4_pick_up_the_tomato_sauce_and_place_it_in_the_basket	Novel four-object extension of this exact stock Object layout; all C(6,4) subsets are enumerated. | All corresponding three-object identities were already screened in LiberoComposition and are not repeated. | Object identity has its own original LIBERO-Object pick-to-basket trajectory; its pose in the composite scene may differ. | Object identity has its own original LIBERO-Object pick-to-basket trajectory; its pose in the composite scene may differ. | Object identity has its own original LIBERO-Object pick-to-basket trajectory; its pose in the composite scene may differ. | Object identity has its own original LIBERO-Object pick-to-basket trajectory; its pose in the composite scene may differ.	6	0	5	0.0	0	composition|b2d1edccfcf1d327f2411487573372022051e62345c97a61693c306944814d42|frozenset({in(bbq_sauce_1,basket_1_contain_region),in(butter_1,basket_1_contain_region),in(milk_1,basket_1_contain_region),in(orange_juice_1,basket_1_contain_region)})
COMPOSE_148	Compose-350	X1_object_layout_four_to_basket	4	true	false	Put the milk, the butter, the chocolate pudding, and the bbq sauce in the basket one after another.	libero_object	308;307;309;304	pick_up_the_milk_and_place_it_in_the_basket;pick_up_the_butter_and_place_it_in_the_basket;pick_up_the_chocolate_pudding_and_place_it_in_the_basket;pick_up_the_bbq_sauce_and_place_it_in_the_basket	Pick the milk and place it in the basket | Pick the butter and place it in the basket | Pick the chocolate pudding and place it in the basket | Pick the bbq sauce and place it in the basket	in(milk_1, basket_1_contain_region); in(butter_1, basket_1_contain_region); in(chocolate_pudding_1, basket_1_contain_region); in(bbq_sauce_1, basket_1_contain_region)	object4_pick_up_the_tomato_sauce_and_place_it_in_the_basket	Novel four-object extension of this exact stock Object layout; all C(6,4) subsets are enumerated. | All corresponding three-object identities were already screened in LiberoComposition and are not repeated. | Object identity has its own original LIBERO-Object pick-to-basket trajectory; its pose in the composite scene may differ. | Object identity has its own original LIBERO-Object pick-to-basket trajectory; its pose in the composite scene may differ. | Object identity has its own original LIBERO-Object pick-to-basket trajectory; its pose in the composite scene may differ. | Object identity has its own original LIBERO-Object pick-to-basket trajectory; its pose in the composite scene may differ.	7	0	5	0.0	0	composition|b2d1edccfcf1d327f2411487573372022051e62345c97a61693c306944814d42|frozenset({in(bbq_sauce_1,basket_1_contain_region),in(butter_1,basket_1_contain_region),in(chocolate_pudding_1,basket_1_contain_region),in(milk_1,basket_1_contain_region)})
COMPOSE_149	Compose-350	X1_object_layout_four_to_basket	4	true	false	Put the milk, the orange juice, the chocolate pudding, and the bbq sauce in the basket one after another.	libero_object	308;310;309;304	pick_up_the_milk_and_place_it_in_the_basket;pick_up_the_orange_juice_and_place_it_in_the_basket;pick_up_the_chocolate_pudding_and_place_it_in_the_basket;pick_up_the_bbq_sauce_and_place_it_in_the_basket	Pick the milk and place it in the basket | Pick the orange juice and place it in the basket | Pick the chocolate pudding and place it in the basket | Pick the bbq sauce and place it in the basket	in(milk_1, basket_1_contain_region); in(orange_juice_1, basket_1_contain_region); in(chocolate_pudding_1, basket_1_contain_region); in(bbq_sauce_1, basket_1_contain_region)	object4_pick_up_the_tomato_sauce_and_place_it_in_the_basket	Novel four-object extension of this exact stock Object layout; all C(6,4) subsets are enumerated. | All corresponding three-object identities were already screened in LiberoComposition and are not repeated. | Object identity has its own original LIBERO-Object pick-to-basket trajectory; its pose in the composite scene may differ. | Object identity has its own original LIBERO-Object pick-to-basket trajectory; its pose in the composite scene may differ. | Object identity has its own original LIBERO-Object pick-to-basket trajectory; its pose in the composite scene may differ. | Object identity has its own original LIBERO-Object pick-to-basket trajectory; its pose in the composite scene may differ.	6	0	5	0.0	0	composition|b2d1edccfcf1d327f2411487573372022051e62345c97a61693c306944814d42|frozenset({in(bbq_sauce_1,basket_1_contain_region),in(chocolate_pudding_1,basket_1_contain_region),in(milk_1,basket_1_contain_region),in(orange_juice_1,basket_1_contain_region)})
COMPOSE_150	Compose-350	X1_object_layout_four_to_basket	4	true	false	Put the butter, the orange juice, the chocolate pudding, and the bbq sauce in the basket one after another.	libero_object	307;310;309;304	pick_up_the_butter_and_place_it_in_the_basket;pick_up_the_orange_juice_and_place_it_in_the_basket;pick_up_the_chocolate_pudding_and_place_it_in_the_basket;pick_up_the_bbq_sauce_and_place_it_in_the_basket	Pick the butter and place it in the basket | Pick the orange juice and place it in the basket | Pick the chocolate pudding and place it in the basket | Pick the bbq sauce and place it in the basket	in(butter_1, basket_1_contain_region); in(orange_juice_1, basket_1_contain_region); in(chocolate_pudding_1, basket_1_contain_region); in(bbq_sauce_1, basket_1_contain_region)	object4_pick_up_the_tomato_sauce_and_place_it_in_the_basket	Novel four-object extension of this exact stock Object layout; all C(6,4) subsets are enumerated. | All corresponding three-object identities were already screened in LiberoComposition and are not repeated. | Object identity has its own original LIBERO-Object pick-to-basket trajectory; its pose in the composite scene may differ. | Object identity has its own original LIBERO-Object pick-to-basket trajectory; its pose in the composite scene may differ. | Object identity has its own original LIBERO-Object pick-to-basket trajectory; its pose in the composite scene may differ. | Object identity has its own original LIBERO-Object pick-to-basket trajectory; its pose in the composite scene may differ.	7	0	5	0.0	0	composition|b2d1edccfcf1d327f2411487573372022051e62345c97a61693c306944814d42|frozenset({in(bbq_sauce_1,basket_1_contain_region),in(butter_1,basket_1_contain_region),in(chocolate_pudding_1,basket_1_contain_region),in(orange_juice_1,basket_1_contain_region)})
COMPOSE_151	Compose-350	X2_libero10_scene1_four_to_basket	4	true	false	Put the alphabet soup, the cream cheese box, the ketchup, and the tomato sauce in the basket one after another.	libero_10;libero_object	301;302;305;306	LIVING_ROOM_SCENE1_put_both_the_alphabet_soup_and_the_cream_cheese_box_in_the_basket;pick_up_the_alphabet_soup_and_place_it_in_the_basket;pick_up_the_cream_cheese_and_place_it_in_the_basket;pick_up_the_ketchup_and_place_it_in_the_basket;pick_up_the_tomato_sauce_and_place_it_in_the_basket	put both the alphabet soup and the cream cheese box in the basket | Pick the alphabet soup and place it in the basket | Pick the cream cheese and place it in the basket | Pick the ketchup and place it in the basket | Pick the tomato sauce and place it in the basket	in(alphabet_soup_1, basket_1_contain_region); in(cream_cheese_1, basket_1_contain_region); in(ketchup_1, basket_1_contain_region); in(tomato_sauce_1, basket_1_contain_region)	libero10_scene1_four_basket	The only C(4,4) extension of the original LIBERO-10 Scene1 basket layout. | Object identity has its own original LIBERO-Object pick-to-basket trajectory; its pose in the composite scene may differ. | Object identity has its own original LIBERO-Object pick-to-basket trajectory; its pose in the composite scene may differ. | Object identity has its own original LIBERO-Object pick-to-basket trajectory; its pose in the composite scene may differ. | Object identity has its own original LIBERO-Object pick-to-basket trajectory; its pose in the composite scene may differ.	6	0	5	0.0	0	composition|839ab29ce44af74e03e3b92fb7779309a04f755fb09f3c20e534bb1ad7898e6f|frozenset({in(alphabet_soup_1,basket_1_contain_region),in(cream_cheese_1,basket_1_contain_region),in(ketchup_1,basket_1_contain_region),in(tomato_sauce_1,basket_1_contain_region)})
COMPOSE_152	Compose-350	X3_libero10_scene2_milk_removed_3_to_basket	3	true	false	Put the alphabet soup, the butter, and the cream cheese box in the basket one after another.	libero_10;libero_object	301;307;302	LIVING_ROOM_SCENE2_put_both_the_alphabet_soup_and_the_tomato_sauce_in_the_basket;pick_up_the_alphabet_soup_and_place_it_in_the_basket;pick_up_the_butter_and_place_it_in_the_basket;pick_up_the_cream_cheese_and_place_it_in_the_basket	put both the alphabet soup and the tomato sauce in the basket | Pick the alphabet soup and place it in the basket | Pick the butter and place it in the basket | Pick the cream cheese and place it in the basket	in(alphabet_soup_1, basket_1_contain_region); in(butter_1, basket_1_contain_region); in(cream_cheese_1, basket_1_contain_region)	libero10_scene2_milk_blocker_removed	milk_1 and its init region are removed because prior rollouts repeatedly collided with and toppled it. | Exhaustive C(6,3) subset after blocker removal; no instruction-order duplicates are created. | Object identity has its own original LIBERO-Object pick-to-basket trajectory; its pose in the composite scene may differ. | Object identity has its own original LIBERO-Object pick-to-basket trajectory; its pose in the composite scene may differ. | Object identity has its own original LIBERO-Object pick-to-basket trajectory; its pose in the composite scene may differ.	7	0	5	0.0	0	composition|16d60b6417ebeed74645d67ef8834e2dfb629ef82039d216f1f056fba6095708|frozenset({in(alphabet_soup_1,basket_1_contain_region),in(butter_1,basket_1_contain_region),in(cream_cheese_1,basket_1_contain_region)})
COMPOSE_153	Compose-350	X3_libero10_scene2_milk_removed_3_to_basket	3	true	false	Put the alphabet soup, the butter, and the ketchup in the basket one after another.	libero_10;libero_object	301;307;305	LIVING_ROOM_SCENE2_put_both_the_alphabet_soup_and_the_tomato_sauce_in_the_basket;pick_up_the_alphabet_soup_and_place_it_in_the_basket;pick_up_the_butter_and_place_it_in_the_basket;pick_up_the_ketchup_and_place_it_in_the_basket	put both the alphabet soup and the tomato sauce in the basket | Pick the alphabet soup and place it in the basket | Pick the butter and place it in the basket | Pick the ketchup and place it in the basket	in(alphabet_soup_1, basket_1_contain_region); in(butter_1, basket_1_contain_region); in(ketchup_1, basket_1_contain_region)	libero10_scene2_milk_blocker_removed	milk_1 and its init region are removed because prior rollouts repeatedly collided with and toppled it. | Exhaustive C(6,3) subset after blocker removal; no instruction-order duplicates are created. | Object identity has its own original LIBERO-Object pick-to-basket trajectory; its pose in the composite scene may differ. | Object identity has its own original LIBERO-Object pick-to-basket trajectory; its pose in the composite scene may differ. | Object identity has its own original LIBERO-Object pick-to-basket trajectory; its pose in the composite scene may differ.	6	0	5	0.0	0	composition|16d60b6417ebeed74645d67ef8834e2dfb629ef82039d216f1f056fba6095708|frozenset({in(alphabet_soup_1,basket_1_contain_region),in(butter_1,basket_1_contain_region),in(ketchup_1,basket_1_contain_region)})
COMPOSE_154	Compose-350	X3_libero10_scene2_milk_removed_3_to_basket	3	true	false	Put the alphabet soup, the butter, and the orange juice in the basket one after another.	libero_10;libero_object	301;307;310	LIVING_ROOM_SCENE2_put_both_the_alphabet_soup_and_the_tomato_sauce_in_the_basket;pick_up_the_alphabet_soup_and_place_it_in_the_basket;pick_up_the_butter_and_place_it_in_the_basket;pick_up_the_orange_juice_and_place_it_in_the_basket	put both the alphabet soup and the tomato sauce in the basket | Pick the alphabet soup and place it in the basket | Pick the butter and place it in the basket | Pick the orange juice and place it in the basket	in(alphabet_soup_1, basket_1_contain_region); in(butter_1, basket_1_contain_region); in(orange_juice_1, basket_1_contain_region)	libero10_scene2_milk_blocker_removed	milk_1 and its init region are removed because prior rollouts repeatedly collided with and toppled it. | Exhaustive C(6,3) subset after blocker removal; no instruction-order duplicates are created. | Object identity has its own original LIBERO-Object pick-to-basket trajectory; its pose in the composite scene may differ. | Object identity has its own original LIBERO-Object pick-to-basket trajectory; its pose in the composite scene may differ. | Object identity has its own original LIBERO-Object pick-to-basket trajectory; its pose in the composite scene may differ.	7	0	5	0.0	0	composition|16d60b6417ebeed74645d67ef8834e2dfb629ef82039d216f1f056fba6095708|frozenset({in(alphabet_soup_1,basket_1_contain_region),in(butter_1,basket_1_contain_region),in(orange_juice_1,basket_1_contain_region)})
COMPOSE_155	Compose-350	X3_libero10_scene2_milk_removed_3_to_basket	3	true	false	Put the alphabet soup, the butter, and the tomato sauce in the basket one after another.	libero_10;libero_object	301;307;306	LIVING_ROOM_SCENE2_put_both_the_alphabet_soup_and_the_tomato_sauce_in_the_basket;pick_up_the_alphabet_soup_and_place_it_in_the_basket;pick_up_the_butter_and_place_it_in_the_basket;pick_up_the_tomato_sauce_and_place_it_in_the_basket	put both the alphabet soup and the tomato sauce in the basket | Pick the alphabet soup and place it in the basket | Pick the butter and place it in the basket | Pick the tomato sauce and place it in the basket	in(alphabet_soup_1, basket_1_contain_region); in(butter_1, basket_1_contain_region); in(tomato_sauce_1, basket_1_contain_region)	libero10_scene2_milk_blocker_removed	milk_1 and its init region are removed because prior rollouts repeatedly collided with and toppled it. | Exhaustive C(6,3) subset after blocker removal; no instruction-order duplicates are created. | Object identity has its own original LIBERO-Object pick-to-basket trajectory; its pose in the composite scene may differ. | Object identity has its own original LIBERO-Object pick-to-basket trajectory; its pose in the composite scene may differ. | Object identity has its own original LIBERO-Object pick-to-basket trajectory; its pose in the composite scene may differ.	6	2	5	40.0	2	composition|16d60b6417ebeed74645d67ef8834e2dfb629ef82039d216f1f056fba6095708|frozenset({in(alphabet_soup_1,basket_1_contain_region),in(butter_1,basket_1_contain_region),in(tomato_sauce_1,basket_1_contain_region)})
COMPOSE_156	Compose-350	X3_libero10_scene2_milk_removed_3_to_basket	3	true	false	Put the alphabet soup, the cream cheese box, and the ketchup in the basket one after another.	libero_10;libero_object	301;302;305	LIVING_ROOM_SCENE2_put_both_the_alphabet_soup_and_the_tomato_sauce_in_the_basket;pick_up_the_alphabet_soup_and_place_it_in_the_basket;pick_up_the_cream_cheese_and_place_it_in_the_basket;pick_up_the_ketchup_and_place_it_in_the_basket	put both the alphabet soup and the tomato sauce in the basket | Pick the alphabet soup and place it in the basket | Pick the cream cheese and place it in the basket | Pick the ketchup and place it in the basket	in(alphabet_soup_1, basket_1_contain_region); in(cream_cheese_1, basket_1_contain_region); in(ketchup_1, basket_1_contain_region)	libero10_scene2_milk_blocker_removed	milk_1 and its init region are removed because prior rollouts repeatedly collided with and toppled it. | Exhaustive C(6,3) subset after blocker removal; no instruction-order duplicates are created. | Object identity has its own original LIBERO-Object pick-to-basket trajectory; its pose in the composite scene may differ. | Object identity has its own original LIBERO-Object pick-to-basket trajectory; its pose in the composite scene may differ. | Object identity has its own original LIBERO-Object pick-to-basket trajectory; its pose in the composite scene may differ.	7	0	5	0.0	0	composition|16d60b6417ebeed74645d67ef8834e2dfb629ef82039d216f1f056fba6095708|frozenset({in(alphabet_soup_1,basket_1_contain_region),in(cream_cheese_1,basket_1_contain_region),in(ketchup_1,basket_1_contain_region)})
COMPOSE_157	Compose-350	X3_libero10_scene2_milk_removed_3_to_basket	3	true	false	Put the alphabet soup, the cream cheese box, and the orange juice in the basket one after another.	libero_10;libero_object	301;302;310	LIVING_ROOM_SCENE2_put_both_the_alphabet_soup_and_the_tomato_sauce_in_the_basket;pick_up_the_alphabet_soup_and_place_it_in_the_basket;pick_up_the_cream_cheese_and_place_it_in_the_basket;pick_up_the_orange_juice_and_place_it_in_the_basket	put both the alphabet soup and the tomato sauce in the basket | Pick the alphabet soup and place it in the basket | Pick the cream cheese and place it in the basket | Pick the orange juice and place it in the basket	in(alphabet_soup_1, basket_1_contain_region); in(cream_cheese_1, basket_1_contain_region); in(orange_juice_1, basket_1_contain_region)	libero10_scene2_milk_blocker_removed	milk_1 and its init region are removed because prior rollouts repeatedly collided with and toppled it. | Exhaustive C(6,3) subset after blocker removal; no instruction-order duplicates are created. | Object identity has its own original LIBERO-Object pick-to-basket trajectory; its pose in the composite scene may differ. | Object identity has its own original LIBERO-Object pick-to-basket trajectory; its pose in the composite scene may differ. | Object identity has its own original LIBERO-Object pick-to-basket trajectory; its pose in the composite scene may differ.	6	0	5	0.0	0	composition|16d60b6417ebeed74645d67ef8834e2dfb629ef82039d216f1f056fba6095708|frozenset({in(alphabet_soup_1,basket_1_contain_region),in(cream_cheese_1,basket_1_contain_region),in(orange_juice_1,basket_1_contain_region)})
COMPOSE_158	Compose-350	X3_libero10_scene2_milk_removed_3_to_basket	3	true	false	Put the alphabet soup, the cream cheese box, and the tomato sauce in the basket one after another.	libero_10;libero_object	301;302;306	LIVING_ROOM_SCENE2_put_both_the_alphabet_soup_and_the_tomato_sauce_in_the_basket;pick_up_the_alphabet_soup_and_place_it_in_the_basket;pick_up_the_cream_cheese_and_place_it_in_the_basket;pick_up_the_tomato_sauce_and_place_it_in_the_basket	put both the alphabet soup and the tomato sauce in the basket | Pick the alphabet soup and place it in the basket | Pick the cream cheese and place it in the basket | Pick the tomato sauce and place it in the basket	in(alphabet_soup_1, basket_1_contain_region); in(cream_cheese_1, basket_1_contain_region); in(tomato_sauce_1, basket_1_contain_region)	libero10_scene2_milk_blocker_removed	milk_1 and its init region are removed because prior rollouts repeatedly collided with and toppled it. | Exhaustive C(6,3) subset after blocker removal; no instruction-order duplicates are created. | Object identity has its own original LIBERO-Object pick-to-basket trajectory; its pose in the composite scene may differ. | Object identity has its own original LIBERO-Object pick-to-basket trajectory; its pose in the composite scene may differ. | Object identity has its own original LIBERO-Object pick-to-basket trajectory; its pose in the composite scene may differ.	7	0	5	0.0	0	composition|16d60b6417ebeed74645d67ef8834e2dfb629ef82039d216f1f056fba6095708|frozenset({in(alphabet_soup_1,basket_1_contain_region),in(cream_cheese_1,basket_1_contain_region),in(tomato_sauce_1,basket_1_contain_region)})
COMPOSE_159	Compose-350	X3_libero10_scene2_milk_removed_3_to_basket	3	true	false	Put the alphabet soup, the ketchup, and the orange juice in the basket one after another.	libero_10;libero_object	301;305;310	LIVING_ROOM_SCENE2_put_both_the_alphabet_soup_and_the_tomato_sauce_in_the_basket;pick_up_the_alphabet_soup_and_place_it_in_the_basket;pick_up_the_ketchup_and_place_it_in_the_basket;pick_up_the_orange_juice_and_place_it_in_the_basket	put both the alphabet soup and the tomato sauce in the basket | Pick the alphabet soup and place it in the basket | Pick the ketchup and place it in the basket | Pick the orange juice and place it in the basket	in(alphabet_soup_1, basket_1_contain_region); in(ketchup_1, basket_1_contain_region); in(orange_juice_1, basket_1_contain_region)	libero10_scene2_milk_blocker_removed	milk_1 and its init region are removed because prior rollouts repeatedly collided with and toppled it. | Exhaustive C(6,3) subset after blocker removal; no instruction-order duplicates are created. | Object identity has its own original LIBERO-Object pick-to-basket trajectory; its pose in the composite scene may differ. | Object identity has its own original LIBERO-Object pick-to-basket trajectory; its pose in the composite scene may differ. | Object identity has its own original LIBERO-Object pick-to-basket trajectory; its pose in the composite scene may differ.	6	0	5	0.0	0	composition|16d60b6417ebeed74645d67ef8834e2dfb629ef82039d216f1f056fba6095708|frozenset({in(alphabet_soup_1,basket_1_contain_region),in(ketchup_1,basket_1_contain_region),in(orange_juice_1,basket_1_contain_region)})
COMPOSE_160	Compose-350	X3_libero10_scene2_milk_removed_3_to_basket	3	true	false	Put the alphabet soup, the ketchup, and the tomato sauce in the basket one after another.	libero_10;libero_object	301;305;306	LIVING_ROOM_SCENE2_put_both_the_alphabet_soup_and_the_tomato_sauce_in_the_basket;pick_up_the_alphabet_soup_and_place_it_in_the_basket;pick_up_the_ketchup_and_place_it_in_the_basket;pick_up_the_tomato_sauce_and_place_it_in_the_basket	put both the alphabet soup and the tomato sauce in the basket | Pick the alphabet soup and place it in the basket | Pick the ketchup and place it in the basket | Pick the tomato sauce and place it in the basket	in(alphabet_soup_1, basket_1_contain_region); in(ketchup_1, basket_1_contain_region); in(tomato_sauce_1, basket_1_contain_region)	libero10_scene2_milk_blocker_removed	milk_1 and its init region are removed because prior rollouts repeatedly collided with and toppled it. | Exhaustive C(6,3) subset after blocker removal; no instruction-order duplicates are created. | Object identity has its own original LIBERO-Object pick-to-basket trajectory; its pose in the composite scene may differ. | Object identity has its own original LIBERO-Object pick-to-basket trajectory; its pose in the composite scene may differ. | Object identity has its own original LIBERO-Object pick-to-basket trajectory; its pose in the composite scene may differ.	7	0	5	0.0	0	composition|16d60b6417ebeed74645d67ef8834e2dfb629ef82039d216f1f056fba6095708|frozenset({in(alphabet_soup_1,basket_1_contain_region),in(ketchup_1,basket_1_contain_region),in(tomato_sauce_1,basket_1_contain_region)})
COMPOSE_161	Compose-350	X3_libero10_scene2_milk_removed_3_to_basket	3	true	false	Put the alphabet soup, the orange juice, and the tomato sauce in the basket one after another.	libero_10;libero_object	301;310;306	LIVING_ROOM_SCENE2_put_both_the_alphabet_soup_and_the_tomato_sauce_in_the_basket;pick_up_the_alphabet_soup_and_place_it_in_the_basket;pick_up_the_orange_juice_and_place_it_in_the_basket;pick_up_the_tomato_sauce_and_place_it_in_the_basket	put both the alphabet soup and the tomato sauce in the basket | Pick the alphabet soup and place it in the basket | Pick the orange juice and place it in the basket | Pick the tomato sauce and place it in the basket	in(alphabet_soup_1, basket_1_contain_region); in(orange_juice_1, basket_1_contain_region); in(tomato_sauce_1, basket_1_contain_region)	libero10_scene2_milk_blocker_removed	milk_1 and its init region are removed because prior rollouts repeatedly collided with and toppled it. | Exhaustive C(6,3) subset after blocker removal; no instruction-order duplicates are created. | Object identity has its own original LIBERO-Object pick-to-basket trajectory; its pose in the composite scene may differ. | Object identity has its own original LIBERO-Object pick-to-basket trajectory; its pose in the composite scene may differ. | Object identity has its own original LIBERO-Object pick-to-basket trajectory; its pose in the composite scene may differ.	6	0	5	0.0	0	composition|16d60b6417ebeed74645d67ef8834e2dfb629ef82039d216f1f056fba6095708|frozenset({in(alphabet_soup_1,basket_1_contain_region),in(orange_juice_1,basket_1_contain_region),in(tomato_sauce_1,basket_1_contain_region)})
COMPOSE_162	Compose-350	X3_libero10_scene2_milk_removed_3_to_basket	3	true	false	Put the butter, the cream cheese box, and the ketchup in the basket one after another.	libero_10;libero_object	307;302;305	LIVING_ROOM_SCENE2_put_both_the_alphabet_soup_and_the_tomato_sauce_in_the_basket;pick_up_the_butter_and_place_it_in_the_basket;pick_up_the_cream_cheese_and_place_it_in_the_basket;pick_up_the_ketchup_and_place_it_in_the_basket	put both the alphabet soup and the tomato sauce in the basket | Pick the butter and place it in the basket | Pick the cream cheese and place it in the basket | Pick the ketchup and place it in the basket	in(butter_1, basket_1_contain_region); in(cream_cheese_1, basket_1_contain_region); in(ketchup_1, basket_1_contain_region)	libero10_scene2_milk_blocker_removed	milk_1 and its init region are removed because prior rollouts repeatedly collided with and toppled it. | Exhaustive C(6,3) subset after blocker removal; no instruction-order duplicates are created. | Object identity has its own original LIBERO-Object pick-to-basket trajectory; its pose in the composite scene may differ. | Object identity has its own original LIBERO-Object pick-to-basket trajectory; its pose in the composite scene may differ. | Object identity has its own original LIBERO-Object pick-to-basket trajectory; its pose in the composite scene may differ.	7	0	5	0.0	0	composition|16d60b6417ebeed74645d67ef8834e2dfb629ef82039d216f1f056fba6095708|frozenset({in(butter_1,basket_1_contain_region),in(cream_cheese_1,basket_1_contain_region),in(ketchup_1,basket_1_contain_region)})
COMPOSE_163	Compose-350	X3_libero10_scene2_milk_removed_3_to_basket	3	true	false	Put the butter, the cream cheese box, and the orange juice in the basket one after another.	libero_10;libero_object	307;302;310	LIVING_ROOM_SCENE2_put_both_the_alphabet_soup_and_the_tomato_sauce_in_the_basket;pick_up_the_butter_and_place_it_in_the_basket;pick_up_the_cream_cheese_and_place_it_in_the_basket;pick_up_the_orange_juice_and_place_it_in_the_basket	put both the alphabet soup and the tomato sauce in the basket | Pick the butter and place it in the basket | Pick the cream cheese and place it in the basket | Pick the orange juice and place it in the basket	in(butter_1, basket_1_contain_region); in(cream_cheese_1, basket_1_contain_region); in(orange_juice_1, basket_1_contain_region)	libero10_scene2_milk_blocker_removed	milk_1 and its init region are removed because prior rollouts repeatedly collided with and toppled it. | Exhaustive C(6,3) subset after blocker removal; no instruction-order duplicates are created. | Object identity has its own original LIBERO-Object pick-to-basket trajectory; its pose in the composite scene may differ. | Object identity has its own original LIBERO-Object pick-to-basket trajectory; its pose in the composite scene may differ. | Object identity has its own original LIBERO-Object pick-to-basket trajectory; its pose in the composite scene may differ.	6	0	5	0.0	0	composition|16d60b6417ebeed74645d67ef8834e2dfb629ef82039d216f1f056fba6095708|frozenset({in(butter_1,basket_1_contain_region),in(cream_cheese_1,basket_1_contain_region),in(orange_juice_1,basket_1_contain_region)})
COMPOSE_164	Compose-350	X3_libero10_scene2_milk_removed_3_to_basket	3	true	false	Put the butter, the cream cheese box, and the tomato sauce in the basket one after another.	libero_10;libero_object	307;302;306	LIVING_ROOM_SCENE2_put_both_the_alphabet_soup_and_the_tomato_sauce_in_the_basket;pick_up_the_butter_and_place_it_in_the_basket;pick_up_the_cream_cheese_and_place_it_in_the_basket;pick_up_the_tomato_sauce_and_place_it_in_the_basket	put both the alphabet soup and the tomato sauce in the basket | Pick the butter and place it in the basket | Pick the cream cheese and place it in the basket | Pick the tomato sauce and place it in the basket	in(butter_1, basket_1_contain_region); in(cream_cheese_1, basket_1_contain_region); in(tomato_sauce_1, basket_1_contain_region)	libero10_scene2_milk_blocker_removed	milk_1 and its init region are removed because prior rollouts repeatedly collided with and toppled it. | Exhaustive C(6,3) subset after blocker removal; no instruction-order duplicates are created. | Object identity has its own original LIBERO-Object pick-to-basket trajectory; its pose in the composite scene may differ. | Object identity has its own original LIBERO-Object pick-to-basket trajectory; its pose in the composite scene may differ. | Object identity has its own original LIBERO-Object pick-to-basket trajectory; its pose in the composite scene may differ.	7	0	5	0.0	0	composition|16d60b6417ebeed74645d67ef8834e2dfb629ef82039d216f1f056fba6095708|frozenset({in(butter_1,basket_1_contain_region),in(cream_cheese_1,basket_1_contain_region),in(tomato_sauce_1,basket_1_contain_region)})
COMPOSE_165	Compose-350	X3_libero10_scene2_milk_removed_3_to_basket	3	true	false	Put the butter, the ketchup, and the orange juice in the basket one after another.	libero_10;libero_object	307;305;310	LIVING_ROOM_SCENE2_put_both_the_alphabet_soup_and_the_tomato_sauce_in_the_basket;pick_up_the_butter_and_place_it_in_the_basket;pick_up_the_ketchup_and_place_it_in_the_basket;pick_up_the_orange_juice_and_place_it_in_the_basket	put both the alphabet soup and the tomato sauce in the basket | Pick the butter and place it in the basket | Pick the ketchup and place it in the basket | Pick the orange juice and place it in the basket	in(butter_1, basket_1_contain_region); in(ketchup_1, basket_1_contain_region); in(orange_juice_1, basket_1_contain_region)	libero10_scene2_milk_blocker_removed	milk_1 and its init region are removed because prior rollouts repeatedly collided with and toppled it. | Exhaustive C(6,3) subset after blocker removal; no instruction-order duplicates are created. | Object identity has its own original LIBERO-Object pick-to-basket trajectory; its pose in the composite scene may differ. | Object identity has its own original LIBERO-Object pick-to-basket trajectory; its pose in the composite scene may differ. | Object identity has its own original LIBERO-Object pick-to-basket trajectory; its pose in the composite scene may differ.	6	0	5	0.0	0	composition|16d60b6417ebeed74645d67ef8834e2dfb629ef82039d216f1f056fba6095708|frozenset({in(butter_1,basket_1_contain_region),in(ketchup_1,basket_1_contain_region),in(orange_juice_1,basket_1_contain_region)})
COMPOSE_166	Compose-350	X3_libero10_scene2_milk_removed_3_to_basket	3	true	false	Put the butter, the ketchup, and the tomato sauce in the basket one after another.	libero_10;libero_object	307;305;306	LIVING_ROOM_SCENE2_put_both_the_alphabet_soup_and_the_tomato_sauce_in_the_basket;pick_up_the_butter_and_place_it_in_the_basket;pick_up_the_ketchup_and_place_it_in_the_basket;pick_up_the_tomato_sauce_and_place_it_in_the_basket	put both the alphabet soup and the tomato sauce in the basket | Pick the butter and place it in the basket | Pick the ketchup and place it in the basket | Pick the tomato sauce and place it in the basket	in(butter_1, basket_1_contain_region); in(ketchup_1, basket_1_contain_region); in(tomato_sauce_1, basket_1_contain_region)	libero10_scene2_milk_blocker_removed	milk_1 and its init region are removed because prior rollouts repeatedly collided with and toppled it. | Exhaustive C(6,3) subset after blocker removal; no instruction-order duplicates are created. | Object identity has its own original LIBERO-Object pick-to-basket trajectory; its pose in the composite scene may differ. | Object identity has its own original LIBERO-Object pick-to-basket trajectory; its pose in the composite scene may differ. | Object identity has its own original LIBERO-Object pick-to-basket trajectory; its pose in the composite scene may differ.	7	0	5	0.0	0	composition|16d60b6417ebeed74645d67ef8834e2dfb629ef82039d216f1f056fba6095708|frozenset({in(butter_1,basket_1_contain_region),in(ketchup_1,basket_1_contain_region),in(tomato_sauce_1,basket_1_contain_region)})
COMPOSE_167	Compose-350	X3_libero10_scene2_milk_removed_3_to_basket	3	true	false	Put the butter, the orange juice, and the tomato sauce in the basket one after another.	libero_10;libero_object	307;310;306	LIVING_ROOM_SCENE2_put_both_the_alphabet_soup_and_the_tomato_sauce_in_the_basket;pick_up_the_butter_and_place_it_in_the_basket;pick_up_the_orange_juice_and_place_it_in_the_basket;pick_up_the_tomato_sauce_and_place_it_in_the_basket	put both the alphabet soup and the tomato sauce in the basket | Pick the butter and place it in the basket | Pick the orange juice and place it in the basket | Pick the tomato sauce and place it in the basket	in(butter_1, basket_1_contain_region); in(orange_juice_1, basket_1_contain_region); in(tomato_sauce_1, basket_1_contain_region)	libero10_scene2_milk_blocker_removed	milk_1 and its init region are removed because prior rollouts repeatedly collided with and toppled it. | Exhaustive C(6,3) subset after blocker removal; no instruction-order duplicates are created. | Object identity has its own original LIBERO-Object pick-to-basket trajectory; its pose in the composite scene may differ. | Object identity has its own original LIBERO-Object pick-to-basket trajectory; its pose in the composite scene may differ. | Object identity has its own original LIBERO-Object pick-to-basket trajectory; its pose in the composite scene may differ.	6	0	5	0.0	0	composition|16d60b6417ebeed74645d67ef8834e2dfb629ef82039d216f1f056fba6095708|frozenset({in(butter_1,basket_1_contain_region),in(orange_juice_1,basket_1_contain_region),in(tomato_sauce_1,basket_1_contain_region)})
COMPOSE_168	Compose-350	X3_libero10_scene2_milk_removed_3_to_basket	3	true	false	Put the cream cheese box, the ketchup, and the orange juice in the basket one after another.	libero_10;libero_object	302;305;310	LIVING_ROOM_SCENE2_put_both_the_alphabet_soup_and_the_tomato_sauce_in_the_basket;pick_up_the_cream_cheese_and_place_it_in_the_basket;pick_up_the_ketchup_and_place_it_in_the_basket;pick_up_the_orange_juice_and_place_it_in_the_basket	put both the alphabet soup and the tomato sauce in the basket | Pick the cream cheese and place it in the basket | Pick the ketchup and place it in the basket | Pick the orange juice and place it in the basket	in(cream_cheese_1, basket_1_contain_region); in(ketchup_1, basket_1_contain_region); in(orange_juice_1, basket_1_contain_region)	libero10_scene2_milk_blocker_removed	milk_1 and its init region are removed because prior rollouts repeatedly collided with and toppled it. | Exhaustive C(6,3) subset after blocker removal; no instruction-order duplicates are created. | Object identity has its own original LIBERO-Object pick-to-basket trajectory; its pose in the composite scene may differ. | Object identity has its own original LIBERO-Object pick-to-basket trajectory; its pose in the composite scene may differ. | Object identity has its own original LIBERO-Object pick-to-basket trajectory; its pose in the composite scene may differ.	7	0	5	0.0	0	composition|16d60b6417ebeed74645d67ef8834e2dfb629ef82039d216f1f056fba6095708|frozenset({in(cream_cheese_1,basket_1_contain_region),in(ketchup_1,basket_1_contain_region),in(orange_juice_1,basket_1_contain_region)})
COMPOSE_169	Compose-350	X3_libero10_scene2_milk_removed_3_to_basket	3	true	false	Put the cream cheese box, the ketchup, and the tomato sauce in the basket one after another.	libero_10;libero_object	302;305;306	LIVING_ROOM_SCENE2_put_both_the_alphabet_soup_and_the_tomato_sauce_in_the_basket;pick_up_the_cream_cheese_and_place_it_in_the_basket;pick_up_the_ketchup_and_place_it_in_the_basket;pick_up_the_tomato_sauce_and_place_it_in_the_basket	put both the alphabet soup and the tomato sauce in the basket | Pick the cream cheese and place it in the basket | Pick the ketchup and place it in the basket | Pick the tomato sauce and place it in the basket	in(cream_cheese_1, basket_1_contain_region); in(ketchup_1, basket_1_contain_region); in(tomato_sauce_1, basket_1_contain_region)	libero10_scene2_milk_blocker_removed	milk_1 and its init region are removed because prior rollouts repeatedly collided with and toppled it. | Exhaustive C(6,3) subset after blocker removal; no instruction-order duplicates are created. | Object identity has its own original LIBERO-Object pick-to-basket trajectory; its pose in the composite scene may differ. | Object identity has its own original LIBERO-Object pick-to-basket trajectory; its pose in the composite scene may differ. | Object identity has its own original LIBERO-Object pick-to-basket trajectory; its pose in the composite scene may differ.	6	0	5	0.0	0	composition|16d60b6417ebeed74645d67ef8834e2dfb629ef82039d216f1f056fba6095708|frozenset({in(cream_cheese_1,basket_1_contain_region),in(ketchup_1,basket_1_contain_region),in(tomato_sauce_1,basket_1_contain_region)})
COMPOSE_170	Compose-350	X3_libero10_scene2_milk_removed_3_to_basket	3	true	false	Put the cream cheese box, the orange juice, and the tomato sauce in the basket one after another.	libero_10;libero_object	302;310;306	LIVING_ROOM_SCENE2_put_both_the_alphabet_soup_and_the_tomato_sauce_in_the_basket;pick_up_the_cream_cheese_and_place_it_in_the_basket;pick_up_the_orange_juice_and_place_it_in_the_basket;pick_up_the_tomato_sauce_and_place_it_in_the_basket	put both the alphabet soup and the tomato sauce in the basket | Pick the cream cheese and place it in the basket | Pick the orange juice and place it in the basket | Pick the tomato sauce and place it in the basket	in(cream_cheese_1, basket_1_contain_region); in(orange_juice_1, basket_1_contain_region); in(tomato_sauce_1, basket_1_contain_region)	libero10_scene2_milk_blocker_removed	milk_1 and its init region are removed because prior rollouts repeatedly collided with and toppled it. | Exhaustive C(6,3) subset after blocker removal; no instruction-order duplicates are created. | Object identity has its own original LIBERO-Object pick-to-basket trajectory; its pose in the composite scene may differ. | Object identity has its own original LIBERO-Object pick-to-basket trajectory; its pose in the composite scene may differ. | Object identity has its own original LIBERO-Object pick-to-basket trajectory; its pose in the composite scene may differ.	7	0	5	0.0	0	composition|16d60b6417ebeed74645d67ef8834e2dfb629ef82039d216f1f056fba6095708|frozenset({in(cream_cheese_1,basket_1_contain_region),in(orange_juice_1,basket_1_contain_region),in(tomato_sauce_1,basket_1_contain_region)})
COMPOSE_171	Compose-350	X3_libero10_scene2_milk_removed_3_to_basket	3	true	false	Put the ketchup, the orange juice, and the tomato sauce in the basket one after another.	libero_10;libero_object	305;310;306	LIVING_ROOM_SCENE2_put_both_the_alphabet_soup_and_the_tomato_sauce_in_the_basket;pick_up_the_ketchup_and_place_it_in_the_basket;pick_up_the_orange_juice_and_place_it_in_the_basket;pick_up_the_tomato_sauce_and_place_it_in_the_basket	put both the alphabet soup and the tomato sauce in the basket | Pick the ketchup and place it in the basket | Pick the orange juice and place it in the basket | Pick the tomato sauce and place it in the basket	in(ketchup_1, basket_1_contain_region); in(orange_juice_1, basket_1_contain_region); in(tomato_sauce_1, basket_1_contain_region)	libero10_scene2_milk_blocker_removed	milk_1 and its init region are removed because prior rollouts repeatedly collided with and toppled it. | Exhaustive C(6,3) subset after blocker removal; no instruction-order duplicates are created. | Object identity has its own original LIBERO-Object pick-to-basket trajectory; its pose in the composite scene may differ. | Object identity has its own original LIBERO-Object pick-to-basket trajectory; its pose in the composite scene may differ. | Object identity has its own original LIBERO-Object pick-to-basket trajectory; its pose in the composite scene may differ.	6	0	5	0.0	0	composition|16d60b6417ebeed74645d67ef8834e2dfb629ef82039d216f1f056fba6095708|frozenset({in(ketchup_1,basket_1_contain_region),in(orange_juice_1,basket_1_contain_region),in(tomato_sauce_1,basket_1_contain_region)})
COMPOSE_172	Compose-350	X4_libero10_scene2_milk_removed_4_to_basket	4	true	false	Put the alphabet soup, the butter, the cream cheese box, and the ketchup in the basket one after another.	libero_10;libero_object	301;307;302;305	LIVING_ROOM_SCENE2_put_both_the_alphabet_soup_and_the_tomato_sauce_in_the_basket;pick_up_the_alphabet_soup_and_place_it_in_the_basket;pick_up_the_butter_and_place_it_in_the_basket;pick_up_the_cream_cheese_and_place_it_in_the_basket;pick_up_the_ketchup_and_place_it_in_the_basket	put both the alphabet soup and the tomato sauce in the basket | Pick the alphabet soup and place it in the basket | Pick the butter and place it in the basket | Pick the cream cheese and place it in the basket | Pick the ketchup and place it in the basket	in(alphabet_soup_1, basket_1_contain_region); in(butter_1, basket_1_contain_region); in(cream_cheese_1, basket_1_contain_region); in(ketchup_1, basket_1_contain_region)	libero10_scene2_milk_blocker_removed	milk_1 and its init region are removed because prior rollouts repeatedly collided with and toppled it. | Exhaustive C(6,4) subset after blocker removal; no instruction-order duplicates are created. | Object identity has its own original LIBERO-Object pick-to-basket trajectory; its pose in the composite scene may differ. | Object identity has its own original LIBERO-Object pick-to-basket trajectory; its pose in the composite scene may differ. | Object identity has its own original LIBERO-Object pick-to-basket trajectory; its pose in the composite scene may differ. | Object identity has its own original LIBERO-Object pick-to-basket trajectory; its pose in the composite scene may differ.	7	0	5	0.0	0	composition|16d60b6417ebeed74645d67ef8834e2dfb629ef82039d216f1f056fba6095708|frozenset({in(alphabet_soup_1,basket_1_contain_region),in(butter_1,basket_1_contain_region),in(cream_cheese_1,basket_1_contain_region),in(ketchup_1,basket_1_contain_region)})
COMPOSE_173	Compose-350	X4_libero10_scene2_milk_removed_4_to_basket	4	true	false	Put the alphabet soup, the butter, the cream cheese box, and the orange juice in the basket one after another.	libero_10;libero_object	301;307;302;310	LIVING_ROOM_SCENE2_put_both_the_alphabet_soup_and_the_tomato_sauce_in_the_basket;pick_up_the_alphabet_soup_and_place_it_in_the_basket;pick_up_the_butter_and_place_it_in_the_basket;pick_up_the_cream_cheese_and_place_it_in_the_basket;pick_up_the_orange_juice_and_place_it_in_the_basket	put both the alphabet soup and the tomato sauce in the basket | Pick the alphabet soup and place it in the basket | Pick the butter and place it in the basket | Pick the cream cheese and place it in the basket | Pick the orange juice and place it in the basket	in(alphabet_soup_1, basket_1_contain_region); in(butter_1, basket_1_contain_region); in(cream_cheese_1, basket_1_contain_region); in(orange_juice_1, basket_1_contain_region)	libero10_scene2_milk_blocker_removed	milk_1 and its init region are removed because prior rollouts repeatedly collided with and toppled it. | Exhaustive C(6,4) subset after blocker removal; no instruction-order duplicates are created. | Object identity has its own original LIBERO-Object pick-to-basket trajectory; its pose in the composite scene may differ. | Object identity has its own original LIBERO-Object pick-to-basket trajectory; its pose in the composite scene may differ. | Object identity has its own original LIBERO-Object pick-to-basket trajectory; its pose in the composite scene may differ. | Object identity has its own original LIBERO-Object pick-to-basket trajectory; its pose in the composite scene may differ.	6	0	5	0.0	0	composition|16d60b6417ebeed74645d67ef8834e2dfb629ef82039d216f1f056fba6095708|frozenset({in(alphabet_soup_1,basket_1_contain_region),in(butter_1,basket_1_contain_region),in(cream_cheese_1,basket_1_contain_region),in(orange_juice_1,basket_1_contain_region)})
COMPOSE_174	Compose-350	X4_libero10_scene2_milk_removed_4_to_basket	4	true	false	Put the alphabet soup, the butter, the cream cheese box, and the tomato sauce in the basket one after another.	libero_10;libero_object	301;307;302;306	LIVING_ROOM_SCENE2_put_both_the_alphabet_soup_and_the_tomato_sauce_in_the_basket;pick_up_the_alphabet_soup_and_place_it_in_the_basket;pick_up_the_butter_and_place_it_in_the_basket;pick_up_the_cream_cheese_and_place_it_in_the_basket;pick_up_the_tomato_sauce_and_place_it_in_the_basket	put both the alphabet soup and the tomato sauce in the basket | Pick the alphabet soup and place it in the basket | Pick the butter and place it in the basket | Pick the cream cheese and place it in the basket | Pick the tomato sauce and place it in the basket	in(alphabet_soup_1, basket_1_contain_region); in(butter_1, basket_1_contain_region); in(cream_cheese_1, basket_1_contain_region); in(tomato_sauce_1, basket_1_contain_region)	libero10_scene2_milk_blocker_removed	milk_1 and its init region are removed because prior rollouts repeatedly collided with and toppled it. | Exhaustive C(6,4) subset after blocker removal; no instruction-order duplicates are created. | Object identity has its own original LIBERO-Object pick-to-basket trajectory; its pose in the composite scene may differ. | Object identity has its own original LIBERO-Object pick-to-basket trajectory; its pose in the composite scene may differ. | Object identity has its own original LIBERO-Object pick-to-basket trajectory; its pose in the composite scene may differ. | Object identity has its own original LIBERO-Object pick-to-basket trajectory; its pose in the composite scene may differ.	7	0	5	0.0	0	composition|16d60b6417ebeed74645d67ef8834e2dfb629ef82039d216f1f056fba6095708|frozenset({in(alphabet_soup_1,basket_1_contain_region),in(butter_1,basket_1_contain_region),in(cream_cheese_1,basket_1_contain_region),in(tomato_sauce_1,basket_1_contain_region)})
COMPOSE_175	Compose-350	X4_libero10_scene2_milk_removed_4_to_basket	4	true	false	Put the alphabet soup, the butter, the ketchup, and the orange juice in the basket one after another.	libero_10;libero_object	301;307;305;310	LIVING_ROOM_SCENE2_put_both_the_alphabet_soup_and_the_tomato_sauce_in_the_basket;pick_up_the_alphabet_soup_and_place_it_in_the_basket;pick_up_the_butter_and_place_it_in_the_basket;pick_up_the_ketchup_and_place_it_in_the_basket;pick_up_the_orange_juice_and_place_it_in_the_basket	put both the alphabet soup and the tomato sauce in the basket | Pick the alphabet soup and place it in the basket | Pick the butter and place it in the basket | Pick the ketchup and place it in the basket | Pick the orange juice and place it in the basket	in(alphabet_soup_1, basket_1_contain_region); in(butter_1, basket_1_contain_region); in(ketchup_1, basket_1_contain_region); in(orange_juice_1, basket_1_contain_region)	libero10_scene2_milk_blocker_removed	milk_1 and its init region are removed because prior rollouts repeatedly collided with and toppled it. | Exhaustive C(6,4) subset after blocker removal; no instruction-order duplicates are created. | Object identity has its own original LIBERO-Object pick-to-basket trajectory; its pose in the composite scene may differ. | Object identity has its own original LIBERO-Object pick-to-basket trajectory; its pose in the composite scene may differ. | Object identity has its own original LIBERO-Object pick-to-basket trajectory; its pose in the composite scene may differ. | Object identity has its own original LIBERO-Object pick-to-basket trajectory; its pose in the composite scene may differ.	6	0	5	0.0	0	composition|16d60b6417ebeed74645d67ef8834e2dfb629ef82039d216f1f056fba6095708|frozenset({in(alphabet_soup_1,basket_1_contain_region),in(butter_1,basket_1_contain_region),in(ketchup_1,basket_1_contain_region),in(orange_juice_1,basket_1_contain_region)})
COMPOSE_176	Compose-350	X4_libero10_scene2_milk_removed_4_to_basket	4	true	false	Put the alphabet soup, the butter, the ketchup, and the tomato sauce in the basket one after another.	libero_10;libero_object	301;307;305;306	LIVING_ROOM_SCENE2_put_both_the_alphabet_soup_and_the_tomato_sauce_in_the_basket;pick_up_the_alphabet_soup_and_place_it_in_the_basket;pick_up_the_butter_and_place_it_in_the_basket;pick_up_the_ketchup_and_place_it_in_the_basket;pick_up_the_tomato_sauce_and_place_it_in_the_basket	put both the alphabet soup and the tomato sauce in the basket | Pick the alphabet soup and place it in the basket | Pick the butter and place it in the basket | Pick the ketchup and place it in the basket | Pick the tomato sauce and place it in the basket	in(alphabet_soup_1, basket_1_contain_region); in(butter_1, basket_1_contain_region); in(ketchup_1, basket_1_contain_region); in(tomato_sauce_1, basket_1_contain_region)	libero10_scene2_milk_blocker_removed	milk_1 and its init region are removed because prior rollouts repeatedly collided with and toppled it. | Exhaustive C(6,4) subset after blocker removal; no instruction-order duplicates are created. | Object identity has its own original LIBERO-Object pick-to-basket trajectory; its pose in the composite scene may differ. | Object identity has its own original LIBERO-Object pick-to-basket trajectory; its pose in the composite scene may differ. | Object identity has its own original LIBERO-Object pick-to-basket trajectory; its pose in the composite scene may differ. | Object identity has its own original LIBERO-Object pick-to-basket trajectory; its pose in the composite scene may differ.	7	0	5	0.0	0	composition|16d60b6417ebeed74645d67ef8834e2dfb629ef82039d216f1f056fba6095708|frozenset({in(alphabet_soup_1,basket_1_contain_region),in(butter_1,basket_1_contain_region),in(ketchup_1,basket_1_contain_region),in(tomato_sauce_1,basket_1_contain_region)})
COMPOSE_177	Compose-350	X4_libero10_scene2_milk_removed_4_to_basket	4	true	false	Put the alphabet soup, the butter, the orange juice, and the tomato sauce in the basket one after another.	libero_10;libero_object	301;307;310;306	LIVING_ROOM_SCENE2_put_both_the_alphabet_soup_and_the_tomato_sauce_in_the_basket;pick_up_the_alphabet_soup_and_place_it_in_the_basket;pick_up_the_butter_and_place_it_in_the_basket;pick_up_the_orange_juice_and_place_it_in_the_basket;pick_up_the_tomato_sauce_and_place_it_in_the_basket	put both the alphabet soup and the tomato sauce in the basket | Pick the alphabet soup and place it in the basket | Pick the butter and place it in the basket | Pick the orange juice and place it in the basket | Pick the tomato sauce and place it in the basket	in(alphabet_soup_1, basket_1_contain_region); in(butter_1, basket_1_contain_region); in(orange_juice_1, basket_1_contain_region); in(tomato_sauce_1, basket_1_contain_region)	libero10_scene2_milk_blocker_removed	milk_1 and its init region are removed because prior rollouts repeatedly collided with and toppled it. | Exhaustive C(6,4) subset after blocker removal; no instruction-order duplicates are created. | Object identity has its own original LIBERO-Object pick-to-basket trajectory; its pose in the composite scene may differ. | Object identity has its own original LIBERO-Object pick-to-basket trajectory; its pose in the composite scene may differ. | Object identity has its own original LIBERO-Object pick-to-basket trajectory; its pose in the composite scene may differ. | Object identity has its own original LIBERO-Object pick-to-basket trajectory; its pose in the composite scene may differ.	6	0	5	0.0	0	composition|16d60b6417ebeed74645d67ef8834e2dfb629ef82039d216f1f056fba6095708|frozenset({in(alphabet_soup_1,basket_1_contain_region),in(butter_1,basket_1_contain_region),in(orange_juice_1,basket_1_contain_region),in(tomato_sauce_1,basket_1_contain_region)})
COMPOSE_178	Compose-350	X4_libero10_scene2_milk_removed_4_to_basket	4	true	false	Put the alphabet soup, the cream cheese box, the ketchup, and the orange juice in the basket one after another.	libero_10;libero_object	301;302;305;310	LIVING_ROOM_SCENE2_put_both_the_alphabet_soup_and_the_tomato_sauce_in_the_basket;pick_up_the_alphabet_soup_and_place_it_in_the_basket;pick_up_the_cream_cheese_and_place_it_in_the_basket;pick_up_the_ketchup_and_place_it_in_the_basket;pick_up_the_orange_juice_and_place_it_in_the_basket	put both the alphabet soup and the tomato sauce in the basket | Pick the alphabet soup and place it in the basket | Pick the cream cheese and place it in the basket | Pick the ketchup and place it in the basket | Pick the orange juice and place it in the basket	in(alphabet_soup_1, basket_1_contain_region); in(cream_cheese_1, basket_1_contain_region); in(ketchup_1, basket_1_contain_region); in(orange_juice_1, basket_1_contain_region)	libero10_scene2_milk_blocker_removed	milk_1 and its init region are removed because prior rollouts repeatedly collided with and toppled it. | Exhaustive C(6,4) subset after blocker removal; no instruction-order duplicates are created. | Object identity has its own original LIBERO-Object pick-to-basket trajectory; its pose in the composite scene may differ. | Object identity has its own original LIBERO-Object pick-to-basket trajectory; its pose in the composite scene may differ. | Object identity has its own original LIBERO-Object pick-to-basket trajectory; its pose in the composite scene may differ. | Object identity has its own original LIBERO-Object pick-to-basket trajectory; its pose in the composite scene may differ.	7	0	5	0.0	0	composition|16d60b6417ebeed74645d67ef8834e2dfb629ef82039d216f1f056fba6095708|frozenset({in(alphabet_soup_1,basket_1_contain_region),in(cream_cheese_1,basket_1_contain_region),in(ketchup_1,basket_1_contain_region),in(orange_juice_1,basket_1_contain_region)})
COMPOSE_179	Compose-350	X4_libero10_scene2_milk_removed_4_to_basket	4	true	false	Put the alphabet soup, the cream cheese box, the ketchup, and the tomato sauce in the basket one after another.	libero_10;libero_object	301;302;305;306	LIVING_ROOM_SCENE2_put_both_the_alphabet_soup_and_the_tomato_sauce_in_the_basket;pick_up_the_alphabet_soup_and_place_it_in_the_basket;pick_up_the_cream_cheese_and_place_it_in_the_basket;pick_up_the_ketchup_and_place_it_in_the_basket;pick_up_the_tomato_sauce_and_place_it_in_the_basket	put both the alphabet soup and the tomato sauce in the basket | Pick the alphabet soup and place it in the basket | Pick the cream cheese and place it in the basket | Pick the ketchup and place it in the basket | Pick the tomato sauce and place it in the basket	in(alphabet_soup_1, basket_1_contain_region); in(cream_cheese_1, basket_1_contain_region); in(ketchup_1, basket_1_contain_region); in(tomato_sauce_1, basket_1_contain_region)	libero10_scene2_milk_blocker_removed	milk_1 and its init region are removed because prior rollouts repeatedly collided with and toppled it. | Exhaustive C(6,4) subset after blocker removal; no instruction-order duplicates are created. | Object identity has its own original LIBERO-Object pick-to-basket trajectory; its pose in the composite scene may differ. | Object identity has its own original LIBERO-Object pick-to-basket trajectory; its pose in the composite scene may differ. | Object identity has its own original LIBERO-Object pick-to-basket trajectory; its pose in the composite scene may differ. | Object identity has its own original LIBERO-Object pick-to-basket trajectory; its pose in the composite scene may differ.	6	0	5	0.0	0	composition|16d60b6417ebeed74645d67ef8834e2dfb629ef82039d216f1f056fba6095708|frozenset({in(alphabet_soup_1,basket_1_contain_region),in(cream_cheese_1,basket_1_contain_region),in(ketchup_1,basket_1_contain_region),in(tomato_sauce_1,basket_1_contain_region)})
COMPOSE_180	Compose-350	X4_libero10_scene2_milk_removed_4_to_basket	4	true	false	Put the alphabet soup, the cream cheese box, the orange juice, and the tomato sauce in the basket one after another.	libero_10;libero_object	301;302;310;306	LIVING_ROOM_SCENE2_put_both_the_alphabet_soup_and_the_tomato_sauce_in_the_basket;pick_up_the_alphabet_soup_and_place_it_in_the_basket;pick_up_the_cream_cheese_and_place_it_in_the_basket;pick_up_the_orange_juice_and_place_it_in_the_basket;pick_up_the_tomato_sauce_and_place_it_in_the_basket	put both the alphabet soup and the tomato sauce in the basket | Pick the alphabet soup and place it in the basket | Pick the cream cheese and place it in the basket | Pick the orange juice and place it in the basket | Pick the tomato sauce and place it in the basket	in(alphabet_soup_1, basket_1_contain_region); in(cream_cheese_1, basket_1_contain_region); in(orange_juice_1, basket_1_contain_region); in(tomato_sauce_1, basket_1_contain_region)	libero10_scene2_milk_blocker_removed	milk_1 and its init region are removed because prior rollouts repeatedly collided with and toppled it. | Exhaustive C(6,4) subset after blocker removal; no instruction-order duplicates are created. | Object identity has its own original LIBERO-Object pick-to-basket trajectory; its pose in the composite scene may differ. | Object identity has its own original LIBERO-Object pick-to-basket trajectory; its pose in the composite scene may differ. | Object identity has its own original LIBERO-Object pick-to-basket trajectory; its pose in the composite scene may differ. | Object identity has its own original LIBERO-Object pick-to-basket trajectory; its pose in the composite scene may differ.	7	0	5	0.0	0	composition|16d60b6417ebeed74645d67ef8834e2dfb629ef82039d216f1f056fba6095708|frozenset({in(alphabet_soup_1,basket_1_contain_region),in(cream_cheese_1,basket_1_contain_region),in(orange_juice_1,basket_1_contain_region),in(tomato_sauce_1,basket_1_contain_region)})
COMPOSE_181	Compose-350	X4_libero10_scene2_milk_removed_4_to_basket	4	true	false	Put the alphabet soup, the ketchup, the orange juice, and the tomato sauce in the basket one after another.	libero_10;libero_object	301;305;310;306	LIVING_ROOM_SCENE2_put_both_the_alphabet_soup_and_the_tomato_sauce_in_the_basket;pick_up_the_alphabet_soup_and_place_it_in_the_basket;pick_up_the_ketchup_and_place_it_in_the_basket;pick_up_the_orange_juice_and_place_it_in_the_basket;pick_up_the_tomato_sauce_and_place_it_in_the_basket	put both the alphabet soup and the tomato sauce in the basket | Pick the alphabet soup and place it in the basket | Pick the ketchup and place it in the basket | Pick the orange juice and place it in the basket | Pick the tomato sauce and place it in the basket	in(alphabet_soup_1, basket_1_contain_region); in(ketchup_1, basket_1_contain_region); in(orange_juice_1, basket_1_contain_region); in(tomato_sauce_1, basket_1_contain_region)	libero10_scene2_milk_blocker_removed	milk_1 and its init region are removed because prior rollouts repeatedly collided with and toppled it. | Exhaustive C(6,4) subset after blocker removal; no instruction-order duplicates are created. | Object identity has its own original LIBERO-Object pick-to-basket trajectory; its pose in the composite scene may differ. | Object identity has its own original LIBERO-Object pick-to-basket trajectory; its pose in the composite scene may differ. | Object identity has its own original LIBERO-Object pick-to-basket trajectory; its pose in the composite scene may differ. | Object identity has its own original LIBERO-Object pick-to-basket trajectory; its pose in the composite scene may differ.	6	0	5	0.0	0	composition|16d60b6417ebeed74645d67ef8834e2dfb629ef82039d216f1f056fba6095708|frozenset({in(alphabet_soup_1,basket_1_contain_region),in(ketchup_1,basket_1_contain_region),in(orange_juice_1,basket_1_contain_region),in(tomato_sauce_1,basket_1_contain_region)})
COMPOSE_182	Compose-350	X4_libero10_scene2_milk_removed_4_to_basket	4	true	false	Put the butter, the cream cheese box, the ketchup, and the orange juice in the basket one after another.	libero_10;libero_object	307;302;305;310	LIVING_ROOM_SCENE2_put_both_the_alphabet_soup_and_the_tomato_sauce_in_the_basket;pick_up_the_butter_and_place_it_in_the_basket;pick_up_the_cream_cheese_and_place_it_in_the_basket;pick_up_the_ketchup_and_place_it_in_the_basket;pick_up_the_orange_juice_and_place_it_in_the_basket	put both the alphabet soup and the tomato sauce in the basket | Pick the butter and place it in the basket | Pick the cream cheese and place it in the basket | Pick the ketchup and place it in the basket | Pick the orange juice and place it in the basket	in(butter_1, basket_1_contain_region); in(cream_cheese_1, basket_1_contain_region); in(ketchup_1, basket_1_contain_region); in(orange_juice_1, basket_1_contain_region)	libero10_scene2_milk_blocker_removed	milk_1 and its init region are removed because prior rollouts repeatedly collided with and toppled it. | Exhaustive C(6,4) subset after blocker removal; no instruction-order duplicates are created. | Object identity has its own original LIBERO-Object pick-to-basket trajectory; its pose in the composite scene may differ. | Object identity has its own original LIBERO-Object pick-to-basket trajectory; its pose in the composite scene may differ. | Object identity has its own original LIBERO-Object pick-to-basket trajectory; its pose in the composite scene may differ. | Object identity has its own original LIBERO-Object pick-to-basket trajectory; its pose in the composite scene may differ.	7	0	5	0.0	0	composition|16d60b6417ebeed74645d67ef8834e2dfb629ef82039d216f1f056fba6095708|frozenset({in(butter_1,basket_1_contain_region),in(cream_cheese_1,basket_1_contain_region),in(ketchup_1,basket_1_contain_region),in(orange_juice_1,basket_1_contain_region)})
COMPOSE_183	Compose-350	X4_libero10_scene2_milk_removed_4_to_basket	4	true	false	Put the butter, the cream cheese box, the ketchup, and the tomato sauce in the basket one after another.	libero_10;libero_object	307;302;305;306	LIVING_ROOM_SCENE2_put_both_the_alphabet_soup_and_the_tomato_sauce_in_the_basket;pick_up_the_butter_and_place_it_in_the_basket;pick_up_the_cream_cheese_and_place_it_in_the_basket;pick_up_the_ketchup_and_place_it_in_the_basket;pick_up_the_tomato_sauce_and_place_it_in_the_basket	put both the alphabet soup and the tomato sauce in the basket | Pick the butter and place it in the basket | Pick the cream cheese and place it in the basket | Pick the ketchup and place it in the basket | Pick the tomato sauce and place it in the basket	in(butter_1, basket_1_contain_region); in(cream_cheese_1, basket_1_contain_region); in(ketchup_1, basket_1_contain_region); in(tomato_sauce_1, basket_1_contain_region)	libero10_scene2_milk_blocker_removed	milk_1 and its init region are removed because prior rollouts repeatedly collided with and toppled it. | Exhaustive C(6,4) subset after blocker removal; no instruction-order duplicates are created. | Object identity has its own original LIBERO-Object pick-to-basket trajectory; its pose in the composite scene may differ. | Object identity has its own original LIBERO-Object pick-to-basket trajectory; its pose in the composite scene may differ. | Object identity has its own original LIBERO-Object pick-to-basket trajectory; its pose in the composite scene may differ. | Object identity has its own original LIBERO-Object pick-to-basket trajectory; its pose in the composite scene may differ.	6	0	5	0.0	0	composition|16d60b6417ebeed74645d67ef8834e2dfb629ef82039d216f1f056fba6095708|frozenset({in(butter_1,basket_1_contain_region),in(cream_cheese_1,basket_1_contain_region),in(ketchup_1,basket_1_contain_region),in(tomato_sauce_1,basket_1_contain_region)})
COMPOSE_184	Compose-350	X4_libero10_scene2_milk_removed_4_to_basket	4	true	false	Put the butter, the cream cheese box, the orange juice, and the tomato sauce in the basket one after another.	libero_10;libero_object	307;302;310;306	LIVING_ROOM_SCENE2_put_both_the_alphabet_soup_and_the_tomato_sauce_in_the_basket;pick_up_the_butter_and_place_it_in_the_basket;pick_up_the_cream_cheese_and_place_it_in_the_basket;pick_up_the_orange_juice_and_place_it_in_the_basket;pick_up_the_tomato_sauce_and_place_it_in_the_basket	put both the alphabet soup and the tomato sauce in the basket | Pick the butter and place it in the basket | Pick the cream cheese and place it in the basket | Pick the orange juice and place it in the basket | Pick the tomato sauce and place it in the basket	in(butter_1, basket_1_contain_region); in(cream_cheese_1, basket_1_contain_region); in(orange_juice_1, basket_1_contain_region); in(tomato_sauce_1, basket_1_contain_region)	libero10_scene2_milk_blocker_removed	milk_1 and its init region are removed because prior rollouts repeatedly collided with and toppled it. | Exhaustive C(6,4) subset after blocker removal; no instruction-order duplicates are created. | Object identity has its own original LIBERO-Object pick-to-basket trajectory; its pose in the composite scene may differ. | Object identity has its own original LIBERO-Object pick-to-basket trajectory; its pose in the composite scene may differ. | Object identity has its own original LIBERO-Object pick-to-basket trajectory; its pose in the composite scene may differ. | Object identity has its own original LIBERO-Object pick-to-basket trajectory; its pose in the composite scene may differ.	7	0	5	0.0	0	composition|16d60b6417ebeed74645d67ef8834e2dfb629ef82039d216f1f056fba6095708|frozenset({in(butter_1,basket_1_contain_region),in(cream_cheese_1,basket_1_contain_region),in(orange_juice_1,basket_1_contain_region),in(tomato_sauce_1,basket_1_contain_region)})
COMPOSE_185	Compose-350	X4_libero10_scene2_milk_removed_4_to_basket	4	true	false	Put the butter, the ketchup, the orange juice, and the tomato sauce in the basket one after another.	libero_10;libero_object	307;305;310;306	LIVING_ROOM_SCENE2_put_both_the_alphabet_soup_and_the_tomato_sauce_in_the_basket;pick_up_the_butter_and_place_it_in_the_basket;pick_up_the_ketchup_and_place_it_in_the_basket;pick_up_the_orange_juice_and_place_it_in_the_basket;pick_up_the_tomato_sauce_and_place_it_in_the_basket	put both the alphabet soup and the tomato sauce in the basket | Pick the butter and place it in the basket | Pick the ketchup and place it in the basket | Pick the orange juice and place it in the basket | Pick the tomato sauce and place it in the basket	in(butter_1, basket_1_contain_region); in(ketchup_1, basket_1_contain_region); in(orange_juice_1, basket_1_contain_region); in(tomato_sauce_1, basket_1_contain_region)	libero10_scene2_milk_blocker_removed	milk_1 and its init region are removed because prior rollouts repeatedly collided with and toppled it. | Exhaustive C(6,4) subset after blocker removal; no instruction-order duplicates are created. | Object identity has its own original LIBERO-Object pick-to-basket trajectory; its pose in the composite scene may differ. | Object identity has its own original LIBERO-Object pick-to-basket trajectory; its pose in the composite scene may differ. | Object identity has its own original LIBERO-Object pick-to-basket trajectory; its pose in the composite scene may differ. | Object identity has its own original LIBERO-Object pick-to-basket trajectory; its pose in the composite scene may differ.	6	0	5	0.0	0	composition|16d60b6417ebeed74645d67ef8834e2dfb629ef82039d216f1f056fba6095708|frozenset({in(butter_1,basket_1_contain_region),in(ketchup_1,basket_1_contain_region),in(orange_juice_1,basket_1_contain_region),in(tomato_sauce_1,basket_1_contain_region)})
COMPOSE_186	Compose-350	X4_libero10_scene2_milk_removed_4_to_basket	4	true	false	Put the cream cheese box, the ketchup, the orange juice, and the tomato sauce in the basket one after another.	libero_10;libero_object	302;305;310;306	LIVING_ROOM_SCENE2_put_both_the_alphabet_soup_and_the_tomato_sauce_in_the_basket;pick_up_the_cream_cheese_and_place_it_in_the_basket;pick_up_the_ketchup_and_place_it_in_the_basket;pick_up_the_orange_juice_and_place_it_in_the_basket;pick_up_the_tomato_sauce_and_place_it_in_the_basket	put both the alphabet soup and the tomato sauce in the basket | Pick the cream cheese and place it in the basket | Pick the ketchup and place it in the basket | Pick the orange juice and place it in the basket | Pick the tomato sauce and place it in the basket	in(cream_cheese_1, basket_1_contain_region); in(ketchup_1, basket_1_contain_region); in(orange_juice_1, basket_1_contain_region); in(tomato_sauce_1, basket_1_contain_region)	libero10_scene2_milk_blocker_removed	milk_1 and its init region are removed because prior rollouts repeatedly collided with and toppled it. | Exhaustive C(6,4) subset after blocker removal; no instruction-order duplicates are created. | Object identity has its own original LIBERO-Object pick-to-basket trajectory; its pose in the composite scene may differ. | Object identity has its own original LIBERO-Object pick-to-basket trajectory; its pose in the composite scene may differ. | Object identity has its own original LIBERO-Object pick-to-basket trajectory; its pose in the composite scene may differ. | Object identity has its own original LIBERO-Object pick-to-basket trajectory; its pose in the composite scene may differ.	7	0	5	0.0	0	composition|16d60b6417ebeed74645d67ef8834e2dfb629ef82039d216f1f056fba6095708|frozenset({in(cream_cheese_1,basket_1_contain_region),in(ketchup_1,basket_1_contain_region),in(orange_juice_1,basket_1_contain_region),in(tomato_sauce_1,basket_1_contain_region)})
COMPOSE_187	Compose-350	X5_goal_four_task_clique	4	true	false	Put the cream cheese on the black bowl, then put the black bowl on the plate, then put the wine bottle on the rack, and finally push the plate to the front of the stove.	libero_goal	4;1;2;6	put_the_cream_cheese_in_the_bowl;put_the_bowl_on_the_plate;put_the_wine_bottle_on_the_rack;push_the_plate_to_the_front_of_the_stove	Put the cream cheese on the bowl | Put the bowl on the plate | Put the wine bottle on the rack | Push the plate to the front of the stove	on(cream_cheese_1, akita_black_bowl_1); on(akita_black_bowl_1, plate_1); on(wine_bottle_1, wine_rack_1_top_region); on(plate_1, main_table_stove_front_region)	libero_goal_shared_scene_four_way	All six pairwise edges of Goal clique (1, 2, 4, 6) are in the audited compatibility graph. | Goal pairs and triples were already screened in prior pools; this is the novel four-way identity.	6	0	5	0.0	0	composition|3f474b285ddc2e6e7e375309ab9cbd20d9a618ab3520cafd769b89fad2c6a2d1|frozenset({on(akita_black_bowl_1,plate_1),on(cream_cheese_1,akita_black_bowl_1),on(plate_1,main_table_stove_front_region),on(wine_bottle_1,wine_rack_1_top_region)})
COMPOSE_188	Compose-350	X5_goal_four_task_clique	4	true	false	Put the cream cheese on the black bowl, then put the black bowl on the plate, then put the wine bottle on the rack, and finally turn on the stove.	libero_goal	4;1;2;7	put_the_cream_cheese_in_the_bowl;put_the_bowl_on_the_plate;put_the_wine_bottle_on_the_rack;turn_on_the_stove	Put the cream cheese on the bowl | Put the bowl on the plate | Put the wine bottle on the rack | Turn on the stove	on(cream_cheese_1, akita_black_bowl_1); on(akita_black_bowl_1, plate_1); on(wine_bottle_1, wine_rack_1_top_region); turnon(flat_stove_1)	libero_goal_shared_scene_four_way	All six pairwise edges of Goal clique (1, 2, 4, 7) are in the audited compatibility graph. | Goal pairs and triples were already screened in prior pools; this is the novel four-way identity.	7	0	5	0.0	0	composition|3f474b285ddc2e6e7e375309ab9cbd20d9a618ab3520cafd769b89fad2c6a2d1|frozenset({on(akita_black_bowl_1,plate_1),on(cream_cheese_1,akita_black_bowl_1),on(wine_bottle_1,wine_rack_1_top_region),turnon(flat_stove_1)})
COMPOSE_189	Compose-350	X5_goal_four_task_clique	4	true	false	Put the cream cheese on the black bowl, then put the black bowl on the plate, then put the wine bottle on the rack, and finally open the middle drawer of the cabinet.	libero_goal	4;1;2;10	put_the_cream_cheese_in_the_bowl;put_the_bowl_on_the_plate;put_the_wine_bottle_on_the_rack;open_the_middle_drawer_of_the_cabinet	Put the cream cheese on the bowl | Put the bowl on the plate | Put the wine bottle on the rack | Open the middle layer of the drawer	on(cream_cheese_1, akita_black_bowl_1); on(akita_black_bowl_1, plate_1); on(wine_bottle_1, wine_rack_1_top_region); open(wooden_cabinet_1_middle_region)	libero_goal_shared_scene_four_way	All six pairwise edges of Goal clique (1, 2, 4, 10) are in the audited compatibility graph. | Goal pairs and triples were already screened in prior pools; this is the novel four-way identity.	6	0	5	0.0	0	composition|3f474b285ddc2e6e7e375309ab9cbd20d9a618ab3520cafd769b89fad2c6a2d1|frozenset({on(akita_black_bowl_1,plate_1),on(cream_cheese_1,akita_black_bowl_1),on(wine_bottle_1,wine_rack_1_top_region),open(wooden_cabinet_1_middle_region)})
COMPOSE_190	Compose-350	X5_goal_four_task_clique	4	true	false	Put the black bowl on the plate, then put the wine bottle on the rack, then push the plate to the front of the stove, and finally turn on the stove.	libero_goal	1;2;6;7	put_the_bowl_on_the_plate;put_the_wine_bottle_on_the_rack;push_the_plate_to_the_front_of_the_stove;turn_on_the_stove	Put the bowl on the plate | Put the wine bottle on the rack | Push the plate to the front of the stove | Turn on the stove	on(akita_black_bowl_1, plate_1); on(wine_bottle_1, wine_rack_1_top_region); on(plate_1, main_table_stove_front_region); turnon(flat_stove_1)	libero_goal_shared_scene_four_way	All six pairwise edges of Goal clique (1, 2, 6, 7) are in the audited compatibility graph. | Goal pairs and triples were already screened in prior pools; this is the novel four-way identity.	7	0	5	0.0	0	composition|3f474b285ddc2e6e7e375309ab9cbd20d9a618ab3520cafd769b89fad2c6a2d1|frozenset({on(akita_black_bowl_1,plate_1),on(plate_1,main_table_stove_front_region),on(wine_bottle_1,wine_rack_1_top_region),turnon(flat_stove_1)})
COMPOSE_191	Compose-350	X5_goal_four_task_clique	4	true	false	Put the black bowl on the plate, then put the wine bottle on the rack, then push the plate to the front of the stove, and finally open the middle drawer of the cabinet.	libero_goal	1;2;6;10	put_the_bowl_on_the_plate;put_the_wine_bottle_on_the_rack;push_the_plate_to_the_front_of_the_stove;open_the_middle_drawer_of_the_cabinet	Put the bowl on the plate | Put the wine bottle on the rack | Push the plate to the front of the stove | Open the middle layer of the drawer	on(akita_black_bowl_1, plate_1); on(wine_bottle_1, wine_rack_1_top_region); on(plate_1, main_table_stove_front_region); open(wooden_cabinet_1_middle_region)	libero_goal_shared_scene_four_way	All six pairwise edges of Goal clique (1, 2, 6, 10) are in the audited compatibility graph. | Goal pairs and triples were already screened in prior pools; this is the novel four-way identity.	6	0	5	0.0	0	composition|3f474b285ddc2e6e7e375309ab9cbd20d9a618ab3520cafd769b89fad2c6a2d1|frozenset({on(akita_black_bowl_1,plate_1),on(plate_1,main_table_stove_front_region),on(wine_bottle_1,wine_rack_1_top_region),open(wooden_cabinet_1_middle_region)})
COMPOSE_192	Compose-350	X5_goal_four_task_clique	4	true	false	Put the black bowl on the plate, then put the wine bottle on the rack, then turn on the stove, and finally open the middle drawer of the cabinet.	libero_goal	1;2;7;10	put_the_bowl_on_the_plate;put_the_wine_bottle_on_the_rack;turn_on_the_stove;open_the_middle_drawer_of_the_cabinet	Put the bowl on the plate | Put the wine bottle on the rack | Turn on the stove | Open the middle layer of the drawer	on(akita_black_bowl_1, plate_1); on(wine_bottle_1, wine_rack_1_top_region); turnon(flat_stove_1); open(wooden_cabinet_1_middle_region)	libero_goal_shared_scene_four_way	All six pairwise edges of Goal clique (1, 2, 7, 10) are in the audited compatibility graph. | Goal pairs and triples were already screened in prior pools; this is the novel four-way identity.	7	0	5	0.0	0	composition|3f474b285ddc2e6e7e375309ab9cbd20d9a618ab3520cafd769b89fad2c6a2d1|frozenset({on(akita_black_bowl_1,plate_1),on(wine_bottle_1,wine_rack_1_top_region),open(wooden_cabinet_1_middle_region),turnon(flat_stove_1)})
COMPOSE_193	Compose-350	X5_goal_four_task_clique	4	true	false	Put the cream cheese on the black bowl, then put the black bowl on the plate, then put the wine bottle on top of the cabinet, and finally push the plate to the front of the stove.	libero_goal	4;1;5;6	put_the_cream_cheese_in_the_bowl;put_the_bowl_on_the_plate;put_the_wine_bottle_on_top_of_the_cabinet;push_the_plate_to_the_front_of_the_stove	Put the cream cheese on the bowl | Put the bowl on the plate | Put the wine bottle on the top of the drawer | Push the plate to the front of the stove	on(cream_cheese_1, akita_black_bowl_1); on(akita_black_bowl_1, plate_1); on(wine_bottle_1, wooden_cabinet_1_top_side); on(plate_1, main_table_stove_front_region)	libero_goal_shared_scene_four_way	All six pairwise edges of Goal clique (1, 4, 5, 6) are in the audited compatibility graph. | Goal pairs and triples were already screened in prior pools; this is the novel four-way identity.	6	0	5	0.0	0	composition|3f474b285ddc2e6e7e375309ab9cbd20d9a618ab3520cafd769b89fad2c6a2d1|frozenset({on(akita_black_bowl_1,plate_1),on(cream_cheese_1,akita_black_bowl_1),on(plate_1,main_table_stove_front_region),on(wine_bottle_1,wooden_cabinet_1_top_side)})
COMPOSE_194	Compose-350	X5_goal_four_task_clique	4	true	false	Put the cream cheese on the black bowl, then put the black bowl on the plate, then put the wine bottle on top of the cabinet, and finally turn on the stove.	libero_goal	4;1;5;7	put_the_cream_cheese_in_the_bowl;put_the_bowl_on_the_plate;put_the_wine_bottle_on_top_of_the_cabinet;turn_on_the_stove	Put the cream cheese on the bowl | Put the bowl on the plate | Put the wine bottle on the top of the drawer | Turn on the stove	on(cream_cheese_1, akita_black_bowl_1); on(akita_black_bowl_1, plate_1); on(wine_bottle_1, wooden_cabinet_1_top_side); turnon(flat_stove_1)	libero_goal_shared_scene_four_way	All six pairwise edges of Goal clique (1, 4, 5, 7) are in the audited compatibility graph. | Goal pairs and triples were already screened in prior pools; this is the novel four-way identity.	7	0	5	0.0	0	composition|3f474b285ddc2e6e7e375309ab9cbd20d9a618ab3520cafd769b89fad2c6a2d1|frozenset({on(akita_black_bowl_1,plate_1),on(cream_cheese_1,akita_black_bowl_1),on(wine_bottle_1,wooden_cabinet_1_top_side),turnon(flat_stove_1)})
COMPOSE_195	Compose-350	X5_goal_four_task_clique	4	true	false	Put the cream cheese on the black bowl, then put the black bowl on the plate, then put the wine bottle on top of the cabinet, and finally open the middle drawer of the cabinet.	libero_goal	4;1;5;10	put_the_cream_cheese_in_the_bowl;put_the_bowl_on_the_plate;put_the_wine_bottle_on_top_of_the_cabinet;open_the_middle_drawer_of_the_cabinet	Put the cream cheese on the bowl | Put the bowl on the plate | Put the wine bottle on the top of the drawer | Open the middle layer of the drawer	on(cream_cheese_1, akita_black_bowl_1); on(akita_black_bowl_1, plate_1); on(wine_bottle_1, wooden_cabinet_1_top_side); open(wooden_cabinet_1_middle_region)	libero_goal_shared_scene_four_way	All six pairwise edges of Goal clique (1, 4, 5, 10) are in the audited compatibility graph. | Goal pairs and triples were already screened in prior pools; this is the novel four-way identity.	6	0	5	0.0	0	composition|3f474b285ddc2e6e7e375309ab9cbd20d9a618ab3520cafd769b89fad2c6a2d1|frozenset({on(akita_black_bowl_1,plate_1),on(cream_cheese_1,akita_black_bowl_1),on(wine_bottle_1,wooden_cabinet_1_top_side),open(wooden_cabinet_1_middle_region)})
COMPOSE_196	Compose-350	X5_goal_four_task_clique	4	true	false	Put the cream cheese on the black bowl, then put the black bowl on the plate, then push the plate to the front of the stove, and finally turn on the stove.	libero_goal	4;1;6;7	put_the_cream_cheese_in_the_bowl;put_the_bowl_on_the_plate;push_the_plate_to_the_front_of_the_stove;turn_on_the_stove	Put the cream cheese on the bowl | Put the bowl on the plate | Push the plate to the front of the stove | Turn on the stove	on(cream_cheese_1, akita_black_bowl_1); on(akita_black_bowl_1, plate_1); on(plate_1, main_table_stove_front_region); turnon(flat_stove_1)	libero_goal_shared_scene_four_way	All six pairwise edges of Goal clique (1, 4, 6, 7) are in the audited compatibility graph. | Goal pairs and triples were already screened in prior pools; this is the novel four-way identity.	7	0	5	0.0	0	composition|3f474b285ddc2e6e7e375309ab9cbd20d9a618ab3520cafd769b89fad2c6a2d1|frozenset({on(akita_black_bowl_1,plate_1),on(cream_cheese_1,akita_black_bowl_1),on(plate_1,main_table_stove_front_region),turnon(flat_stove_1)})
COMPOSE_197	Compose-350	X5_goal_four_task_clique	4	true	false	Put the cream cheese on the black bowl, then put the black bowl on the plate, then push the plate to the front of the stove, and finally open the middle drawer of the cabinet.	libero_goal	4;1;6;10	put_the_cream_cheese_in_the_bowl;put_the_bowl_on_the_plate;push_the_plate_to_the_front_of_the_stove;open_the_middle_drawer_of_the_cabinet	Put the cream cheese on the bowl | Put the bowl on the plate | Push the plate to the front of the stove | Open the middle layer of the drawer	on(cream_cheese_1, akita_black_bowl_1); on(akita_black_bowl_1, plate_1); on(plate_1, main_table_stove_front_region); open(wooden_cabinet_1_middle_region)	libero_goal_shared_scene_four_way	All six pairwise edges of Goal clique (1, 4, 6, 10) are in the audited compatibility graph. | Goal pairs and triples were already screened in prior pools; this is the novel four-way identity.	6	0	5	0.0	0	composition|3f474b285ddc2e6e7e375309ab9cbd20d9a618ab3520cafd769b89fad2c6a2d1|frozenset({on(akita_black_bowl_1,plate_1),on(cream_cheese_1,akita_black_bowl_1),on(plate_1,main_table_stove_front_region),open(wooden_cabinet_1_middle_region)})
COMPOSE_198	Compose-350	X5_goal_four_task_clique	4	true	false	Put the cream cheese on the black bowl, then put the black bowl on the plate, then turn on the stove, and finally open the middle drawer of the cabinet.	libero_goal	4;1;7;10	put_the_cream_cheese_in_the_bowl;put_the_bowl_on_the_plate;turn_on_the_stove;open_the_middle_drawer_of_the_cabinet	Put the cream cheese on the bowl | Put the bowl on the plate | Turn on the stove | Open the middle layer of the drawer	on(cream_cheese_1, akita_black_bowl_1); on(akita_black_bowl_1, plate_1); turnon(flat_stove_1); open(wooden_cabinet_1_middle_region)	libero_goal_shared_scene_four_way	All six pairwise edges of Goal clique (1, 4, 7, 10) are in the audited compatibility graph. | Goal pairs and triples were already screened in prior pools; this is the novel four-way identity.	7	0	5	0.0	0	composition|3f474b285ddc2e6e7e375309ab9cbd20d9a618ab3520cafd769b89fad2c6a2d1|frozenset({on(akita_black_bowl_1,plate_1),on(cream_cheese_1,akita_black_bowl_1),open(wooden_cabinet_1_middle_region),turnon(flat_stove_1)})
COMPOSE_199	Compose-350	X5_goal_four_task_clique	4	true	false	Put the black bowl on the plate, then put the wine bottle on top of the cabinet, then push the plate to the front of the stove, and finally turn on the stove.	libero_goal	1;5;6;7	put_the_bowl_on_the_plate;put_the_wine_bottle_on_top_of_the_cabinet;push_the_plate_to_the_front_of_the_stove;turn_on_the_stove	Put the bowl on the plate | Put the wine bottle on the top of the drawer | Push the plate to the front of the stove | Turn on the stove	on(akita_black_bowl_1, plate_1); on(wine_bottle_1, wooden_cabinet_1_top_side); on(plate_1, main_table_stove_front_region); turnon(flat_stove_1)	libero_goal_shared_scene_four_way	All six pairwise edges of Goal clique (1, 5, 6, 7) are in the audited compatibility graph. | Goal pairs and triples were already screened in prior pools; this is the novel four-way identity.	6	0	5	0.0	0	composition|3f474b285ddc2e6e7e375309ab9cbd20d9a618ab3520cafd769b89fad2c6a2d1|frozenset({on(akita_black_bowl_1,plate_1),on(plate_1,main_table_stove_front_region),on(wine_bottle_1,wooden_cabinet_1_top_side),turnon(flat_stove_1)})
COMPOSE_200	Compose-350	X5_goal_four_task_clique	4	true	false	Put the black bowl on the plate, then put the wine bottle on top of the cabinet, then push the plate to the front of the stove, and finally open the middle drawer of the cabinet.	libero_goal	1;5;6;10	put_the_bowl_on_the_plate;put_the_wine_bottle_on_top_of_the_cabinet;push_the_plate_to_the_front_of_the_stove;open_the_middle_drawer_of_the_cabinet	Put the bowl on the plate | Put the wine bottle on the top of the drawer | Push the plate to the front of the stove | Open the middle layer of the drawer	on(akita_black_bowl_1, plate_1); on(wine_bottle_1, wooden_cabinet_1_top_side); on(plate_1, main_table_stove_front_region); open(wooden_cabinet_1_middle_region)	libero_goal_shared_scene_four_way	All six pairwise edges of Goal clique (1, 5, 6, 10) are in the audited compatibility graph. | Goal pairs and triples were already screened in prior pools; this is the novel four-way identity.	7	0	5	0.0	0	composition|3f474b285ddc2e6e7e375309ab9cbd20d9a618ab3520cafd769b89fad2c6a2d1|frozenset({on(akita_black_bowl_1,plate_1),on(plate_1,main_table_stove_front_region),on(wine_bottle_1,wooden_cabinet_1_top_side),open(wooden_cabinet_1_middle_region)})
COMPOSE_201	Compose-350	X5_goal_four_task_clique	4	true	false	Put the black bowl on the plate, then put the wine bottle on top of the cabinet, then turn on the stove, and finally open the middle drawer of the cabinet.	libero_goal	1;5;7;10	put_the_bowl_on_the_plate;put_the_wine_bottle_on_top_of_the_cabinet;turn_on_the_stove;open_the_middle_drawer_of_the_cabinet	Put the bowl on the plate | Put the wine bottle on the top of the drawer | Turn on the stove | Open the middle layer of the drawer	on(akita_black_bowl_1, plate_1); on(wine_bottle_1, wooden_cabinet_1_top_side); turnon(flat_stove_1); open(wooden_cabinet_1_middle_region)	libero_goal_shared_scene_four_way	All six pairwise edges of Goal clique (1, 5, 7, 10) are in the audited compatibility graph. | Goal pairs and triples were already screened in prior pools; this is the novel four-way identity.	6	0	5	0.0	0	composition|3f474b285ddc2e6e7e375309ab9cbd20d9a618ab3520cafd769b89fad2c6a2d1|frozenset({on(akita_black_bowl_1,plate_1),on(wine_bottle_1,wooden_cabinet_1_top_side),open(wooden_cabinet_1_middle_region),turnon(flat_stove_1)})
COMPOSE_202	Compose-350	X5_goal_four_task_clique	4	true	false	Put the black bowl on the plate, then push the plate to the front of the stove, then turn on the stove, and finally open the middle drawer of the cabinet.	libero_goal	1;6;7;10	put_the_bowl_on_the_plate;push_the_plate_to_the_front_of_the_stove;turn_on_the_stove;open_the_middle_drawer_of_the_cabinet	Put the bowl on the plate | Push the plate to the front of the stove | Turn on the stove | Open the middle layer of the drawer	on(akita_black_bowl_1, plate_1); on(plate_1, main_table_stove_front_region); turnon(flat_stove_1); open(wooden_cabinet_1_middle_region)	libero_goal_shared_scene_four_way	All six pairwise edges of Goal clique (1, 6, 7, 10) are in the audited compatibility graph. | Goal pairs and triples were already screened in prior pools; this is the novel four-way identity.	7	0	5	0.0	0	composition|3f474b285ddc2e6e7e375309ab9cbd20d9a618ab3520cafd769b89fad2c6a2d1|frozenset({on(akita_black_bowl_1,plate_1),on(plate_1,main_table_stove_front_region),open(wooden_cabinet_1_middle_region),turnon(flat_stove_1)})
COMPOSE_203	Compose-350	X5_goal_four_task_clique	4	true	false	Put the cream cheese on the black bowl, then put the wine bottle on the rack, then push the plate to the front of the stove, and finally open the top drawer and put the black bowl inside.	libero_goal	4;2;6;3	put_the_cream_cheese_in_the_bowl;put_the_wine_bottle_on_the_rack;push_the_plate_to_the_front_of_the_stove;open_the_top_drawer_and_put_the_bowl_inside	Put the cream cheese on the bowl | Put the wine bottle on the rack | Push the plate to the front of the stove | Open the top layer of the drawer and put the bowl inside	on(cream_cheese_1, akita_black_bowl_1); on(wine_bottle_1, wine_rack_1_top_region); on(plate_1, main_table_stove_front_region); in(akita_black_bowl_1, wooden_cabinet_1_top_region)	libero_goal_shared_scene_four_way	All six pairwise edges of Goal clique (2, 3, 4, 6) are in the audited compatibility graph. | Goal pairs and triples were already screened in prior pools; this is the novel four-way identity.	6	0	5	0.0	0	composition|3f474b285ddc2e6e7e375309ab9cbd20d9a618ab3520cafd769b89fad2c6a2d1|frozenset({in(akita_black_bowl_1,wooden_cabinet_1_top_region),on(cream_cheese_1,akita_black_bowl_1),on(plate_1,main_table_stove_front_region),on(wine_bottle_1,wine_rack_1_top_region)})
COMPOSE_204	Compose-350	X5_goal_four_task_clique	4	true	false	Put the cream cheese on the black bowl, then put the wine bottle on the rack, then turn on the stove, and finally open the top drawer and put the black bowl inside.	libero_goal	4;2;7;3	put_the_cream_cheese_in_the_bowl;put_the_wine_bottle_on_the_rack;turn_on_the_stove;open_the_top_drawer_and_put_the_bowl_inside	Put the cream cheese on the bowl | Put the wine bottle on the rack | Turn on the stove | Open the top layer of the drawer and put the bowl inside	on(cream_cheese_1, akita_black_bowl_1); on(wine_bottle_1, wine_rack_1_top_region); turnon(flat_stove_1); in(akita_black_bowl_1, wooden_cabinet_1_top_region)	libero_goal_shared_scene_four_way	All six pairwise edges of Goal clique (2, 3, 4, 7) are in the audited compatibility graph. | Goal pairs and triples were already screened in prior pools; this is the novel four-way identity.	7	0	5	0.0	0	composition|3f474b285ddc2e6e7e375309ab9cbd20d9a618ab3520cafd769b89fad2c6a2d1|frozenset({in(akita_black_bowl_1,wooden_cabinet_1_top_region),on(cream_cheese_1,akita_black_bowl_1),on(wine_bottle_1,wine_rack_1_top_region),turnon(flat_stove_1)})
COMPOSE_205	Compose-350	X5_goal_four_task_clique	4	true	false	Put the cream cheese on the black bowl, then put the wine bottle on the rack, then open the middle drawer of the cabinet, and finally open the top drawer and put the black bowl inside.	libero_goal	4;2;10;3	put_the_cream_cheese_in_the_bowl;put_the_wine_bottle_on_the_rack;open_the_middle_drawer_of_the_cabinet;open_the_top_drawer_and_put_the_bowl_inside	Put the cream cheese on the bowl | Put the wine bottle on the rack | Open the middle layer of the drawer | Open the top layer of the drawer and put the bowl inside	on(cream_cheese_1, akita_black_bowl_1); on(wine_bottle_1, wine_rack_1_top_region); open(wooden_cabinet_1_middle_region); in(akita_black_bowl_1, wooden_cabinet_1_top_region)	libero_goal_shared_scene_four_way	All six pairwise edges of Goal clique (2, 3, 4, 10) are in the audited compatibility graph. | Goal pairs and triples were already screened in prior pools; this is the novel four-way identity.	6	0	5	0.0	0	composition|3f474b285ddc2e6e7e375309ab9cbd20d9a618ab3520cafd769b89fad2c6a2d1|frozenset({in(akita_black_bowl_1,wooden_cabinet_1_top_region),on(cream_cheese_1,akita_black_bowl_1),on(wine_bottle_1,wine_rack_1_top_region),open(wooden_cabinet_1_middle_region)})
COMPOSE_206	Compose-350	X5_goal_four_task_clique	4	true	false	Put the wine bottle on the rack, then push the plate to the front of the stove, then turn on the stove, and finally open the top drawer and put the black bowl inside.	libero_goal	2;6;7;3	put_the_wine_bottle_on_the_rack;push_the_plate_to_the_front_of_the_stove;turn_on_the_stove;open_the_top_drawer_and_put_the_bowl_inside	Put the wine bottle on the rack | Push the plate to the front of the stove | Turn on the stove | Open the top layer of the drawer and put the bowl inside	on(wine_bottle_1, wine_rack_1_top_region); on(plate_1, main_table_stove_front_region); turnon(flat_stove_1); in(akita_black_bowl_1, wooden_cabinet_1_top_region)	libero_goal_shared_scene_four_way	All six pairwise edges of Goal clique (2, 3, 6, 7) are in the audited compatibility graph. | Goal pairs and triples were already screened in prior pools; this is the novel four-way identity.	7	0	5	0.0	0	composition|3f474b285ddc2e6e7e375309ab9cbd20d9a618ab3520cafd769b89fad2c6a2d1|frozenset({in(akita_black_bowl_1,wooden_cabinet_1_top_region),on(plate_1,main_table_stove_front_region),on(wine_bottle_1,wine_rack_1_top_region),turnon(flat_stove_1)})
COMPOSE_207	Compose-350	X5_goal_four_task_clique	4	true	false	Put the wine bottle on the rack, then push the plate to the front of the stove, then open the middle drawer of the cabinet, and finally open the top drawer and put the black bowl inside.	libero_goal	2;6;10;3	put_the_wine_bottle_on_the_rack;push_the_plate_to_the_front_of_the_stove;open_the_middle_drawer_of_the_cabinet;open_the_top_drawer_and_put_the_bowl_inside	Put the wine bottle on the rack | Push the plate to the front of the stove | Open the middle layer of the drawer | Open the top layer of the drawer and put the bowl inside	on(wine_bottle_1, wine_rack_1_top_region); on(plate_1, main_table_stove_front_region); open(wooden_cabinet_1_middle_region); in(akita_black_bowl_1, wooden_cabinet_1_top_region)	libero_goal_shared_scene_four_way	All six pairwise edges of Goal clique (2, 3, 6, 10) are in the audited compatibility graph. | Goal pairs and triples were already screened in prior pools; this is the novel four-way identity.	6	0	5	0.0	0	composition|3f474b285ddc2e6e7e375309ab9cbd20d9a618ab3520cafd769b89fad2c6a2d1|frozenset({in(akita_black_bowl_1,wooden_cabinet_1_top_region),on(plate_1,main_table_stove_front_region),on(wine_bottle_1,wine_rack_1_top_region),open(wooden_cabinet_1_middle_region)})
COMPOSE_208	Compose-350	X5_goal_four_task_clique	4	true	false	Put the wine bottle on the rack, then turn on the stove, then open the middle drawer of the cabinet, and finally open the top drawer and put the black bowl inside.	libero_goal	2;7;10;3	put_the_wine_bottle_on_the_rack;turn_on_the_stove;open_the_middle_drawer_of_the_cabinet;open_the_top_drawer_and_put_the_bowl_inside	Put the wine bottle on the rack | Turn on the stove | Open the middle layer of the drawer | Open the top layer of the drawer and put the bowl inside	on(wine_bottle_1, wine_rack_1_top_region); turnon(flat_stove_1); open(wooden_cabinet_1_middle_region); in(akita_black_bowl_1, wooden_cabinet_1_top_region)	libero_goal_shared_scene_four_way	All six pairwise edges of Goal clique (2, 3, 7, 10) are in the audited compatibility graph. | Goal pairs and triples were already screened in prior pools; this is the novel four-way identity.	7	0	5	0.0	0	composition|3f474b285ddc2e6e7e375309ab9cbd20d9a618ab3520cafd769b89fad2c6a2d1|frozenset({in(akita_black_bowl_1,wooden_cabinet_1_top_region),on(wine_bottle_1,wine_rack_1_top_region),open(wooden_cabinet_1_middle_region),turnon(flat_stove_1)})
COMPOSE_209	Compose-350	X5_goal_four_task_clique	4	true	false	Put the cream cheese on the black bowl, then put the wine bottle on the rack, then push the plate to the front of the stove, and finally turn on the stove.	libero_goal	4;2;6;7	put_the_cream_cheese_in_the_bowl;put_the_wine_bottle_on_the_rack;push_the_plate_to_the_front_of_the_stove;turn_on_the_stove	Put the cream cheese on the bowl | Put the wine bottle on the rack | Push the plate to the front of the stove | Turn on the stove	on(cream_cheese_1, akita_black_bowl_1); on(wine_bottle_1, wine_rack_1_top_region); on(plate_1, main_table_stove_front_region); turnon(flat_stove_1)	libero_goal_shared_scene_four_way	All six pairwise edges of Goal clique (2, 4, 6, 7) are in the audited compatibility graph. | Goal pairs and triples were already screened in prior pools; this is the novel four-way identity.	6	0	5	0.0	0	composition|3f474b285ddc2e6e7e375309ab9cbd20d9a618ab3520cafd769b89fad2c6a2d1|frozenset({on(cream_cheese_1,akita_black_bowl_1),on(plate_1,main_table_stove_front_region),on(wine_bottle_1,wine_rack_1_top_region),turnon(flat_stove_1)})
COMPOSE_210	Compose-350	X5_goal_four_task_clique	4	true	false	Put the cream cheese on the black bowl, then put the wine bottle on the rack, then push the plate to the front of the stove, and finally put the black bowl on the stove.	libero_goal	4;2;6;8	put_the_cream_cheese_in_the_bowl;put_the_wine_bottle_on_the_rack;push_the_plate_to_the_front_of_the_stove;put_the_bowl_on_the_stove	Put the cream cheese on the bowl | Put the wine bottle on the rack | Push the plate to the front of the stove | Put the bowl on the stove	on(cream_cheese_1, akita_black_bowl_1); on(wine_bottle_1, wine_rack_1_top_region); on(plate_1, main_table_stove_front_region); on(akita_black_bowl_1, flat_stove_1_cook_region)	libero_goal_shared_scene_four_way	All six pairwise edges of Goal clique (2, 4, 6, 8) are in the audited compatibility graph. | Goal pairs and triples were already screened in prior pools; this is the novel four-way identity.	7	0	5	0.0	0	composition|3f474b285ddc2e6e7e375309ab9cbd20d9a618ab3520cafd769b89fad2c6a2d1|frozenset({on(akita_black_bowl_1,flat_stove_1_cook_region),on(cream_cheese_1,akita_black_bowl_1),on(plate_1,main_table_stove_front_region),on(wine_bottle_1,wine_rack_1_top_region)})
COMPOSE_211	Compose-350	X5_goal_four_task_clique	4	true	false	Put the cream cheese on the black bowl, then put the wine bottle on the rack, then push the plate to the front of the stove, and finally put the black bowl on top of the cabinet.	libero_goal	4;2;6;9	put_the_cream_cheese_in_the_bowl;put_the_wine_bottle_on_the_rack;push_the_plate_to_the_front_of_the_stove;put_the_bowl_on_top_of_the_cabinet	Put the cream cheese on the bowl | Put the wine bottle on the rack | Push the plate to the front of the stove | Put the bowl on the top of the drawer	on(cream_cheese_1, akita_black_bowl_1); on(wine_bottle_1, wine_rack_1_top_region); on(plate_1, main_table_stove_front_region); on(akita_black_bowl_1, wooden_cabinet_1_top_side)	libero_goal_shared_scene_four_way	All six pairwise edges of Goal clique (2, 4, 6, 9) are in the audited compatibility graph. | Goal pairs and triples were already screened in prior pools; this is the novel four-way identity.	6	0	5	0.0	0	composition|3f474b285ddc2e6e7e375309ab9cbd20d9a618ab3520cafd769b89fad2c6a2d1|frozenset({on(akita_black_bowl_1,wooden_cabinet_1_top_side),on(cream_cheese_1,akita_black_bowl_1),on(plate_1,main_table_stove_front_region),on(wine_bottle_1,wine_rack_1_top_region)})
COMPOSE_212	Compose-350	X5_goal_four_task_clique	4	true	false	Put the cream cheese on the black bowl, then put the wine bottle on the rack, then push the plate to the front of the stove, and finally open the middle drawer of the cabinet.	libero_goal	4;2;6;10	put_the_cream_cheese_in_the_bowl;put_the_wine_bottle_on_the_rack;push_the_plate_to_the_front_of_the_stove;open_the_middle_drawer_of_the_cabinet	Put the cream cheese on the bowl | Put the wine bottle on the rack | Push the plate to the front of the stove | Open the middle layer of the drawer	on(cream_cheese_1, akita_black_bowl_1); on(wine_bottle_1, wine_rack_1_top_region); on(plate_1, main_table_stove_front_region); open(wooden_cabinet_1_middle_region)	libero_goal_shared_scene_four_way	All six pairwise edges of Goal clique (2, 4, 6, 10) are in the audited compatibility graph. | Goal pairs and triples were already screened in prior pools; this is the novel four-way identity.	7	0	5	0.0	0	composition|3f474b285ddc2e6e7e375309ab9cbd20d9a618ab3520cafd769b89fad2c6a2d1|frozenset({on(cream_cheese_1,akita_black_bowl_1),on(plate_1,main_table_stove_front_region),on(wine_bottle_1,wine_rack_1_top_region),open(wooden_cabinet_1_middle_region)})
COMPOSE_213	Compose-350	X5_goal_four_task_clique	4	true	false	Put the cream cheese on the black bowl, then put the wine bottle on the rack, then turn on the stove, and finally put the black bowl on the stove.	libero_goal	4;2;7;8	put_the_cream_cheese_in_the_bowl;put_the_wine_bottle_on_the_rack;turn_on_the_stove;put_the_bowl_on_the_stove	Put the cream cheese on the bowl | Put the wine bottle on the rack | Turn on the stove | Put the bowl on the stove	on(cream_cheese_1, akita_black_bowl_1); on(wine_bottle_1, wine_rack_1_top_region); turnon(flat_stove_1); on(akita_black_bowl_1, flat_stove_1_cook_region)	libero_goal_shared_scene_four_way	All six pairwise edges of Goal clique (2, 4, 7, 8) are in the audited compatibility graph. | Goal pairs and triples were already screened in prior pools; this is the novel four-way identity.	6	0	5	0.0	0	composition|3f474b285ddc2e6e7e375309ab9cbd20d9a618ab3520cafd769b89fad2c6a2d1|frozenset({on(akita_black_bowl_1,flat_stove_1_cook_region),on(cream_cheese_1,akita_black_bowl_1),on(wine_bottle_1,wine_rack_1_top_region),turnon(flat_stove_1)})
COMPOSE_214	Compose-350	X5_goal_four_task_clique	4	true	false	Put the cream cheese on the black bowl, then put the wine bottle on the rack, then turn on the stove, and finally put the black bowl on top of the cabinet.	libero_goal	4;2;7;9	put_the_cream_cheese_in_the_bowl;put_the_wine_bottle_on_the_rack;turn_on_the_stove;put_the_bowl_on_top_of_the_cabinet	Put the cream cheese on the bowl | Put the wine bottle on the rack | Turn on the stove | Put the bowl on the top of the drawer	on(cream_cheese_1, akita_black_bowl_1); on(wine_bottle_1, wine_rack_1_top_region); turnon(flat_stove_1); on(akita_black_bowl_1, wooden_cabinet_1_top_side)	libero_goal_shared_scene_four_way	All six pairwise edges of Goal clique (2, 4, 7, 9) are in the audited compatibility graph. | Goal pairs and triples were already screened in prior pools; this is the novel four-way identity.	7	0	5	0.0	0	composition|3f474b285ddc2e6e7e375309ab9cbd20d9a618ab3520cafd769b89fad2c6a2d1|frozenset({on(akita_black_bowl_1,wooden_cabinet_1_top_side),on(cream_cheese_1,akita_black_bowl_1),on(wine_bottle_1,wine_rack_1_top_region),turnon(flat_stove_1)})
COMPOSE_215	Compose-350	X5_goal_four_task_clique	4	true	false	Put the cream cheese on the black bowl, then put the wine bottle on the rack, then turn on the stove, and finally open the middle drawer of the cabinet.	libero_goal	4;2;7;10	put_the_cream_cheese_in_the_bowl;put_the_wine_bottle_on_the_rack;turn_on_the_stove;open_the_middle_drawer_of_the_cabinet	Put the cream cheese on the bowl | Put the wine bottle on the rack | Turn on the stove | Open the middle layer of the drawer	on(cream_cheese_1, akita_black_bowl_1); on(wine_bottle_1, wine_rack_1_top_region); turnon(flat_stove_1); open(wooden_cabinet_1_middle_region)	libero_goal_shared_scene_four_way	All six pairwise edges of Goal clique (2, 4, 7, 10) are in the audited compatibility graph. | Goal pairs and triples were already screened in prior pools; this is the novel four-way identity.	6	0	5	0.0	0	composition|3f474b285ddc2e6e7e375309ab9cbd20d9a618ab3520cafd769b89fad2c6a2d1|frozenset({on(cream_cheese_1,akita_black_bowl_1),on(wine_bottle_1,wine_rack_1_top_region),open(wooden_cabinet_1_middle_region),turnon(flat_stove_1)})
COMPOSE_216	Compose-350	X5_goal_four_task_clique	4	true	false	Put the cream cheese on the black bowl, then put the wine bottle on the rack, then open the middle drawer of the cabinet, and finally put the black bowl on the stove.	libero_goal	4;2;10;8	put_the_cream_cheese_in_the_bowl;put_the_wine_bottle_on_the_rack;open_the_middle_drawer_of_the_cabinet;put_the_bowl_on_the_stove	Put the cream cheese on the bowl | Put the wine bottle on the rack | Open the middle layer of the drawer | Put the bowl on the stove	on(cream_cheese_1, akita_black_bowl_1); on(wine_bottle_1, wine_rack_1_top_region); open(wooden_cabinet_1_middle_region); on(akita_black_bowl_1, flat_stove_1_cook_region)	libero_goal_shared_scene_four_way	All six pairwise edges of Goal clique (2, 4, 8, 10) are in the audited compatibility graph. | Goal pairs and triples were already screened in prior pools; this is the novel four-way identity.	7	0	5	0.0	0	composition|3f474b285ddc2e6e7e375309ab9cbd20d9a618ab3520cafd769b89fad2c6a2d1|frozenset({on(akita_black_bowl_1,flat_stove_1_cook_region),on(cream_cheese_1,akita_black_bowl_1),on(wine_bottle_1,wine_rack_1_top_region),open(wooden_cabinet_1_middle_region)})
COMPOSE_217	Compose-350	X5_goal_four_task_clique	4	true	false	Put the cream cheese on the black bowl, then put the wine bottle on the rack, then open the middle drawer of the cabinet, and finally put the black bowl on top of the cabinet.	libero_goal	4;2;10;9	put_the_cream_cheese_in_the_bowl;put_the_wine_bottle_on_the_rack;open_the_middle_drawer_of_the_cabinet;put_the_bowl_on_top_of_the_cabinet	Put the cream cheese on the bowl | Put the wine bottle on the rack | Open the middle layer of the drawer | Put the bowl on the top of the drawer	on(cream_cheese_1, akita_black_bowl_1); on(wine_bottle_1, wine_rack_1_top_region); open(wooden_cabinet_1_middle_region); on(akita_black_bowl_1, wooden_cabinet_1_top_side)	libero_goal_shared_scene_four_way	All six pairwise edges of Goal clique (2, 4, 9, 10) are in the audited compatibility graph. | Goal pairs and triples were already screened in prior pools; this is the novel four-way identity.	6	0	5	0.0	0	composition|3f474b285ddc2e6e7e375309ab9cbd20d9a618ab3520cafd769b89fad2c6a2d1|frozenset({on(akita_black_bowl_1,wooden_cabinet_1_top_side),on(cream_cheese_1,akita_black_bowl_1),on(wine_bottle_1,wine_rack_1_top_region),open(wooden_cabinet_1_middle_region)})
COMPOSE_218	Compose-350	X5_goal_four_task_clique	4	true	false	Put the wine bottle on the rack, then push the plate to the front of the stove, then turn on the stove, and finally put the black bowl on the stove.	libero_goal	2;6;7;8	put_the_wine_bottle_on_the_rack;push_the_plate_to_the_front_of_the_stove;turn_on_the_stove;put_the_bowl_on_the_stove	Put the wine bottle on the rack | Push the plate to the front of the stove | Turn on the stove | Put the bowl on the stove	on(wine_bottle_1, wine_rack_1_top_region); on(plate_1, main_table_stove_front_region); turnon(flat_stove_1); on(akita_black_bowl_1, flat_stove_1_cook_region)	libero_goal_shared_scene_four_way	All six pairwise edges of Goal clique (2, 6, 7, 8) are in the audited compatibility graph. | Goal pairs and triples were already screened in prior pools; this is the novel four-way identity.	7	0	5	0.0	0	composition|3f474b285ddc2e6e7e375309ab9cbd20d9a618ab3520cafd769b89fad2c6a2d1|frozenset({on(akita_black_bowl_1,flat_stove_1_cook_region),on(plate_1,main_table_stove_front_region),on(wine_bottle_1,wine_rack_1_top_region),turnon(flat_stove_1)})
COMPOSE_219	Compose-350	X5_goal_four_task_clique	4	true	false	Put the wine bottle on the rack, then push the plate to the front of the stove, then turn on the stove, and finally put the black bowl on top of the cabinet.	libero_goal	2;6;7;9	put_the_wine_bottle_on_the_rack;push_the_plate_to_the_front_of_the_stove;turn_on_the_stove;put_the_bowl_on_top_of_the_cabinet	Put the wine bottle on the rack | Push the plate to the front of the stove | Turn on the stove | Put the bowl on the top of the drawer	on(wine_bottle_1, wine_rack_1_top_region); on(plate_1, main_table_stove_front_region); turnon(flat_stove_1); on(akita_black_bowl_1, wooden_cabinet_1_top_side)	libero_goal_shared_scene_four_way	All six pairwise edges of Goal clique (2, 6, 7, 9) are in the audited compatibility graph. | Goal pairs and triples were already screened in prior pools; this is the novel four-way identity.	6	0	5	0.0	0	composition|3f474b285ddc2e6e7e375309ab9cbd20d9a618ab3520cafd769b89fad2c6a2d1|frozenset({on(akita_black_bowl_1,wooden_cabinet_1_top_side),on(plate_1,main_table_stove_front_region),on(wine_bottle_1,wine_rack_1_top_region),turnon(flat_stove_1)})
COMPOSE_220	Compose-350	X5_goal_four_task_clique	4	true	false	Put the wine bottle on the rack, then push the plate to the front of the stove, then turn on the stove, and finally open the middle drawer of the cabinet.	libero_goal	2;6;7;10	put_the_wine_bottle_on_the_rack;push_the_plate_to_the_front_of_the_stove;turn_on_the_stove;open_the_middle_drawer_of_the_cabinet	Put the wine bottle on the rack | Push the plate to the front of the stove | Turn on the stove | Open the middle layer of the drawer	on(wine_bottle_1, wine_rack_1_top_region); on(plate_1, main_table_stove_front_region); turnon(flat_stove_1); open(wooden_cabinet_1_middle_region)	libero_goal_shared_scene_four_way	All six pairwise edges of Goal clique (2, 6, 7, 10) are in the audited compatibility graph. | Goal pairs and triples were already screened in prior pools; this is the novel four-way identity.	7	0	5	0.0	0	composition|3f474b285ddc2e6e7e375309ab9cbd20d9a618ab3520cafd769b89fad2c6a2d1|frozenset({on(plate_1,main_table_stove_front_region),on(wine_bottle_1,wine_rack_1_top_region),open(wooden_cabinet_1_middle_region),turnon(flat_stove_1)})
COMPOSE_221	Compose-350	X5_goal_four_task_clique	4	true	false	Put the wine bottle on the rack, then push the plate to the front of the stove, then open the middle drawer of the cabinet, and finally put the black bowl on the stove.	libero_goal	2;6;10;8	put_the_wine_bottle_on_the_rack;push_the_plate_to_the_front_of_the_stove;open_the_middle_drawer_of_the_cabinet;put_the_bowl_on_the_stove	Put the wine bottle on the rack | Push the plate to the front of the stove | Open the middle layer of the drawer | Put the bowl on the stove	on(wine_bottle_1, wine_rack_1_top_region); on(plate_1, main_table_stove_front_region); open(wooden_cabinet_1_middle_region); on(akita_black_bowl_1, flat_stove_1_cook_region)	libero_goal_shared_scene_four_way	All six pairwise edges of Goal clique (2, 6, 8, 10) are in the audited compatibility graph. | Goal pairs and triples were already screened in prior pools; this is the novel four-way identity.	6	0	5	0.0	0	composition|3f474b285ddc2e6e7e375309ab9cbd20d9a618ab3520cafd769b89fad2c6a2d1|frozenset({on(akita_black_bowl_1,flat_stove_1_cook_region),on(plate_1,main_table_stove_front_region),on(wine_bottle_1,wine_rack_1_top_region),open(wooden_cabinet_1_middle_region)})
COMPOSE_222	Compose-350	X5_goal_four_task_clique	4	true	false	Put the wine bottle on the rack, then push the plate to the front of the stove, then open the middle drawer of the cabinet, and finally put the black bowl on top of the cabinet.	libero_goal	2;6;10;9	put_the_wine_bottle_on_the_rack;push_the_plate_to_the_front_of_the_stove;open_the_middle_drawer_of_the_cabinet;put_the_bowl_on_top_of_the_cabinet	Put the wine bottle on the rack | Push the plate to the front of the stove | Open the middle layer of the drawer | Put the bowl on the top of the drawer	on(wine_bottle_1, wine_rack_1_top_region); on(plate_1, main_table_stove_front_region); open(wooden_cabinet_1_middle_region); on(akita_black_bowl_1, wooden_cabinet_1_top_side)	libero_goal_shared_scene_four_way	All six pairwise edges of Goal clique (2, 6, 9, 10) are in the audited compatibility graph. | Goal pairs and triples were already screened in prior pools; this is the novel four-way identity.	7	0	5	0.0	0	composition|3f474b285ddc2e6e7e375309ab9cbd20d9a618ab3520cafd769b89fad2c6a2d1|frozenset({on(akita_black_bowl_1,wooden_cabinet_1_top_side),on(plate_1,main_table_stove_front_region),on(wine_bottle_1,wine_rack_1_top_region),open(wooden_cabinet_1_middle_region)})
COMPOSE_223	Compose-350	X5_goal_four_task_clique	4	true	false	Put the wine bottle on the rack, then turn on the stove, then open the middle drawer of the cabinet, and finally put the black bowl on the stove.	libero_goal	2;7;10;8	put_the_wine_bottle_on_the_rack;turn_on_the_stove;open_the_middle_drawer_of_the_cabinet;put_the_bowl_on_the_stove	Put the wine bottle on the rack | Turn on the stove | Open the middle layer of the drawer | Put the bowl on the stove	on(wine_bottle_1, wine_rack_1_top_region); turnon(flat_stove_1); open(wooden_cabinet_1_middle_region); on(akita_black_bowl_1, flat_stove_1_cook_region)	libero_goal_shared_scene_four_way	All six pairwise edges of Goal clique (2, 7, 8, 10) are in the audited compatibility graph. | Goal pairs and triples were already screened in prior pools; this is the novel four-way identity.	6	0	5	0.0	0	composition|3f474b285ddc2e6e7e375309ab9cbd20d9a618ab3520cafd769b89fad2c6a2d1|frozenset({on(akita_black_bowl_1,flat_stove_1_cook_region),on(wine_bottle_1,wine_rack_1_top_region),open(wooden_cabinet_1_middle_region),turnon(flat_stove_1)})
COMPOSE_224	Compose-350	X5_goal_four_task_clique	4	true	false	Put the wine bottle on the rack, then turn on the stove, then open the middle drawer of the cabinet, and finally put the black bowl on top of the cabinet.	libero_goal	2;7;10;9	put_the_wine_bottle_on_the_rack;turn_on_the_stove;open_the_middle_drawer_of_the_cabinet;put_the_bowl_on_top_of_the_cabinet	Put the wine bottle on the rack | Turn on the stove | Open the middle layer of the drawer | Put the bowl on the top of the drawer	on(wine_bottle_1, wine_rack_1_top_region); turnon(flat_stove_1); open(wooden_cabinet_1_middle_region); on(akita_black_bowl_1, wooden_cabinet_1_top_side)	libero_goal_shared_scene_four_way	All six pairwise edges of Goal clique (2, 7, 9, 10) are in the audited compatibility graph. | Goal pairs and triples were already screened in prior pools; this is the novel four-way identity.	7	0	5	0.0	0	composition|3f474b285ddc2e6e7e375309ab9cbd20d9a618ab3520cafd769b89fad2c6a2d1|frozenset({on(akita_black_bowl_1,wooden_cabinet_1_top_side),on(wine_bottle_1,wine_rack_1_top_region),open(wooden_cabinet_1_middle_region),turnon(flat_stove_1)})
COMPOSE_225	Compose-350	X5_goal_four_task_clique	4	true	false	Put the cream cheese on the black bowl, then put the wine bottle on top of the cabinet, then push the plate to the front of the stove, and finally open the top drawer and put the black bowl inside.	libero_goal	4;5;6;3	put_the_cream_cheese_in_the_bowl;put_the_wine_bottle_on_top_of_the_cabinet;push_the_plate_to_the_front_of_the_stove;open_the_top_drawer_and_put_the_bowl_inside	Put the cream cheese on the bowl | Put the wine bottle on the top of the drawer | Push the plate to the front of the stove | Open the top layer of the drawer and put the bowl inside	on(cream_cheese_1, akita_black_bowl_1); on(wine_bottle_1, wooden_cabinet_1_top_side); on(plate_1, main_table_stove_front_region); in(akita_black_bowl_1, wooden_cabinet_1_top_region)	libero_goal_shared_scene_four_way	All six pairwise edges of Goal clique (3, 4, 5, 6) are in the audited compatibility graph. | Goal pairs and triples were already screened in prior pools; this is the novel four-way identity.	6	0	5	0.0	0	composition|3f474b285ddc2e6e7e375309ab9cbd20d9a618ab3520cafd769b89fad2c6a2d1|frozenset({in(akita_black_bowl_1,wooden_cabinet_1_top_region),on(cream_cheese_1,akita_black_bowl_1),on(plate_1,main_table_stove_front_region),on(wine_bottle_1,wooden_cabinet_1_top_side)})
COMPOSE_226	Compose-350	X5_goal_four_task_clique	4	true	false	Put the cream cheese on the black bowl, then put the wine bottle on top of the cabinet, then turn on the stove, and finally open the top drawer and put the black bowl inside.	libero_goal	4;5;7;3	put_the_cream_cheese_in_the_bowl;put_the_wine_bottle_on_top_of_the_cabinet;turn_on_the_stove;open_the_top_drawer_and_put_the_bowl_inside	Put the cream cheese on the bowl | Put the wine bottle on the top of the drawer | Turn on the stove | Open the top layer of the drawer and put the bowl inside	on(cream_cheese_1, akita_black_bowl_1); on(wine_bottle_1, wooden_cabinet_1_top_side); turnon(flat_stove_1); in(akita_black_bowl_1, wooden_cabinet_1_top_region)	libero_goal_shared_scene_four_way	All six pairwise edges of Goal clique (3, 4, 5, 7) are in the audited compatibility graph. | Goal pairs and triples were already screened in prior pools; this is the novel four-way identity.	7	0	5	0.0	0	composition|3f474b285ddc2e6e7e375309ab9cbd20d9a618ab3520cafd769b89fad2c6a2d1|frozenset({in(akita_black_bowl_1,wooden_cabinet_1_top_region),on(cream_cheese_1,akita_black_bowl_1),on(wine_bottle_1,wooden_cabinet_1_top_side),turnon(flat_stove_1)})
COMPOSE_227	Compose-350	X5_goal_four_task_clique	4	true	false	Put the cream cheese on the black bowl, then put the wine bottle on top of the cabinet, then open the middle drawer of the cabinet, and finally open the top drawer and put the black bowl inside.	libero_goal	4;5;10;3	put_the_cream_cheese_in_the_bowl;put_the_wine_bottle_on_top_of_the_cabinet;open_the_middle_drawer_of_the_cabinet;open_the_top_drawer_and_put_the_bowl_inside	Put the cream cheese on the bowl | Put the wine bottle on the top of the drawer | Open the middle layer of the drawer | Open the top layer of the drawer and put the bowl inside	on(cream_cheese_1, akita_black_bowl_1); on(wine_bottle_1, wooden_cabinet_1_top_side); open(wooden_cabinet_1_middle_region); in(akita_black_bowl_1, wooden_cabinet_1_top_region)	libero_goal_shared_scene_four_way	All six pairwise edges of Goal clique (3, 4, 5, 10) are in the audited compatibility graph. | Goal pairs and triples were already screened in prior pools; this is the novel four-way identity.	6	0	5	0.0	0	composition|3f474b285ddc2e6e7e375309ab9cbd20d9a618ab3520cafd769b89fad2c6a2d1|frozenset({in(akita_black_bowl_1,wooden_cabinet_1_top_region),on(cream_cheese_1,akita_black_bowl_1),on(wine_bottle_1,wooden_cabinet_1_top_side),open(wooden_cabinet_1_middle_region)})
COMPOSE_228	Compose-350	X5_goal_four_task_clique	4	true	false	Put the cream cheese on the black bowl, then push the plate to the front of the stove, then turn on the stove, and finally open the top drawer and put the black bowl inside.	libero_goal	4;6;7;3	put_the_cream_cheese_in_the_bowl;push_the_plate_to_the_front_of_the_stove;turn_on_the_stove;open_the_top_drawer_and_put_the_bowl_inside	Put the cream cheese on the bowl | Push the plate to the front of the stove | Turn on the stove | Open the top layer of the drawer and put the bowl inside	on(cream_cheese_1, akita_black_bowl_1); on(plate_1, main_table_stove_front_region); turnon(flat_stove_1); in(akita_black_bowl_1, wooden_cabinet_1_top_region)	libero_goal_shared_scene_four_way	All six pairwise edges of Goal clique (3, 4, 6, 7) are in the audited compatibility graph. | Goal pairs and triples were already screened in prior pools; this is the novel four-way identity.	7	0	5	0.0	0	composition|3f474b285ddc2e6e7e375309ab9cbd20d9a618ab3520cafd769b89fad2c6a2d1|frozenset({in(akita_black_bowl_1,wooden_cabinet_1_top_region),on(cream_cheese_1,akita_black_bowl_1),on(plate_1,main_table_stove_front_region),turnon(flat_stove_1)})
COMPOSE_229	Compose-350	X5_goal_four_task_clique	4	true	false	Put the cream cheese on the black bowl, then push the plate to the front of the stove, then open the middle drawer of the cabinet, and finally open the top drawer and put the black bowl inside.	libero_goal	4;6;10;3	put_the_cream_cheese_in_the_bowl;push_the_plate_to_the_front_of_the_stove;open_the_middle_drawer_of_the_cabinet;open_the_top_drawer_and_put_the_bowl_inside	Put the cream cheese on the bowl | Push the plate to the front of the stove | Open the middle layer of the drawer | Open the top layer of the drawer and put the bowl inside	on(cream_cheese_1, akita_black_bowl_1); on(plate_1, main_table_stove_front_region); open(wooden_cabinet_1_middle_region); in(akita_black_bowl_1, wooden_cabinet_1_top_region)	libero_goal_shared_scene_four_way	All six pairwise edges of Goal clique (3, 4, 6, 10) are in the audited compatibility graph. | Goal pairs and triples were already screened in prior pools; this is the novel four-way identity.	6	0	5	0.0	0	composition|3f474b285ddc2e6e7e375309ab9cbd20d9a618ab3520cafd769b89fad2c6a2d1|frozenset({in(akita_black_bowl_1,wooden_cabinet_1_top_region),on(cream_cheese_1,akita_black_bowl_1),on(plate_1,main_table_stove_front_region),open(wooden_cabinet_1_middle_region)})
COMPOSE_230	Compose-350	X5_goal_four_task_clique	4	true	false	Put the cream cheese on the black bowl, then turn on the stove, then open the middle drawer of the cabinet, and finally open the top drawer and put the black bowl inside.	libero_goal	4;7;10;3	put_the_cream_cheese_in_the_bowl;turn_on_the_stove;open_the_middle_drawer_of_the_cabinet;open_the_top_drawer_and_put_the_bowl_inside	Put the cream cheese on the bowl | Turn on the stove | Open the middle layer of the drawer | Open the top layer of the drawer and put the bowl inside	on(cream_cheese_1, akita_black_bowl_1); turnon(flat_stove_1); open(wooden_cabinet_1_middle_region); in(akita_black_bowl_1, wooden_cabinet_1_top_region)	libero_goal_shared_scene_four_way	All six pairwise edges of Goal clique (3, 4, 7, 10) are in the audited compatibility graph. | Goal pairs and triples were already screened in prior pools; this is the novel four-way identity.	7	0	5	0.0	0	composition|3f474b285ddc2e6e7e375309ab9cbd20d9a618ab3520cafd769b89fad2c6a2d1|frozenset({in(akita_black_bowl_1,wooden_cabinet_1_top_region),on(cream_cheese_1,akita_black_bowl_1),open(wooden_cabinet_1_middle_region),turnon(flat_stove_1)})
COMPOSE_231	Compose-350	X5_goal_four_task_clique	4	true	false	Put the wine bottle on top of the cabinet, then push the plate to the front of the stove, then turn on the stove, and finally open the top drawer and put the black bowl inside.	libero_goal	5;6;7;3	put_the_wine_bottle_on_top_of_the_cabinet;push_the_plate_to_the_front_of_the_stove;turn_on_the_stove;open_the_top_drawer_and_put_the_bowl_inside	Put the wine bottle on the top of the drawer | Push the plate to the front of the stove | Turn on the stove | Open the top layer of the drawer and put the bowl inside	on(wine_bottle_1, wooden_cabinet_1_top_side); on(plate_1, main_table_stove_front_region); turnon(flat_stove_1); in(akita_black_bowl_1, wooden_cabinet_1_top_region)	libero_goal_shared_scene_four_way	All six pairwise edges of Goal clique (3, 5, 6, 7) are in the audited compatibility graph. | Goal pairs and triples were already screened in prior pools; this is the novel four-way identity.	6	0	5	0.0	0	composition|3f474b285ddc2e6e7e375309ab9cbd20d9a618ab3520cafd769b89fad2c6a2d1|frozenset({in(akita_black_bowl_1,wooden_cabinet_1_top_region),on(plate_1,main_table_stove_front_region),on(wine_bottle_1,wooden_cabinet_1_top_side),turnon(flat_stove_1)})
COMPOSE_232	Compose-350	X5_goal_four_task_clique	4	true	false	Put the wine bottle on top of the cabinet, then push the plate to the front of the stove, then open the middle drawer of the cabinet, and finally open the top drawer and put the black bowl inside.	libero_goal	5;6;10;3	put_the_wine_bottle_on_top_of_the_cabinet;push_the_plate_to_the_front_of_the_stove;open_the_middle_drawer_of_the_cabinet;open_the_top_drawer_and_put_the_bowl_inside	Put the wine bottle on the top of the drawer | Push the plate to the front of the stove | Open the middle layer of the drawer | Open the top layer of the drawer and put the bowl inside	on(wine_bottle_1, wooden_cabinet_1_top_side); on(plate_1, main_table_stove_front_region); open(wooden_cabinet_1_middle_region); in(akita_black_bowl_1, wooden_cabinet_1_top_region)	libero_goal_shared_scene_four_way	All six pairwise edges of Goal clique (3, 5, 6, 10) are in the audited compatibility graph. | Goal pairs and triples were already screened in prior pools; this is the novel four-way identity.	7	0	5	0.0	0	composition|3f474b285ddc2e6e7e375309ab9cbd20d9a618ab3520cafd769b89fad2c6a2d1|frozenset({in(akita_black_bowl_1,wooden_cabinet_1_top_region),on(plate_1,main_table_stove_front_region),on(wine_bottle_1,wooden_cabinet_1_top_side),open(wooden_cabinet_1_middle_region)})
COMPOSE_233	Compose-350	X5_goal_four_task_clique	4	true	false	Put the wine bottle on top of the cabinet, then turn on the stove, then open the middle drawer of the cabinet, and finally open the top drawer and put the black bowl inside.	libero_goal	5;7;10;3	put_the_wine_bottle_on_top_of_the_cabinet;turn_on_the_stove;open_the_middle_drawer_of_the_cabinet;open_the_top_drawer_and_put_the_bowl_inside	Put the wine bottle on the top of the drawer | Turn on the stove | Open the middle layer of the drawer | Open the top layer of the drawer and put the bowl inside	on(wine_bottle_1, wooden_cabinet_1_top_side); turnon(flat_stove_1); open(wooden_cabinet_1_middle_region); in(akita_black_bowl_1, wooden_cabinet_1_top_region)	libero_goal_shared_scene_four_way	All six pairwise edges of Goal clique (3, 5, 7, 10) are in the audited compatibility graph. | Goal pairs and triples were already screened in prior pools; this is the novel four-way identity.	6	0	5	0.0	0	composition|3f474b285ddc2e6e7e375309ab9cbd20d9a618ab3520cafd769b89fad2c6a2d1|frozenset({in(akita_black_bowl_1,wooden_cabinet_1_top_region),on(wine_bottle_1,wooden_cabinet_1_top_side),open(wooden_cabinet_1_middle_region),turnon(flat_stove_1)})
COMPOSE_234	Compose-350	X5_goal_four_task_clique	4	true	false	Push the plate to the front of the stove, then turn on the stove, then open the middle drawer of the cabinet, and finally open the top drawer and put the black bowl inside.	libero_goal	6;7;10;3	push_the_plate_to_the_front_of_the_stove;turn_on_the_stove;open_the_middle_drawer_of_the_cabinet;open_the_top_drawer_and_put_the_bowl_inside	Push the plate to the front of the stove | Turn on the stove | Open the middle layer of the drawer | Open the top layer of the drawer and put the bowl inside	on(plate_1, main_table_stove_front_region); turnon(flat_stove_1); open(wooden_cabinet_1_middle_region); in(akita_black_bowl_1, wooden_cabinet_1_top_region)	libero_goal_shared_scene_four_way	All six pairwise edges of Goal clique (3, 6, 7, 10) are in the audited compatibility graph. | Goal pairs and triples were already screened in prior pools; this is the novel four-way identity.	7	0	5	0.0	0	composition|3f474b285ddc2e6e7e375309ab9cbd20d9a618ab3520cafd769b89fad2c6a2d1|frozenset({in(akita_black_bowl_1,wooden_cabinet_1_top_region),on(plate_1,main_table_stove_front_region),open(wooden_cabinet_1_middle_region),turnon(flat_stove_1)})
COMPOSE_235	Compose-350	X5_goal_four_task_clique	4	true	false	Put the cream cheese on the black bowl, then put the wine bottle on top of the cabinet, then push the plate to the front of the stove, and finally turn on the stove.	libero_goal	4;5;6;7	put_the_cream_cheese_in_the_bowl;put_the_wine_bottle_on_top_of_the_cabinet;push_the_plate_to_the_front_of_the_stove;turn_on_the_stove	Put the cream cheese on the bowl | Put the wine bottle on the top of the drawer | Push the plate to the front of the stove | Turn on the stove	on(cream_cheese_1, akita_black_bowl_1); on(wine_bottle_1, wooden_cabinet_1_top_side); on(plate_1, main_table_stove_front_region); turnon(flat_stove_1)	libero_goal_shared_scene_four_way	All six pairwise edges of Goal clique (4, 5, 6, 7) are in the audited compatibility graph. | Goal pairs and triples were already screened in prior pools; this is the novel four-way identity.	6	0	5	0.0	0	composition|3f474b285ddc2e6e7e375309ab9cbd20d9a618ab3520cafd769b89fad2c6a2d1|frozenset({on(cream_cheese_1,akita_black_bowl_1),on(plate_1,main_table_stove_front_region),on(wine_bottle_1,wooden_cabinet_1_top_side),turnon(flat_stove_1)})
COMPOSE_236	Compose-350	X5_goal_four_task_clique	4	true	false	Put the cream cheese on the black bowl, then put the wine bottle on top of the cabinet, then push the plate to the front of the stove, and finally put the black bowl on the stove.	libero_goal	4;5;6;8	put_the_cream_cheese_in_the_bowl;put_the_wine_bottle_on_top_of_the_cabinet;push_the_plate_to_the_front_of_the_stove;put_the_bowl_on_the_stove	Put the cream cheese on the bowl | Put the wine bottle on the top of the drawer | Push the plate to the front of the stove | Put the bowl on the stove	on(cream_cheese_1, akita_black_bowl_1); on(wine_bottle_1, wooden_cabinet_1_top_side); on(plate_1, main_table_stove_front_region); on(akita_black_bowl_1, flat_stove_1_cook_region)	libero_goal_shared_scene_four_way	All six pairwise edges of Goal clique (4, 5, 6, 8) are in the audited compatibility graph. | Goal pairs and triples were already screened in prior pools; this is the novel four-way identity.	7	0	5	0.0	0	composition|3f474b285ddc2e6e7e375309ab9cbd20d9a618ab3520cafd769b89fad2c6a2d1|frozenset({on(akita_black_bowl_1,flat_stove_1_cook_region),on(cream_cheese_1,akita_black_bowl_1),on(plate_1,main_table_stove_front_region),on(wine_bottle_1,wooden_cabinet_1_top_side)})
COMPOSE_237	Compose-350	X5_goal_four_task_clique	4	true	false	Put the cream cheese on the black bowl, then put the wine bottle on top of the cabinet, then push the plate to the front of the stove, and finally open the middle drawer of the cabinet.	libero_goal	4;5;6;10	put_the_cream_cheese_in_the_bowl;put_the_wine_bottle_on_top_of_the_cabinet;push_the_plate_to_the_front_of_the_stove;open_the_middle_drawer_of_the_cabinet	Put the cream cheese on the bowl | Put the wine bottle on the top of the drawer | Push the plate to the front of the stove | Open the middle layer of the drawer	on(cream_cheese_1, akita_black_bowl_1); on(wine_bottle_1, wooden_cabinet_1_top_side); on(plate_1, main_table_stove_front_region); open(wooden_cabinet_1_middle_region)	libero_goal_shared_scene_four_way	All six pairwise edges of Goal clique (4, 5, 6, 10) are in the audited compatibility graph. | Goal pairs and triples were already screened in prior pools; this is the novel four-way identity.	6	0	5	0.0	0	composition|3f474b285ddc2e6e7e375309ab9cbd20d9a618ab3520cafd769b89fad2c6a2d1|frozenset({on(cream_cheese_1,akita_black_bowl_1),on(plate_1,main_table_stove_front_region),on(wine_bottle_1,wooden_cabinet_1_top_side),open(wooden_cabinet_1_middle_region)})
COMPOSE_238	Compose-350	X5_goal_four_task_clique	4	true	false	Put the cream cheese on the black bowl, then put the wine bottle on top of the cabinet, then turn on the stove, and finally put the black bowl on the stove.	libero_goal	4;5;7;8	put_the_cream_cheese_in_the_bowl;put_the_wine_bottle_on_top_of_the_cabinet;turn_on_the_stove;put_the_bowl_on_the_stove	Put the cream cheese on the bowl | Put the wine bottle on the top of the drawer | Turn on the stove | Put the bowl on the stove	on(cream_cheese_1, akita_black_bowl_1); on(wine_bottle_1, wooden_cabinet_1_top_side); turnon(flat_stove_1); on(akita_black_bowl_1, flat_stove_1_cook_region)	libero_goal_shared_scene_four_way	All six pairwise edges of Goal clique (4, 5, 7, 8) are in the audited compatibility graph. | Goal pairs and triples were already screened in prior pools; this is the novel four-way identity.	7	0	5	0.0	0	composition|3f474b285ddc2e6e7e375309ab9cbd20d9a618ab3520cafd769b89fad2c6a2d1|frozenset({on(akita_black_bowl_1,flat_stove_1_cook_region),on(cream_cheese_1,akita_black_bowl_1),on(wine_bottle_1,wooden_cabinet_1_top_side),turnon(flat_stove_1)})
COMPOSE_239	Compose-350	X5_goal_four_task_clique	4	true	false	Put the cream cheese on the black bowl, then put the wine bottle on top of the cabinet, then turn on the stove, and finally open the middle drawer of the cabinet.	libero_goal	4;5;7;10	put_the_cream_cheese_in_the_bowl;put_the_wine_bottle_on_top_of_the_cabinet;turn_on_the_stove;open_the_middle_drawer_of_the_cabinet	Put the cream cheese on the bowl | Put the wine bottle on the top of the drawer | Turn on the stove | Open the middle layer of the drawer	on(cream_cheese_1, akita_black_bowl_1); on(wine_bottle_1, wooden_cabinet_1_top_side); turnon(flat_stove_1); open(wooden_cabinet_1_middle_region)	libero_goal_shared_scene_four_way	All six pairwise edges of Goal clique (4, 5, 7, 10) are in the audited compatibility graph. | Goal pairs and triples were already screened in prior pools; this is the novel four-way identity.	6	0	5	0.0	0	composition|3f474b285ddc2e6e7e375309ab9cbd20d9a618ab3520cafd769b89fad2c6a2d1|frozenset({on(cream_cheese_1,akita_black_bowl_1),on(wine_bottle_1,wooden_cabinet_1_top_side),open(wooden_cabinet_1_middle_region),turnon(flat_stove_1)})
COMPOSE_240	Compose-350	X5_goal_four_task_clique	4	true	false	Put the cream cheese on the black bowl, then put the wine bottle on top of the cabinet, then open the middle drawer of the cabinet, and finally put the black bowl on the stove.	libero_goal	4;5;10;8	put_the_cream_cheese_in_the_bowl;put_the_wine_bottle_on_top_of_the_cabinet;open_the_middle_drawer_of_the_cabinet;put_the_bowl_on_the_stove	Put the cream cheese on the bowl | Put the wine bottle on the top of the drawer | Open the middle layer of the drawer | Put the bowl on the stove	on(cream_cheese_1, akita_black_bowl_1); on(wine_bottle_1, wooden_cabinet_1_top_side); open(wooden_cabinet_1_middle_region); on(akita_black_bowl_1, flat_stove_1_cook_region)	libero_goal_shared_scene_four_way	All six pairwise edges of Goal clique (4, 5, 8, 10) are in the audited compatibility graph. | Goal pairs and triples were already screened in prior pools; this is the novel four-way identity.	7	0	5	0.0	0	composition|3f474b285ddc2e6e7e375309ab9cbd20d9a618ab3520cafd769b89fad2c6a2d1|frozenset({on(akita_black_bowl_1,flat_stove_1_cook_region),on(cream_cheese_1,akita_black_bowl_1),on(wine_bottle_1,wooden_cabinet_1_top_side),open(wooden_cabinet_1_middle_region)})
COMPOSE_241	Compose-350	X5_goal_four_task_clique	4	true	false	Put the cream cheese on the black bowl, then push the plate to the front of the stove, then turn on the stove, and finally put the black bowl on the stove.	libero_goal	4;6;7;8	put_the_cream_cheese_in_the_bowl;push_the_plate_to_the_front_of_the_stove;turn_on_the_stove;put_the_bowl_on_the_stove	Put the cream cheese on the bowl | Push the plate to the front of the stove | Turn on the stove | Put the bowl on the stove	on(cream_cheese_1, akita_black_bowl_1); on(plate_1, main_table_stove_front_region); turnon(flat_stove_1); on(akita_black_bowl_1, flat_stove_1_cook_region)	libero_goal_shared_scene_four_way	All six pairwise edges of Goal clique (4, 6, 7, 8) are in the audited compatibility graph. | Goal pairs and triples were already screened in prior pools; this is the novel four-way identity.	6	0	5	0.0	0	composition|3f474b285ddc2e6e7e375309ab9cbd20d9a618ab3520cafd769b89fad2c6a2d1|frozenset({on(akita_black_bowl_1,flat_stove_1_cook_region),on(cream_cheese_1,akita_black_bowl_1),on(plate_1,main_table_stove_front_region),turnon(flat_stove_1)})
COMPOSE_242	Compose-350	X5_goal_four_task_clique	4	true	false	Put the cream cheese on the black bowl, then push the plate to the front of the stove, then turn on the stove, and finally put the black bowl on top of the cabinet.	libero_goal	4;6;7;9	put_the_cream_cheese_in_the_bowl;push_the_plate_to_the_front_of_the_stove;turn_on_the_stove;put_the_bowl_on_top_of_the_cabinet	Put the cream cheese on the bowl | Push the plate to the front of the stove | Turn on the stove | Put the bowl on the top of the drawer	on(cream_cheese_1, akita_black_bowl_1); on(plate_1, main_table_stove_front_region); turnon(flat_stove_1); on(akita_black_bowl_1, wooden_cabinet_1_top_side)	libero_goal_shared_scene_four_way	All six pairwise edges of Goal clique (4, 6, 7, 9) are in the audited compatibility graph. | Goal pairs and triples were already screened in prior pools; this is the novel four-way identity.	7	0	5	0.0	0	composition|3f474b285ddc2e6e7e375309ab9cbd20d9a618ab3520cafd769b89fad2c6a2d1|frozenset({on(akita_black_bowl_1,wooden_cabinet_1_top_side),on(cream_cheese_1,akita_black_bowl_1),on(plate_1,main_table_stove_front_region),turnon(flat_stove_1)})
COMPOSE_243	Compose-350	X5_goal_four_task_clique	4	true	false	Put the cream cheese on the black bowl, then push the plate to the front of the stove, then turn on the stove, and finally open the middle drawer of the cabinet.	libero_goal	4;6;7;10	put_the_cream_cheese_in_the_bowl;push_the_plate_to_the_front_of_the_stove;turn_on_the_stove;open_the_middle_drawer_of_the_cabinet	Put the cream cheese on the bowl | Push the plate to the front of the stove | Turn on the stove | Open the middle layer of the drawer	on(cream_cheese_1, akita_black_bowl_1); on(plate_1, main_table_stove_front_region); turnon(flat_stove_1); open(wooden_cabinet_1_middle_region)	libero_goal_shared_scene_four_way	All six pairwise edges of Goal clique (4, 6, 7, 10) are in the audited compatibility graph. | Goal pairs and triples were already screened in prior pools; this is the novel four-way identity.	6	0	5	0.0	0	composition|3f474b285ddc2e6e7e375309ab9cbd20d9a618ab3520cafd769b89fad2c6a2d1|frozenset({on(cream_cheese_1,akita_black_bowl_1),on(plate_1,main_table_stove_front_region),open(wooden_cabinet_1_middle_region),turnon(flat_stove_1)})
COMPOSE_244	Compose-350	X5_goal_four_task_clique	4	true	false	Put the cream cheese on the black bowl, then push the plate to the front of the stove, then open the middle drawer of the cabinet, and finally put the black bowl on the stove.	libero_goal	4;6;10;8	put_the_cream_cheese_in_the_bowl;push_the_plate_to_the_front_of_the_stove;open_the_middle_drawer_of_the_cabinet;put_the_bowl_on_the_stove	Put the cream cheese on the bowl | Push the plate to the front of the stove | Open the middle layer of the drawer | Put the bowl on the stove	on(cream_cheese_1, akita_black_bowl_1); on(plate_1, main_table_stove_front_region); open(wooden_cabinet_1_middle_region); on(akita_black_bowl_1, flat_stove_1_cook_region)	libero_goal_shared_scene_four_way	All six pairwise edges of Goal clique (4, 6, 8, 10) are in the audited compatibility graph. | Goal pairs and triples were already screened in prior pools; this is the novel four-way identity.	7	0	5	0.0	0	composition|3f474b285ddc2e6e7e375309ab9cbd20d9a618ab3520cafd769b89fad2c6a2d1|frozenset({on(akita_black_bowl_1,flat_stove_1_cook_region),on(cream_cheese_1,akita_black_bowl_1),on(plate_1,main_table_stove_front_region),open(wooden_cabinet_1_middle_region)})
COMPOSE_245	Compose-350	X5_goal_four_task_clique	4	true	false	Put the cream cheese on the black bowl, then push the plate to the front of the stove, then open the middle drawer of the cabinet, and finally put the black bowl on top of the cabinet.	libero_goal	4;6;10;9	put_the_cream_cheese_in_the_bowl;push_the_plate_to_the_front_of_the_stove;open_the_middle_drawer_of_the_cabinet;put_the_bowl_on_top_of_the_cabinet	Put the cream cheese on the bowl | Push the plate to the front of the stove | Open the middle layer of the drawer | Put the bowl on the top of the drawer	on(cream_cheese_1, akita_black_bowl_1); on(plate_1, main_table_stove_front_region); open(wooden_cabinet_1_middle_region); on(akita_black_bowl_1, wooden_cabinet_1_top_side)	libero_goal_shared_scene_four_way	All six pairwise edges of Goal clique (4, 6, 9, 10) are in the audited compatibility graph. | Goal pairs and triples were already screened in prior pools; this is the novel four-way identity.	6	0	5	0.0	0	composition|3f474b285ddc2e6e7e375309ab9cbd20d9a618ab3520cafd769b89fad2c6a2d1|frozenset({on(akita_black_bowl_1,wooden_cabinet_1_top_side),on(cream_cheese_1,akita_black_bowl_1),on(plate_1,main_table_stove_front_region),open(wooden_cabinet_1_middle_region)})
COMPOSE_246	Compose-350	X5_goal_four_task_clique	4	true	false	Put the cream cheese on the black bowl, then turn on the stove, then open the middle drawer of the cabinet, and finally put the black bowl on the stove.	libero_goal	4;7;10;8	put_the_cream_cheese_in_the_bowl;turn_on_the_stove;open_the_middle_drawer_of_the_cabinet;put_the_bowl_on_the_stove	Put the cream cheese on the bowl | Turn on the stove | Open the middle layer of the drawer | Put the bowl on the stove	on(cream_cheese_1, akita_black_bowl_1); turnon(flat_stove_1); open(wooden_cabinet_1_middle_region); on(akita_black_bowl_1, flat_stove_1_cook_region)	libero_goal_shared_scene_four_way	All six pairwise edges of Goal clique (4, 7, 8, 10) are in the audited compatibility graph. | Goal pairs and triples were already screened in prior pools; this is the novel four-way identity.	7	0	5	0.0	0	composition|3f474b285ddc2e6e7e375309ab9cbd20d9a618ab3520cafd769b89fad2c6a2d1|frozenset({on(akita_black_bowl_1,flat_stove_1_cook_region),on(cream_cheese_1,akita_black_bowl_1),open(wooden_cabinet_1_middle_region),turnon(flat_stove_1)})
COMPOSE_247	Compose-350	X5_goal_four_task_clique	4	true	false	Put the cream cheese on the black bowl, then turn on the stove, then open the middle drawer of the cabinet, and finally put the black bowl on top of the cabinet.	libero_goal	4;7;10;9	put_the_cream_cheese_in_the_bowl;turn_on_the_stove;open_the_middle_drawer_of_the_cabinet;put_the_bowl_on_top_of_the_cabinet	Put the cream cheese on the bowl | Turn on the stove | Open the middle layer of the drawer | Put the bowl on the top of the drawer	on(cream_cheese_1, akita_black_bowl_1); turnon(flat_stove_1); open(wooden_cabinet_1_middle_region); on(akita_black_bowl_1, wooden_cabinet_1_top_side)	libero_goal_shared_scene_four_way	All six pairwise edges of Goal clique (4, 7, 9, 10) are in the audited compatibility graph. | Goal pairs and triples were already screened in prior pools; this is the novel four-way identity.	6	0	5	0.0	0	composition|3f474b285ddc2e6e7e375309ab9cbd20d9a618ab3520cafd769b89fad2c6a2d1|frozenset({on(akita_black_bowl_1,wooden_cabinet_1_top_side),on(cream_cheese_1,akita_black_bowl_1),open(wooden_cabinet_1_middle_region),turnon(flat_stove_1)})
COMPOSE_248	Compose-350	X5_goal_four_task_clique	4	true	false	Put the wine bottle on top of the cabinet, then push the plate to the front of the stove, then turn on the stove, and finally put the black bowl on the stove.	libero_goal	5;6;7;8	put_the_wine_bottle_on_top_of_the_cabinet;push_the_plate_to_the_front_of_the_stove;turn_on_the_stove;put_the_bowl_on_the_stove	Put the wine bottle on the top of the drawer | Push the plate to the front of the stove | Turn on the stove | Put the bowl on the stove	on(wine_bottle_1, wooden_cabinet_1_top_side); on(plate_1, main_table_stove_front_region); turnon(flat_stove_1); on(akita_black_bowl_1, flat_stove_1_cook_region)	libero_goal_shared_scene_four_way	All six pairwise edges of Goal clique (5, 6, 7, 8) are in the audited compatibility graph. | Goal pairs and triples were already screened in prior pools; this is the novel four-way identity.	7	0	5	0.0	0	composition|3f474b285ddc2e6e7e375309ab9cbd20d9a618ab3520cafd769b89fad2c6a2d1|frozenset({on(akita_black_bowl_1,flat_stove_1_cook_region),on(plate_1,main_table_stove_front_region),on(wine_bottle_1,wooden_cabinet_1_top_side),turnon(flat_stove_1)})
COMPOSE_249	Compose-350	X5_goal_four_task_clique	4	true	false	Put the wine bottle on top of the cabinet, then push the plate to the front of the stove, then turn on the stove, and finally open the middle drawer of the cabinet.	libero_goal	5;6;7;10	put_the_wine_bottle_on_top_of_the_cabinet;push_the_plate_to_the_front_of_the_stove;turn_on_the_stove;open_the_middle_drawer_of_the_cabinet	Put the wine bottle on the top of the drawer | Push the plate to the front of the stove | Turn on the stove | Open the middle layer of the drawer	on(wine_bottle_1, wooden_cabinet_1_top_side); on(plate_1, main_table_stove_front_region); turnon(flat_stove_1); open(wooden_cabinet_1_middle_region)	libero_goal_shared_scene_four_way	All six pairwise edges of Goal clique (5, 6, 7, 10) are in the audited compatibility graph. | Goal pairs and triples were already screened in prior pools; this is the novel four-way identity.	6	0	5	0.0	0	composition|3f474b285ddc2e6e7e375309ab9cbd20d9a618ab3520cafd769b89fad2c6a2d1|frozenset({on(plate_1,main_table_stove_front_region),on(wine_bottle_1,wooden_cabinet_1_top_side),open(wooden_cabinet_1_middle_region),turnon(flat_stove_1)})
COMPOSE_250	Compose-350	X5_goal_four_task_clique	4	true	false	Put the wine bottle on top of the cabinet, then push the plate to the front of the stove, then open the middle drawer of the cabinet, and finally put the black bowl on the stove.	libero_goal	5;6;10;8	put_the_wine_bottle_on_top_of_the_cabinet;push_the_plate_to_the_front_of_the_stove;open_the_middle_drawer_of_the_cabinet;put_the_bowl_on_the_stove	Put the wine bottle on the top of the drawer | Push the plate to the front of the stove | Open the middle layer of the drawer | Put the bowl on the stove	on(wine_bottle_1, wooden_cabinet_1_top_side); on(plate_1, main_table_stove_front_region); open(wooden_cabinet_1_middle_region); on(akita_black_bowl_1, flat_stove_1_cook_region)	libero_goal_shared_scene_four_way	All six pairwise edges of Goal clique (5, 6, 8, 10) are in the audited compatibility graph. | Goal pairs and triples were already screened in prior pools; this is the novel four-way identity.	7	0	5	0.0	0	composition|3f474b285ddc2e6e7e375309ab9cbd20d9a618ab3520cafd769b89fad2c6a2d1|frozenset({on(akita_black_bowl_1,flat_stove_1_cook_region),on(plate_1,main_table_stove_front_region),on(wine_bottle_1,wooden_cabinet_1_top_side),open(wooden_cabinet_1_middle_region)})
COMPOSE_251	Compose-350	X5_goal_four_task_clique	4	true	false	Put the wine bottle on top of the cabinet, then turn on the stove, then open the middle drawer of the cabinet, and finally put the black bowl on the stove.	libero_goal	5;7;10;8	put_the_wine_bottle_on_top_of_the_cabinet;turn_on_the_stove;open_the_middle_drawer_of_the_cabinet;put_the_bowl_on_the_stove	Put the wine bottle on the top of the drawer | Turn on the stove | Open the middle layer of the drawer | Put the bowl on the stove	on(wine_bottle_1, wooden_cabinet_1_top_side); turnon(flat_stove_1); open(wooden_cabinet_1_middle_region); on(akita_black_bowl_1, flat_stove_1_cook_region)	libero_goal_shared_scene_four_way	All six pairwise edges of Goal clique (5, 7, 8, 10) are in the audited compatibility graph. | Goal pairs and triples were already screened in prior pools; this is the novel four-way identity.	6	0	5	0.0	0	composition|3f474b285ddc2e6e7e375309ab9cbd20d9a618ab3520cafd769b89fad2c6a2d1|frozenset({on(akita_black_bowl_1,flat_stove_1_cook_region),on(wine_bottle_1,wooden_cabinet_1_top_side),open(wooden_cabinet_1_middle_region),turnon(flat_stove_1)})
COMPOSE_252	Compose-350	X5_goal_four_task_clique	4	true	false	Push the plate to the front of the stove, then turn on the stove, then open the middle drawer of the cabinet, and finally put the black bowl on the stove.	libero_goal	6;7;10;8	push_the_plate_to_the_front_of_the_stove;turn_on_the_stove;open_the_middle_drawer_of_the_cabinet;put_the_bowl_on_the_stove	Push the plate to the front of the stove | Turn on the stove | Open the middle layer of the drawer | Put the bowl on the stove	on(plate_1, main_table_stove_front_region); turnon(flat_stove_1); open(wooden_cabinet_1_middle_region); on(akita_black_bowl_1, flat_stove_1_cook_region)	libero_goal_shared_scene_four_way	All six pairwise edges of Goal clique (6, 7, 8, 10) are in the audited compatibility graph. | Goal pairs and triples were already screened in prior pools; this is the novel four-way identity.	7	0	5	0.0	0	composition|3f474b285ddc2e6e7e375309ab9cbd20d9a618ab3520cafd769b89fad2c6a2d1|frozenset({on(akita_black_bowl_1,flat_stove_1_cook_region),on(plate_1,main_table_stove_front_region),open(wooden_cabinet_1_middle_region),turnon(flat_stove_1)})
COMPOSE_253	Compose-350	X5_goal_four_task_clique	4	true	false	Push the plate to the front of the stove, then turn on the stove, then open the middle drawer of the cabinet, and finally put the black bowl on top of the cabinet.	libero_goal	6;7;10;9	push_the_plate_to_the_front_of_the_stove;turn_on_the_stove;open_the_middle_drawer_of_the_cabinet;put_the_bowl_on_top_of_the_cabinet	Push the plate to the front of the stove | Turn on the stove | Open the middle layer of the drawer | Put the bowl on the top of the drawer	on(plate_1, main_table_stove_front_region); turnon(flat_stove_1); open(wooden_cabinet_1_middle_region); on(akita_black_bowl_1, wooden_cabinet_1_top_side)	libero_goal_shared_scene_four_way	All six pairwise edges of Goal clique (6, 7, 9, 10) are in the audited compatibility graph. | Goal pairs and triples were already screened in prior pools; this is the novel four-way identity.	6	0	5	0.0	0	composition|3f474b285ddc2e6e7e375309ab9cbd20d9a618ab3520cafd769b89fad2c6a2d1|frozenset({on(akita_black_bowl_1,wooden_cabinet_1_top_side),on(plate_1,main_table_stove_front_region),open(wooden_cabinet_1_middle_region),turnon(flat_stove_1)})
COMPOSE_254	Compose-350	X6_goal_plus_left_basket_2_task	2	true	false	Put the black bowl on the plate, and then put the cream cheese box in the basket.	libero_goal;libero_object	1;302	put_the_bowl_on_the_plate;pick_up_the_cream_cheese_and_place_it_in_the_basket	Put the bowl on the plate | Pick the cream cheese and place it in the basket	on(akita_black_bowl_1, plate_1); in(cream_cheese_1, basket_1_contain_region)	libero_goal_with_robot_left_basket	One basket is added at the exact robot-left donor coordinate used by LIBERO basket scenes. | A learned cream-cheese-to-basket primitive is composed with compatible Goal clique (1,). | Goal component 4 is excluded because it assigns the same cream cheese to a conflicting final destination. | Object identity has its own original LIBERO-Object pick-to-basket trajectory; its pose in the composite scene may differ.	7	0	5	0.0	0	composition|05a0f4aa6ec2927b002a80c1e016371d3df5a67f5230599b7ae1e58a54662be9|frozenset({in(cream_cheese_1,basket_1_contain_region),on(akita_black_bowl_1,plate_1)})
COMPOSE_255	Compose-350	X6_goal_plus_left_basket_2_task	2	true	false	Put the wine bottle on the rack, and then put the cream cheese box in the basket.	libero_goal;libero_object	2;302	put_the_wine_bottle_on_the_rack;pick_up_the_cream_cheese_and_place_it_in_the_basket	Put the wine bottle on the rack | Pick the cream cheese and place it in the basket	on(wine_bottle_1, wine_rack_1_top_region); in(cream_cheese_1, basket_1_contain_region)	libero_goal_with_robot_left_basket	One basket is added at the exact robot-left donor coordinate used by LIBERO basket scenes. | A learned cream-cheese-to-basket primitive is composed with compatible Goal clique (2,). | Goal component 4 is excluded because it assigns the same cream cheese to a conflicting final destination. | Object identity has its own original LIBERO-Object pick-to-basket trajectory; its pose in the composite scene may differ.	6	0	5	0.0	0	composition|05a0f4aa6ec2927b002a80c1e016371d3df5a67f5230599b7ae1e58a54662be9|frozenset({in(cream_cheese_1,basket_1_contain_region),on(wine_bottle_1,wine_rack_1_top_region)})
COMPOSE_256	Compose-350	X6_goal_plus_left_basket_2_task	2	true	false	Open the top drawer and put the black bowl inside, and then put the cream cheese box in the basket.	libero_goal;libero_object	3;302	open_the_top_drawer_and_put_the_bowl_inside;pick_up_the_cream_cheese_and_place_it_in_the_basket	Open the top layer of the drawer and put the bowl inside | Pick the cream cheese and place it in the basket	in(akita_black_bowl_1, wooden_cabinet_1_top_region); in(cream_cheese_1, basket_1_contain_region)	libero_goal_with_robot_left_basket	One basket is added at the exact robot-left donor coordinate used by LIBERO basket scenes. | A learned cream-cheese-to-basket primitive is composed with compatible Goal clique (3,). | Goal component 4 is excluded because it assigns the same cream cheese to a conflicting final destination. | Object identity has its own original LIBERO-Object pick-to-basket trajectory; its pose in the composite scene may differ.	7	0	5	0.0	0	composition|05a0f4aa6ec2927b002a80c1e016371d3df5a67f5230599b7ae1e58a54662be9|frozenset({in(akita_black_bowl_1,wooden_cabinet_1_top_region),in(cream_cheese_1,basket_1_contain_region)})
COMPOSE_257	Compose-350	X6_goal_plus_left_basket_2_task	2	true	false	Put the wine bottle on top of the cabinet, and then put the cream cheese box in the basket.	libero_goal;libero_object	5;302	put_the_wine_bottle_on_top_of_the_cabinet;pick_up_the_cream_cheese_and_place_it_in_the_basket	Put the wine bottle on the top of the drawer | Pick the cream cheese and place it in the basket	on(wine_bottle_1, wooden_cabinet_1_top_side); in(cream_cheese_1, basket_1_contain_region)	libero_goal_with_robot_left_basket	One basket is added at the exact robot-left donor coordinate used by LIBERO basket scenes. | A learned cream-cheese-to-basket primitive is composed with compatible Goal clique (5,). | Goal component 4 is excluded because it assigns the same cream cheese to a conflicting final destination. | Object identity has its own original LIBERO-Object pick-to-basket trajectory; its pose in the composite scene may differ.	6	0	5	0.0	0	composition|05a0f4aa6ec2927b002a80c1e016371d3df5a67f5230599b7ae1e58a54662be9|frozenset({in(cream_cheese_1,basket_1_contain_region),on(wine_bottle_1,wooden_cabinet_1_top_side)})
COMPOSE_258	Compose-350	X6_goal_plus_left_basket_2_task	2	true	false	Push the plate to the front of the stove, and then put the cream cheese box in the basket.	libero_goal;libero_object	6;302	push_the_plate_to_the_front_of_the_stove;pick_up_the_cream_cheese_and_place_it_in_the_basket	Push the plate to the front of the stove | Pick the cream cheese and place it in the basket	on(plate_1, main_table_stove_front_region); in(cream_cheese_1, basket_1_contain_region)	libero_goal_with_robot_left_basket	One basket is added at the exact robot-left donor coordinate used by LIBERO basket scenes. | A learned cream-cheese-to-basket primitive is composed with compatible Goal clique (6,). | Goal component 4 is excluded because it assigns the same cream cheese to a conflicting final destination. | Object identity has its own original LIBERO-Object pick-to-basket trajectory; its pose in the composite scene may differ.	7	0	5	0.0	0	composition|05a0f4aa6ec2927b002a80c1e016371d3df5a67f5230599b7ae1e58a54662be9|frozenset({in(cream_cheese_1,basket_1_contain_region),on(plate_1,main_table_stove_front_region)})
COMPOSE_259	Compose-350	X6_goal_plus_left_basket_2_task	2	true	false	Turn on the stove, and then put the cream cheese box in the basket.	libero_goal;libero_object	7;302	turn_on_the_stove;pick_up_the_cream_cheese_and_place_it_in_the_basket	Turn on the stove | Pick the cream cheese and place it in the basket	turnon(flat_stove_1); in(cream_cheese_1, basket_1_contain_region)	libero_goal_with_robot_left_basket	One basket is added at the exact robot-left donor coordinate used by LIBERO basket scenes. | A learned cream-cheese-to-basket primitive is composed with compatible Goal clique (7,). | Goal component 4 is excluded because it assigns the same cream cheese to a conflicting final destination. | Object identity has its own original LIBERO-Object pick-to-basket trajectory; its pose in the composite scene may differ.	6	0	5	0.0	0	composition|05a0f4aa6ec2927b002a80c1e016371d3df5a67f5230599b7ae1e58a54662be9|frozenset({in(cream_cheese_1,basket_1_contain_region),turnon(flat_stove_1)})
COMPOSE_260	Compose-350	X6_goal_plus_left_basket_2_task	2	true	false	Put the black bowl on the stove, and then put the cream cheese box in the basket.	libero_goal;libero_object	8;302	put_the_bowl_on_the_stove;pick_up_the_cream_cheese_and_place_it_in_the_basket	Put the bowl on the stove | Pick the cream cheese and place it in the basket	on(akita_black_bowl_1, flat_stove_1_cook_region); in(cream_cheese_1, basket_1_contain_region)	libero_goal_with_robot_left_basket	One basket is added at the exact robot-left donor coordinate used by LIBERO basket scenes. | A learned cream-cheese-to-basket primitive is composed with compatible Goal clique (8,). | Goal component 4 is excluded because it assigns the same cream cheese to a conflicting final destination. | Object identity has its own original LIBERO-Object pick-to-basket trajectory; its pose in the composite scene may differ.	7	0	5	0.0	0	composition|05a0f4aa6ec2927b002a80c1e016371d3df5a67f5230599b7ae1e58a54662be9|frozenset({in(cream_cheese_1,basket_1_contain_region),on(akita_black_bowl_1,flat_stove_1_cook_region)})
COMPOSE_261	Compose-350	X6_goal_plus_left_basket_2_task	2	true	false	Put the black bowl on top of the cabinet, and then put the cream cheese box in the basket.	libero_goal;libero_object	9;302	put_the_bowl_on_top_of_the_cabinet;pick_up_the_cream_cheese_and_place_it_in_the_basket	Put the bowl on the top of the drawer | Pick the cream cheese and place it in the basket	on(akita_black_bowl_1, wooden_cabinet_1_top_side); in(cream_cheese_1, basket_1_contain_region)	libero_goal_with_robot_left_basket	One basket is added at the exact robot-left donor coordinate used by LIBERO basket scenes. | A learned cream-cheese-to-basket primitive is composed with compatible Goal clique (9,). | Goal component 4 is excluded because it assigns the same cream cheese to a conflicting final destination. | Object identity has its own original LIBERO-Object pick-to-basket trajectory; its pose in the composite scene may differ.	6	0	5	0.0	0	composition|05a0f4aa6ec2927b002a80c1e016371d3df5a67f5230599b7ae1e58a54662be9|frozenset({in(cream_cheese_1,basket_1_contain_region),on(akita_black_bowl_1,wooden_cabinet_1_top_side)})
COMPOSE_262	Compose-350	X6_goal_plus_left_basket_2_task	2	true	false	Open the middle drawer of the cabinet, and then put the cream cheese box in the basket.	libero_goal;libero_object	10;302	open_the_middle_drawer_of_the_cabinet;pick_up_the_cream_cheese_and_place_it_in_the_basket	Open the middle layer of the drawer | Pick the cream cheese and place it in the basket	open(wooden_cabinet_1_middle_region); in(cream_cheese_1, basket_1_contain_region)	libero_goal_with_robot_left_basket	One basket is added at the exact robot-left donor coordinate used by LIBERO basket scenes. | A learned cream-cheese-to-basket primitive is composed with compatible Goal clique (10,). | Goal component 4 is excluded because it assigns the same cream cheese to a conflicting final destination. | Object identity has its own original LIBERO-Object pick-to-basket trajectory; its pose in the composite scene may differ.	7	0	5	0.0	0	composition|05a0f4aa6ec2927b002a80c1e016371d3df5a67f5230599b7ae1e58a54662be9|frozenset({in(cream_cheese_1,basket_1_contain_region),open(wooden_cabinet_1_middle_region)})
COMPOSE_263	Compose-350	X7_goal_plus_left_basket_3_task	3	true	false	Put the black bowl on the plate, then put the wine bottle on the rack, and finally put the cream cheese box in the basket.	libero_goal;libero_object	1;2;302	put_the_bowl_on_the_plate;put_the_wine_bottle_on_the_rack;pick_up_the_cream_cheese_and_place_it_in_the_basket	Put the bowl on the plate | Put the wine bottle on the rack | Pick the cream cheese and place it in the basket	on(akita_black_bowl_1, plate_1); on(wine_bottle_1, wine_rack_1_top_region); in(cream_cheese_1, basket_1_contain_region)	libero_goal_with_robot_left_basket	One basket is added at the exact robot-left donor coordinate used by LIBERO basket scenes. | A learned cream-cheese-to-basket primitive is composed with compatible Goal clique (1, 2). | Goal component 4 is excluded because it assigns the same cream cheese to a conflicting final destination. | Object identity has its own original LIBERO-Object pick-to-basket trajectory; its pose in the composite scene may differ.	6	0	5	0.0	0	composition|05a0f4aa6ec2927b002a80c1e016371d3df5a67f5230599b7ae1e58a54662be9|frozenset({in(cream_cheese_1,basket_1_contain_region),on(akita_black_bowl_1,plate_1),on(wine_bottle_1,wine_rack_1_top_region)})
COMPOSE_264	Compose-350	X7_goal_plus_left_basket_3_task	3	true	false	Put the black bowl on the plate, then put the wine bottle on top of the cabinet, and finally put the cream cheese box in the basket.	libero_goal;libero_object	1;5;302	put_the_bowl_on_the_plate;put_the_wine_bottle_on_top_of_the_cabinet;pick_up_the_cream_cheese_and_place_it_in_the_basket	Put the bowl on the plate | Put the wine bottle on the top of the drawer | Pick the cream cheese and place it in the basket	on(akita_black_bowl_1, plate_1); on(wine_bottle_1, wooden_cabinet_1_top_side); in(cream_cheese_1, basket_1_contain_region)	libero_goal_with_robot_left_basket	One basket is added at the exact robot-left donor coordinate used by LIBERO basket scenes. | A learned cream-cheese-to-basket primitive is composed with compatible Goal clique (1, 5). | Goal component 4 is excluded because it assigns the same cream cheese to a conflicting final destination. | Object identity has its own original LIBERO-Object pick-to-basket trajectory; its pose in the composite scene may differ.	7	0	5	0.0	0	composition|05a0f4aa6ec2927b002a80c1e016371d3df5a67f5230599b7ae1e58a54662be9|frozenset({in(cream_cheese_1,basket_1_contain_region),on(akita_black_bowl_1,plate_1),on(wine_bottle_1,wooden_cabinet_1_top_side)})
COMPOSE_265	Compose-350	X7_goal_plus_left_basket_3_task	3	true	false	Put the black bowl on the plate, then push the plate to the front of the stove, and finally put the cream cheese box in the basket.	libero_goal;libero_object	1;6;302	put_the_bowl_on_the_plate;push_the_plate_to_the_front_of_the_stove;pick_up_the_cream_cheese_and_place_it_in_the_basket	Put the bowl on the plate | Push the plate to the front of the stove | Pick the cream cheese and place it in the basket	on(akita_black_bowl_1, plate_1); on(plate_1, main_table_stove_front_region); in(cream_cheese_1, basket_1_contain_region)	libero_goal_with_robot_left_basket	One basket is added at the exact robot-left donor coordinate used by LIBERO basket scenes. | A learned cream-cheese-to-basket primitive is composed with compatible Goal clique (1, 6). | Goal component 4 is excluded because it assigns the same cream cheese to a conflicting final destination. | Object identity has its own original LIBERO-Object pick-to-basket trajectory; its pose in the composite scene may differ.	6	0	5	0.0	0	composition|05a0f4aa6ec2927b002a80c1e016371d3df5a67f5230599b7ae1e58a54662be9|frozenset({in(cream_cheese_1,basket_1_contain_region),on(akita_black_bowl_1,plate_1),on(plate_1,main_table_stove_front_region)})
COMPOSE_266	Compose-350	X7_goal_plus_left_basket_3_task	3	true	false	Put the black bowl on the plate, then turn on the stove, and finally put the cream cheese box in the basket.	libero_goal;libero_object	1;7;302	put_the_bowl_on_the_plate;turn_on_the_stove;pick_up_the_cream_cheese_and_place_it_in_the_basket	Put the bowl on the plate | Turn on the stove | Pick the cream cheese and place it in the basket	on(akita_black_bowl_1, plate_1); turnon(flat_stove_1); in(cream_cheese_1, basket_1_contain_region)	libero_goal_with_robot_left_basket	One basket is added at the exact robot-left donor coordinate used by LIBERO basket scenes. | A learned cream-cheese-to-basket primitive is composed with compatible Goal clique (1, 7). | Goal component 4 is excluded because it assigns the same cream cheese to a conflicting final destination. | Object identity has its own original LIBERO-Object pick-to-basket trajectory; its pose in the composite scene may differ.	7	0	5	0.0	0	composition|05a0f4aa6ec2927b002a80c1e016371d3df5a67f5230599b7ae1e58a54662be9|frozenset({in(cream_cheese_1,basket_1_contain_region),on(akita_black_bowl_1,plate_1),turnon(flat_stove_1)})
COMPOSE_267	Compose-350	X7_goal_plus_left_basket_3_task	3	true	false	Put the black bowl on the plate, then open the middle drawer of the cabinet, and finally put the cream cheese box in the basket.	libero_goal;libero_object	1;10;302	put_the_bowl_on_the_plate;open_the_middle_drawer_of_the_cabinet;pick_up_the_cream_cheese_and_place_it_in_the_basket	Put the bowl on the plate | Open the middle layer of the drawer | Pick the cream cheese and place it in the basket	on(akita_black_bowl_1, plate_1); open(wooden_cabinet_1_middle_region); in(cream_cheese_1, basket_1_contain_region)	libero_goal_with_robot_left_basket	One basket is added at the exact robot-left donor coordinate used by LIBERO basket scenes. | A learned cream-cheese-to-basket primitive is composed with compatible Goal clique (1, 10). | Goal component 4 is excluded because it assigns the same cream cheese to a conflicting final destination. | Object identity has its own original LIBERO-Object pick-to-basket trajectory; its pose in the composite scene may differ.	6	0	5	0.0	0	composition|05a0f4aa6ec2927b002a80c1e016371d3df5a67f5230599b7ae1e58a54662be9|frozenset({in(cream_cheese_1,basket_1_contain_region),on(akita_black_bowl_1,plate_1),open(wooden_cabinet_1_middle_region)})
COMPOSE_268	Compose-350	X7_goal_plus_left_basket_3_task	3	true	false	Put the wine bottle on the rack, then open the top drawer and put the black bowl inside, and finally put the cream cheese box in the basket.	libero_goal;libero_object	2;3;302	put_the_wine_bottle_on_the_rack;open_the_top_drawer_and_put_the_bowl_inside;pick_up_the_cream_cheese_and_place_it_in_the_basket	Put the wine bottle on the rack | Open the top layer of the drawer and put the bowl inside | Pick the cream cheese and place it in the basket	on(wine_bottle_1, wine_rack_1_top_region); in(akita_black_bowl_1, wooden_cabinet_1_top_region); in(cream_cheese_1, basket_1_contain_region)	libero_goal_with_robot_left_basket	One basket is added at the exact robot-left donor coordinate used by LIBERO basket scenes. | A learned cream-cheese-to-basket primitive is composed with compatible Goal clique (2, 3). | Goal component 4 is excluded because it assigns the same cream cheese to a conflicting final destination. | Object identity has its own original LIBERO-Object pick-to-basket trajectory; its pose in the composite scene may differ.	7	0	5	0.0	0	composition|05a0f4aa6ec2927b002a80c1e016371d3df5a67f5230599b7ae1e58a54662be9|frozenset({in(akita_black_bowl_1,wooden_cabinet_1_top_region),in(cream_cheese_1,basket_1_contain_region),on(wine_bottle_1,wine_rack_1_top_region)})
COMPOSE_269	Compose-350	X7_goal_plus_left_basket_3_task	3	true	false	Put the wine bottle on the rack, then push the plate to the front of the stove, and finally put the cream cheese box in the basket.	libero_goal;libero_object	2;6;302	put_the_wine_bottle_on_the_rack;push_the_plate_to_the_front_of_the_stove;pick_up_the_cream_cheese_and_place_it_in_the_basket	Put the wine bottle on the rack | Push the plate to the front of the stove | Pick the cream cheese and place it in the basket	on(wine_bottle_1, wine_rack_1_top_region); on(plate_1, main_table_stove_front_region); in(cream_cheese_1, basket_1_contain_region)	libero_goal_with_robot_left_basket	One basket is added at the exact robot-left donor coordinate used by LIBERO basket scenes. | A learned cream-cheese-to-basket primitive is composed with compatible Goal clique (2, 6). | Goal component 4 is excluded because it assigns the same cream cheese to a conflicting final destination. | Object identity has its own original LIBERO-Object pick-to-basket trajectory; its pose in the composite scene may differ.	6	0	5	0.0	0	composition|05a0f4aa6ec2927b002a80c1e016371d3df5a67f5230599b7ae1e58a54662be9|frozenset({in(cream_cheese_1,basket_1_contain_region),on(plate_1,main_table_stove_front_region),on(wine_bottle_1,wine_rack_1_top_region)})
COMPOSE_270	Compose-350	X7_goal_plus_left_basket_3_task	3	true	false	Put the wine bottle on the rack, then turn on the stove, and finally put the cream cheese box in the basket.	libero_goal;libero_object	2;7;302	put_the_wine_bottle_on_the_rack;turn_on_the_stove;pick_up_the_cream_cheese_and_place_it_in_the_basket	Put the wine bottle on the rack | Turn on the stove | Pick the cream cheese and place it in the basket	on(wine_bottle_1, wine_rack_1_top_region); turnon(flat_stove_1); in(cream_cheese_1, basket_1_contain_region)	libero_goal_with_robot_left_basket	One basket is added at the exact robot-left donor coordinate used by LIBERO basket scenes. | A learned cream-cheese-to-basket primitive is composed with compatible Goal clique (2, 7). | Goal component 4 is excluded because it assigns the same cream cheese to a conflicting final destination. | Object identity has its own original LIBERO-Object pick-to-basket trajectory; its pose in the composite scene may differ.	7	0	5	0.0	0	composition|05a0f4aa6ec2927b002a80c1e016371d3df5a67f5230599b7ae1e58a54662be9|frozenset({in(cream_cheese_1,basket_1_contain_region),on(wine_bottle_1,wine_rack_1_top_region),turnon(flat_stove_1)})
COMPOSE_271	Compose-350	X7_goal_plus_left_basket_3_task	3	true	false	Put the wine bottle on the rack, then put the black bowl on the stove, and finally put the cream cheese box in the basket.	libero_goal;libero_object	2;8;302	put_the_wine_bottle_on_the_rack;put_the_bowl_on_the_stove;pick_up_the_cream_cheese_and_place_it_in_the_basket	Put the wine bottle on the rack | Put the bowl on the stove | Pick the cream cheese and place it in the basket	on(wine_bottle_1, wine_rack_1_top_region); on(akita_black_bowl_1, flat_stove_1_cook_region); in(cream_cheese_1, basket_1_contain_region)	libero_goal_with_robot_left_basket	One basket is added at the exact robot-left donor coordinate used by LIBERO basket scenes. | A learned cream-cheese-to-basket primitive is composed with compatible Goal clique (2, 8). | Goal component 4 is excluded because it assigns the same cream cheese to a conflicting final destination. | Object identity has its own original LIBERO-Object pick-to-basket trajectory; its pose in the composite scene may differ.	6	0	5	0.0	0	composition|05a0f4aa6ec2927b002a80c1e016371d3df5a67f5230599b7ae1e58a54662be9|frozenset({in(cream_cheese_1,basket_1_contain_region),on(akita_black_bowl_1,flat_stove_1_cook_region),on(wine_bottle_1,wine_rack_1_top_region)})
COMPOSE_272	Compose-350	X7_goal_plus_left_basket_3_task	3	true	false	Put the wine bottle on the rack, then put the black bowl on top of the cabinet, and finally put the cream cheese box in the basket.	libero_goal;libero_object	2;9;302	put_the_wine_bottle_on_the_rack;put_the_bowl_on_top_of_the_cabinet;pick_up_the_cream_cheese_and_place_it_in_the_basket	Put the wine bottle on the rack | Put the bowl on the top of the drawer | Pick the cream cheese and place it in the basket	on(wine_bottle_1, wine_rack_1_top_region); on(akita_black_bowl_1, wooden_cabinet_1_top_side); in(cream_cheese_1, basket_1_contain_region)	libero_goal_with_robot_left_basket	One basket is added at the exact robot-left donor coordinate used by LIBERO basket scenes. | A learned cream-cheese-to-basket primitive is composed with compatible Goal clique (2, 9). | Goal component 4 is excluded because it assigns the same cream cheese to a conflicting final destination. | Object identity has its own original LIBERO-Object pick-to-basket trajectory; its pose in the composite scene may differ.	7	0	5	0.0	0	composition|05a0f4aa6ec2927b002a80c1e016371d3df5a67f5230599b7ae1e58a54662be9|frozenset({in(cream_cheese_1,basket_1_contain_region),on(akita_black_bowl_1,wooden_cabinet_1_top_side),on(wine_bottle_1,wine_rack_1_top_region)})
COMPOSE_273	Compose-350	X7_goal_plus_left_basket_3_task	3	true	false	Put the wine bottle on the rack, then open the middle drawer of the cabinet, and finally put the cream cheese box in the basket.	libero_goal;libero_object	2;10;302	put_the_wine_bottle_on_the_rack;open_the_middle_drawer_of_the_cabinet;pick_up_the_cream_cheese_and_place_it_in_the_basket	Put the wine bottle on the rack | Open the middle layer of the drawer | Pick the cream cheese and place it in the basket	on(wine_bottle_1, wine_rack_1_top_region); open(wooden_cabinet_1_middle_region); in(cream_cheese_1, basket_1_contain_region)	libero_goal_with_robot_left_basket	One basket is added at the exact robot-left donor coordinate used by LIBERO basket scenes. | A learned cream-cheese-to-basket primitive is composed with compatible Goal clique (2, 10). | Goal component 4 is excluded because it assigns the same cream cheese to a conflicting final destination. | Object identity has its own original LIBERO-Object pick-to-basket trajectory; its pose in the composite scene may differ.	6	0	5	0.0	0	composition|05a0f4aa6ec2927b002a80c1e016371d3df5a67f5230599b7ae1e58a54662be9|frozenset({in(cream_cheese_1,basket_1_contain_region),on(wine_bottle_1,wine_rack_1_top_region),open(wooden_cabinet_1_middle_region)})
COMPOSE_274	Compose-350	X7_goal_plus_left_basket_3_task	3	true	false	Put the wine bottle on top of the cabinet, then open the top drawer and put the black bowl inside, and finally put the cream cheese box in the basket.	libero_goal;libero_object	5;3;302	put_the_wine_bottle_on_top_of_the_cabinet;open_the_top_drawer_and_put_the_bowl_inside;pick_up_the_cream_cheese_and_place_it_in_the_basket	Put the wine bottle on the top of the drawer | Open the top layer of the drawer and put the bowl inside | Pick the cream cheese and place it in the basket	on(wine_bottle_1, wooden_cabinet_1_top_side); in(akita_black_bowl_1, wooden_cabinet_1_top_region); in(cream_cheese_1, basket_1_contain_region)	libero_goal_with_robot_left_basket	One basket is added at the exact robot-left donor coordinate used by LIBERO basket scenes. | A learned cream-cheese-to-basket primitive is composed with compatible Goal clique (3, 5). | Goal component 4 is excluded because it assigns the same cream cheese to a conflicting final destination. | Object identity has its own original LIBERO-Object pick-to-basket trajectory; its pose in the composite scene may differ.	7	0	5	0.0	0	composition|05a0f4aa6ec2927b002a80c1e016371d3df5a67f5230599b7ae1e58a54662be9|frozenset({in(akita_black_bowl_1,wooden_cabinet_1_top_region),in(cream_cheese_1,basket_1_contain_region),on(wine_bottle_1,wooden_cabinet_1_top_side)})
COMPOSE_275	Compose-350	X7_goal_plus_left_basket_3_task	3	true	false	Push the plate to the front of the stove, then open the top drawer and put the black bowl inside, and finally put the cream cheese box in the basket.	libero_goal;libero_object	6;3;302	push_the_plate_to_the_front_of_the_stove;open_the_top_drawer_and_put_the_bowl_inside;pick_up_the_cream_cheese_and_place_it_in_the_basket	Push the plate to the front of the stove | Open the top layer of the drawer and put the bowl inside | Pick the cream cheese and place it in the basket	on(plate_1, main_table_stove_front_region); in(akita_black_bowl_1, wooden_cabinet_1_top_region); in(cream_cheese_1, basket_1_contain_region)	libero_goal_with_robot_left_basket	One basket is added at the exact robot-left donor coordinate used by LIBERO basket scenes. | A learned cream-cheese-to-basket primitive is composed with compatible Goal clique (3, 6). | Goal component 4 is excluded because it assigns the same cream cheese to a conflicting final destination. | Object identity has its own original LIBERO-Object pick-to-basket trajectory; its pose in the composite scene may differ.	6	0	5	0.0	0	composition|05a0f4aa6ec2927b002a80c1e016371d3df5a67f5230599b7ae1e58a54662be9|frozenset({in(akita_black_bowl_1,wooden_cabinet_1_top_region),in(cream_cheese_1,basket_1_contain_region),on(plate_1,main_table_stove_front_region)})
COMPOSE_276	Compose-350	X7_goal_plus_left_basket_3_task	3	true	false	Turn on the stove, then open the top drawer and put the black bowl inside, and finally put the cream cheese box in the basket.	libero_goal;libero_object	7;3;302	turn_on_the_stove;open_the_top_drawer_and_put_the_bowl_inside;pick_up_the_cream_cheese_and_place_it_in_the_basket	Turn on the stove | Open the top layer of the drawer and put the bowl inside | Pick the cream cheese and place it in the basket	turnon(flat_stove_1); in(akita_black_bowl_1, wooden_cabinet_1_top_region); in(cream_cheese_1, basket_1_contain_region)	libero_goal_with_robot_left_basket	One basket is added at the exact robot-left donor coordinate used by LIBERO basket scenes. | A learned cream-cheese-to-basket primitive is composed with compatible Goal clique (3, 7). | Goal component 4 is excluded because it assigns the same cream cheese to a conflicting final destination. | Object identity has its own original LIBERO-Object pick-to-basket trajectory; its pose in the composite scene may differ.	7	0	5	0.0	0	composition|05a0f4aa6ec2927b002a80c1e016371d3df5a67f5230599b7ae1e58a54662be9|frozenset({in(akita_black_bowl_1,wooden_cabinet_1_top_region),in(cream_cheese_1,basket_1_contain_region),turnon(flat_stove_1)})
COMPOSE_277	Compose-350	X7_goal_plus_left_basket_3_task	3	true	false	Open the middle drawer of the cabinet, then open the top drawer and put the black bowl inside, and finally put the cream cheese box in the basket.	libero_goal;libero_object	10;3;302	open_the_middle_drawer_of_the_cabinet;open_the_top_drawer_and_put_the_bowl_inside;pick_up_the_cream_cheese_and_place_it_in_the_basket	Open the middle layer of the drawer | Open the top layer of the drawer and put the bowl inside | Pick the cream cheese and place it in the basket	open(wooden_cabinet_1_middle_region); in(akita_black_bowl_1, wooden_cabinet_1_top_region); in(cream_cheese_1, basket_1_contain_region)	libero_goal_with_robot_left_basket	One basket is added at the exact robot-left donor coordinate used by LIBERO basket scenes. | A learned cream-cheese-to-basket primitive is composed with compatible Goal clique (3, 10). | Goal component 4 is excluded because it assigns the same cream cheese to a conflicting final destination. | Object identity has its own original LIBERO-Object pick-to-basket trajectory; its pose in the composite scene may differ.	6	0	5	0.0	0	composition|05a0f4aa6ec2927b002a80c1e016371d3df5a67f5230599b7ae1e58a54662be9|frozenset({in(akita_black_bowl_1,wooden_cabinet_1_top_region),in(cream_cheese_1,basket_1_contain_region),open(wooden_cabinet_1_middle_region)})
COMPOSE_278	Compose-350	X7_goal_plus_left_basket_3_task	3	true	false	Put the wine bottle on top of the cabinet, then push the plate to the front of the stove, and finally put the cream cheese box in the basket.	libero_goal;libero_object	5;6;302	put_the_wine_bottle_on_top_of_the_cabinet;push_the_plate_to_the_front_of_the_stove;pick_up_the_cream_cheese_and_place_it_in_the_basket	Put the wine bottle on the top of the drawer | Push the plate to the front of the stove | Pick the cream cheese and place it in the basket	on(wine_bottle_1, wooden_cabinet_1_top_side); on(plate_1, main_table_stove_front_region); in(cream_cheese_1, basket_1_contain_region)	libero_goal_with_robot_left_basket	One basket is added at the exact robot-left donor coordinate used by LIBERO basket scenes. | A learned cream-cheese-to-basket primitive is composed with compatible Goal clique (5, 6). | Goal component 4 is excluded because it assigns the same cream cheese to a conflicting final destination. | Object identity has its own original LIBERO-Object pick-to-basket trajectory; its pose in the composite scene may differ.	7	0	5	0.0	0	composition|05a0f4aa6ec2927b002a80c1e016371d3df5a67f5230599b7ae1e58a54662be9|frozenset({in(cream_cheese_1,basket_1_contain_region),on(plate_1,main_table_stove_front_region),on(wine_bottle_1,wooden_cabinet_1_top_side)})
COMPOSE_279	Compose-350	X7_goal_plus_left_basket_3_task	3	true	false	Put the wine bottle on top of the cabinet, then turn on the stove, and finally put the cream cheese box in the basket.	libero_goal;libero_object	5;7;302	put_the_wine_bottle_on_top_of_the_cabinet;turn_on_the_stove;pick_up_the_cream_cheese_and_place_it_in_the_basket	Put the wine bottle on the top of the drawer | Turn on the stove | Pick the cream cheese and place it in the basket	on(wine_bottle_1, wooden_cabinet_1_top_side); turnon(flat_stove_1); in(cream_cheese_1, basket_1_contain_region)	libero_goal_with_robot_left_basket	One basket is added at the exact robot-left donor coordinate used by LIBERO basket scenes. | A learned cream-cheese-to-basket primitive is composed with compatible Goal clique (5, 7). | Goal component 4 is excluded because it assigns the same cream cheese to a conflicting final destination. | Object identity has its own original LIBERO-Object pick-to-basket trajectory; its pose in the composite scene may differ.	6	0	5	0.0	0	composition|05a0f4aa6ec2927b002a80c1e016371d3df5a67f5230599b7ae1e58a54662be9|frozenset({in(cream_cheese_1,basket_1_contain_region),on(wine_bottle_1,wooden_cabinet_1_top_side),turnon(flat_stove_1)})
COMPOSE_280	Compose-350	X7_goal_plus_left_basket_3_task	3	true	false	Put the wine bottle on top of the cabinet, then put the black bowl on the stove, and finally put the cream cheese box in the basket.	libero_goal;libero_object	5;8;302	put_the_wine_bottle_on_top_of_the_cabinet;put_the_bowl_on_the_stove;pick_up_the_cream_cheese_and_place_it_in_the_basket	Put the wine bottle on the top of the drawer | Put the bowl on the stove | Pick the cream cheese and place it in the basket	on(wine_bottle_1, wooden_cabinet_1_top_side); on(akita_black_bowl_1, flat_stove_1_cook_region); in(cream_cheese_1, basket_1_contain_region)	libero_goal_with_robot_left_basket	One basket is added at the exact robot-left donor coordinate used by LIBERO basket scenes. | A learned cream-cheese-to-basket primitive is composed with compatible Goal clique (5, 8). | Goal component 4 is excluded because it assigns the same cream cheese to a conflicting final destination. | Object identity has its own original LIBERO-Object pick-to-basket trajectory; its pose in the composite scene may differ.	7	0	5	0.0	0	composition|05a0f4aa6ec2927b002a80c1e016371d3df5a67f5230599b7ae1e58a54662be9|frozenset({in(cream_cheese_1,basket_1_contain_region),on(akita_black_bowl_1,flat_stove_1_cook_region),on(wine_bottle_1,wooden_cabinet_1_top_side)})
COMPOSE_281	Compose-350	X7_goal_plus_left_basket_3_task	3	true	false	Put the wine bottle on top of the cabinet, then open the middle drawer of the cabinet, and finally put the cream cheese box in the basket.	libero_goal;libero_object	5;10;302	put_the_wine_bottle_on_top_of_the_cabinet;open_the_middle_drawer_of_the_cabinet;pick_up_the_cream_cheese_and_place_it_in_the_basket	Put the wine bottle on the top of the drawer | Open the middle layer of the drawer | Pick the cream cheese and place it in the basket	on(wine_bottle_1, wooden_cabinet_1_top_side); open(wooden_cabinet_1_middle_region); in(cream_cheese_1, basket_1_contain_region)	libero_goal_with_robot_left_basket	One basket is added at the exact robot-left donor coordinate used by LIBERO basket scenes. | A learned cream-cheese-to-basket primitive is composed with compatible Goal clique (5, 10). | Goal component 4 is excluded because it assigns the same cream cheese to a conflicting final destination. | Object identity has its own original LIBERO-Object pick-to-basket trajectory; its pose in the composite scene may differ.	6	0	5	0.0	0	composition|05a0f4aa6ec2927b002a80c1e016371d3df5a67f5230599b7ae1e58a54662be9|frozenset({in(cream_cheese_1,basket_1_contain_region),on(wine_bottle_1,wooden_cabinet_1_top_side),open(wooden_cabinet_1_middle_region)})
COMPOSE_282	Compose-350	X7_goal_plus_left_basket_3_task	3	true	false	Push the plate to the front of the stove, then turn on the stove, and finally put the cream cheese box in the basket.	libero_goal;libero_object	6;7;302	push_the_plate_to_the_front_of_the_stove;turn_on_the_stove;pick_up_the_cream_cheese_and_place_it_in_the_basket	Push the plate to the front of the stove | Turn on the stove | Pick the cream cheese and place it in the basket	on(plate_1, main_table_stove_front_region); turnon(flat_stove_1); in(cream_cheese_1, basket_1_contain_region)	libero_goal_with_robot_left_basket	One basket is added at the exact robot-left donor coordinate used by LIBERO basket scenes. | A learned cream-cheese-to-basket primitive is composed with compatible Goal clique (6, 7). | Goal component 4 is excluded because it assigns the same cream cheese to a conflicting final destination. | Object identity has its own original LIBERO-Object pick-to-basket trajectory; its pose in the composite scene may differ.	7	0	5	0.0	0	composition|05a0f4aa6ec2927b002a80c1e016371d3df5a67f5230599b7ae1e58a54662be9|frozenset({in(cream_cheese_1,basket_1_contain_region),on(plate_1,main_table_stove_front_region),turnon(flat_stove_1)})
COMPOSE_283	Compose-350	X7_goal_plus_left_basket_3_task	3	true	false	Push the plate to the front of the stove, then put the black bowl on the stove, and finally put the cream cheese box in the basket.	libero_goal;libero_object	6;8;302	push_the_plate_to_the_front_of_the_stove;put_the_bowl_on_the_stove;pick_up_the_cream_cheese_and_place_it_in_the_basket	Push the plate to the front of the stove | Put the bowl on the stove | Pick the cream cheese and place it in the basket	on(plate_1, main_table_stove_front_region); on(akita_black_bowl_1, flat_stove_1_cook_region); in(cream_cheese_1, basket_1_contain_region)	libero_goal_with_robot_left_basket	One basket is added at the exact robot-left donor coordinate used by LIBERO basket scenes. | A learned cream-cheese-to-basket primitive is composed with compatible Goal clique (6, 8). | Goal component 4 is excluded because it assigns the same cream cheese to a conflicting final destination. | Object identity has its own original LIBERO-Object pick-to-basket trajectory; its pose in the composite scene may differ.	6	0	5	0.0	0	composition|05a0f4aa6ec2927b002a80c1e016371d3df5a67f5230599b7ae1e58a54662be9|frozenset({in(cream_cheese_1,basket_1_contain_region),on(akita_black_bowl_1,flat_stove_1_cook_region),on(plate_1,main_table_stove_front_region)})
COMPOSE_284	Compose-350	X7_goal_plus_left_basket_3_task	3	true	false	Push the plate to the front of the stove, then put the black bowl on top of the cabinet, and finally put the cream cheese box in the basket.	libero_goal;libero_object	6;9;302	push_the_plate_to_the_front_of_the_stove;put_the_bowl_on_top_of_the_cabinet;pick_up_the_cream_cheese_and_place_it_in_the_basket	Push the plate to the front of the stove | Put the bowl on the top of the drawer | Pick the cream cheese and place it in the basket	on(plate_1, main_table_stove_front_region); on(akita_black_bowl_1, wooden_cabinet_1_top_side); in(cream_cheese_1, basket_1_contain_region)	libero_goal_with_robot_left_basket	One basket is added at the exact robot-left donor coordinate used by LIBERO basket scenes. | A learned cream-cheese-to-basket primitive is composed with compatible Goal clique (6, 9). | Goal component 4 is excluded because it assigns the same cream cheese to a conflicting final destination. | Object identity has its own original LIBERO-Object pick-to-basket trajectory; its pose in the composite scene may differ.	7	0	5	0.0	0	composition|05a0f4aa6ec2927b002a80c1e016371d3df5a67f5230599b7ae1e58a54662be9|frozenset({in(cream_cheese_1,basket_1_contain_region),on(akita_black_bowl_1,wooden_cabinet_1_top_side),on(plate_1,main_table_stove_front_region)})
COMPOSE_285	Compose-350	X7_goal_plus_left_basket_3_task	3	true	false	Push the plate to the front of the stove, then open the middle drawer of the cabinet, and finally put the cream cheese box in the basket.	libero_goal;libero_object	6;10;302	push_the_plate_to_the_front_of_the_stove;open_the_middle_drawer_of_the_cabinet;pick_up_the_cream_cheese_and_place_it_in_the_basket	Push the plate to the front of the stove | Open the middle layer of the drawer | Pick the cream cheese and place it in the basket	on(plate_1, main_table_stove_front_region); open(wooden_cabinet_1_middle_region); in(cream_cheese_1, basket_1_contain_region)	libero_goal_with_robot_left_basket	One basket is added at the exact robot-left donor coordinate used by LIBERO basket scenes. | A learned cream-cheese-to-basket primitive is composed with compatible Goal clique (6, 10). | Goal component 4 is excluded because it assigns the same cream cheese to a conflicting final destination. | Object identity has its own original LIBERO-Object pick-to-basket trajectory; its pose in the composite scene may differ.	6	0	5	0.0	0	composition|05a0f4aa6ec2927b002a80c1e016371d3df5a67f5230599b7ae1e58a54662be9|frozenset({in(cream_cheese_1,basket_1_contain_region),on(plate_1,main_table_stove_front_region),open(wooden_cabinet_1_middle_region)})
COMPOSE_286	Compose-350	X7_goal_plus_left_basket_3_task	3	true	false	Turn on the stove, then put the black bowl on the stove, and finally put the cream cheese box in the basket.	libero_goal;libero_object	7;8;302	turn_on_the_stove;put_the_bowl_on_the_stove;pick_up_the_cream_cheese_and_place_it_in_the_basket	Turn on the stove | Put the bowl on the stove | Pick the cream cheese and place it in the basket	turnon(flat_stove_1); on(akita_black_bowl_1, flat_stove_1_cook_region); in(cream_cheese_1, basket_1_contain_region)	libero_goal_with_robot_left_basket	One basket is added at the exact robot-left donor coordinate used by LIBERO basket scenes. | A learned cream-cheese-to-basket primitive is composed with compatible Goal clique (7, 8). | Goal component 4 is excluded because it assigns the same cream cheese to a conflicting final destination. | Object identity has its own original LIBERO-Object pick-to-basket trajectory; its pose in the composite scene may differ.	7	0	5	0.0	0	composition|05a0f4aa6ec2927b002a80c1e016371d3df5a67f5230599b7ae1e58a54662be9|frozenset({in(cream_cheese_1,basket_1_contain_region),on(akita_black_bowl_1,flat_stove_1_cook_region),turnon(flat_stove_1)})
COMPOSE_287	Compose-350	X7_goal_plus_left_basket_3_task	3	true	false	Turn on the stove, then put the black bowl on top of the cabinet, and finally put the cream cheese box in the basket.	libero_goal;libero_object	7;9;302	turn_on_the_stove;put_the_bowl_on_top_of_the_cabinet;pick_up_the_cream_cheese_and_place_it_in_the_basket	Turn on the stove | Put the bowl on the top of the drawer | Pick the cream cheese and place it in the basket	turnon(flat_stove_1); on(akita_black_bowl_1, wooden_cabinet_1_top_side); in(cream_cheese_1, basket_1_contain_region)	libero_goal_with_robot_left_basket	One basket is added at the exact robot-left donor coordinate used by LIBERO basket scenes. | A learned cream-cheese-to-basket primitive is composed with compatible Goal clique (7, 9). | Goal component 4 is excluded because it assigns the same cream cheese to a conflicting final destination. | Object identity has its own original LIBERO-Object pick-to-basket trajectory; its pose in the composite scene may differ.	6	0	5	0.0	0	composition|05a0f4aa6ec2927b002a80c1e016371d3df5a67f5230599b7ae1e58a54662be9|frozenset({in(cream_cheese_1,basket_1_contain_region),on(akita_black_bowl_1,wooden_cabinet_1_top_side),turnon(flat_stove_1)})
COMPOSE_288	Compose-350	X7_goal_plus_left_basket_3_task	3	true	false	Turn on the stove, then open the middle drawer of the cabinet, and finally put the cream cheese box in the basket.	libero_goal;libero_object	7;10;302	turn_on_the_stove;open_the_middle_drawer_of_the_cabinet;pick_up_the_cream_cheese_and_place_it_in_the_basket	Turn on the stove | Open the middle layer of the drawer | Pick the cream cheese and place it in the basket	turnon(flat_stove_1); open(wooden_cabinet_1_middle_region); in(cream_cheese_1, basket_1_contain_region)	libero_goal_with_robot_left_basket	One basket is added at the exact robot-left donor coordinate used by LIBERO basket scenes. | A learned cream-cheese-to-basket primitive is composed with compatible Goal clique (7, 10). | Goal component 4 is excluded because it assigns the same cream cheese to a conflicting final destination. | Object identity has its own original LIBERO-Object pick-to-basket trajectory; its pose in the composite scene may differ.	7	0	5	0.0	0	composition|05a0f4aa6ec2927b002a80c1e016371d3df5a67f5230599b7ae1e58a54662be9|frozenset({in(cream_cheese_1,basket_1_contain_region),open(wooden_cabinet_1_middle_region),turnon(flat_stove_1)})
COMPOSE_289	Compose-350	X7_goal_plus_left_basket_3_task	3	true	false	Open the middle drawer of the cabinet, then put the black bowl on the stove, and finally put the cream cheese box in the basket.	libero_goal;libero_object	10;8;302	open_the_middle_drawer_of_the_cabinet;put_the_bowl_on_the_stove;pick_up_the_cream_cheese_and_place_it_in_the_basket	Open the middle layer of the drawer | Put the bowl on the stove | Pick the cream cheese and place it in the basket	open(wooden_cabinet_1_middle_region); on(akita_black_bowl_1, flat_stove_1_cook_region); in(cream_cheese_1, basket_1_contain_region)	libero_goal_with_robot_left_basket	One basket is added at the exact robot-left donor coordinate used by LIBERO basket scenes. | A learned cream-cheese-to-basket primitive is composed with compatible Goal clique (8, 10). | Goal component 4 is excluded because it assigns the same cream cheese to a conflicting final destination. | Object identity has its own original LIBERO-Object pick-to-basket trajectory; its pose in the composite scene may differ.	6	0	5	0.0	0	composition|05a0f4aa6ec2927b002a80c1e016371d3df5a67f5230599b7ae1e58a54662be9|frozenset({in(cream_cheese_1,basket_1_contain_region),on(akita_black_bowl_1,flat_stove_1_cook_region),open(wooden_cabinet_1_middle_region)})
COMPOSE_290	Compose-350	X7_goal_plus_left_basket_3_task	3	true	false	Open the middle drawer of the cabinet, then put the black bowl on top of the cabinet, and finally put the cream cheese box in the basket.	libero_goal;libero_object	10;9;302	open_the_middle_drawer_of_the_cabinet;put_the_bowl_on_top_of_the_cabinet;pick_up_the_cream_cheese_and_place_it_in_the_basket	Open the middle layer of the drawer | Put the bowl on the top of the drawer | Pick the cream cheese and place it in the basket	open(wooden_cabinet_1_middle_region); on(akita_black_bowl_1, wooden_cabinet_1_top_side); in(cream_cheese_1, basket_1_contain_region)	libero_goal_with_robot_left_basket	One basket is added at the exact robot-left donor coordinate used by LIBERO basket scenes. | A learned cream-cheese-to-basket primitive is composed with compatible Goal clique (9, 10). | Goal component 4 is excluded because it assigns the same cream cheese to a conflicting final destination. | Object identity has its own original LIBERO-Object pick-to-basket trajectory; its pose in the composite scene may differ.	7	0	5	0.0	0	composition|05a0f4aa6ec2927b002a80c1e016371d3df5a67f5230599b7ae1e58a54662be9|frozenset({in(cream_cheese_1,basket_1_contain_region),on(akita_black_bowl_1,wooden_cabinet_1_top_side),open(wooden_cabinet_1_middle_region)})
COMPOSE_291	Compose-350	X8_goal_plus_left_basket_4_task	4	true	false	Put the black bowl on the plate, then put the wine bottle on the rack, then push the plate to the front of the stove, and finally put the cream cheese box in the basket.	libero_goal;libero_object	1;2;6;302	put_the_bowl_on_the_plate;put_the_wine_bottle_on_the_rack;push_the_plate_to_the_front_of_the_stove;pick_up_the_cream_cheese_and_place_it_in_the_basket	Put the bowl on the plate | Put the wine bottle on the rack | Push the plate to the front of the stove | Pick the cream cheese and place it in the basket	on(akita_black_bowl_1, plate_1); on(wine_bottle_1, wine_rack_1_top_region); on(plate_1, main_table_stove_front_region); in(cream_cheese_1, basket_1_contain_region)	libero_goal_with_robot_left_basket	One basket is added at the exact robot-left donor coordinate used by LIBERO basket scenes. | A learned cream-cheese-to-basket primitive is composed with compatible Goal clique (1, 2, 6). | Goal component 4 is excluded because it assigns the same cream cheese to a conflicting final destination. | Object identity has its own original LIBERO-Object pick-to-basket trajectory; its pose in the composite scene may differ.	6	0	5	0.0	0	composition|05a0f4aa6ec2927b002a80c1e016371d3df5a67f5230599b7ae1e58a54662be9|frozenset({in(cream_cheese_1,basket_1_contain_region),on(akita_black_bowl_1,plate_1),on(plate_1,main_table_stove_front_region),on(wine_bottle_1,wine_rack_1_top_region)})
COMPOSE_292	Compose-350	X8_goal_plus_left_basket_4_task	4	true	false	Put the black bowl on the plate, then put the wine bottle on the rack, then turn on the stove, and finally put the cream cheese box in the basket.	libero_goal;libero_object	1;2;7;302	put_the_bowl_on_the_plate;put_the_wine_bottle_on_the_rack;turn_on_the_stove;pick_up_the_cream_cheese_and_place_it_in_the_basket	Put the bowl on the plate | Put the wine bottle on the rack | Turn on the stove | Pick the cream cheese and place it in the basket	on(akita_black_bowl_1, plate_1); on(wine_bottle_1, wine_rack_1_top_region); turnon(flat_stove_1); in(cream_cheese_1, basket_1_contain_region)	libero_goal_with_robot_left_basket	One basket is added at the exact robot-left donor coordinate used by LIBERO basket scenes. | A learned cream-cheese-to-basket primitive is composed with compatible Goal clique (1, 2, 7). | Goal component 4 is excluded because it assigns the same cream cheese to a conflicting final destination. | Object identity has its own original LIBERO-Object pick-to-basket trajectory; its pose in the composite scene may differ.	7	0	5	0.0	0	composition|05a0f4aa6ec2927b002a80c1e016371d3df5a67f5230599b7ae1e58a54662be9|frozenset({in(cream_cheese_1,basket_1_contain_region),on(akita_black_bowl_1,plate_1),on(wine_bottle_1,wine_rack_1_top_region),turnon(flat_stove_1)})
COMPOSE_293	Compose-350	X8_goal_plus_left_basket_4_task	4	true	false	Put the black bowl on the plate, then put the wine bottle on the rack, then open the middle drawer of the cabinet, and finally put the cream cheese box in the basket.	libero_goal;libero_object	1;2;10;302	put_the_bowl_on_the_plate;put_the_wine_bottle_on_the_rack;open_the_middle_drawer_of_the_cabinet;pick_up_the_cream_cheese_and_place_it_in_the_basket	Put the bowl on the plate | Put the wine bottle on the rack | Open the middle layer of the drawer | Pick the cream cheese and place it in the basket	on(akita_black_bowl_1, plate_1); on(wine_bottle_1, wine_rack_1_top_region); open(wooden_cabinet_1_middle_region); in(cream_cheese_1, basket_1_contain_region)	libero_goal_with_robot_left_basket	One basket is added at the exact robot-left donor coordinate used by LIBERO basket scenes. | A learned cream-cheese-to-basket primitive is composed with compatible Goal clique (1, 2, 10). | Goal component 4 is excluded because it assigns the same cream cheese to a conflicting final destination. | Object identity has its own original LIBERO-Object pick-to-basket trajectory; its pose in the composite scene may differ.	6	0	5	0.0	0	composition|05a0f4aa6ec2927b002a80c1e016371d3df5a67f5230599b7ae1e58a54662be9|frozenset({in(cream_cheese_1,basket_1_contain_region),on(akita_black_bowl_1,plate_1),on(wine_bottle_1,wine_rack_1_top_region),open(wooden_cabinet_1_middle_region)})
COMPOSE_294	Compose-350	X8_goal_plus_left_basket_4_task	4	true	false	Put the black bowl on the plate, then put the wine bottle on top of the cabinet, then push the plate to the front of the stove, and finally put the cream cheese box in the basket.	libero_goal;libero_object	1;5;6;302	put_the_bowl_on_the_plate;put_the_wine_bottle_on_top_of_the_cabinet;push_the_plate_to_the_front_of_the_stove;pick_up_the_cream_cheese_and_place_it_in_the_basket	Put the bowl on the plate | Put the wine bottle on the top of the drawer | Push the plate to the front of the stove | Pick the cream cheese and place it in the basket	on(akita_black_bowl_1, plate_1); on(wine_bottle_1, wooden_cabinet_1_top_side); on(plate_1, main_table_stove_front_region); in(cream_cheese_1, basket_1_contain_region)	libero_goal_with_robot_left_basket	One basket is added at the exact robot-left donor coordinate used by LIBERO basket scenes. | A learned cream-cheese-to-basket primitive is composed with compatible Goal clique (1, 5, 6). | Goal component 4 is excluded because it assigns the same cream cheese to a conflicting final destination. | Object identity has its own original LIBERO-Object pick-to-basket trajectory; its pose in the composite scene may differ.	7	0	5	0.0	0	composition|05a0f4aa6ec2927b002a80c1e016371d3df5a67f5230599b7ae1e58a54662be9|frozenset({in(cream_cheese_1,basket_1_contain_region),on(akita_black_bowl_1,plate_1),on(plate_1,main_table_stove_front_region),on(wine_bottle_1,wooden_cabinet_1_top_side)})
COMPOSE_295	Compose-350	X8_goal_plus_left_basket_4_task	4	true	false	Put the black bowl on the plate, then put the wine bottle on top of the cabinet, then turn on the stove, and finally put the cream cheese box in the basket.	libero_goal;libero_object	1;5;7;302	put_the_bowl_on_the_plate;put_the_wine_bottle_on_top_of_the_cabinet;turn_on_the_stove;pick_up_the_cream_cheese_and_place_it_in_the_basket	Put the bowl on the plate | Put the wine bottle on the top of the drawer | Turn on the stove | Pick the cream cheese and place it in the basket	on(akita_black_bowl_1, plate_1); on(wine_bottle_1, wooden_cabinet_1_top_side); turnon(flat_stove_1); in(cream_cheese_1, basket_1_contain_region)	libero_goal_with_robot_left_basket	One basket is added at the exact robot-left donor coordinate used by LIBERO basket scenes. | A learned cream-cheese-to-basket primitive is composed with compatible Goal clique (1, 5, 7). | Goal component 4 is excluded because it assigns the same cream cheese to a conflicting final destination. | Object identity has its own original LIBERO-Object pick-to-basket trajectory; its pose in the composite scene may differ.	6	0	5	0.0	0	composition|05a0f4aa6ec2927b002a80c1e016371d3df5a67f5230599b7ae1e58a54662be9|frozenset({in(cream_cheese_1,basket_1_contain_region),on(akita_black_bowl_1,plate_1),on(wine_bottle_1,wooden_cabinet_1_top_side),turnon(flat_stove_1)})
COMPOSE_296	Compose-350	X8_goal_plus_left_basket_4_task	4	true	false	Put the black bowl on the plate, then put the wine bottle on top of the cabinet, then open the middle drawer of the cabinet, and finally put the cream cheese box in the basket.	libero_goal;libero_object	1;5;10;302	put_the_bowl_on_the_plate;put_the_wine_bottle_on_top_of_the_cabinet;open_the_middle_drawer_of_the_cabinet;pick_up_the_cream_cheese_and_place_it_in_the_basket	Put the bowl on the plate | Put the wine bottle on the top of the drawer | Open the middle layer of the drawer | Pick the cream cheese and place it in the basket	on(akita_black_bowl_1, plate_1); on(wine_bottle_1, wooden_cabinet_1_top_side); open(wooden_cabinet_1_middle_region); in(cream_cheese_1, basket_1_contain_region)	libero_goal_with_robot_left_basket	One basket is added at the exact robot-left donor coordinate used by LIBERO basket scenes. | A learned cream-cheese-to-basket primitive is composed with compatible Goal clique (1, 5, 10). | Goal component 4 is excluded because it assigns the same cream cheese to a conflicting final destination. | Object identity has its own original LIBERO-Object pick-to-basket trajectory; its pose in the composite scene may differ.	7	0	5	0.0	0	composition|05a0f4aa6ec2927b002a80c1e016371d3df5a67f5230599b7ae1e58a54662be9|frozenset({in(cream_cheese_1,basket_1_contain_region),on(akita_black_bowl_1,plate_1),on(wine_bottle_1,wooden_cabinet_1_top_side),open(wooden_cabinet_1_middle_region)})
COMPOSE_297	Compose-350	X8_goal_plus_left_basket_4_task	4	true	false	Put the black bowl on the plate, then push the plate to the front of the stove, then turn on the stove, and finally put the cream cheese box in the basket.	libero_goal;libero_object	1;6;7;302	put_the_bowl_on_the_plate;push_the_plate_to_the_front_of_the_stove;turn_on_the_stove;pick_up_the_cream_cheese_and_place_it_in_the_basket	Put the bowl on the plate | Push the plate to the front of the stove | Turn on the stove | Pick the cream cheese and place it in the basket	on(akita_black_bowl_1, plate_1); on(plate_1, main_table_stove_front_region); turnon(flat_stove_1); in(cream_cheese_1, basket_1_contain_region)	libero_goal_with_robot_left_basket	One basket is added at the exact robot-left donor coordinate used by LIBERO basket scenes. | A learned cream-cheese-to-basket primitive is composed with compatible Goal clique (1, 6, 7). | Goal component 4 is excluded because it assigns the same cream cheese to a conflicting final destination. | Object identity has its own original LIBERO-Object pick-to-basket trajectory; its pose in the composite scene may differ.	6	0	5	0.0	0	composition|05a0f4aa6ec2927b002a80c1e016371d3df5a67f5230599b7ae1e58a54662be9|frozenset({in(cream_cheese_1,basket_1_contain_region),on(akita_black_bowl_1,plate_1),on(plate_1,main_table_stove_front_region),turnon(flat_stove_1)})
COMPOSE_298	Compose-350	X8_goal_plus_left_basket_4_task	4	true	false	Put the black bowl on the plate, then push the plate to the front of the stove, then open the middle drawer of the cabinet, and finally put the cream cheese box in the basket.	libero_goal;libero_object	1;6;10;302	put_the_bowl_on_the_plate;push_the_plate_to_the_front_of_the_stove;open_the_middle_drawer_of_the_cabinet;pick_up_the_cream_cheese_and_place_it_in_the_basket	Put the bowl on the plate | Push the plate to the front of the stove | Open the middle layer of the drawer | Pick the cream cheese and place it in the basket	on(akita_black_bowl_1, plate_1); on(plate_1, main_table_stove_front_region); open(wooden_cabinet_1_middle_region); in(cream_cheese_1, basket_1_contain_region)	libero_goal_with_robot_left_basket	One basket is added at the exact robot-left donor coordinate used by LIBERO basket scenes. | A learned cream-cheese-to-basket primitive is composed with compatible Goal clique (1, 6, 10). | Goal component 4 is excluded because it assigns the same cream cheese to a conflicting final destination. | Object identity has its own original LIBERO-Object pick-to-basket trajectory; its pose in the composite scene may differ.	7	0	5	0.0	0	composition|05a0f4aa6ec2927b002a80c1e016371d3df5a67f5230599b7ae1e58a54662be9|frozenset({in(cream_cheese_1,basket_1_contain_region),on(akita_black_bowl_1,plate_1),on(plate_1,main_table_stove_front_region),open(wooden_cabinet_1_middle_region)})
COMPOSE_299	Compose-350	X8_goal_plus_left_basket_4_task	4	true	false	Put the black bowl on the plate, then turn on the stove, then open the middle drawer of the cabinet, and finally put the cream cheese box in the basket.	libero_goal;libero_object	1;7;10;302	put_the_bowl_on_the_plate;turn_on_the_stove;open_the_middle_drawer_of_the_cabinet;pick_up_the_cream_cheese_and_place_it_in_the_basket	Put the bowl on the plate | Turn on the stove | Open the middle layer of the drawer | Pick the cream cheese and place it in the basket	on(akita_black_bowl_1, plate_1); turnon(flat_stove_1); open(wooden_cabinet_1_middle_region); in(cream_cheese_1, basket_1_contain_region)	libero_goal_with_robot_left_basket	One basket is added at the exact robot-left donor coordinate used by LIBERO basket scenes. | A learned cream-cheese-to-basket primitive is composed with compatible Goal clique (1, 7, 10). | Goal component 4 is excluded because it assigns the same cream cheese to a conflicting final destination. | Object identity has its own original LIBERO-Object pick-to-basket trajectory; its pose in the composite scene may differ.	6	0	5	0.0	0	composition|05a0f4aa6ec2927b002a80c1e016371d3df5a67f5230599b7ae1e58a54662be9|frozenset({in(cream_cheese_1,basket_1_contain_region),on(akita_black_bowl_1,plate_1),open(wooden_cabinet_1_middle_region),turnon(flat_stove_1)})
COMPOSE_300	Compose-350	X8_goal_plus_left_basket_4_task	4	true	false	Put the wine bottle on the rack, then push the plate to the front of the stove, then open the top drawer and put the black bowl inside, and finally put the cream cheese box in the basket.	libero_goal;libero_object	2;6;3;302	put_the_wine_bottle_on_the_rack;push_the_plate_to_the_front_of_the_stove;open_the_top_drawer_and_put_the_bowl_inside;pick_up_the_cream_cheese_and_place_it_in_the_basket	Put the wine bottle on the rack | Push the plate to the front of the stove | Open the top layer of the drawer and put the bowl inside | Pick the cream cheese and place it in the basket	on(wine_bottle_1, wine_rack_1_top_region); on(plate_1, main_table_stove_front_region); in(akita_black_bowl_1, wooden_cabinet_1_top_region); in(cream_cheese_1, basket_1_contain_region)	libero_goal_with_robot_left_basket	One basket is added at the exact robot-left donor coordinate used by LIBERO basket scenes. | A learned cream-cheese-to-basket primitive is composed with compatible Goal clique (2, 3, 6). | Goal component 4 is excluded because it assigns the same cream cheese to a conflicting final destination. | Object identity has its own original LIBERO-Object pick-to-basket trajectory; its pose in the composite scene may differ.	7	0	5	0.0	0	composition|05a0f4aa6ec2927b002a80c1e016371d3df5a67f5230599b7ae1e58a54662be9|frozenset({in(akita_black_bowl_1,wooden_cabinet_1_top_region),in(cream_cheese_1,basket_1_contain_region),on(plate_1,main_table_stove_front_region),on(wine_bottle_1,wine_rack_1_top_region)})
COMPOSE_301	Compose-350	X8_goal_plus_left_basket_4_task	4	true	false	Put the wine bottle on the rack, then turn on the stove, then open the top drawer and put the black bowl inside, and finally put the cream cheese box in the basket.	libero_goal;libero_object	2;7;3;302	put_the_wine_bottle_on_the_rack;turn_on_the_stove;open_the_top_drawer_and_put_the_bowl_inside;pick_up_the_cream_cheese_and_place_it_in_the_basket	Put the wine bottle on the rack | Turn on the stove | Open the top layer of the drawer and put the bowl inside | Pick the cream cheese and place it in the basket	on(wine_bottle_1, wine_rack_1_top_region); turnon(flat_stove_1); in(akita_black_bowl_1, wooden_cabinet_1_top_region); in(cream_cheese_1, basket_1_contain_region)	libero_goal_with_robot_left_basket	One basket is added at the exact robot-left donor coordinate used by LIBERO basket scenes. | A learned cream-cheese-to-basket primitive is composed with compatible Goal clique (2, 3, 7). | Goal component 4 is excluded because it assigns the same cream cheese to a conflicting final destination. | Object identity has its own original LIBERO-Object pick-to-basket trajectory; its pose in the composite scene may differ.	6	0	5	0.0	0	composition|05a0f4aa6ec2927b002a80c1e016371d3df5a67f5230599b7ae1e58a54662be9|frozenset({in(akita_black_bowl_1,wooden_cabinet_1_top_region),in(cream_cheese_1,basket_1_contain_region),on(wine_bottle_1,wine_rack_1_top_region),turnon(flat_stove_1)})
COMPOSE_302	Compose-350	X8_goal_plus_left_basket_4_task	4	true	false	Put the wine bottle on the rack, then open the middle drawer of the cabinet, then open the top drawer and put the black bowl inside, and finally put the cream cheese box in the basket.	libero_goal;libero_object	2;10;3;302	put_the_wine_bottle_on_the_rack;open_the_middle_drawer_of_the_cabinet;open_the_top_drawer_and_put_the_bowl_inside;pick_up_the_cream_cheese_and_place_it_in_the_basket	Put the wine bottle on the rack | Open the middle layer of the drawer | Open the top layer of the drawer and put the bowl inside | Pick the cream cheese and place it in the basket	on(wine_bottle_1, wine_rack_1_top_region); open(wooden_cabinet_1_middle_region); in(akita_black_bowl_1, wooden_cabinet_1_top_region); in(cream_cheese_1, basket_1_contain_region)	libero_goal_with_robot_left_basket	One basket is added at the exact robot-left donor coordinate used by LIBERO basket scenes. | A learned cream-cheese-to-basket primitive is composed with compatible Goal clique (2, 3, 10). | Goal component 4 is excluded because it assigns the same cream cheese to a conflicting final destination. | Object identity has its own original LIBERO-Object pick-to-basket trajectory; its pose in the composite scene may differ.	7	0	5	0.0	0	composition|05a0f4aa6ec2927b002a80c1e016371d3df5a67f5230599b7ae1e58a54662be9|frozenset({in(akita_black_bowl_1,wooden_cabinet_1_top_region),in(cream_cheese_1,basket_1_contain_region),on(wine_bottle_1,wine_rack_1_top_region),open(wooden_cabinet_1_middle_region)})
COMPOSE_303	Compose-350	X8_goal_plus_left_basket_4_task	4	true	false	Put the wine bottle on the rack, then push the plate to the front of the stove, then turn on the stove, and finally put the cream cheese box in the basket.	libero_goal;libero_object	2;6;7;302	put_the_wine_bottle_on_the_rack;push_the_plate_to_the_front_of_the_stove;turn_on_the_stove;pick_up_the_cream_cheese_and_place_it_in_the_basket	Put the wine bottle on the rack | Push the plate to the front of the stove | Turn on the stove | Pick the cream cheese and place it in the basket	on(wine_bottle_1, wine_rack_1_top_region); on(plate_1, main_table_stove_front_region); turnon(flat_stove_1); in(cream_cheese_1, basket_1_contain_region)	libero_goal_with_robot_left_basket	One basket is added at the exact robot-left donor coordinate used by LIBERO basket scenes. | A learned cream-cheese-to-basket primitive is composed with compatible Goal clique (2, 6, 7). | Goal component 4 is excluded because it assigns the same cream cheese to a conflicting final destination. | Object identity has its own original LIBERO-Object pick-to-basket trajectory; its pose in the composite scene may differ.	6	0	5	0.0	0	composition|05a0f4aa6ec2927b002a80c1e016371d3df5a67f5230599b7ae1e58a54662be9|frozenset({in(cream_cheese_1,basket_1_contain_region),on(plate_1,main_table_stove_front_region),on(wine_bottle_1,wine_rack_1_top_region),turnon(flat_stove_1)})
COMPOSE_304	Compose-350	X8_goal_plus_left_basket_4_task	4	true	false	Put the wine bottle on the rack, then push the plate to the front of the stove, then put the black bowl on the stove, and finally put the cream cheese box in the basket.	libero_goal;libero_object	2;6;8;302	put_the_wine_bottle_on_the_rack;push_the_plate_to_the_front_of_the_stove;put_the_bowl_on_the_stove;pick_up_the_cream_cheese_and_place_it_in_the_basket	Put the wine bottle on the rack | Push the plate to the front of the stove | Put the bowl on the stove | Pick the cream cheese and place it in the basket	on(wine_bottle_1, wine_rack_1_top_region); on(plate_1, main_table_stove_front_region); on(akita_black_bowl_1, flat_stove_1_cook_region); in(cream_cheese_1, basket_1_contain_region)	libero_goal_with_robot_left_basket	One basket is added at the exact robot-left donor coordinate used by LIBERO basket scenes. | A learned cream-cheese-to-basket primitive is composed with compatible Goal clique (2, 6, 8). | Goal component 4 is excluded because it assigns the same cream cheese to a conflicting final destination. | Object identity has its own original LIBERO-Object pick-to-basket trajectory; its pose in the composite scene may differ.	7	0	5	0.0	0	composition|05a0f4aa6ec2927b002a80c1e016371d3df5a67f5230599b7ae1e58a54662be9|frozenset({in(cream_cheese_1,basket_1_contain_region),on(akita_black_bowl_1,flat_stove_1_cook_region),on(plate_1,main_table_stove_front_region),on(wine_bottle_1,wine_rack_1_top_region)})
COMPOSE_305	Compose-350	X8_goal_plus_left_basket_4_task	4	true	false	Put the wine bottle on the rack, then push the plate to the front of the stove, then put the black bowl on top of the cabinet, and finally put the cream cheese box in the basket.	libero_goal;libero_object	2;6;9;302	put_the_wine_bottle_on_the_rack;push_the_plate_to_the_front_of_the_stove;put_the_bowl_on_top_of_the_cabinet;pick_up_the_cream_cheese_and_place_it_in_the_basket	Put the wine bottle on the rack | Push the plate to the front of the stove | Put the bowl on the top of the drawer | Pick the cream cheese and place it in the basket	on(wine_bottle_1, wine_rack_1_top_region); on(plate_1, main_table_stove_front_region); on(akita_black_bowl_1, wooden_cabinet_1_top_side); in(cream_cheese_1, basket_1_contain_region)	libero_goal_with_robot_left_basket	One basket is added at the exact robot-left donor coordinate used by LIBERO basket scenes. | A learned cream-cheese-to-basket primitive is composed with compatible Goal clique (2, 6, 9). | Goal component 4 is excluded because it assigns the same cream cheese to a conflicting final destination. | Object identity has its own original LIBERO-Object pick-to-basket trajectory; its pose in the composite scene may differ.	6	0	5	0.0	0	composition|05a0f4aa6ec2927b002a80c1e016371d3df5a67f5230599b7ae1e58a54662be9|frozenset({in(cream_cheese_1,basket_1_contain_region),on(akita_black_bowl_1,wooden_cabinet_1_top_side),on(plate_1,main_table_stove_front_region),on(wine_bottle_1,wine_rack_1_top_region)})
COMPOSE_306	Compose-350	X8_goal_plus_left_basket_4_task	4	true	false	Put the wine bottle on the rack, then push the plate to the front of the stove, then open the middle drawer of the cabinet, and finally put the cream cheese box in the basket.	libero_goal;libero_object	2;6;10;302	put_the_wine_bottle_on_the_rack;push_the_plate_to_the_front_of_the_stove;open_the_middle_drawer_of_the_cabinet;pick_up_the_cream_cheese_and_place_it_in_the_basket	Put the wine bottle on the rack | Push the plate to the front of the stove | Open the middle layer of the drawer | Pick the cream cheese and place it in the basket	on(wine_bottle_1, wine_rack_1_top_region); on(plate_1, main_table_stove_front_region); open(wooden_cabinet_1_middle_region); in(cream_cheese_1, basket_1_contain_region)	libero_goal_with_robot_left_basket	One basket is added at the exact robot-left donor coordinate used by LIBERO basket scenes. | A learned cream-cheese-to-basket primitive is composed with compatible Goal clique (2, 6, 10). | Goal component 4 is excluded because it assigns the same cream cheese to a conflicting final destination. | Object identity has its own original LIBERO-Object pick-to-basket trajectory; its pose in the composite scene may differ.	7	0	5	0.0	0	composition|05a0f4aa6ec2927b002a80c1e016371d3df5a67f5230599b7ae1e58a54662be9|frozenset({in(cream_cheese_1,basket_1_contain_region),on(plate_1,main_table_stove_front_region),on(wine_bottle_1,wine_rack_1_top_region),open(wooden_cabinet_1_middle_region)})
COMPOSE_307	Compose-350	X8_goal_plus_left_basket_4_task	4	true	false	Put the wine bottle on the rack, then turn on the stove, then put the black bowl on the stove, and finally put the cream cheese box in the basket.	libero_goal;libero_object	2;7;8;302	put_the_wine_bottle_on_the_rack;turn_on_the_stove;put_the_bowl_on_the_stove;pick_up_the_cream_cheese_and_place_it_in_the_basket	Put the wine bottle on the rack | Turn on the stove | Put the bowl on the stove | Pick the cream cheese and place it in the basket	on(wine_bottle_1, wine_rack_1_top_region); turnon(flat_stove_1); on(akita_black_bowl_1, flat_stove_1_cook_region); in(cream_cheese_1, basket_1_contain_region)	libero_goal_with_robot_left_basket	One basket is added at the exact robot-left donor coordinate used by LIBERO basket scenes. | A learned cream-cheese-to-basket primitive is composed with compatible Goal clique (2, 7, 8). | Goal component 4 is excluded because it assigns the same cream cheese to a conflicting final destination. | Object identity has its own original LIBERO-Object pick-to-basket trajectory; its pose in the composite scene may differ.	6	0	5	0.0	0	composition|05a0f4aa6ec2927b002a80c1e016371d3df5a67f5230599b7ae1e58a54662be9|frozenset({in(cream_cheese_1,basket_1_contain_region),on(akita_black_bowl_1,flat_stove_1_cook_region),on(wine_bottle_1,wine_rack_1_top_region),turnon(flat_stove_1)})
COMPOSE_308	Compose-350	X8_goal_plus_left_basket_4_task	4	true	false	Put the wine bottle on the rack, then turn on the stove, then put the black bowl on top of the cabinet, and finally put the cream cheese box in the basket.	libero_goal;libero_object	2;7;9;302	put_the_wine_bottle_on_the_rack;turn_on_the_stove;put_the_bowl_on_top_of_the_cabinet;pick_up_the_cream_cheese_and_place_it_in_the_basket	Put the wine bottle on the rack | Turn on the stove | Put the bowl on the top of the drawer | Pick the cream cheese and place it in the basket	on(wine_bottle_1, wine_rack_1_top_region); turnon(flat_stove_1); on(akita_black_bowl_1, wooden_cabinet_1_top_side); in(cream_cheese_1, basket_1_contain_region)	libero_goal_with_robot_left_basket	One basket is added at the exact robot-left donor coordinate used by LIBERO basket scenes. | A learned cream-cheese-to-basket primitive is composed with compatible Goal clique (2, 7, 9). | Goal component 4 is excluded because it assigns the same cream cheese to a conflicting final destination. | Object identity has its own original LIBERO-Object pick-to-basket trajectory; its pose in the composite scene may differ.	7	0	5	0.0	0	composition|05a0f4aa6ec2927b002a80c1e016371d3df5a67f5230599b7ae1e58a54662be9|frozenset({in(cream_cheese_1,basket_1_contain_region),on(akita_black_bowl_1,wooden_cabinet_1_top_side),on(wine_bottle_1,wine_rack_1_top_region),turnon(flat_stove_1)})
COMPOSE_309	Compose-350	X8_goal_plus_left_basket_4_task	4	true	false	Put the wine bottle on the rack, then turn on the stove, then open the middle drawer of the cabinet, and finally put the cream cheese box in the basket.	libero_goal;libero_object	2;7;10;302	put_the_wine_bottle_on_the_rack;turn_on_the_stove;open_the_middle_drawer_of_the_cabinet;pick_up_the_cream_cheese_and_place_it_in_the_basket	Put the wine bottle on the rack | Turn on the stove | Open the middle layer of the drawer | Pick the cream cheese and place it in the basket	on(wine_bottle_1, wine_rack_1_top_region); turnon(flat_stove_1); open(wooden_cabinet_1_middle_region); in(cream_cheese_1, basket_1_contain_region)	libero_goal_with_robot_left_basket	One basket is added at the exact robot-left donor coordinate used by LIBERO basket scenes. | A learned cream-cheese-to-basket primitive is composed with compatible Goal clique (2, 7, 10). | Goal component 4 is excluded because it assigns the same cream cheese to a conflicting final destination. | Object identity has its own original LIBERO-Object pick-to-basket trajectory; its pose in the composite scene may differ.	6	0	5	0.0	0	composition|05a0f4aa6ec2927b002a80c1e016371d3df5a67f5230599b7ae1e58a54662be9|frozenset({in(cream_cheese_1,basket_1_contain_region),on(wine_bottle_1,wine_rack_1_top_region),open(wooden_cabinet_1_middle_region),turnon(flat_stove_1)})
COMPOSE_310	Compose-350	X8_goal_plus_left_basket_4_task	4	true	false	Put the wine bottle on the rack, then open the middle drawer of the cabinet, then put the black bowl on the stove, and finally put the cream cheese box in the basket.	libero_goal;libero_object	2;10;8;302	put_the_wine_bottle_on_the_rack;open_the_middle_drawer_of_the_cabinet;put_the_bowl_on_the_stove;pick_up_the_cream_cheese_and_place_it_in_the_basket	Put the wine bottle on the rack | Open the middle layer of the drawer | Put the bowl on the stove | Pick the cream cheese and place it in the basket	on(wine_bottle_1, wine_rack_1_top_region); open(wooden_cabinet_1_middle_region); on(akita_black_bowl_1, flat_stove_1_cook_region); in(cream_cheese_1, basket_1_contain_region)	libero_goal_with_robot_left_basket	One basket is added at the exact robot-left donor coordinate used by LIBERO basket scenes. | A learned cream-cheese-to-basket primitive is composed with compatible Goal clique (2, 8, 10). | Goal component 4 is excluded because it assigns the same cream cheese to a conflicting final destination. | Object identity has its own original LIBERO-Object pick-to-basket trajectory; its pose in the composite scene may differ.	7	0	5	0.0	0	composition|05a0f4aa6ec2927b002a80c1e016371d3df5a67f5230599b7ae1e58a54662be9|frozenset({in(cream_cheese_1,basket_1_contain_region),on(akita_black_bowl_1,flat_stove_1_cook_region),on(wine_bottle_1,wine_rack_1_top_region),open(wooden_cabinet_1_middle_region)})
COMPOSE_311	Compose-350	X8_goal_plus_left_basket_4_task	4	true	false	Put the wine bottle on the rack, then open the middle drawer of the cabinet, then put the black bowl on top of the cabinet, and finally put the cream cheese box in the basket.	libero_goal;libero_object	2;10;9;302	put_the_wine_bottle_on_the_rack;open_the_middle_drawer_of_the_cabinet;put_the_bowl_on_top_of_the_cabinet;pick_up_the_cream_cheese_and_place_it_in_the_basket	Put the wine bottle on the rack | Open the middle layer of the drawer | Put the bowl on the top of the drawer | Pick the cream cheese and place it in the basket	on(wine_bottle_1, wine_rack_1_top_region); open(wooden_cabinet_1_middle_region); on(akita_black_bowl_1, wooden_cabinet_1_top_side); in(cream_cheese_1, basket_1_contain_region)	libero_goal_with_robot_left_basket	One basket is added at the exact robot-left donor coordinate used by LIBERO basket scenes. | A learned cream-cheese-to-basket primitive is composed with compatible Goal clique (2, 9, 10). | Goal component 4 is excluded because it assigns the same cream cheese to a conflicting final destination. | Object identity has its own original LIBERO-Object pick-to-basket trajectory; its pose in the composite scene may differ.	6	0	5	0.0	0	composition|05a0f4aa6ec2927b002a80c1e016371d3df5a67f5230599b7ae1e58a54662be9|frozenset({in(cream_cheese_1,basket_1_contain_region),on(akita_black_bowl_1,wooden_cabinet_1_top_side),on(wine_bottle_1,wine_rack_1_top_region),open(wooden_cabinet_1_middle_region)})
COMPOSE_312	Compose-350	X8_goal_plus_left_basket_4_task	4	true	false	Put the wine bottle on top of the cabinet, then push the plate to the front of the stove, then open the top drawer and put the black bowl inside, and finally put the cream cheese box in the basket.	libero_goal;libero_object	5;6;3;302	put_the_wine_bottle_on_top_of_the_cabinet;push_the_plate_to_the_front_of_the_stove;open_the_top_drawer_and_put_the_bowl_inside;pick_up_the_cream_cheese_and_place_it_in_the_basket	Put the wine bottle on the top of the drawer | Push the plate to the front of the stove | Open the top layer of the drawer and put the bowl inside | Pick the cream cheese and place it in the basket	on(wine_bottle_1, wooden_cabinet_1_top_side); on(plate_1, main_table_stove_front_region); in(akita_black_bowl_1, wooden_cabinet_1_top_region); in(cream_cheese_1, basket_1_contain_region)	libero_goal_with_robot_left_basket	One basket is added at the exact robot-left donor coordinate used by LIBERO basket scenes. | A learned cream-cheese-to-basket primitive is composed with compatible Goal clique (3, 5, 6). | Goal component 4 is excluded because it assigns the same cream cheese to a conflicting final destination. | Object identity has its own original LIBERO-Object pick-to-basket trajectory; its pose in the composite scene may differ.	7	0	5	0.0	0	composition|05a0f4aa6ec2927b002a80c1e016371d3df5a67f5230599b7ae1e58a54662be9|frozenset({in(akita_black_bowl_1,wooden_cabinet_1_top_region),in(cream_cheese_1,basket_1_contain_region),on(plate_1,main_table_stove_front_region),on(wine_bottle_1,wooden_cabinet_1_top_side)})
COMPOSE_313	Compose-350	X8_goal_plus_left_basket_4_task	4	true	false	Put the wine bottle on top of the cabinet, then turn on the stove, then open the top drawer and put the black bowl inside, and finally put the cream cheese box in the basket.	libero_goal;libero_object	5;7;3;302	put_the_wine_bottle_on_top_of_the_cabinet;turn_on_the_stove;open_the_top_drawer_and_put_the_bowl_inside;pick_up_the_cream_cheese_and_place_it_in_the_basket	Put the wine bottle on the top of the drawer | Turn on the stove | Open the top layer of the drawer and put the bowl inside | Pick the cream cheese and place it in the basket	on(wine_bottle_1, wooden_cabinet_1_top_side); turnon(flat_stove_1); in(akita_black_bowl_1, wooden_cabinet_1_top_region); in(cream_cheese_1, basket_1_contain_region)	libero_goal_with_robot_left_basket	One basket is added at the exact robot-left donor coordinate used by LIBERO basket scenes. | A learned cream-cheese-to-basket primitive is composed with compatible Goal clique (3, 5, 7). | Goal component 4 is excluded because it assigns the same cream cheese to a conflicting final destination. | Object identity has its own original LIBERO-Object pick-to-basket trajectory; its pose in the composite scene may differ.	6	0	5	0.0	0	composition|05a0f4aa6ec2927b002a80c1e016371d3df5a67f5230599b7ae1e58a54662be9|frozenset({in(akita_black_bowl_1,wooden_cabinet_1_top_region),in(cream_cheese_1,basket_1_contain_region),on(wine_bottle_1,wooden_cabinet_1_top_side),turnon(flat_stove_1)})
COMPOSE_314	Compose-350	X8_goal_plus_left_basket_4_task	4	true	false	Put the wine bottle on top of the cabinet, then open the middle drawer of the cabinet, then open the top drawer and put the black bowl inside, and finally put the cream cheese box in the basket.	libero_goal;libero_object	5;10;3;302	put_the_wine_bottle_on_top_of_the_cabinet;open_the_middle_drawer_of_the_cabinet;open_the_top_drawer_and_put_the_bowl_inside;pick_up_the_cream_cheese_and_place_it_in_the_basket	Put the wine bottle on the top of the drawer | Open the middle layer of the drawer | Open the top layer of the drawer and put the bowl inside | Pick the cream cheese and place it in the basket	on(wine_bottle_1, wooden_cabinet_1_top_side); open(wooden_cabinet_1_middle_region); in(akita_black_bowl_1, wooden_cabinet_1_top_region); in(cream_cheese_1, basket_1_contain_region)	libero_goal_with_robot_left_basket	One basket is added at the exact robot-left donor coordinate used by LIBERO basket scenes. | A learned cream-cheese-to-basket primitive is composed with compatible Goal clique (3, 5, 10). | Goal component 4 is excluded because it assigns the same cream cheese to a conflicting final destination. | Object identity has its own original LIBERO-Object pick-to-basket trajectory; its pose in the composite scene may differ.	7	0	5	0.0	0	composition|05a0f4aa6ec2927b002a80c1e016371d3df5a67f5230599b7ae1e58a54662be9|frozenset({in(akita_black_bowl_1,wooden_cabinet_1_top_region),in(cream_cheese_1,basket_1_contain_region),on(wine_bottle_1,wooden_cabinet_1_top_side),open(wooden_cabinet_1_middle_region)})
COMPOSE_315	Compose-350	X8_goal_plus_left_basket_4_task	4	true	false	Push the plate to the front of the stove, then turn on the stove, then open the top drawer and put the black bowl inside, and finally put the cream cheese box in the basket.	libero_goal;libero_object	6;7;3;302	push_the_plate_to_the_front_of_the_stove;turn_on_the_stove;open_the_top_drawer_and_put_the_bowl_inside;pick_up_the_cream_cheese_and_place_it_in_the_basket	Push the plate to the front of the stove | Turn on the stove | Open the top layer of the drawer and put the bowl inside | Pick the cream cheese and place it in the basket	on(plate_1, main_table_stove_front_region); turnon(flat_stove_1); in(akita_black_bowl_1, wooden_cabinet_1_top_region); in(cream_cheese_1, basket_1_contain_region)	libero_goal_with_robot_left_basket	One basket is added at the exact robot-left donor coordinate used by LIBERO basket scenes. | A learned cream-cheese-to-basket primitive is composed with compatible Goal clique (3, 6, 7). | Goal component 4 is excluded because it assigns the same cream cheese to a conflicting final destination. | Object identity has its own original LIBERO-Object pick-to-basket trajectory; its pose in the composite scene may differ.	6	0	5	0.0	0	composition|05a0f4aa6ec2927b002a80c1e016371d3df5a67f5230599b7ae1e58a54662be9|frozenset({in(akita_black_bowl_1,wooden_cabinet_1_top_region),in(cream_cheese_1,basket_1_contain_region),on(plate_1,main_table_stove_front_region),turnon(flat_stove_1)})
COMPOSE_316	Compose-350	X8_goal_plus_left_basket_4_task	4	true	false	Push the plate to the front of the stove, then open the middle drawer of the cabinet, then open the top drawer and put the black bowl inside, and finally put the cream cheese box in the basket.	libero_goal;libero_object	6;10;3;302	push_the_plate_to_the_front_of_the_stove;open_the_middle_drawer_of_the_cabinet;open_the_top_drawer_and_put_the_bowl_inside;pick_up_the_cream_cheese_and_place_it_in_the_basket	Push the plate to the front of the stove | Open the middle layer of the drawer | Open the top layer of the drawer and put the bowl inside | Pick the cream cheese and place it in the basket	on(plate_1, main_table_stove_front_region); open(wooden_cabinet_1_middle_region); in(akita_black_bowl_1, wooden_cabinet_1_top_region); in(cream_cheese_1, basket_1_contain_region)	libero_goal_with_robot_left_basket	One basket is added at the exact robot-left donor coordinate used by LIBERO basket scenes. | A learned cream-cheese-to-basket primitive is composed with compatible Goal clique (3, 6, 10). | Goal component 4 is excluded because it assigns the same cream cheese to a conflicting final destination. | Object identity has its own original LIBERO-Object pick-to-basket trajectory; its pose in the composite scene may differ.	7	0	5	0.0	0	composition|05a0f4aa6ec2927b002a80c1e016371d3df5a67f5230599b7ae1e58a54662be9|frozenset({in(akita_black_bowl_1,wooden_cabinet_1_top_region),in(cream_cheese_1,basket_1_contain_region),on(plate_1,main_table_stove_front_region),open(wooden_cabinet_1_middle_region)})
COMPOSE_317	Compose-350	X8_goal_plus_left_basket_4_task	4	true	false	Turn on the stove, then open the middle drawer of the cabinet, then open the top drawer and put the black bowl inside, and finally put the cream cheese box in the basket.	libero_goal;libero_object	7;10;3;302	turn_on_the_stove;open_the_middle_drawer_of_the_cabinet;open_the_top_drawer_and_put_the_bowl_inside;pick_up_the_cream_cheese_and_place_it_in_the_basket	Turn on the stove | Open the middle layer of the drawer | Open the top layer of the drawer and put the bowl inside | Pick the cream cheese and place it in the basket	turnon(flat_stove_1); open(wooden_cabinet_1_middle_region); in(akita_black_bowl_1, wooden_cabinet_1_top_region); in(cream_cheese_1, basket_1_contain_region)	libero_goal_with_robot_left_basket	One basket is added at the exact robot-left donor coordinate used by LIBERO basket scenes. | A learned cream-cheese-to-basket primitive is composed with compatible Goal clique (3, 7, 10). | Goal component 4 is excluded because it assigns the same cream cheese to a conflicting final destination. | Object identity has its own original LIBERO-Object pick-to-basket trajectory; its pose in the composite scene may differ.	6	0	5	0.0	0	composition|05a0f4aa6ec2927b002a80c1e016371d3df5a67f5230599b7ae1e58a54662be9|frozenset({in(akita_black_bowl_1,wooden_cabinet_1_top_region),in(cream_cheese_1,basket_1_contain_region),open(wooden_cabinet_1_middle_region),turnon(flat_stove_1)})
COMPOSE_318	Compose-350	X8_goal_plus_left_basket_4_task	4	true	false	Put the wine bottle on top of the cabinet, then push the plate to the front of the stove, then turn on the stove, and finally put the cream cheese box in the basket.	libero_goal;libero_object	5;6;7;302	put_the_wine_bottle_on_top_of_the_cabinet;push_the_plate_to_the_front_of_the_stove;turn_on_the_stove;pick_up_the_cream_cheese_and_place_it_in_the_basket	Put the wine bottle on the top of the drawer | Push the plate to the front of the stove | Turn on the stove | Pick the cream cheese and place it in the basket	on(wine_bottle_1, wooden_cabinet_1_top_side); on(plate_1, main_table_stove_front_region); turnon(flat_stove_1); in(cream_cheese_1, basket_1_contain_region)	libero_goal_with_robot_left_basket	One basket is added at the exact robot-left donor coordinate used by LIBERO basket scenes. | A learned cream-cheese-to-basket primitive is composed with compatible Goal clique (5, 6, 7). | Goal component 4 is excluded because it assigns the same cream cheese to a conflicting final destination. | Object identity has its own original LIBERO-Object pick-to-basket trajectory; its pose in the composite scene may differ.	7	0	5	0.0	0	composition|05a0f4aa6ec2927b002a80c1e016371d3df5a67f5230599b7ae1e58a54662be9|frozenset({in(cream_cheese_1,basket_1_contain_region),on(plate_1,main_table_stove_front_region),on(wine_bottle_1,wooden_cabinet_1_top_side),turnon(flat_stove_1)})
COMPOSE_319	Compose-350	X8_goal_plus_left_basket_4_task	4	true	false	Put the wine bottle on top of the cabinet, then push the plate to the front of the stove, then put the black bowl on the stove, and finally put the cream cheese box in the basket.	libero_goal;libero_object	5;6;8;302	put_the_wine_bottle_on_top_of_the_cabinet;push_the_plate_to_the_front_of_the_stove;put_the_bowl_on_the_stove;pick_up_the_cream_cheese_and_place_it_in_the_basket	Put the wine bottle on the top of the drawer | Push the plate to the front of the stove | Put the bowl on the stove | Pick the cream cheese and place it in the basket	on(wine_bottle_1, wooden_cabinet_1_top_side); on(plate_1, main_table_stove_front_region); on(akita_black_bowl_1, flat_stove_1_cook_region); in(cream_cheese_1, basket_1_contain_region)	libero_goal_with_robot_left_basket	One basket is added at the exact robot-left donor coordinate used by LIBERO basket scenes. | A learned cream-cheese-to-basket primitive is composed with compatible Goal clique (5, 6, 8). | Goal component 4 is excluded because it assigns the same cream cheese to a conflicting final destination. | Object identity has its own original LIBERO-Object pick-to-basket trajectory; its pose in the composite scene may differ.	6	0	5	0.0	0	composition|05a0f4aa6ec2927b002a80c1e016371d3df5a67f5230599b7ae1e58a54662be9|frozenset({in(cream_cheese_1,basket_1_contain_region),on(akita_black_bowl_1,flat_stove_1_cook_region),on(plate_1,main_table_stove_front_region),on(wine_bottle_1,wooden_cabinet_1_top_side)})
COMPOSE_320	Compose-350	X8_goal_plus_left_basket_4_task	4	true	false	Put the wine bottle on top of the cabinet, then push the plate to the front of the stove, then open the middle drawer of the cabinet, and finally put the cream cheese box in the basket.	libero_goal;libero_object	5;6;10;302	put_the_wine_bottle_on_top_of_the_cabinet;push_the_plate_to_the_front_of_the_stove;open_the_middle_drawer_of_the_cabinet;pick_up_the_cream_cheese_and_place_it_in_the_basket	Put the wine bottle on the top of the drawer | Push the plate to the front of the stove | Open the middle layer of the drawer | Pick the cream cheese and place it in the basket	on(wine_bottle_1, wooden_cabinet_1_top_side); on(plate_1, main_table_stove_front_region); open(wooden_cabinet_1_middle_region); in(cream_cheese_1, basket_1_contain_region)	libero_goal_with_robot_left_basket	One basket is added at the exact robot-left donor coordinate used by LIBERO basket scenes. | A learned cream-cheese-to-basket primitive is composed with compatible Goal clique (5, 6, 10). | Goal component 4 is excluded because it assigns the same cream cheese to a conflicting final destination. | Object identity has its own original LIBERO-Object pick-to-basket trajectory; its pose in the composite scene may differ.	7	0	5	0.0	0	composition|05a0f4aa6ec2927b002a80c1e016371d3df5a67f5230599b7ae1e58a54662be9|frozenset({in(cream_cheese_1,basket_1_contain_region),on(plate_1,main_table_stove_front_region),on(wine_bottle_1,wooden_cabinet_1_top_side),open(wooden_cabinet_1_middle_region)})
COMPOSE_321	Compose-350	X8_goal_plus_left_basket_4_task	4	true	false	Put the wine bottle on top of the cabinet, then turn on the stove, then put the black bowl on the stove, and finally put the cream cheese box in the basket.	libero_goal;libero_object	5;7;8;302	put_the_wine_bottle_on_top_of_the_cabinet;turn_on_the_stove;put_the_bowl_on_the_stove;pick_up_the_cream_cheese_and_place_it_in_the_basket	Put the wine bottle on the top of the drawer | Turn on the stove | Put the bowl on the stove | Pick the cream cheese and place it in the basket	on(wine_bottle_1, wooden_cabinet_1_top_side); turnon(flat_stove_1); on(akita_black_bowl_1, flat_stove_1_cook_region); in(cream_cheese_1, basket_1_contain_region)	libero_goal_with_robot_left_basket	One basket is added at the exact robot-left donor coordinate used by LIBERO basket scenes. | A learned cream-cheese-to-basket primitive is composed with compatible Goal clique (5, 7, 8). | Goal component 4 is excluded because it assigns the same cream cheese to a conflicting final destination. | Object identity has its own original LIBERO-Object pick-to-basket trajectory; its pose in the composite scene may differ.	6	0	5	0.0	0	composition|05a0f4aa6ec2927b002a80c1e016371d3df5a67f5230599b7ae1e58a54662be9|frozenset({in(cream_cheese_1,basket_1_contain_region),on(akita_black_bowl_1,flat_stove_1_cook_region),on(wine_bottle_1,wooden_cabinet_1_top_side),turnon(flat_stove_1)})
COMPOSE_322	Compose-350	X8_goal_plus_left_basket_4_task	4	true	false	Put the wine bottle on top of the cabinet, then turn on the stove, then open the middle drawer of the cabinet, and finally put the cream cheese box in the basket.	libero_goal;libero_object	5;7;10;302	put_the_wine_bottle_on_top_of_the_cabinet;turn_on_the_stove;open_the_middle_drawer_of_the_cabinet;pick_up_the_cream_cheese_and_place_it_in_the_basket	Put the wine bottle on the top of the drawer | Turn on the stove | Open the middle layer of the drawer | Pick the cream cheese and place it in the basket	on(wine_bottle_1, wooden_cabinet_1_top_side); turnon(flat_stove_1); open(wooden_cabinet_1_middle_region); in(cream_cheese_1, basket_1_contain_region)	libero_goal_with_robot_left_basket	One basket is added at the exact robot-left donor coordinate used by LIBERO basket scenes. | A learned cream-cheese-to-basket primitive is composed with compatible Goal clique (5, 7, 10). | Goal component 4 is excluded because it assigns the same cream cheese to a conflicting final destination. | Object identity has its own original LIBERO-Object pick-to-basket trajectory; its pose in the composite scene may differ.	7	0	5	0.0	0	composition|05a0f4aa6ec2927b002a80c1e016371d3df5a67f5230599b7ae1e58a54662be9|frozenset({in(cream_cheese_1,basket_1_contain_region),on(wine_bottle_1,wooden_cabinet_1_top_side),open(wooden_cabinet_1_middle_region),turnon(flat_stove_1)})
COMPOSE_323	Compose-350	X8_goal_plus_left_basket_4_task	4	true	false	Put the wine bottle on top of the cabinet, then open the middle drawer of the cabinet, then put the black bowl on the stove, and finally put the cream cheese box in the basket.	libero_goal;libero_object	5;10;8;302	put_the_wine_bottle_on_top_of_the_cabinet;open_the_middle_drawer_of_the_cabinet;put_the_bowl_on_the_stove;pick_up_the_cream_cheese_and_place_it_in_the_basket	Put the wine bottle on the top of the drawer | Open the middle layer of the drawer | Put the bowl on the stove | Pick the cream cheese and place it in the basket	on(wine_bottle_1, wooden_cabinet_1_top_side); open(wooden_cabinet_1_middle_region); on(akita_black_bowl_1, flat_stove_1_cook_region); in(cream_cheese_1, basket_1_contain_region)	libero_goal_with_robot_left_basket	One basket is added at the exact robot-left donor coordinate used by LIBERO basket scenes. | A learned cream-cheese-to-basket primitive is composed with compatible Goal clique (5, 8, 10). | Goal component 4 is excluded because it assigns the same cream cheese to a conflicting final destination. | Object identity has its own original LIBERO-Object pick-to-basket trajectory; its pose in the composite scene may differ.	6	0	5	0.0	0	composition|05a0f4aa6ec2927b002a80c1e016371d3df5a67f5230599b7ae1e58a54662be9|frozenset({in(cream_cheese_1,basket_1_contain_region),on(akita_black_bowl_1,flat_stove_1_cook_region),on(wine_bottle_1,wooden_cabinet_1_top_side),open(wooden_cabinet_1_middle_region)})
COMPOSE_324	Compose-350	X8_goal_plus_left_basket_4_task	4	true	false	Push the plate to the front of the stove, then turn on the stove, then put the black bowl on the stove, and finally put the cream cheese box in the basket.	libero_goal;libero_object	6;7;8;302	push_the_plate_to_the_front_of_the_stove;turn_on_the_stove;put_the_bowl_on_the_stove;pick_up_the_cream_cheese_and_place_it_in_the_basket	Push the plate to the front of the stove | Turn on the stove | Put the bowl on the stove | Pick the cream cheese and place it in the basket	on(plate_1, main_table_stove_front_region); turnon(flat_stove_1); on(akita_black_bowl_1, flat_stove_1_cook_region); in(cream_cheese_1, basket_1_contain_region)	libero_goal_with_robot_left_basket	One basket is added at the exact robot-left donor coordinate used by LIBERO basket scenes. | A learned cream-cheese-to-basket primitive is composed with compatible Goal clique (6, 7, 8). | Goal component 4 is excluded because it assigns the same cream cheese to a conflicting final destination. | Object identity has its own original LIBERO-Object pick-to-basket trajectory; its pose in the composite scene may differ.	7	0	5	0.0	0	composition|05a0f4aa6ec2927b002a80c1e016371d3df5a67f5230599b7ae1e58a54662be9|frozenset({in(cream_cheese_1,basket_1_contain_region),on(akita_black_bowl_1,flat_stove_1_cook_region),on(plate_1,main_table_stove_front_region),turnon(flat_stove_1)})
COMPOSE_325	Compose-350	X8_goal_plus_left_basket_4_task	4	true	false	Push the plate to the front of the stove, then turn on the stove, then put the black bowl on top of the cabinet, and finally put the cream cheese box in the basket.	libero_goal;libero_object	6;7;9;302	push_the_plate_to_the_front_of_the_stove;turn_on_the_stove;put_the_bowl_on_top_of_the_cabinet;pick_up_the_cream_cheese_and_place_it_in_the_basket	Push the plate to the front of the stove | Turn on the stove | Put the bowl on the top of the drawer | Pick the cream cheese and place it in the basket	on(plate_1, main_table_stove_front_region); turnon(flat_stove_1); on(akita_black_bowl_1, wooden_cabinet_1_top_side); in(cream_cheese_1, basket_1_contain_region)	libero_goal_with_robot_left_basket	One basket is added at the exact robot-left donor coordinate used by LIBERO basket scenes. | A learned cream-cheese-to-basket primitive is composed with compatible Goal clique (6, 7, 9). | Goal component 4 is excluded because it assigns the same cream cheese to a conflicting final destination. | Object identity has its own original LIBERO-Object pick-to-basket trajectory; its pose in the composite scene may differ.	6	0	5	0.0	0	composition|05a0f4aa6ec2927b002a80c1e016371d3df5a67f5230599b7ae1e58a54662be9|frozenset({in(cream_cheese_1,basket_1_contain_region),on(akita_black_bowl_1,wooden_cabinet_1_top_side),on(plate_1,main_table_stove_front_region),turnon(flat_stove_1)})
COMPOSE_326	Compose-350	X8_goal_plus_left_basket_4_task	4	true	false	Push the plate to the front of the stove, then turn on the stove, then open the middle drawer of the cabinet, and finally put the cream cheese box in the basket.	libero_goal;libero_object	6;7;10;302	push_the_plate_to_the_front_of_the_stove;turn_on_the_stove;open_the_middle_drawer_of_the_cabinet;pick_up_the_cream_cheese_and_place_it_in_the_basket	Push the plate to the front of the stove | Turn on the stove | Open the middle layer of the drawer | Pick the cream cheese and place it in the basket	on(plate_1, main_table_stove_front_region); turnon(flat_stove_1); open(wooden_cabinet_1_middle_region); in(cream_cheese_1, basket_1_contain_region)	libero_goal_with_robot_left_basket	One basket is added at the exact robot-left donor coordinate used by LIBERO basket scenes. | A learned cream-cheese-to-basket primitive is composed with compatible Goal clique (6, 7, 10). | Goal component 4 is excluded because it assigns the same cream cheese to a conflicting final destination. | Object identity has its own original LIBERO-Object pick-to-basket trajectory; its pose in the composite scene may differ.	7	0	5	0.0	0	composition|05a0f4aa6ec2927b002a80c1e016371d3df5a67f5230599b7ae1e58a54662be9|frozenset({in(cream_cheese_1,basket_1_contain_region),on(plate_1,main_table_stove_front_region),open(wooden_cabinet_1_middle_region),turnon(flat_stove_1)})
COMPOSE_327	Compose-350	X8_goal_plus_left_basket_4_task	4	true	false	Push the plate to the front of the stove, then open the middle drawer of the cabinet, then put the black bowl on the stove, and finally put the cream cheese box in the basket.	libero_goal;libero_object	6;10;8;302	push_the_plate_to_the_front_of_the_stove;open_the_middle_drawer_of_the_cabinet;put_the_bowl_on_the_stove;pick_up_the_cream_cheese_and_place_it_in_the_basket	Push the plate to the front of the stove | Open the middle layer of the drawer | Put the bowl on the stove | Pick the cream cheese and place it in the basket	on(plate_1, main_table_stove_front_region); open(wooden_cabinet_1_middle_region); on(akita_black_bowl_1, flat_stove_1_cook_region); in(cream_cheese_1, basket_1_contain_region)	libero_goal_with_robot_left_basket	One basket is added at the exact robot-left donor coordinate used by LIBERO basket scenes. | A learned cream-cheese-to-basket primitive is composed with compatible Goal clique (6, 8, 10). | Goal component 4 is excluded because it assigns the same cream cheese to a conflicting final destination. | Object identity has its own original LIBERO-Object pick-to-basket trajectory; its pose in the composite scene may differ.	6	0	5	0.0	0	composition|05a0f4aa6ec2927b002a80c1e016371d3df5a67f5230599b7ae1e58a54662be9|frozenset({in(cream_cheese_1,basket_1_contain_region),on(akita_black_bowl_1,flat_stove_1_cook_region),on(plate_1,main_table_stove_front_region),open(wooden_cabinet_1_middle_region)})
COMPOSE_328	Compose-350	X8_goal_plus_left_basket_4_task	4	true	false	Push the plate to the front of the stove, then open the middle drawer of the cabinet, then put the black bowl on top of the cabinet, and finally put the cream cheese box in the basket.	libero_goal;libero_object	6;10;9;302	push_the_plate_to_the_front_of_the_stove;open_the_middle_drawer_of_the_cabinet;put_the_bowl_on_top_of_the_cabinet;pick_up_the_cream_cheese_and_place_it_in_the_basket	Push the plate to the front of the stove | Open the middle layer of the drawer | Put the bowl on the top of the drawer | Pick the cream cheese and place it in the basket	on(plate_1, main_table_stove_front_region); open(wooden_cabinet_1_middle_region); on(akita_black_bowl_1, wooden_cabinet_1_top_side); in(cream_cheese_1, basket_1_contain_region)	libero_goal_with_robot_left_basket	One basket is added at the exact robot-left donor coordinate used by LIBERO basket scenes. | A learned cream-cheese-to-basket primitive is composed with compatible Goal clique (6, 9, 10). | Goal component 4 is excluded because it assigns the same cream cheese to a conflicting final destination. | Object identity has its own original LIBERO-Object pick-to-basket trajectory; its pose in the composite scene may differ.	7	0	5	0.0	0	composition|05a0f4aa6ec2927b002a80c1e016371d3df5a67f5230599b7ae1e58a54662be9|frozenset({in(cream_cheese_1,basket_1_contain_region),on(akita_black_bowl_1,wooden_cabinet_1_top_side),on(plate_1,main_table_stove_front_region),open(wooden_cabinet_1_middle_region)})
COMPOSE_329	Compose-350	X8_goal_plus_left_basket_4_task	4	true	false	Turn on the stove, then open the middle drawer of the cabinet, then put the black bowl on the stove, and finally put the cream cheese box in the basket.	libero_goal;libero_object	7;10;8;302	turn_on_the_stove;open_the_middle_drawer_of_the_cabinet;put_the_bowl_on_the_stove;pick_up_the_cream_cheese_and_place_it_in_the_basket	Turn on the stove | Open the middle layer of the drawer | Put the bowl on the stove | Pick the cream cheese and place it in the basket	turnon(flat_stove_1); open(wooden_cabinet_1_middle_region); on(akita_black_bowl_1, flat_stove_1_cook_region); in(cream_cheese_1, basket_1_contain_region)	libero_goal_with_robot_left_basket	One basket is added at the exact robot-left donor coordinate used by LIBERO basket scenes. | A learned cream-cheese-to-basket primitive is composed with compatible Goal clique (7, 8, 10). | Goal component 4 is excluded because it assigns the same cream cheese to a conflicting final destination. | Object identity has its own original LIBERO-Object pick-to-basket trajectory; its pose in the composite scene may differ.	6	0	5	0.0	0	composition|05a0f4aa6ec2927b002a80c1e016371d3df5a67f5230599b7ae1e58a54662be9|frozenset({in(cream_cheese_1,basket_1_contain_region),on(akita_black_bowl_1,flat_stove_1_cook_region),open(wooden_cabinet_1_middle_region),turnon(flat_stove_1)})
COMPOSE_330	Compose-350	X8_goal_plus_left_basket_4_task	4	true	false	Turn on the stove, then open the middle drawer of the cabinet, then put the black bowl on top of the cabinet, and finally put the cream cheese box in the basket.	libero_goal;libero_object	7;10;9;302	turn_on_the_stove;open_the_middle_drawer_of_the_cabinet;put_the_bowl_on_top_of_the_cabinet;pick_up_the_cream_cheese_and_place_it_in_the_basket	Turn on the stove | Open the middle layer of the drawer | Put the bowl on the top of the drawer | Pick the cream cheese and place it in the basket	turnon(flat_stove_1); open(wooden_cabinet_1_middle_region); on(akita_black_bowl_1, wooden_cabinet_1_top_side); in(cream_cheese_1, basket_1_contain_region)	libero_goal_with_robot_left_basket	One basket is added at the exact robot-left donor coordinate used by LIBERO basket scenes. | A learned cream-cheese-to-basket primitive is composed with compatible Goal clique (7, 9, 10). | Goal component 4 is excluded because it assigns the same cream cheese to a conflicting final destination. | Object identity has its own original LIBERO-Object pick-to-basket trajectory; its pose in the composite scene may differ.	7	0	5	0.0	0	composition|05a0f4aa6ec2927b002a80c1e016371d3df5a67f5230599b7ae1e58a54662be9|frozenset({in(cream_cheese_1,basket_1_contain_region),on(akita_black_bowl_1,wooden_cabinet_1_top_side),open(wooden_cabinet_1_middle_region),turnon(flat_stove_1)})
COMPOSE_331	Compose-350	X9_goal_open_insert_close_sequence	3	false	true	Open the top drawer, then put the black bowl inside the open top drawer, and finally close the top drawer.	libero_goal;libero_10	3;103	open_the_top_drawer_and_put_the_bowl_inside;KITCHEN_SCENE4_put_the_black_bowl_in_the_bottom_drawer_of_the_cabinet_and_close_it	Open the top layer of the drawer and put the bowl inside | put the black bowl in the bottom drawer of the cabinet and close it	in(akita_black_bowl_1, wooden_cabinet_1_top_region); close(wooden_cabinet_1_top_region)	libero_goal_shared_scene_close_sequence	Ordered scoring proves open -> insert -> close; a final closed drawer alone cannot satisfy the task. | This exact drawer-opening subtrajectory is present in the cited LIBERO-40 task. | Exact bowl-in-top-drawer continuation from LIBERO-Goal task 04. | Closing a drawer is learned in LIBERO-10 Scene4, but applying it to the top wooden drawer is a requested same-fixture-class transfer.	6	0	5	0.0	0	composition|3f474b285ddc2e6e7e375309ab9cbd20d9a618ab3520cafd769b89fad2c6a2d1|frozenset({close(wooden_cabinet_1_top_region),in(akita_black_bowl_1,wooden_cabinet_1_top_region)})
COMPOSE_332	Compose-350	X9_goal_open_insert_close_sequence	4	false	true	Open the top drawer, then put the black bowl inside the open top drawer, then close the top drawer, and finally open the middle drawer of the cabinet.	libero_goal;libero_10	3;103;10	open_the_top_drawer_and_put_the_bowl_inside;KITCHEN_SCENE4_put_the_black_bowl_in_the_bottom_drawer_of_the_cabinet_and_close_it;open_the_middle_drawer_of_the_cabinet	Open the top layer of the drawer and put the bowl inside | put the black bowl in the bottom drawer of the cabinet and close it | Open the middle layer of the drawer	in(akita_black_bowl_1, wooden_cabinet_1_top_region); close(wooden_cabinet_1_top_region); open(wooden_cabinet_1_middle_region)	libero_goal_shared_scene_close_sequence	Ordered scoring proves open top -> insert -> close top -> open middle. | This exact drawer-opening subtrajectory is present in the cited LIBERO-40 task. | Exact bowl-in-top-drawer continuation from LIBERO-Goal task 04. | Closing a drawer is learned in LIBERO-10 Scene4, but applying it to the top wooden drawer is a requested same-fixture-class transfer.	7	0	5	0.0	0	composition|3f474b285ddc2e6e7e375309ab9cbd20d9a618ab3520cafd769b89fad2c6a2d1|frozenset({close(wooden_cabinet_1_top_region),in(akita_black_bowl_1,wooden_cabinet_1_top_region),open(wooden_cabinet_1_middle_region)})
COMPOSE_333	Compose-350	X10_kitchen3_two_stove_temporal_transfer	3	true	true	Turn on the first stove, then put the moka pot on the first stove, and finally move the moka pot to the other stove.	libero_10	101	KITCHEN_SCENE3_turn_on_the_stove_and_put_the_moka_pot_on_it	turn on the stove and put the moka pot on it	turnon(flat_stove_1); on(moka_pot_1, flat_stove_2_cook_region)	libero10_kitchen3_two_opposed_stoves_no_frypan	The second stove uses the exact opposite-side KITCHEN_SCENE8 stove coordinate and unchanged orientation. | The frypan is removed because its original pose intersects the added stove footprint. | Each turn mask names only the requested stove instance's rotary button. | Exact learned stove-on primitive transferred only across repeated instances of the same flat-stove class. | Exact moka-pot-to-flat-stove relation, transferred across same-class stove instances. | Exact moka-pot-to-flat-stove relation, transferred across same-class stove instances.	6	0	5	0.0	0	composition|f021976f10e2e66762cf8204aa6f8d87c100ade8582c0673138e052d2d547ca7|frozenset({on(moka_pot_1,flat_stove_2_cook_region),turnon(flat_stove_1)})
COMPOSE_334	Compose-350	X10_kitchen3_two_stove_temporal_transfer	3	true	true	Turn on the second stove, then put the moka pot on the second stove, and finally move the moka pot to the other stove.	libero_10	101	KITCHEN_SCENE3_turn_on_the_stove_and_put_the_moka_pot_on_it	turn on the stove and put the moka pot on it	turnon(flat_stove_2); on(moka_pot_1, flat_stove_1_cook_region)	libero10_kitchen3_two_opposed_stoves_no_frypan	The second stove uses the exact opposite-side KITCHEN_SCENE8 stove coordinate and unchanged orientation. | The frypan is removed because its original pose intersects the added stove footprint. | Each turn mask names only the requested stove instance's rotary button. | Exact learned stove-on primitive transferred only across repeated instances of the same flat-stove class. | Exact moka-pot-to-flat-stove relation, transferred across same-class stove instances. | Exact moka-pot-to-flat-stove relation, transferred across same-class stove instances.	7	0	5	0.0	0	composition|f021976f10e2e66762cf8204aa6f8d87c100ade8582c0673138e052d2d547ca7|frozenset({on(moka_pot_1,flat_stove_1_cook_region),turnon(flat_stove_2)})
COMPOSE_335	Compose-350	X11_kitchen4_goal_two_cabinet_hybrid	2	true	false	Put the black bowl in the bottom drawer of the left white cabinet, and then close the bottom drawer of the left white cabinet.	libero_10	103	KITCHEN_SCENE4_put_the_black_bowl_in_the_bottom_drawer_of_the_cabinet_and_close_it	put the black bowl in the bottom drawer of the cabinet and close it	in(akita_black_bowl_1, white_cabinet_1_bottom_region); close(white_cabinet_1_bottom_region)	libero10_kitchen4_plus_goal_right_drawer_and_rack	The original left white cabinet is unchanged; a Goal wooden cabinet is added at its exact original right-side pose. | The existing rack is moved to its exact Goal pose to avoid overlap with the added wooden cabinet.	6	4	5	80.0	4	composition|242b6ed12734ae1c6cadd1a3e6700dfe18aaf15fd69bbce2aef21dea87f379c5|frozenset({close(white_cabinet_1_bottom_region),in(akita_black_bowl_1,white_cabinet_1_bottom_region)})
COMPOSE_336	Compose-350	X11_kitchen4_goal_two_cabinet_hybrid	2	true	false	Put the black bowl in the bottom drawer of the left white cabinet, and then put the wine bottle on top of the right wooden cabinet.	libero_10;libero_goal	103;5	KITCHEN_SCENE4_put_the_black_bowl_in_the_bottom_drawer_of_the_cabinet_and_close_it;put_the_wine_bottle_on_top_of_the_cabinet	put the black bowl in the bottom drawer of the cabinet and close it | Put the wine bottle on the top of the drawer	in(akita_black_bowl_1, white_cabinet_1_bottom_region); on(wine_bottle_1, wooden_cabinet_1_top_side)	libero10_kitchen4_plus_goal_right_drawer_and_rack	The original left white cabinet is unchanged; a Goal wooden cabinet is added at its exact original right-side pose. | The existing rack is moved to its exact Goal pose to avoid overlap with the added wooden cabinet.	7	0	5	0.0	0	composition|242b6ed12734ae1c6cadd1a3e6700dfe18aaf15fd69bbce2aef21dea87f379c5|frozenset({in(akita_black_bowl_1,white_cabinet_1_bottom_region),on(wine_bottle_1,wooden_cabinet_1_top_side)})
COMPOSE_337	Compose-350	X11_kitchen4_goal_two_cabinet_hybrid	3	true	false	Put the black bowl in the bottom drawer of the left white cabinet, then close the bottom drawer of the left white cabinet, and finally open the top drawer of the right wooden cabinet.	libero_10;libero_goal	103;3	KITCHEN_SCENE4_put_the_black_bowl_in_the_bottom_drawer_of_the_cabinet_and_close_it;open_the_top_drawer_and_put_the_bowl_inside	put the black bowl in the bottom drawer of the cabinet and close it | Open the top layer of the drawer and put the bowl inside	in(akita_black_bowl_1, white_cabinet_1_bottom_region); close(white_cabinet_1_bottom_region); open(wooden_cabinet_1_top_region)	libero10_kitchen4_plus_goal_right_drawer_and_rack	The original left white cabinet is unchanged; a Goal wooden cabinet is added at its exact original right-side pose. | The existing rack is moved to its exact Goal pose to avoid overlap with the added wooden cabinet. | This exact drawer-opening subtrajectory is present in the cited LIBERO-40 task.	6	0	5	0.0	0	composition|242b6ed12734ae1c6cadd1a3e6700dfe18aaf15fd69bbce2aef21dea87f379c5|frozenset({close(white_cabinet_1_bottom_region),in(akita_black_bowl_1,white_cabinet_1_bottom_region),open(wooden_cabinet_1_top_region)})
COMPOSE_338	Compose-350	X11_kitchen4_goal_two_cabinet_hybrid	3	true	false	Put the black bowl in the bottom drawer of the left white cabinet, then close the bottom drawer of the left white cabinet, and finally open the middle drawer of the right wooden cabinet.	libero_10;libero_goal	103;10	KITCHEN_SCENE4_put_the_black_bowl_in_the_bottom_drawer_of_the_cabinet_and_close_it;open_the_middle_drawer_of_the_cabinet	put the black bowl in the bottom drawer of the cabinet and close it | Open the middle layer of the drawer	in(akita_black_bowl_1, white_cabinet_1_bottom_region); close(white_cabinet_1_bottom_region); open(wooden_cabinet_1_middle_region)	libero10_kitchen4_plus_goal_right_drawer_and_rack	The original left white cabinet is unchanged; a Goal wooden cabinet is added at its exact original right-side pose. | The existing rack is moved to its exact Goal pose to avoid overlap with the added wooden cabinet.	7	0	5	0.0	0	composition|242b6ed12734ae1c6cadd1a3e6700dfe18aaf15fd69bbce2aef21dea87f379c5|frozenset({close(white_cabinet_1_bottom_region),in(akita_black_bowl_1,white_cabinet_1_bottom_region),open(wooden_cabinet_1_middle_region)})
COMPOSE_339	Compose-350	X11_kitchen4_goal_two_cabinet_hybrid	3	true	false	Put the black bowl in the bottom drawer of the left white cabinet, then close the bottom drawer of the left white cabinet, and finally put the wine bottle on top of the right wooden cabinet.	libero_10;libero_goal	103;5	KITCHEN_SCENE4_put_the_black_bowl_in_the_bottom_drawer_of_the_cabinet_and_close_it;put_the_wine_bottle_on_top_of_the_cabinet	put the black bowl in the bottom drawer of the cabinet and close it | Put the wine bottle on the top of the drawer	in(akita_black_bowl_1, white_cabinet_1_bottom_region); close(white_cabinet_1_bottom_region); on(wine_bottle_1, wooden_cabinet_1_top_side)	libero10_kitchen4_plus_goal_right_drawer_and_rack	The original left white cabinet is unchanged; a Goal wooden cabinet is added at its exact original right-side pose. | The existing rack is moved to its exact Goal pose to avoid overlap with the added wooden cabinet.	6	0	5	0.0	0	composition|242b6ed12734ae1c6cadd1a3e6700dfe18aaf15fd69bbce2aef21dea87f379c5|frozenset({close(white_cabinet_1_bottom_region),in(akita_black_bowl_1,white_cabinet_1_bottom_region),on(wine_bottle_1,wooden_cabinet_1_top_side)})
COMPOSE_340	Compose-350	X11_kitchen4_goal_two_cabinet_hybrid	3	true	false	Put the black bowl in the bottom drawer of the left white cabinet, then close the bottom drawer of the left white cabinet, and finally put the wine bottle on the rack.	libero_10;libero_goal	103;2	KITCHEN_SCENE4_put_the_black_bowl_in_the_bottom_drawer_of_the_cabinet_and_close_it;put_the_wine_bottle_on_the_rack	put the black bowl in the bottom drawer of the cabinet and close it | Put the wine bottle on the rack	in(akita_black_bowl_1, white_cabinet_1_bottom_region); close(white_cabinet_1_bottom_region); on(wine_bottle_1, wine_rack_1_top_region)	libero10_kitchen4_plus_goal_right_drawer_and_rack	The original left white cabinet is unchanged; a Goal wooden cabinet is added at its exact original right-side pose. | The existing rack is moved to its exact Goal pose to avoid overlap with the added wooden cabinet.	7	0	5	0.0	0	composition|242b6ed12734ae1c6cadd1a3e6700dfe18aaf15fd69bbce2aef21dea87f379c5|frozenset({close(white_cabinet_1_bottom_region),in(akita_black_bowl_1,white_cabinet_1_bottom_region),on(wine_bottle_1,wine_rack_1_top_region)})
COMPOSE_341	Compose-350	X11_kitchen4_goal_two_cabinet_hybrid	4	true	false	Put the black bowl in the bottom drawer of the left white cabinet, then close the bottom drawer of the left white cabinet, then open the top drawer of the right wooden cabinet, and finally open the middle drawer of the right wooden cabinet.	libero_10;libero_goal	103;3;10	KITCHEN_SCENE4_put_the_black_bowl_in_the_bottom_drawer_of_the_cabinet_and_close_it;open_the_top_drawer_and_put_the_bowl_inside;open_the_middle_drawer_of_the_cabinet	put the black bowl in the bottom drawer of the cabinet and close it | Open the top layer of the drawer and put the bowl inside | Open the middle layer of the drawer	in(akita_black_bowl_1, white_cabinet_1_bottom_region); close(white_cabinet_1_bottom_region); open(wooden_cabinet_1_top_region); open(wooden_cabinet_1_middle_region)	libero10_kitchen4_plus_goal_right_drawer_and_rack	The original left white cabinet is unchanged; a Goal wooden cabinet is added at its exact original right-side pose. | The existing rack is moved to its exact Goal pose to avoid overlap with the added wooden cabinet. | This exact drawer-opening subtrajectory is present in the cited LIBERO-40 task.	6	0	5	0.0	0	composition|242b6ed12734ae1c6cadd1a3e6700dfe18aaf15fd69bbce2aef21dea87f379c5|frozenset({close(white_cabinet_1_bottom_region),in(akita_black_bowl_1,white_cabinet_1_bottom_region),open(wooden_cabinet_1_middle_region),open(wooden_cabinet_1_top_region)})
COMPOSE_342	Compose-350	X11_kitchen4_goal_two_cabinet_hybrid	4	true	false	Put the black bowl in the bottom drawer of the left white cabinet, then close the bottom drawer of the left white cabinet, then open the top drawer of the right wooden cabinet, and finally put the wine bottle on top of the right wooden cabinet.	libero_10;libero_goal	103;3;5	KITCHEN_SCENE4_put_the_black_bowl_in_the_bottom_drawer_of_the_cabinet_and_close_it;open_the_top_drawer_and_put_the_bowl_inside;put_the_wine_bottle_on_top_of_the_cabinet	put the black bowl in the bottom drawer of the cabinet and close it | Open the top layer of the drawer and put the bowl inside | Put the wine bottle on the top of the drawer	in(akita_black_bowl_1, white_cabinet_1_bottom_region); close(white_cabinet_1_bottom_region); open(wooden_cabinet_1_top_region); on(wine_bottle_1, wooden_cabinet_1_top_side)	libero10_kitchen4_plus_goal_right_drawer_and_rack	The original left white cabinet is unchanged; a Goal wooden cabinet is added at its exact original right-side pose. | The existing rack is moved to its exact Goal pose to avoid overlap with the added wooden cabinet. | This exact drawer-opening subtrajectory is present in the cited LIBERO-40 task.	7	0	5	0.0	0	composition|242b6ed12734ae1c6cadd1a3e6700dfe18aaf15fd69bbce2aef21dea87f379c5|frozenset({close(white_cabinet_1_bottom_region),in(akita_black_bowl_1,white_cabinet_1_bottom_region),on(wine_bottle_1,wooden_cabinet_1_top_side),open(wooden_cabinet_1_top_region)})
COMPOSE_343	Compose-350	X11_kitchen4_goal_two_cabinet_hybrid	4	true	false	Put the black bowl in the bottom drawer of the left white cabinet, then close the bottom drawer of the left white cabinet, then open the top drawer of the right wooden cabinet, and finally put the wine bottle on the rack.	libero_10;libero_goal	103;3;2	KITCHEN_SCENE4_put_the_black_bowl_in_the_bottom_drawer_of_the_cabinet_and_close_it;open_the_top_drawer_and_put_the_bowl_inside;put_the_wine_bottle_on_the_rack	put the black bowl in the bottom drawer of the cabinet and close it | Open the top layer of the drawer and put the bowl inside | Put the wine bottle on the rack	in(akita_black_bowl_1, white_cabinet_1_bottom_region); close(white_cabinet_1_bottom_region); open(wooden_cabinet_1_top_region); on(wine_bottle_1, wine_rack_1_top_region)	libero10_kitchen4_plus_goal_right_drawer_and_rack	The original left white cabinet is unchanged; a Goal wooden cabinet is added at its exact original right-side pose. | The existing rack is moved to its exact Goal pose to avoid overlap with the added wooden cabinet. | This exact drawer-opening subtrajectory is present in the cited LIBERO-40 task.	6	0	5	0.0	0	composition|242b6ed12734ae1c6cadd1a3e6700dfe18aaf15fd69bbce2aef21dea87f379c5|frozenset({close(white_cabinet_1_bottom_region),in(akita_black_bowl_1,white_cabinet_1_bottom_region),on(wine_bottle_1,wine_rack_1_top_region),open(wooden_cabinet_1_top_region)})
COMPOSE_344	Compose-350	X11_kitchen4_goal_two_cabinet_hybrid	4	true	false	Put the black bowl in the bottom drawer of the left white cabinet, then close the bottom drawer of the left white cabinet, then open the middle drawer of the right wooden cabinet, and finally put the wine bottle on top of the right wooden cabinet.	libero_10;libero_goal	103;10;5	KITCHEN_SCENE4_put_the_black_bowl_in_the_bottom_drawer_of_the_cabinet_and_close_it;open_the_middle_drawer_of_the_cabinet;put_the_wine_bottle_on_top_of_the_cabinet	put the black bowl in the bottom drawer of the cabinet and close it | Open the middle layer of the drawer | Put the wine bottle on the top of the drawer	in(akita_black_bowl_1, white_cabinet_1_bottom_region); close(white_cabinet_1_bottom_region); open(wooden_cabinet_1_middle_region); on(wine_bottle_1, wooden_cabinet_1_top_side)	libero10_kitchen4_plus_goal_right_drawer_and_rack	The original left white cabinet is unchanged; a Goal wooden cabinet is added at its exact original right-side pose. | The existing rack is moved to its exact Goal pose to avoid overlap with the added wooden cabinet.	7	0	5	0.0	0	composition|242b6ed12734ae1c6cadd1a3e6700dfe18aaf15fd69bbce2aef21dea87f379c5|frozenset({close(white_cabinet_1_bottom_region),in(akita_black_bowl_1,white_cabinet_1_bottom_region),on(wine_bottle_1,wooden_cabinet_1_top_side),open(wooden_cabinet_1_middle_region)})
COMPOSE_345	Compose-350	X11_kitchen4_goal_two_cabinet_hybrid	4	true	false	Put the black bowl in the bottom drawer of the left white cabinet, then close the bottom drawer of the left white cabinet, then open the middle drawer of the right wooden cabinet, and finally put the wine bottle on the rack.	libero_10;libero_goal	103;10;2	KITCHEN_SCENE4_put_the_black_bowl_in_the_bottom_drawer_of_the_cabinet_and_close_it;open_the_middle_drawer_of_the_cabinet;put_the_wine_bottle_on_the_rack	put the black bowl in the bottom drawer of the cabinet and close it | Open the middle layer of the drawer | Put the wine bottle on the rack	in(akita_black_bowl_1, white_cabinet_1_bottom_region); close(white_cabinet_1_bottom_region); open(wooden_cabinet_1_middle_region); on(wine_bottle_1, wine_rack_1_top_region)	libero10_kitchen4_plus_goal_right_drawer_and_rack	The original left white cabinet is unchanged; a Goal wooden cabinet is added at its exact original right-side pose. | The existing rack is moved to its exact Goal pose to avoid overlap with the added wooden cabinet.	6	0	5	0.0	0	composition|242b6ed12734ae1c6cadd1a3e6700dfe18aaf15fd69bbce2aef21dea87f379c5|frozenset({close(white_cabinet_1_bottom_region),in(akita_black_bowl_1,white_cabinet_1_bottom_region),on(wine_bottle_1,wine_rack_1_top_region),open(wooden_cabinet_1_middle_region)})
COMPOSE_346	Compose-350	X12_living5_plus_scene6_pudding_plate_hybrid	3	true	false	Put the white mug on the left plate, then put the yellow and white mug on the right plate, and finally put the chocolate pudding to the right of the added plate.	libero_10	104;107	LIVING_ROOM_SCENE5_put_the_white_mug_on_the_left_plate_and_put_the_yellow_and_white_mug_on_the_right_plate;LIVING_ROOM_SCENE6_put_the_white_mug_on_the_plate_and_put_the_chocolate_pudding_to_the_right_of_the_plate	put the white mug on the left plate and put the yellow and white mug on the right plate | put the white mug on the plate and put the chocolate pudding to the right of the plate	on(porcelain_mug_1, plate_1); on(white_yellow_mug_1, plate_2); on(chocolate_pudding_1, living_room_table_plate_right_region)	libero10_living5_plus_scene6_plate_and_pudding	Scene5 mug/plate poses are unchanged; Scene6 plate_3 and pudding are added at non-overlapping reachable slots. | The canonical Scene6 living_room_table_plate_right_region name is retained for current-BDDL projection. | Exact Scene6 pudding-to-right-of-plate relation applied to the added plate context.	7	1	5	20.0	1	composition|740705f0104738db191794fd4e549a00be27f5f0187328c3a2bc7016a96a1c3a|frozenset({on(chocolate_pudding_1,living_room_table_plate_right_region),on(porcelain_mug_1,plate_1),on(white_yellow_mug_1,plate_2)})
COMPOSE_347	Compose-350	X12_living5_plus_scene6_pudding_plate_hybrid	3	false	false	Put the white mug on the left plate, then put the yellow and white mug on the right plate, and finally put the chocolate pudding on the added plate.	libero_10;libero_object	104;309	LIVING_ROOM_SCENE5_put_the_white_mug_on_the_left_plate_and_put_the_yellow_and_white_mug_on_the_right_plate;pick_up_the_chocolate_pudding_and_place_it_in_the_basket	put the white mug on the left plate and put the yellow and white mug on the right plate | Pick the chocolate pudding and place it in the basket	on(porcelain_mug_1, plate_1); on(white_yellow_mug_1, plate_2); on(chocolate_pudding_1, plate_3)	libero10_living5_plus_scene6_plate_and_pudding	Scene5 mug/plate poses are unchanged; Scene6 plate_3 and pudding are added at non-overlapping reachable slots. | The canonical Scene6 living_room_table_plate_right_region name is retained for current-BDDL projection. | Pudding grasp and plate placement are learned separately, but this exact object-relation pair is compositional transfer.	6	0	5	0.0	0	composition|740705f0104738db191794fd4e549a00be27f5f0187328c3a2bc7016a96a1c3a|frozenset({on(chocolate_pudding_1,plate_3),on(porcelain_mug_1,plate_1),on(white_yellow_mug_1,plate_2)})
COMPOSE_348	Compose-350	X12_living5_plus_scene6_pudding_plate_hybrid	4	false	false	Put the white mug on the left plate, then put the yellow and white mug on the right plate, then put the chocolate pudding to the right of the added plate, and finally put the red mug on the added plate.	libero_10	104;107	LIVING_ROOM_SCENE5_put_the_white_mug_on_the_left_plate_and_put_the_yellow_and_white_mug_on_the_right_plate;LIVING_ROOM_SCENE6_put_the_white_mug_on_the_plate_and_put_the_chocolate_pudding_to_the_right_of_the_plate	put the white mug on the left plate and put the yellow and white mug on the right plate | put the white mug on the plate and put the chocolate pudding to the right of the plate	on(porcelain_mug_1, plate_1); on(white_yellow_mug_1, plate_2); on(chocolate_pudding_1, living_room_table_plate_right_region); on(red_coffee_mug_1, plate_3)	libero10_living5_plus_scene6_plate_and_pudding	Scene5 mug/plate poses are unchanged; Scene6 plate_3 and pudding are added at non-overlapping reachable slots. | The canonical Scene6 living_room_table_plate_right_region name is retained for current-BDDL projection. | Exact Scene6 pudding-to-right-of-plate relation applied to the added plate context. | The red mug is a Scene5 distractor with no direct LIBERO-40 goal trajectory.	7	0	5	0.0	0	composition|740705f0104738db191794fd4e549a00be27f5f0187328c3a2bc7016a96a1c3a|frozenset({on(chocolate_pudding_1,living_room_table_plate_right_region),on(porcelain_mug_1,plate_1),on(red_coffee_mug_1,plate_3),on(white_yellow_mug_1,plate_2)})
COMPOSE_349	Compose-350	X12_living5_plus_scene6_pudding_plate_hybrid	4	false	false	Put the white mug on the left plate, then put the yellow and white mug on the right plate, then put the chocolate pudding on the added plate, and finally put the red mug to the right of the added plate.	libero_10;libero_object	104;309	LIVING_ROOM_SCENE5_put_the_white_mug_on_the_left_plate_and_put_the_yellow_and_white_mug_on_the_right_plate;pick_up_the_chocolate_pudding_and_place_it_in_the_basket;LIVING_ROOM_SCENE6_put_the_white_mug_on_the_plate_and_put_the_chocolate_pudding_to_the_right_of_the_plate	put the white mug on the left plate and put the yellow and white mug on the right plate | Pick the chocolate pudding and place it in the basket | put the white mug on the plate and put the chocolate pudding to the right of the plate	on(porcelain_mug_1, plate_1); on(white_yellow_mug_1, plate_2); on(chocolate_pudding_1, plate_3); on(red_coffee_mug_1, living_room_table_plate_right_region)	libero10_living5_plus_scene6_plate_and_pudding	Scene5 mug/plate poses are unchanged; Scene6 plate_3 and pudding are added at non-overlapping reachable slots. | The canonical Scene6 living_room_table_plate_right_region name is retained for current-BDDL projection. | Pudding grasp and plate placement are learned separately, but this exact object-relation pair is compositional transfer. | The red mug is an undemonstrated distractor; the right-of-plate relation is learned from Scene6.	6	0	5	0.0	0	composition|740705f0104738db191794fd4e549a00be27f5f0187328c3a2bc7016a96a1c3a|frozenset({on(chocolate_pudding_1,plate_3),on(porcelain_mug_1,plate_1),on(red_coffee_mug_1,living_room_table_plate_right_region),on(white_yellow_mug_1,plate_2)})
COMPOSE_350	Compose-350	X13_kitchen8_two_moka_then_turn_on	3	true	false	Put the right moka pot on the stove, then put the left moka pot on the stove, and finally turn on the stove.	libero_10;libero_goal	108;7	KITCHEN_SCENE8_put_both_moka_pots_on_the_stove;turn_on_the_stove	put both moka pots on the stove | Turn on the stove	on(moka_pot_1, flat_stove_1_cook_region); on(moka_pot_2, flat_stove_1_cook_region); turnon(flat_stove_1)	libero10_kitchen8_stove_off_at_init	The source's initially-on stove state is removed so the turn-on clause is not true at reset. | The interaction mask is flat_stove_1_button only; the whole stove is forbidden as fallback. | Exact learned stove-on primitive transferred only across repeated instances of the same flat-stove class.	7	0	5	0.0	0	composition|c78b4099dc4be933f2b8309d1e550cd1a902da2f95be5f14b4c7e009eb449328|frozenset({on(moka_pot_1,flat_stove_1_cook_region),on(moka_pot_2,flat_stove_1_cook_region),turnon(flat_stove_1)})
