task_id	family	instruction	source_suite	source_task	original_instruction	goal_atom	evidence_notes	gpu	successes	episodes	success_rate_percent	success_videos
COMP_001	C1_goal_three_task_clique	Put the cream cheese on the black bowl, then put the black bowl on the plate, and finally put the wine bottle on the rack.	libero_goal	put_the_cream_cheese_in_the_bowl;put_the_bowl_on_the_plate;put_the_wine_bottle_on_the_rack	Put the cream cheese on the bowl | Put the bowl on the plate | Put the wine bottle on the rack	on(cream_cheese_1, akita_black_bowl_1); on(akita_black_bowl_1, plate_1); on(wine_bottle_1, wine_rack_1_top_region)	Novel three-task clique (1, 2, 4); all three pairwise edges are in the audited 37-pair compatibility graph. | The corresponding two-task pairs already exist in the original LIBERO-EX TC pool and are not duplicated here.	2	0	5	0.0	0
COMP_002	C1_goal_three_task_clique	Put the black bowl on the plate, then put the wine bottle on the rack, and finally push the plate to the front of the stove.	libero_goal	put_the_bowl_on_the_plate;put_the_wine_bottle_on_the_rack;push_the_plate_to_the_front_of_the_stove	Put the bowl on the plate | Put the wine bottle on the rack | Push the plate to the front of the stove	on(akita_black_bowl_1, plate_1); on(wine_bottle_1, wine_rack_1_top_region); on(plate_1, main_table_stove_front_region)	Novel three-task clique (1, 2, 6); all three pairwise edges are in the audited 37-pair compatibility graph. | The corresponding two-task pairs already exist in the original LIBERO-EX TC pool and are not duplicated here.	3	0	5	0.0	0
COMP_003	C1_goal_three_task_clique	Put the black bowl on the plate, then put the wine bottle on the rack, and finally turn on the stove.	libero_goal	put_the_bowl_on_the_plate;put_the_wine_bottle_on_the_rack;turn_on_the_stove	Put the bowl on the plate | Put the wine bottle on the rack | Turn on the stove	on(akita_black_bowl_1, plate_1); on(wine_bottle_1, wine_rack_1_top_region); turnon(flat_stove_1)	Novel three-task clique (1, 2, 7); all three pairwise edges are in the audited 37-pair compatibility graph. | The corresponding two-task pairs already exist in the original LIBERO-EX TC pool and are not duplicated here.	2	0	5	0.0	0
COMP_004	C1_goal_three_task_clique	Put the black bowl on the plate, then put the wine bottle on the rack, and finally open the middle drawer of the cabinet.	libero_goal	put_the_bowl_on_the_plate;put_the_wine_bottle_on_the_rack;open_the_middle_drawer_of_the_cabinet	Put the bowl on the plate | Put the wine bottle on the rack | Open the middle layer of the drawer	on(akita_black_bowl_1, plate_1); on(wine_bottle_1, wine_rack_1_top_region); open(wooden_cabinet_1_middle_region)	Novel three-task clique (1, 2, 10); all three pairwise edges are in the audited 37-pair compatibility graph. | The corresponding two-task pairs already exist in the original LIBERO-EX TC pool and are not duplicated here.	3	0	5	0.0	0
COMP_005	C1_goal_three_task_clique	Put the cream cheese on the black bowl, then put the black bowl on the plate, and finally put the wine bottle on top of the cabinet.	libero_goal	put_the_cream_cheese_in_the_bowl;put_the_bowl_on_the_plate;put_the_wine_bottle_on_top_of_the_cabinet	Put the cream cheese on the bowl | Put the bowl on the plate | Put the wine bottle on the top of the drawer	on(cream_cheese_1, akita_black_bowl_1); on(akita_black_bowl_1, plate_1); on(wine_bottle_1, wooden_cabinet_1_top_side)	Novel three-task clique (1, 4, 5); all three pairwise edges are in the audited 37-pair compatibility graph. | The corresponding two-task pairs already exist in the original LIBERO-EX TC pool and are not duplicated here.	2	0	5	0.0	0
COMP_006	C1_goal_three_task_clique	Put the cream cheese on the black bowl, then put the black bowl on the plate, and finally push the plate to the front of the stove.	libero_goal	put_the_cream_cheese_in_the_bowl;put_the_bowl_on_the_plate;push_the_plate_to_the_front_of_the_stove	Put the cream cheese on the bowl | Put the bowl on the plate | Push the plate to the front of the stove	on(cream_cheese_1, akita_black_bowl_1); on(akita_black_bowl_1, plate_1); on(plate_1, main_table_stove_front_region)	Novel three-task clique (1, 4, 6); all three pairwise edges are in the audited 37-pair compatibility graph. | The corresponding two-task pairs already exist in the original LIBERO-EX TC pool and are not duplicated here.	3	0	5	0.0	0
COMP_007	C1_goal_three_task_clique	Put the cream cheese on the black bowl, then put the black bowl on the plate, and finally turn on the stove.	libero_goal	put_the_cream_cheese_in_the_bowl;put_the_bowl_on_the_plate;turn_on_the_stove	Put the cream cheese on the bowl | Put the bowl on the plate | Turn on the stove	on(cream_cheese_1, akita_black_bowl_1); on(akita_black_bowl_1, plate_1); turnon(flat_stove_1)	Novel three-task clique (1, 4, 7); all three pairwise edges are in the audited 37-pair compatibility graph. | The corresponding two-task pairs already exist in the original LIBERO-EX TC pool and are not duplicated here.	2	0	5	0.0	0
COMP_008	C1_goal_three_task_clique	Put the cream cheese on the black bowl, then put the black bowl on the plate, and finally open the middle drawer of the cabinet.	libero_goal	put_the_cream_cheese_in_the_bowl;put_the_bowl_on_the_plate;open_the_middle_drawer_of_the_cabinet	Put the cream cheese on the bowl | Put the bowl on the plate | Open the middle layer of the drawer	on(cream_cheese_1, akita_black_bowl_1); on(akita_black_bowl_1, plate_1); open(wooden_cabinet_1_middle_region)	Novel three-task clique (1, 4, 10); all three pairwise edges are in the audited 37-pair compatibility graph. | The corresponding two-task pairs already exist in the original LIBERO-EX TC pool and are not duplicated here.	3	0	5	0.0	0
COMP_009	C1_goal_three_task_clique	Put the black bowl on the plate, then put the wine bottle on top of the cabinet, and finally push the plate to the front of the stove.	libero_goal	put_the_bowl_on_the_plate;put_the_wine_bottle_on_top_of_the_cabinet;push_the_plate_to_the_front_of_the_stove	Put the bowl on the plate | Put the wine bottle on the top of the drawer | Push the plate to the front of the stove	on(akita_black_bowl_1, plate_1); on(wine_bottle_1, wooden_cabinet_1_top_side); on(plate_1, main_table_stove_front_region)	Novel three-task clique (1, 5, 6); all three pairwise edges are in the audited 37-pair compatibility graph. | The corresponding two-task pairs already exist in the original LIBERO-EX TC pool and are not duplicated here.	2	0	5	0.0	0
COMP_010	C1_goal_three_task_clique	Put the black bowl on the plate, then put the wine bottle on top of the cabinet, and finally turn on the stove.	libero_goal	put_the_bowl_on_the_plate;put_the_wine_bottle_on_top_of_the_cabinet;turn_on_the_stove	Put the bowl on the plate | Put the wine bottle on the top of the drawer | Turn on the stove	on(akita_black_bowl_1, plate_1); on(wine_bottle_1, wooden_cabinet_1_top_side); turnon(flat_stove_1)	Novel three-task clique (1, 5, 7); all three pairwise edges are in the audited 37-pair compatibility graph. | The corresponding two-task pairs already exist in the original LIBERO-EX TC pool and are not duplicated here.	3	0	5	0.0	0
COMP_011	C1_goal_three_task_clique	Put the black bowl on the plate, then put the wine bottle on top of the cabinet, and finally open the middle drawer of the cabinet.	libero_goal	put_the_bowl_on_the_plate;put_the_wine_bottle_on_top_of_the_cabinet;open_the_middle_drawer_of_the_cabinet	Put the bowl on the plate | Put the wine bottle on the top of the drawer | Open the middle layer of the drawer	on(akita_black_bowl_1, plate_1); on(wine_bottle_1, wooden_cabinet_1_top_side); open(wooden_cabinet_1_middle_region)	Novel three-task clique (1, 5, 10); all three pairwise edges are in the audited 37-pair compatibility graph. | The corresponding two-task pairs already exist in the original LIBERO-EX TC pool and are not duplicated here.	2	0	5	0.0	0
COMP_012	C1_goal_three_task_clique	Put the black bowl on the plate, then push the plate to the front of the stove, and finally turn on the stove.	libero_goal	put_the_bowl_on_the_plate;push_the_plate_to_the_front_of_the_stove;turn_on_the_stove	Put the bowl on the plate | Push the plate to the front of the stove | Turn on the stove	on(akita_black_bowl_1, plate_1); on(plate_1, main_table_stove_front_region); turnon(flat_stove_1)	Novel three-task clique (1, 6, 7); all three pairwise edges are in the audited 37-pair compatibility graph. | The corresponding two-task pairs already exist in the original LIBERO-EX TC pool and are not duplicated here.	3	0	5	0.0	0
COMP_013	C1_goal_three_task_clique	Put the black bowl on the plate, then push the plate to the front of the stove, and finally open the middle drawer of the cabinet.	libero_goal	put_the_bowl_on_the_plate;push_the_plate_to_the_front_of_the_stove;open_the_middle_drawer_of_the_cabinet	Put the bowl on the plate | Push the plate to the front of the stove | Open the middle layer of the drawer	on(akita_black_bowl_1, plate_1); on(plate_1, main_table_stove_front_region); open(wooden_cabinet_1_middle_region)	Novel three-task clique (1, 6, 10); all three pairwise edges are in the audited 37-pair compatibility graph. | The corresponding two-task pairs already exist in the original LIBERO-EX TC pool and are not duplicated here.	2	0	5	0.0	0
COMP_014	C1_goal_three_task_clique	Put the black bowl on the plate, then turn on the stove, and finally open the middle drawer of the cabinet.	libero_goal	put_the_bowl_on_the_plate;turn_on_the_stove;open_the_middle_drawer_of_the_cabinet	Put the bowl on the plate | Turn on the stove | Open the middle layer of the drawer	on(akita_black_bowl_1, plate_1); turnon(flat_stove_1); open(wooden_cabinet_1_middle_region)	Novel three-task clique (1, 7, 10); all three pairwise edges are in the audited 37-pair compatibility graph. | The corresponding two-task pairs already exist in the original LIBERO-EX TC pool and are not duplicated here.	3	0	5	0.0	0
COMP_015	C1_goal_three_task_clique	Put the cream cheese on the black bowl, then put the wine bottle on the rack, and finally open the top drawer and put the black bowl inside.	libero_goal	put_the_cream_cheese_in_the_bowl;put_the_wine_bottle_on_the_rack;open_the_top_drawer_and_put_the_bowl_inside	Put the cream cheese on the bowl | Put the wine bottle on the rack | Open the top layer of the drawer and put the bowl inside	on(cream_cheese_1, akita_black_bowl_1); on(wine_bottle_1, wine_rack_1_top_region); in(akita_black_bowl_1, wooden_cabinet_1_top_region)	Novel three-task clique (2, 3, 4); all three pairwise edges are in the audited 37-pair compatibility graph. | The corresponding two-task pairs already exist in the original LIBERO-EX TC pool and are not duplicated here.	2	0	5	0.0	0
COMP_016	C1_goal_three_task_clique	Put the wine bottle on the rack, then push the plate to the front of the stove, and finally open the top drawer and put the black bowl inside.	libero_goal	put_the_wine_bottle_on_the_rack;push_the_plate_to_the_front_of_the_stove;open_the_top_drawer_and_put_the_bowl_inside	Put the wine bottle on the rack | Push the plate to the front of the stove | Open the top layer of the drawer and put the bowl inside	on(wine_bottle_1, wine_rack_1_top_region); on(plate_1, main_table_stove_front_region); in(akita_black_bowl_1, wooden_cabinet_1_top_region)	Novel three-task clique (2, 3, 6); all three pairwise edges are in the audited 37-pair compatibility graph. | The corresponding two-task pairs already exist in the original LIBERO-EX TC pool and are not duplicated here.	3	0	5	0.0	0
COMP_017	C1_goal_three_task_clique	Put the wine bottle on the rack, then turn on the stove, and finally open the top drawer and put the black bowl inside.	libero_goal	put_the_wine_bottle_on_the_rack;turn_on_the_stove;open_the_top_drawer_and_put_the_bowl_inside	Put the wine bottle on the rack | Turn on the stove | Open the top layer of the drawer and put the bowl inside	on(wine_bottle_1, wine_rack_1_top_region); turnon(flat_stove_1); in(akita_black_bowl_1, wooden_cabinet_1_top_region)	Novel three-task clique (2, 3, 7); all three pairwise edges are in the audited 37-pair compatibility graph. | The corresponding two-task pairs already exist in the original LIBERO-EX TC pool and are not duplicated here.	2	0	5	0.0	0
COMP_018	C1_goal_three_task_clique	Put the wine bottle on the rack, then open the middle drawer of the cabinet, and finally open the top drawer and put the black bowl inside.	libero_goal	put_the_wine_bottle_on_the_rack;open_the_middle_drawer_of_the_cabinet;open_the_top_drawer_and_put_the_bowl_inside	Put the wine bottle on the rack | Open the middle layer of the drawer | Open the top layer of the drawer and put the bowl inside	on(wine_bottle_1, wine_rack_1_top_region); open(wooden_cabinet_1_middle_region); in(akita_black_bowl_1, wooden_cabinet_1_top_region)	Novel three-task clique (2, 3, 10); all three pairwise edges are in the audited 37-pair compatibility graph. | The corresponding two-task pairs already exist in the original LIBERO-EX TC pool and are not duplicated here.	3	0	5	0.0	0
COMP_019	C1_goal_three_task_clique	Put the cream cheese on the black bowl, then put the wine bottle on the rack, and finally push the plate to the front of the stove.	libero_goal	put_the_cream_cheese_in_the_bowl;put_the_wine_bottle_on_the_rack;push_the_plate_to_the_front_of_the_stove	Put the cream cheese on the bowl | Put the wine bottle on the rack | Push the plate to the front of the stove	on(cream_cheese_1, akita_black_bowl_1); on(wine_bottle_1, wine_rack_1_top_region); on(plate_1, main_table_stove_front_region)	Novel three-task clique (2, 4, 6); all three pairwise edges are in the audited 37-pair compatibility graph. | The corresponding two-task pairs already exist in the original LIBERO-EX TC pool and are not duplicated here.	2	0	5	0.0	0
COMP_020	C1_goal_three_task_clique	Put the cream cheese on the black bowl, then put the wine bottle on the rack, and finally turn on the stove.	libero_goal	put_the_cream_cheese_in_the_bowl;put_the_wine_bottle_on_the_rack;turn_on_the_stove	Put the cream cheese on the bowl | Put the wine bottle on the rack | Turn on the stove	on(cream_cheese_1, akita_black_bowl_1); on(wine_bottle_1, wine_rack_1_top_region); turnon(flat_stove_1)	Novel three-task clique (2, 4, 7); all three pairwise edges are in the audited 37-pair compatibility graph. | The corresponding two-task pairs already exist in the original LIBERO-EX TC pool and are not duplicated here.	3	0	5	0.0	0
COMP_021	C1_goal_three_task_clique	Put the cream cheese on the black bowl, then put the wine bottle on the rack, and finally put the black bowl on the stove.	libero_goal	put_the_cream_cheese_in_the_bowl;put_the_wine_bottle_on_the_rack;put_the_bowl_on_the_stove	Put the cream cheese on the bowl | Put the wine bottle on the rack | Put the bowl on the stove	on(cream_cheese_1, akita_black_bowl_1); on(wine_bottle_1, wine_rack_1_top_region); on(akita_black_bowl_1, flat_stove_1_cook_region)	Novel three-task clique (2, 4, 8); all three pairwise edges are in the audited 37-pair compatibility graph. | The corresponding two-task pairs already exist in the original LIBERO-EX TC pool and are not duplicated here.	2	0	5	0.0	0
COMP_022	C1_goal_three_task_clique	Put the cream cheese on the black bowl, then put the wine bottle on the rack, and finally put the black bowl on top of the cabinet.	libero_goal	put_the_cream_cheese_in_the_bowl;put_the_wine_bottle_on_the_rack;put_the_bowl_on_top_of_the_cabinet	Put the cream cheese on the bowl | Put the wine bottle on the rack | Put the bowl on the top of the drawer	on(cream_cheese_1, akita_black_bowl_1); on(wine_bottle_1, wine_rack_1_top_region); on(akita_black_bowl_1, wooden_cabinet_1_top_side)	Novel three-task clique (2, 4, 9); all three pairwise edges are in the audited 37-pair compatibility graph. | The corresponding two-task pairs already exist in the original LIBERO-EX TC pool and are not duplicated here.	3	0	5	0.0	0
COMP_023	C1_goal_three_task_clique	Put the cream cheese on the black bowl, then put the wine bottle on the rack, and finally open the middle drawer of the cabinet.	libero_goal	put_the_cream_cheese_in_the_bowl;put_the_wine_bottle_on_the_rack;open_the_middle_drawer_of_the_cabinet	Put the cream cheese on the bowl | Put the wine bottle on the rack | Open the middle layer of the drawer	on(cream_cheese_1, akita_black_bowl_1); on(wine_bottle_1, wine_rack_1_top_region); open(wooden_cabinet_1_middle_region)	Novel three-task clique (2, 4, 10); all three pairwise edges are in the audited 37-pair compatibility graph. | The corresponding two-task pairs already exist in the original LIBERO-EX TC pool and are not duplicated here.	2	0	5	0.0	0
COMP_024	C1_goal_three_task_clique	Put the wine bottle on the rack, then push the plate to the front of the stove, and finally turn on the stove.	libero_goal	put_the_wine_bottle_on_the_rack;push_the_plate_to_the_front_of_the_stove;turn_on_the_stove	Put the wine bottle on the rack | Push the plate to the front of the stove | Turn on the stove	on(wine_bottle_1, wine_rack_1_top_region); on(plate_1, main_table_stove_front_region); turnon(flat_stove_1)	Novel three-task clique (2, 6, 7); all three pairwise edges are in the audited 37-pair compatibility graph. | The corresponding two-task pairs already exist in the original LIBERO-EX TC pool and are not duplicated here.	3	0	5	0.0	0
COMP_025	C1_goal_three_task_clique	Put the wine bottle on the rack, then push the plate to the front of the stove, and finally put the black bowl on the stove.	libero_goal	put_the_wine_bottle_on_the_rack;push_the_plate_to_the_front_of_the_stove;put_the_bowl_on_the_stove	Put the wine bottle on the rack | Push the plate to the front of the stove | Put the bowl on the stove	on(wine_bottle_1, wine_rack_1_top_region); on(plate_1, main_table_stove_front_region); on(akita_black_bowl_1, flat_stove_1_cook_region)	Novel three-task clique (2, 6, 8); all three pairwise edges are in the audited 37-pair compatibility graph. | The corresponding two-task pairs already exist in the original LIBERO-EX TC pool and are not duplicated here.	2	0	5	0.0	0
COMP_026	C1_goal_three_task_clique	Put the wine bottle on the rack, then push the plate to the front of the stove, and finally put the black bowl on top of the cabinet.	libero_goal	put_the_wine_bottle_on_the_rack;push_the_plate_to_the_front_of_the_stove;put_the_bowl_on_top_of_the_cabinet	Put the wine bottle on the rack | Push the plate to the front of the stove | Put the bowl on the top of the drawer	on(wine_bottle_1, wine_rack_1_top_region); on(plate_1, main_table_stove_front_region); on(akita_black_bowl_1, wooden_cabinet_1_top_side)	Novel three-task clique (2, 6, 9); all three pairwise edges are in the audited 37-pair compatibility graph. | The corresponding two-task pairs already exist in the original LIBERO-EX TC pool and are not duplicated here.	3	0	5	0.0	0
COMP_027	C1_goal_three_task_clique	Put the wine bottle on the rack, then push the plate to the front of the stove, and finally open the middle drawer of the cabinet.	libero_goal	put_the_wine_bottle_on_the_rack;push_the_plate_to_the_front_of_the_stove;open_the_middle_drawer_of_the_cabinet	Put the wine bottle on the rack | Push the plate to the front of the stove | Open the middle layer of the drawer	on(wine_bottle_1, wine_rack_1_top_region); on(plate_1, main_table_stove_front_region); open(wooden_cabinet_1_middle_region)	Novel three-task clique (2, 6, 10); all three pairwise edges are in the audited 37-pair compatibility graph. | The corresponding two-task pairs already exist in the original LIBERO-EX TC pool and are not duplicated here.	2	0	5	0.0	0
COMP_028	C1_goal_three_task_clique	Put the wine bottle on the rack, then turn on the stove, and finally put the black bowl on the stove.	libero_goal	put_the_wine_bottle_on_the_rack;turn_on_the_stove;put_the_bowl_on_the_stove	Put the wine bottle on the rack | Turn on the stove | Put the bowl on the stove	on(wine_bottle_1, wine_rack_1_top_region); turnon(flat_stove_1); on(akita_black_bowl_1, flat_stove_1_cook_region)	Novel three-task clique (2, 7, 8); all three pairwise edges are in the audited 37-pair compatibility graph. | The corresponding two-task pairs already exist in the original LIBERO-EX TC pool and are not duplicated here.	3	0	5	0.0	0
COMP_029	C1_goal_three_task_clique	Put the wine bottle on the rack, then turn on the stove, and finally put the black bowl on top of the cabinet.	libero_goal	put_the_wine_bottle_on_the_rack;turn_on_the_stove;put_the_bowl_on_top_of_the_cabinet	Put the wine bottle on the rack | Turn on the stove | Put the bowl on the top of the drawer	on(wine_bottle_1, wine_rack_1_top_region); turnon(flat_stove_1); on(akita_black_bowl_1, wooden_cabinet_1_top_side)	Novel three-task clique (2, 7, 9); all three pairwise edges are in the audited 37-pair compatibility graph. | The corresponding two-task pairs already exist in the original LIBERO-EX TC pool and are not duplicated here.	2	0	5	0.0	0
COMP_030	C1_goal_three_task_clique	Put the wine bottle on the rack, then turn on the stove, and finally open the middle drawer of the cabinet.	libero_goal	put_the_wine_bottle_on_the_rack;turn_on_the_stove;open_the_middle_drawer_of_the_cabinet	Put the wine bottle on the rack | Turn on the stove | Open the middle layer of the drawer	on(wine_bottle_1, wine_rack_1_top_region); turnon(flat_stove_1); open(wooden_cabinet_1_middle_region)	Novel three-task clique (2, 7, 10); all three pairwise edges are in the audited 37-pair compatibility graph. | The corresponding two-task pairs already exist in the original LIBERO-EX TC pool and are not duplicated here.	3	0	5	0.0	0
COMP_031	C1_goal_three_task_clique	Put the wine bottle on the rack, then open the middle drawer of the cabinet, and finally put the black bowl on the stove.	libero_goal	put_the_wine_bottle_on_the_rack;open_the_middle_drawer_of_the_cabinet;put_the_bowl_on_the_stove	Put the wine bottle on the rack | Open the middle layer of the drawer | Put the bowl on the stove	on(wine_bottle_1, wine_rack_1_top_region); open(wooden_cabinet_1_middle_region); on(akita_black_bowl_1, flat_stove_1_cook_region)	Novel three-task clique (2, 8, 10); all three pairwise edges are in the audited 37-pair compatibility graph. | The corresponding two-task pairs already exist in the original LIBERO-EX TC pool and are not duplicated here.	2	0	5	0.0	0
COMP_032	C1_goal_three_task_clique	Put the wine bottle on the rack, then open the middle drawer of the cabinet, and finally put the black bowl on top of the cabinet.	libero_goal	put_the_wine_bottle_on_the_rack;open_the_middle_drawer_of_the_cabinet;put_the_bowl_on_top_of_the_cabinet	Put the wine bottle on the rack | Open the middle layer of the drawer | Put the bowl on the top of the drawer	on(wine_bottle_1, wine_rack_1_top_region); open(wooden_cabinet_1_middle_region); on(akita_black_bowl_1, wooden_cabinet_1_top_side)	Novel three-task clique (2, 9, 10); all three pairwise edges are in the audited 37-pair compatibility graph. | The corresponding two-task pairs already exist in the original LIBERO-EX TC pool and are not duplicated here.	3	0	5	0.0	0
COMP_033	C1_goal_three_task_clique	Put the cream cheese on the black bowl, then put the wine bottle on top of the cabinet, and finally open the top drawer and put the black bowl inside.	libero_goal	put_the_cream_cheese_in_the_bowl;put_the_wine_bottle_on_top_of_the_cabinet;open_the_top_drawer_and_put_the_bowl_inside	Put the cream cheese on the bowl | Put the wine bottle on the top of the drawer | Open the top layer of the drawer and put the bowl inside	on(cream_cheese_1, akita_black_bowl_1); on(wine_bottle_1, wooden_cabinet_1_top_side); in(akita_black_bowl_1, wooden_cabinet_1_top_region)	Novel three-task clique (3, 4, 5); all three pairwise edges are in the audited 37-pair compatibility graph. | The corresponding two-task pairs already exist in the original LIBERO-EX TC pool and are not duplicated here.	2	0	5	0.0	0
COMP_034	C1_goal_three_task_clique	Put the cream cheese on the black bowl, then push the plate to the front of the stove, and finally open the top drawer and put the black bowl inside.	libero_goal	put_the_cream_cheese_in_the_bowl;push_the_plate_to_the_front_of_the_stove;open_the_top_drawer_and_put_the_bowl_inside	Put the cream cheese on the bowl | Push the plate to the front of the stove | Open the top layer of the drawer and put the bowl inside	on(cream_cheese_1, akita_black_bowl_1); on(plate_1, main_table_stove_front_region); in(akita_black_bowl_1, wooden_cabinet_1_top_region)	Novel three-task clique (3, 4, 6); all three pairwise edges are in the audited 37-pair compatibility graph. | The corresponding two-task pairs already exist in the original LIBERO-EX TC pool and are not duplicated here.	3	0	5	0.0	0
COMP_035	C1_goal_three_task_clique	Put the cream cheese on the black bowl, then turn on the stove, and finally open the top drawer and put the black bowl inside.	libero_goal	put_the_cream_cheese_in_the_bowl;turn_on_the_stove;open_the_top_drawer_and_put_the_bowl_inside	Put the cream cheese on the bowl | Turn on the stove | Open the top layer of the drawer and put the bowl inside	on(cream_cheese_1, akita_black_bowl_1); turnon(flat_stove_1); in(akita_black_bowl_1, wooden_cabinet_1_top_region)	Novel three-task clique (3, 4, 7); all three pairwise edges are in the audited 37-pair compatibility graph. | The corresponding two-task pairs already exist in the original LIBERO-EX TC pool and are not duplicated here.	2	0	5	0.0	0
COMP_036	C1_goal_three_task_clique	Put the cream cheese on the black bowl, then open the middle drawer of the cabinet, and finally open the top drawer and put the black bowl inside.	libero_goal	put_the_cream_cheese_in_the_bowl;open_the_middle_drawer_of_the_cabinet;open_the_top_drawer_and_put_the_bowl_inside	Put the cream cheese on the bowl | Open the middle layer of the drawer | Open the top layer of the drawer and put the bowl inside	on(cream_cheese_1, akita_black_bowl_1); open(wooden_cabinet_1_middle_region); in(akita_black_bowl_1, wooden_cabinet_1_top_region)	Novel three-task clique (3, 4, 10); all three pairwise edges are in the audited 37-pair compatibility graph. | The corresponding two-task pairs already exist in the original LIBERO-EX TC pool and are not duplicated here.	3	0	5	0.0	0
COMP_037	C1_goal_three_task_clique	Put the wine bottle on top of the cabinet, then push the plate to the front of the stove, and finally open the top drawer and put the black bowl inside.	libero_goal	put_the_wine_bottle_on_top_of_the_cabinet;push_the_plate_to_the_front_of_the_stove;open_the_top_drawer_and_put_the_bowl_inside	Put the wine bottle on the top of the drawer | Push the plate to the front of the stove | Open the top layer of the drawer and put the bowl inside	on(wine_bottle_1, wooden_cabinet_1_top_side); on(plate_1, main_table_stove_front_region); in(akita_black_bowl_1, wooden_cabinet_1_top_region)	Novel three-task clique (3, 5, 6); all three pairwise edges are in the audited 37-pair compatibility graph. | The corresponding two-task pairs already exist in the original LIBERO-EX TC pool and are not duplicated here.	2	0	5	0.0	0
COMP_038	C1_goal_three_task_clique	Put the wine bottle on top of the cabinet, then turn on the stove, and finally open the top drawer and put the black bowl inside.	libero_goal	put_the_wine_bottle_on_top_of_the_cabinet;turn_on_the_stove;open_the_top_drawer_and_put_the_bowl_inside	Put the wine bottle on the top of the drawer | Turn on the stove | Open the top layer of the drawer and put the bowl inside	on(wine_bottle_1, wooden_cabinet_1_top_side); turnon(flat_stove_1); in(akita_black_bowl_1, wooden_cabinet_1_top_region)	Novel three-task clique (3, 5, 7); all three pairwise edges are in the audited 37-pair compatibility graph. | The corresponding two-task pairs already exist in the original LIBERO-EX TC pool and are not duplicated here.	3	0	5	0.0	0
COMP_039	C1_goal_three_task_clique	Put the wine bottle on top of the cabinet, then open the middle drawer of the cabinet, and finally open the top drawer and put the black bowl inside.	libero_goal	put_the_wine_bottle_on_top_of_the_cabinet;open_the_middle_drawer_of_the_cabinet;open_the_top_drawer_and_put_the_bowl_inside	Put the wine bottle on the top of the drawer | Open the middle layer of the drawer | Open the top layer of the drawer and put the bowl inside	on(wine_bottle_1, wooden_cabinet_1_top_side); open(wooden_cabinet_1_middle_region); in(akita_black_bowl_1, wooden_cabinet_1_top_region)	Novel three-task clique (3, 5, 10); all three pairwise edges are in the audited 37-pair compatibility graph. | The corresponding two-task pairs already exist in the original LIBERO-EX TC pool and are not duplicated here.	2	0	5	0.0	0
COMP_040	C1_goal_three_task_clique	Push the plate to the front of the stove, then turn on the stove, and finally open the top drawer and put the black bowl inside.	libero_goal	push_the_plate_to_the_front_of_the_stove;turn_on_the_stove;open_the_top_drawer_and_put_the_bowl_inside	Push the plate to the front of the stove | Turn on the stove | Open the top layer of the drawer and put the bowl inside	on(plate_1, main_table_stove_front_region); turnon(flat_stove_1); in(akita_black_bowl_1, wooden_cabinet_1_top_region)	Novel three-task clique (3, 6, 7); all three pairwise edges are in the audited 37-pair compatibility graph. | The corresponding two-task pairs already exist in the original LIBERO-EX TC pool and are not duplicated here.	3	0	5	0.0	0
COMP_041	C1_goal_three_task_clique	Push the plate to the front of the stove, then open the middle drawer of the cabinet, and finally open the top drawer and put the black bowl inside.	libero_goal	push_the_plate_to_the_front_of_the_stove;open_the_middle_drawer_of_the_cabinet;open_the_top_drawer_and_put_the_bowl_inside	Push the plate to the front of the stove | Open the middle layer of the drawer | Open the top layer of the drawer and put the bowl inside	on(plate_1, main_table_stove_front_region); open(wooden_cabinet_1_middle_region); in(akita_black_bowl_1, wooden_cabinet_1_top_region)	Novel three-task clique (3, 6, 10); all three pairwise edges are in the audited 37-pair compatibility graph. | The corresponding two-task pairs already exist in the original LIBERO-EX TC pool and are not duplicated here.	2	0	5	0.0	0
COMP_042	C1_goal_three_task_clique	Turn on the stove, then open the middle drawer of the cabinet, and finally open the top drawer and put the black bowl inside.	libero_goal	turn_on_the_stove;open_the_middle_drawer_of_the_cabinet;open_the_top_drawer_and_put_the_bowl_inside	Turn on the stove | Open the middle layer of the drawer | Open the top layer of the drawer and put the bowl inside	turnon(flat_stove_1); open(wooden_cabinet_1_middle_region); in(akita_black_bowl_1, wooden_cabinet_1_top_region)	Novel three-task clique (3, 7, 10); all three pairwise edges are in the audited 37-pair compatibility graph. | The corresponding two-task pairs already exist in the original LIBERO-EX TC pool and are not duplicated here.	3	0	5	0.0	0
COMP_043	C1_goal_three_task_clique	Put the cream cheese on the black bowl, then put the wine bottle on top of the cabinet, and finally push the plate to the front of the stove.	libero_goal	put_the_cream_cheese_in_the_bowl;put_the_wine_bottle_on_top_of_the_cabinet;push_the_plate_to_the_front_of_the_stove	Put the cream cheese on the bowl | Put the wine bottle on the top of the drawer | Push the plate to the front of the stove	on(cream_cheese_1, akita_black_bowl_1); on(wine_bottle_1, wooden_cabinet_1_top_side); on(plate_1, main_table_stove_front_region)	Novel three-task clique (4, 5, 6); all three pairwise edges are in the audited 37-pair compatibility graph. | The corresponding two-task pairs already exist in the original LIBERO-EX TC pool and are not duplicated here.	2	0	5	0.0	0
COMP_044	C1_goal_three_task_clique	Put the cream cheese on the black bowl, then put the wine bottle on top of the cabinet, and finally turn on the stove.	libero_goal	put_the_cream_cheese_in_the_bowl;put_the_wine_bottle_on_top_of_the_cabinet;turn_on_the_stove	Put the cream cheese on the bowl | Put the wine bottle on the top of the drawer | Turn on the stove	on(cream_cheese_1, akita_black_bowl_1); on(wine_bottle_1, wooden_cabinet_1_top_side); turnon(flat_stove_1)	Novel three-task clique (4, 5, 7); all three pairwise edges are in the audited 37-pair compatibility graph. | The corresponding two-task pairs already exist in the original LIBERO-EX TC pool and are not duplicated here.	3	0	5	0.0	0
COMP_045	C1_goal_three_task_clique	Put the cream cheese on the black bowl, then put the wine bottle on top of the cabinet, and finally put the black bowl on the stove.	libero_goal	put_the_cream_cheese_in_the_bowl;put_the_wine_bottle_on_top_of_the_cabinet;put_the_bowl_on_the_stove	Put the cream cheese on the bowl | Put the wine bottle on the top of the drawer | Put the bowl on the stove	on(cream_cheese_1, akita_black_bowl_1); on(wine_bottle_1, wooden_cabinet_1_top_side); on(akita_black_bowl_1, flat_stove_1_cook_region)	Novel three-task clique (4, 5, 8); all three pairwise edges are in the audited 37-pair compatibility graph. | The corresponding two-task pairs already exist in the original LIBERO-EX TC pool and are not duplicated here.	2	0	5	0.0	0
COMP_046	C1_goal_three_task_clique	Put the cream cheese on the black bowl, then put the wine bottle on top of the cabinet, and finally open the middle drawer of the cabinet.	libero_goal	put_the_cream_cheese_in_the_bowl;put_the_wine_bottle_on_top_of_the_cabinet;open_the_middle_drawer_of_the_cabinet	Put the cream cheese on the bowl | Put the wine bottle on the top of the drawer | Open the middle layer of the drawer	on(cream_cheese_1, akita_black_bowl_1); on(wine_bottle_1, wooden_cabinet_1_top_side); open(wooden_cabinet_1_middle_region)	Novel three-task clique (4, 5, 10); all three pairwise edges are in the audited 37-pair compatibility graph. | The corresponding two-task pairs already exist in the original LIBERO-EX TC pool and are not duplicated here.	3	0	5	0.0	0
COMP_047	C1_goal_three_task_clique	Put the cream cheese on the black bowl, then push the plate to the front of the stove, and finally turn on the stove.	libero_goal	put_the_cream_cheese_in_the_bowl;push_the_plate_to_the_front_of_the_stove;turn_on_the_stove	Put the cream cheese on the bowl | Push the plate to the front of the stove | Turn on the stove	on(cream_cheese_1, akita_black_bowl_1); on(plate_1, main_table_stove_front_region); turnon(flat_stove_1)	Novel three-task clique (4, 6, 7); all three pairwise edges are in the audited 37-pair compatibility graph. | The corresponding two-task pairs already exist in the original LIBERO-EX TC pool and are not duplicated here.	2	0	5	0.0	0
COMP_048	C1_goal_three_task_clique	Put the cream cheese on the black bowl, then push the plate to the front of the stove, and finally put the black bowl on the stove.	libero_goal	put_the_cream_cheese_in_the_bowl;push_the_plate_to_the_front_of_the_stove;put_the_bowl_on_the_stove	Put the cream cheese on the bowl | Push the plate to the front of the stove | Put the bowl on the stove	on(cream_cheese_1, akita_black_bowl_1); on(plate_1, main_table_stove_front_region); on(akita_black_bowl_1, flat_stove_1_cook_region)	Novel three-task clique (4, 6, 8); all three pairwise edges are in the audited 37-pair compatibility graph. | The corresponding two-task pairs already exist in the original LIBERO-EX TC pool and are not duplicated here.	3	0	5	0.0	0
COMP_049	C1_goal_three_task_clique	Put the cream cheese on the black bowl, then push the plate to the front of the stove, and finally put the black bowl on top of the cabinet.	libero_goal	put_the_cream_cheese_in_the_bowl;push_the_plate_to_the_front_of_the_stove;put_the_bowl_on_top_of_the_cabinet	Put the cream cheese on the bowl | Push the plate to the front of the stove | Put the bowl on the top of the drawer	on(cream_cheese_1, akita_black_bowl_1); on(plate_1, main_table_stove_front_region); on(akita_black_bowl_1, wooden_cabinet_1_top_side)	Novel three-task clique (4, 6, 9); all three pairwise edges are in the audited 37-pair compatibility graph. | The corresponding two-task pairs already exist in the original LIBERO-EX TC pool and are not duplicated here.	2	0	5	0.0	0
COMP_050	C1_goal_three_task_clique	Put the cream cheese on the black bowl, then push the plate to the front of the stove, and finally open the middle drawer of the cabinet.	libero_goal	put_the_cream_cheese_in_the_bowl;push_the_plate_to_the_front_of_the_stove;open_the_middle_drawer_of_the_cabinet	Put the cream cheese on the bowl | Push the plate to the front of the stove | Open the middle layer of the drawer	on(cream_cheese_1, akita_black_bowl_1); on(plate_1, main_table_stove_front_region); open(wooden_cabinet_1_middle_region)	Novel three-task clique (4, 6, 10); all three pairwise edges are in the audited 37-pair compatibility graph. | The corresponding two-task pairs already exist in the original LIBERO-EX TC pool and are not duplicated here.	3	0	5	0.0	0
COMP_051	C1_goal_three_task_clique	Put the cream cheese on the black bowl, then turn on the stove, and finally put the black bowl on the stove.	libero_goal	put_the_cream_cheese_in_the_bowl;turn_on_the_stove;put_the_bowl_on_the_stove	Put the cream cheese on the bowl | Turn on the stove | Put the bowl on the stove	on(cream_cheese_1, akita_black_bowl_1); turnon(flat_stove_1); on(akita_black_bowl_1, flat_stove_1_cook_region)	Novel three-task clique (4, 7, 8); all three pairwise edges are in the audited 37-pair compatibility graph. | The corresponding two-task pairs already exist in the original LIBERO-EX TC pool and are not duplicated here.	2	0	5	0.0	0
COMP_052	C1_goal_three_task_clique	Put the cream cheese on the black bowl, then turn on the stove, and finally put the black bowl on top of the cabinet.	libero_goal	put_the_cream_cheese_in_the_bowl;turn_on_the_stove;put_the_bowl_on_top_of_the_cabinet	Put the cream cheese on the bowl | Turn on the stove | Put the bowl on the top of the drawer	on(cream_cheese_1, akita_black_bowl_1); turnon(flat_stove_1); on(akita_black_bowl_1, wooden_cabinet_1_top_side)	Novel three-task clique (4, 7, 9); all three pairwise edges are in the audited 37-pair compatibility graph. | The corresponding two-task pairs already exist in the original LIBERO-EX TC pool and are not duplicated here.	3	0	5	0.0	0
COMP_053	C1_goal_three_task_clique	Put the cream cheese on the black bowl, then turn on the stove, and finally open the middle drawer of the cabinet.	libero_goal	put_the_cream_cheese_in_the_bowl;turn_on_the_stove;open_the_middle_drawer_of_the_cabinet	Put the cream cheese on the bowl | Turn on the stove | Open the middle layer of the drawer	on(cream_cheese_1, akita_black_bowl_1); turnon(flat_stove_1); open(wooden_cabinet_1_middle_region)	Novel three-task clique (4, 7, 10); all three pairwise edges are in the audited 37-pair compatibility graph. | The corresponding two-task pairs already exist in the original LIBERO-EX TC pool and are not duplicated here.	2	0	5	0.0	0
COMP_054	C1_goal_three_task_clique	Put the cream cheese on the black bowl, then open the middle drawer of the cabinet, and finally put the black bowl on the stove.	libero_goal	put_the_cream_cheese_in_the_bowl;open_the_middle_drawer_of_the_cabinet;put_the_bowl_on_the_stove	Put the cream cheese on the bowl | Open the middle layer of the drawer | Put the bowl on the stove	on(cream_cheese_1, akita_black_bowl_1); open(wooden_cabinet_1_middle_region); on(akita_black_bowl_1, flat_stove_1_cook_region)	Novel three-task clique (4, 8, 10); all three pairwise edges are in the audited 37-pair compatibility graph. | The corresponding two-task pairs already exist in the original LIBERO-EX TC pool and are not duplicated here.	3	0	5	0.0	0
COMP_055	C1_goal_three_task_clique	Put the cream cheese on the black bowl, then open the middle drawer of the cabinet, and finally put the black bowl on top of the cabinet.	libero_goal	put_the_cream_cheese_in_the_bowl;open_the_middle_drawer_of_the_cabinet;put_the_bowl_on_top_of_the_cabinet	Put the cream cheese on the bowl | Open the middle layer of the drawer | Put the bowl on the top of the drawer	on(cream_cheese_1, akita_black_bowl_1); open(wooden_cabinet_1_middle_region); on(akita_black_bowl_1, wooden_cabinet_1_top_side)	Novel three-task clique (4, 9, 10); all three pairwise edges are in the audited 37-pair compatibility graph. | The corresponding two-task pairs already exist in the original LIBERO-EX TC pool and are not duplicated here.	2	0	5	0.0	0
COMP_056	C1_goal_three_task_clique	Put the wine bottle on top of the cabinet, then push the plate to the front of the stove, and finally turn on the stove.	libero_goal	put_the_wine_bottle_on_top_of_the_cabinet;push_the_plate_to_the_front_of_the_stove;turn_on_the_stove	Put the wine bottle on the top of the drawer | Push the plate to the front of the stove | Turn on the stove	on(wine_bottle_1, wooden_cabinet_1_top_side); on(plate_1, main_table_stove_front_region); turnon(flat_stove_1)	Novel three-task clique (5, 6, 7); all three pairwise edges are in the audited 37-pair compatibility graph. | The corresponding two-task pairs already exist in the original LIBERO-EX TC pool and are not duplicated here.	3	0	5	0.0	0
COMP_057	C1_goal_three_task_clique	Put the wine bottle on top of the cabinet, then push the plate to the front of the stove, and finally put the black bowl on the stove.	libero_goal	put_the_wine_bottle_on_top_of_the_cabinet;push_the_plate_to_the_front_of_the_stove;put_the_bowl_on_the_stove	Put the wine bottle on the top of the drawer | Push the plate to the front of the stove | Put the bowl on the stove	on(wine_bottle_1, wooden_cabinet_1_top_side); on(plate_1, main_table_stove_front_region); on(akita_black_bowl_1, flat_stove_1_cook_region)	Novel three-task clique (5, 6, 8); all three pairwise edges are in the audited 37-pair compatibility graph. | The corresponding two-task pairs already exist in the original LIBERO-EX TC pool and are not duplicated here.	2	0	5	0.0	0
COMP_058	C1_goal_three_task_clique	Put the wine bottle on top of the cabinet, then push the plate to the front of the stove, and finally open the middle drawer of the cabinet.	libero_goal	put_the_wine_bottle_on_top_of_the_cabinet;push_the_plate_to_the_front_of_the_stove;open_the_middle_drawer_of_the_cabinet	Put the wine bottle on the top of the drawer | Push the plate to the front of the stove | Open the middle layer of the drawer	on(wine_bottle_1, wooden_cabinet_1_top_side); on(plate_1, main_table_stove_front_region); open(wooden_cabinet_1_middle_region)	Novel three-task clique (5, 6, 10); all three pairwise edges are in the audited 37-pair compatibility graph. | The corresponding two-task pairs already exist in the original LIBERO-EX TC pool and are not duplicated here.	3	0	5	0.0	0
COMP_059	C1_goal_three_task_clique	Put the wine bottle on top of the cabinet, then turn on the stove, and finally put the black bowl on the stove.	libero_goal	put_the_wine_bottle_on_top_of_the_cabinet;turn_on_the_stove;put_the_bowl_on_the_stove	Put the wine bottle on the top of the drawer | Turn on the stove | Put the bowl on the stove	on(wine_bottle_1, wooden_cabinet_1_top_side); turnon(flat_stove_1); on(akita_black_bowl_1, flat_stove_1_cook_region)	Novel three-task clique (5, 7, 8); all three pairwise edges are in the audited 37-pair compatibility graph. | The corresponding two-task pairs already exist in the original LIBERO-EX TC pool and are not duplicated here.	2	0	5	0.0	0
COMP_060	C1_goal_three_task_clique	Put the wine bottle on top of the cabinet, then turn on the stove, and finally open the middle drawer of the cabinet.	libero_goal	put_the_wine_bottle_on_top_of_the_cabinet;turn_on_the_stove;open_the_middle_drawer_of_the_cabinet	Put the wine bottle on the top of the drawer | Turn on the stove | Open the middle layer of the drawer	on(wine_bottle_1, wooden_cabinet_1_top_side); turnon(flat_stove_1); open(wooden_cabinet_1_middle_region)	Novel three-task clique (5, 7, 10); all three pairwise edges are in the audited 37-pair compatibility graph. | The corresponding two-task pairs already exist in the original LIBERO-EX TC pool and are not duplicated here.	3	0	5	0.0	0
COMP_061	C1_goal_three_task_clique	Put the wine bottle on top of the cabinet, then open the middle drawer of the cabinet, and finally put the black bowl on the stove.	libero_goal	put_the_wine_bottle_on_top_of_the_cabinet;open_the_middle_drawer_of_the_cabinet;put_the_bowl_on_the_stove	Put the wine bottle on the top of the drawer | Open the middle layer of the drawer | Put the bowl on the stove	on(wine_bottle_1, wooden_cabinet_1_top_side); open(wooden_cabinet_1_middle_region); on(akita_black_bowl_1, flat_stove_1_cook_region)	Novel three-task clique (5, 8, 10); all three pairwise edges are in the audited 37-pair compatibility graph. | The corresponding two-task pairs already exist in the original LIBERO-EX TC pool and are not duplicated here.	2	0	5	0.0	0
COMP_062	C1_goal_three_task_clique	Push the plate to the front of the stove, then turn on the stove, and finally put the black bowl on the stove.	libero_goal	push_the_plate_to_the_front_of_the_stove;turn_on_the_stove;put_the_bowl_on_the_stove	Push the plate to the front of the stove | Turn on the stove | Put the bowl on the stove	on(plate_1, main_table_stove_front_region); turnon(flat_stove_1); on(akita_black_bowl_1, flat_stove_1_cook_region)	Novel three-task clique (6, 7, 8); all three pairwise edges are in the audited 37-pair compatibility graph. | The corresponding two-task pairs already exist in the original LIBERO-EX TC pool and are not duplicated here.	3	0	5	0.0	0
COMP_063	C1_goal_three_task_clique	Push the plate to the front of the stove, then turn on the stove, and finally put the black bowl on top of the cabinet.	libero_goal	push_the_plate_to_the_front_of_the_stove;turn_on_the_stove;put_the_bowl_on_top_of_the_cabinet	Push the plate to the front of the stove | Turn on the stove | Put the bowl on the top of the drawer	on(plate_1, main_table_stove_front_region); turnon(flat_stove_1); on(akita_black_bowl_1, wooden_cabinet_1_top_side)	Novel three-task clique (6, 7, 9); all three pairwise edges are in the audited 37-pair compatibility graph. | The corresponding two-task pairs already exist in the original LIBERO-EX TC pool and are not duplicated here.	2	0	5	0.0	0
COMP_064	C1_goal_three_task_clique	Push the plate to the front of the stove, then turn on the stove, and finally open the middle drawer of the cabinet.	libero_goal	push_the_plate_to_the_front_of_the_stove;turn_on_the_stove;open_the_middle_drawer_of_the_cabinet	Push the plate to the front of the stove | Turn on the stove | Open the middle layer of the drawer	on(plate_1, main_table_stove_front_region); turnon(flat_stove_1); open(wooden_cabinet_1_middle_region)	Novel three-task clique (6, 7, 10); all three pairwise edges are in the audited 37-pair compatibility graph. | The corresponding two-task pairs already exist in the original LIBERO-EX TC pool and are not duplicated here.	3	0	5	0.0	0
COMP_065	C1_goal_three_task_clique	Push the plate to the front of the stove, then open the middle drawer of the cabinet, and finally put the black bowl on the stove.	libero_goal	push_the_plate_to_the_front_of_the_stove;open_the_middle_drawer_of_the_cabinet;put_the_bowl_on_the_stove	Push the plate to the front of the stove | Open the middle layer of the drawer | Put the bowl on the stove	on(plate_1, main_table_stove_front_region); open(wooden_cabinet_1_middle_region); on(akita_black_bowl_1, flat_stove_1_cook_region)	Novel three-task clique (6, 8, 10); all three pairwise edges are in the audited 37-pair compatibility graph. | The corresponding two-task pairs already exist in the original LIBERO-EX TC pool and are not duplicated here.	2	0	5	0.0	0
COMP_066	C1_goal_three_task_clique	Push the plate to the front of the stove, then open the middle drawer of the cabinet, and finally put the black bowl on top of the cabinet.	libero_goal	push_the_plate_to_the_front_of_the_stove;open_the_middle_drawer_of_the_cabinet;put_the_bowl_on_top_of_the_cabinet	Push the plate to the front of the stove | Open the middle layer of the drawer | Put the bowl on the top of the drawer	on(plate_1, main_table_stove_front_region); open(wooden_cabinet_1_middle_region); on(akita_black_bowl_1, wooden_cabinet_1_top_side)	Novel three-task clique (6, 9, 10); all three pairwise edges are in the audited 37-pair compatibility graph. | The corresponding two-task pairs already exist in the original LIBERO-EX TC pool and are not duplicated here.	3	0	5	0.0	0
COMP_067	C1_goal_three_task_clique	Turn on the stove, then open the middle drawer of the cabinet, and finally put the black bowl on the stove.	libero_goal	turn_on_the_stove;open_the_middle_drawer_of_the_cabinet;put_the_bowl_on_the_stove	Turn on the stove | Open the middle layer of the drawer | Put the bowl on the stove	turnon(flat_stove_1); open(wooden_cabinet_1_middle_region); on(akita_black_bowl_1, flat_stove_1_cook_region)	Novel three-task clique (7, 8, 10); all three pairwise edges are in the audited 37-pair compatibility graph. | The corresponding two-task pairs already exist in the original LIBERO-EX TC pool and are not duplicated here.	2	0	5	0.0	0
COMP_068	C1_goal_three_task_clique	Turn on the stove, then open the middle drawer of the cabinet, and finally put the black bowl on top of the cabinet.	libero_goal	turn_on_the_stove;open_the_middle_drawer_of_the_cabinet;put_the_bowl_on_top_of_the_cabinet	Turn on the stove | Open the middle layer of the drawer | Put the bowl on the top of the drawer	turnon(flat_stove_1); open(wooden_cabinet_1_middle_region); on(akita_black_bowl_1, wooden_cabinet_1_top_side)	Novel three-task clique (7, 9, 10); all three pairwise edges are in the audited 37-pair compatibility graph. | The corresponding two-task pairs already exist in the original LIBERO-EX TC pool and are not duplicated here.	3	0	5	0.0	0
COMP_069	C2_spatial_two_task	Pick the akita black bowl between the plate and the ramekin and place it on the plate, and then open the middle drawer of the wooden cabinet.	libero_spatial;libero_goal	pick_up_the_black_bowl_between_the_plate_and_the_ramekin_and_place_it_on_the_plate;open_the_middle_drawer_of_the_cabinet	Pick the akita black bowl between the plate and the ramekin and place it on the plate | Open the middle layer of the drawer	on(akita_black_bowl_1, plate_1); open(wooden_cabinet_1_middle_region)	Spatial scene 01; extension=O. | Drawer-opening primitive is learned in LIBERO-Goal; the same wooden-cabinet type is present here. | Exact original LIBERO-Spatial task in its original physical scene. | Drawer-opening primitive is learned in LIBERO-Goal; the same wooden-cabinet type is present here.	2	0	5	0.0	0
COMP_070	C2_spatial_two_task	Pick the akita black bowl between the plate and the ramekin and place it on the plate, and then turn on the stove.	libero_spatial;libero_goal	pick_up_the_black_bowl_between_the_plate_and_the_ramekin_and_place_it_on_the_plate;turn_on_the_stove	Pick the akita black bowl between the plate and the ramekin and place it on the plate | Turn on the stove	on(akita_black_bowl_1, plate_1); turnon(flat_stove_1)	Spatial scene 01; extension=T. | Exact learned stove-toggle primitive transferred to an official Spatial stove pose. | Exact original LIBERO-Spatial task in its original physical scene. | Exact learned stove-toggle primitive transferred to an official Spatial stove pose.	3	0	5	0.0	0
COMP_071	C2_spatial_two_task	Pick the akita black bowl between the plate and the ramekin and place it on the plate, and then put the second black bowl on top of the wooden cabinet.	libero_spatial;libero_goal	pick_up_the_black_bowl_between_the_plate_and_the_ramekin_and_place_it_on_the_plate;put_the_bowl_on_top_of_the_cabinet	Pick the akita black bowl between the plate and the ramekin and place it on the plate | Put the bowl on the top of the drawer	on(akita_black_bowl_1, plate_1); on(akita_black_bowl_2, wooden_cabinet_1_top_side)	Spatial scene 01; extension=C. | Exact-instance transfer of the learned bowl-to-cabinet relation to the second bowl. | Exact original LIBERO-Spatial task in its original physical scene. | Exact-instance transfer of the learned bowl-to-cabinet relation to the second bowl.	2	0	5	0.0	0
COMP_072	C2_spatial_two_task	Pick the akita black bowl between the plate and the ramekin and place it on the plate, and then put the second black bowl on the stove.	libero_spatial;libero_goal	pick_up_the_black_bowl_between_the_plate_and_the_ramekin_and_place_it_on_the_plate;put_the_bowl_on_the_stove	Pick the akita black bowl between the plate and the ramekin and place it on the plate | Put the bowl on the stove	on(akita_black_bowl_1, plate_1); on(akita_black_bowl_2, flat_stove_1_cook_region)	Spatial scene 01; extension=S. | Exact-instance transfer of the learned bowl-to-stove relation to the second bowl. | Exact original LIBERO-Spatial task in its original physical scene. | Exact-instance transfer of the learned bowl-to-stove relation to the second bowl.	3	0	5	0.0	0
COMP_073	C2_spatial_two_task	Pick the akita black bowl between the plate and the ramekin and place it on the plate, and then put the cookies box on the stove.	libero_spatial;libero_goal	pick_up_the_black_bowl_between_the_plate_and_the_ramekin_and_place_it_on_the_plate;put_the_bowl_on_the_stove	Pick the akita black bowl between the plate and the ramekin and place it on the plate | Put the bowl on the stove	on(akita_black_bowl_1, plate_1); on(cookies_1, flat_stove_1_cook_region)	Spatial scene 01; extension=K. | Requested object-binding transfer: cookies is present in Spatial but has no direct LIBERO-40 grasp trajectory. | Exact original LIBERO-Spatial task in its original physical scene. | Requested object-binding transfer: cookies is present in Spatial but has no direct LIBERO-40 grasp trajectory.	2	0	5	0.0	0
COMP_074	C2_spatial_three_task	Pick the akita black bowl between the plate and the ramekin and place it on the plate, then open the middle drawer of the wooden cabinet, and finally turn on the stove.	libero_spatial;libero_goal	pick_up_the_black_bowl_between_the_plate_and_the_ramekin_and_place_it_on_the_plate;open_the_middle_drawer_of_the_cabinet;turn_on_the_stove	Pick the akita black bowl between the plate and the ramekin and place it on the plate | Open the middle layer of the drawer | Turn on the stove	on(akita_black_bowl_1, plate_1); open(wooden_cabinet_1_middle_region); turnon(flat_stove_1)	Spatial scene 01; extensions=O+T. | Drawer-opening primitive is learned in LIBERO-Goal; the same wooden-cabinet type is present here. | Exact learned stove-toggle primitive transferred to an official Spatial stove pose. | Exact original LIBERO-Spatial task in its original physical scene. | Drawer-opening primitive is learned in LIBERO-Goal; the same wooden-cabinet type is present here. | Exact learned stove-toggle primitive transferred to an official Spatial stove pose.	3	0	5	0.0	0
COMP_075	C2_spatial_three_task	Pick the akita black bowl between the plate and the ramekin and place it on the plate, then open the middle drawer of the wooden cabinet, and finally put the second black bowl on top of the wooden cabinet.	libero_spatial;libero_goal	pick_up_the_black_bowl_between_the_plate_and_the_ramekin_and_place_it_on_the_plate;open_the_middle_drawer_of_the_cabinet;put_the_bowl_on_top_of_the_cabinet	Pick the akita black bowl between the plate and the ramekin and place it on the plate | Open the middle layer of the drawer | Put the bowl on the top of the drawer	on(akita_black_bowl_1, plate_1); open(wooden_cabinet_1_middle_region); on(akita_black_bowl_2, wooden_cabinet_1_top_side)	Spatial scene 01; extensions=O+C. | Drawer-opening primitive is learned in LIBERO-Goal; the same wooden-cabinet type is present here. | Exact-instance transfer of the learned bowl-to-cabinet relation to the second bowl. | Exact original LIBERO-Spatial task in its original physical scene. | Drawer-opening primitive is learned in LIBERO-Goal; the same wooden-cabinet type is present here. | Exact-instance transfer of the learned bowl-to-cabinet relation to the second bowl.	2	0	5	0.0	0
COMP_076	C2_spatial_three_task	Pick the akita black bowl between the plate and the ramekin and place it on the plate, then open the middle drawer of the wooden cabinet, and finally put the second black bowl on the stove.	libero_spatial;libero_goal	pick_up_the_black_bowl_between_the_plate_and_the_ramekin_and_place_it_on_the_plate;open_the_middle_drawer_of_the_cabinet;put_the_bowl_on_the_stove	Pick the akita black bowl between the plate and the ramekin and place it on the plate | Open the middle layer of the drawer | Put the bowl on the stove	on(akita_black_bowl_1, plate_1); open(wooden_cabinet_1_middle_region); on(akita_black_bowl_2, flat_stove_1_cook_region)	Spatial scene 01; extensions=O+S. | Drawer-opening primitive is learned in LIBERO-Goal; the same wooden-cabinet type is present here. | Exact-instance transfer of the learned bowl-to-stove relation to the second bowl. | Exact original LIBERO-Spatial task in its original physical scene. | Drawer-opening primitive is learned in LIBERO-Goal; the same wooden-cabinet type is present here. | Exact-instance transfer of the learned bowl-to-stove relation to the second bowl.	3	0	5	0.0	0
COMP_077	C2_spatial_three_task	Pick the akita black bowl between the plate and the ramekin and place it on the plate, then open the middle drawer of the wooden cabinet, and finally put the cookies box on the stove.	libero_spatial;libero_goal	pick_up_the_black_bowl_between_the_plate_and_the_ramekin_and_place_it_on_the_plate;open_the_middle_drawer_of_the_cabinet;put_the_bowl_on_the_stove	Pick the akita black bowl between the plate and the ramekin and place it on the plate | Open the middle layer of the drawer | Put the bowl on the stove	on(akita_black_bowl_1, plate_1); open(wooden_cabinet_1_middle_region); on(cookies_1, flat_stove_1_cook_region)	Spatial scene 01; extensions=O+K. | Drawer-opening primitive is learned in LIBERO-Goal; the same wooden-cabinet type is present here. | Requested object-binding transfer: cookies is present in Spatial but has no direct LIBERO-40 grasp trajectory. | Exact original LIBERO-Spatial task in its original physical scene. | Drawer-opening primitive is learned in LIBERO-Goal; the same wooden-cabinet type is present here. | Requested object-binding transfer: cookies is present in Spatial but has no direct LIBERO-40 grasp trajectory.	2	0	5	0.0	0
COMP_078	C2_spatial_three_task	Pick the akita black bowl between the plate and the ramekin and place it on the plate, then turn on the stove, and finally put the second black bowl on top of the wooden cabinet.	libero_spatial;libero_goal	pick_up_the_black_bowl_between_the_plate_and_the_ramekin_and_place_it_on_the_plate;turn_on_the_stove;put_the_bowl_on_top_of_the_cabinet	Pick the akita black bowl between the plate and the ramekin and place it on the plate | Turn on the stove | Put the bowl on the top of the drawer	on(akita_black_bowl_1, plate_1); turnon(flat_stove_1); on(akita_black_bowl_2, wooden_cabinet_1_top_side)	Spatial scene 01; extensions=T+C. | Exact learned stove-toggle primitive transferred to an official Spatial stove pose. | Exact-instance transfer of the learned bowl-to-cabinet relation to the second bowl. | Exact original LIBERO-Spatial task in its original physical scene. | Exact learned stove-toggle primitive transferred to an official Spatial stove pose. | Exact-instance transfer of the learned bowl-to-cabinet relation to the second bowl.	3	0	5	0.0	0
COMP_079	C2_spatial_three_task	Pick the akita black bowl between the plate and the ramekin and place it on the plate, then turn on the stove, and finally put the second black bowl on the stove.	libero_spatial;libero_goal	pick_up_the_black_bowl_between_the_plate_and_the_ramekin_and_place_it_on_the_plate;turn_on_the_stove;put_the_bowl_on_the_stove	Pick the akita black bowl between the plate and the ramekin and place it on the plate | Turn on the stove | Put the bowl on the stove	on(akita_black_bowl_1, plate_1); turnon(flat_stove_1); on(akita_black_bowl_2, flat_stove_1_cook_region)	Spatial scene 01; extensions=T+S. | Exact learned stove-toggle primitive transferred to an official Spatial stove pose. | Exact-instance transfer of the learned bowl-to-stove relation to the second bowl. | Exact original LIBERO-Spatial task in its original physical scene. | Exact learned stove-toggle primitive transferred to an official Spatial stove pose. | Exact-instance transfer of the learned bowl-to-stove relation to the second bowl.	2	0	5	0.0	0
COMP_080	C2_spatial_three_task	Pick the akita black bowl between the plate and the ramekin and place it on the plate, then turn on the stove, and finally put the cookies box on the stove.	libero_spatial;libero_goal	pick_up_the_black_bowl_between_the_plate_and_the_ramekin_and_place_it_on_the_plate;turn_on_the_stove;put_the_bowl_on_the_stove	Pick the akita black bowl between the plate and the ramekin and place it on the plate | Turn on the stove | Put the bowl on the stove	on(akita_black_bowl_1, plate_1); turnon(flat_stove_1); on(cookies_1, flat_stove_1_cook_region)	Spatial scene 01; extensions=T+K. | Exact learned stove-toggle primitive transferred to an official Spatial stove pose. | Requested object-binding transfer: cookies is present in Spatial but has no direct LIBERO-40 grasp trajectory. | Exact original LIBERO-Spatial task in its original physical scene. | Exact learned stove-toggle primitive transferred to an official Spatial stove pose. | Requested object-binding transfer: cookies is present in Spatial but has no direct LIBERO-40 grasp trajectory.	3	0	5	0.0	0
COMP_081	C2_spatial_three_task	Pick the akita black bowl between the plate and the ramekin and place it on the plate, then put the second black bowl on top of the wooden cabinet, and finally put the cookies box on the stove.	libero_spatial;libero_goal	pick_up_the_black_bowl_between_the_plate_and_the_ramekin_and_place_it_on_the_plate;put_the_bowl_on_top_of_the_cabinet;put_the_bowl_on_the_stove	Pick the akita black bowl between the plate and the ramekin and place it on the plate | Put the bowl on the top of the drawer | Put the bowl on the stove	on(akita_black_bowl_1, plate_1); on(akita_black_bowl_2, wooden_cabinet_1_top_side); on(cookies_1, flat_stove_1_cook_region)	Spatial scene 01; extensions=C+K. | Exact-instance transfer of the learned bowl-to-cabinet relation to the second bowl. | Requested object-binding transfer: cookies is present in Spatial but has no direct LIBERO-40 grasp trajectory. | Exact original LIBERO-Spatial task in its original physical scene. | Exact-instance transfer of the learned bowl-to-cabinet relation to the second bowl. | Requested object-binding transfer: cookies is present in Spatial but has no direct LIBERO-40 grasp trajectory.	2	0	5	0.0	0
COMP_082	C2_spatial_three_task	Pick the akita black bowl between the plate and the ramekin and place it on the plate, then put the second black bowl on the stove, and finally put the cookies box on the stove.	libero_spatial;libero_goal	pick_up_the_black_bowl_between_the_plate_and_the_ramekin_and_place_it_on_the_plate;put_the_bowl_on_the_stove	Pick the akita black bowl between the plate and the ramekin and place it on the plate | Put the bowl on the stove	on(akita_black_bowl_1, plate_1); on(akita_black_bowl_2, flat_stove_1_cook_region); on(cookies_1, flat_stove_1_cook_region)	Spatial scene 01; extensions=S+K. | Exact-instance transfer of the learned bowl-to-stove relation to the second bowl. | Requested object-binding transfer: cookies is present in Spatial but has no direct LIBERO-40 grasp trajectory. | Exact original LIBERO-Spatial task in its original physical scene. | Exact-instance transfer of the learned bowl-to-stove relation to the second bowl. | Requested object-binding transfer: cookies is present in Spatial but has no direct LIBERO-40 grasp trajectory.	3	0	5	0.0	0
COMP_083	C2_spatial_two_task	Pick the akita black bowl from table center and place it on the plate, and then open the middle drawer of the wooden cabinet.	libero_spatial;libero_goal	pick_up_the_black_bowl_from_table_center_and_place_it_on_the_plate;open_the_middle_drawer_of_the_cabinet	Pick the akita black bowl from table center and place it on the plate | Open the middle layer of the drawer	on(akita_black_bowl_1, plate_1); open(wooden_cabinet_1_middle_region)	Spatial scene 02; extension=O. | Drawer-opening primitive is learned in LIBERO-Goal; the same wooden-cabinet type is present here. | Exact original LIBERO-Spatial task in its original physical scene. | Drawer-opening primitive is learned in LIBERO-Goal; the same wooden-cabinet type is present here.	2	0	5	0.0	0
COMP_084	C2_spatial_two_task	Pick the akita black bowl from table center and place it on the plate, and then turn on the stove.	libero_spatial;libero_goal	pick_up_the_black_bowl_from_table_center_and_place_it_on_the_plate;turn_on_the_stove	Pick the akita black bowl from table center and place it on the plate | Turn on the stove	on(akita_black_bowl_1, plate_1); turnon(flat_stove_1)	Spatial scene 02; extension=T. | Exact learned stove-toggle primitive transferred to an official Spatial stove pose. | Exact original LIBERO-Spatial task in its original physical scene. | Exact learned stove-toggle primitive transferred to an official Spatial stove pose.	3	0	5	0.0	0
COMP_085	C2_spatial_two_task	Pick the akita black bowl from table center and place it on the plate, and then put the second black bowl on top of the wooden cabinet.	libero_spatial;libero_goal	pick_up_the_black_bowl_from_table_center_and_place_it_on_the_plate;put_the_bowl_on_top_of_the_cabinet	Pick the akita black bowl from table center and place it on the plate | Put the bowl on the top of the drawer	on(akita_black_bowl_1, plate_1); on(akita_black_bowl_2, wooden_cabinet_1_top_side)	Spatial scene 02; extension=C. | Exact-instance transfer of the learned bowl-to-cabinet relation to the second bowl. | Exact original LIBERO-Spatial task in its original physical scene. | Exact-instance transfer of the learned bowl-to-cabinet relation to the second bowl.	2	0	5	0.0	0
COMP_086	C2_spatial_two_task	Pick the akita black bowl from table center and place it on the plate, and then put the second black bowl on the stove.	libero_spatial;libero_goal	pick_up_the_black_bowl_from_table_center_and_place_it_on_the_plate;put_the_bowl_on_the_stove	Pick the akita black bowl from table center and place it on the plate | Put the bowl on the stove	on(akita_black_bowl_1, plate_1); on(akita_black_bowl_2, flat_stove_1_cook_region)	Spatial scene 02; extension=S. | Exact-instance transfer of the learned bowl-to-stove relation to the second bowl. | Exact original LIBERO-Spatial task in its original physical scene. | Exact-instance transfer of the learned bowl-to-stove relation to the second bowl.	3	0	5	0.0	0
COMP_087	C2_spatial_two_task	Pick the akita black bowl from table center and place it on the plate, and then put the cookies box on the stove.	libero_spatial;libero_goal	pick_up_the_black_bowl_from_table_center_and_place_it_on_the_plate;put_the_bowl_on_the_stove	Pick the akita black bowl from table center and place it on the plate | Put the bowl on the stove	on(akita_black_bowl_1, plate_1); on(cookies_1, flat_stove_1_cook_region)	Spatial scene 02; extension=K. | Requested object-binding transfer: cookies is present in Spatial but has no direct LIBERO-40 grasp trajectory. | Exact original LIBERO-Spatial task in its original physical scene. | Requested object-binding transfer: cookies is present in Spatial but has no direct LIBERO-40 grasp trajectory.	2	0	5	0.0	0
COMP_088	C2_spatial_three_task	Pick the akita black bowl from table center and place it on the plate, then open the middle drawer of the wooden cabinet, and finally turn on the stove.	libero_spatial;libero_goal	pick_up_the_black_bowl_from_table_center_and_place_it_on_the_plate;open_the_middle_drawer_of_the_cabinet;turn_on_the_stove	Pick the akita black bowl from table center and place it on the plate | Open the middle layer of the drawer | Turn on the stove	on(akita_black_bowl_1, plate_1); open(wooden_cabinet_1_middle_region); turnon(flat_stove_1)	Spatial scene 02; extensions=O+T. | Drawer-opening primitive is learned in LIBERO-Goal; the same wooden-cabinet type is present here. | Exact learned stove-toggle primitive transferred to an official Spatial stove pose. | Exact original LIBERO-Spatial task in its original physical scene. | Drawer-opening primitive is learned in LIBERO-Goal; the same wooden-cabinet type is present here. | Exact learned stove-toggle primitive transferred to an official Spatial stove pose.	3	0	5	0.0	0
COMP_089	C2_spatial_three_task	Pick the akita black bowl from table center and place it on the plate, then open the middle drawer of the wooden cabinet, and finally put the second black bowl on top of the wooden cabinet.	libero_spatial;libero_goal	pick_up_the_black_bowl_from_table_center_and_place_it_on_the_plate;open_the_middle_drawer_of_the_cabinet;put_the_bowl_on_top_of_the_cabinet	Pick the akita black bowl from table center and place it on the plate | Open the middle layer of the drawer | Put the bowl on the top of the drawer	on(akita_black_bowl_1, plate_1); open(wooden_cabinet_1_middle_region); on(akita_black_bowl_2, wooden_cabinet_1_top_side)	Spatial scene 02; extensions=O+C. | Drawer-opening primitive is learned in LIBERO-Goal; the same wooden-cabinet type is present here. | Exact-instance transfer of the learned bowl-to-cabinet relation to the second bowl. | Exact original LIBERO-Spatial task in its original physical scene. | Drawer-opening primitive is learned in LIBERO-Goal; the same wooden-cabinet type is present here. | Exact-instance transfer of the learned bowl-to-cabinet relation to the second bowl.	2	0	5	0.0	0
COMP_090	C2_spatial_three_task	Pick the akita black bowl from table center and place it on the plate, then open the middle drawer of the wooden cabinet, and finally put the second black bowl on the stove.	libero_spatial;libero_goal	pick_up_the_black_bowl_from_table_center_and_place_it_on_the_plate;open_the_middle_drawer_of_the_cabinet;put_the_bowl_on_the_stove	Pick the akita black bowl from table center and place it on the plate | Open the middle layer of the drawer | Put the bowl on the stove	on(akita_black_bowl_1, plate_1); open(wooden_cabinet_1_middle_region); on(akita_black_bowl_2, flat_stove_1_cook_region)	Spatial scene 02; extensions=O+S. | Drawer-opening primitive is learned in LIBERO-Goal; the same wooden-cabinet type is present here. | Exact-instance transfer of the learned bowl-to-stove relation to the second bowl. | Exact original LIBERO-Spatial task in its original physical scene. | Drawer-opening primitive is learned in LIBERO-Goal; the same wooden-cabinet type is present here. | Exact-instance transfer of the learned bowl-to-stove relation to the second bowl.	3	0	5	0.0	0
COMP_091	C2_spatial_three_task	Pick the akita black bowl from table center and place it on the plate, then open the middle drawer of the wooden cabinet, and finally put the cookies box on the stove.	libero_spatial;libero_goal	pick_up_the_black_bowl_from_table_center_and_place_it_on_the_plate;open_the_middle_drawer_of_the_cabinet;put_the_bowl_on_the_stove	Pick the akita black bowl from table center and place it on the plate | Open the middle layer of the drawer | Put the bowl on the stove	on(akita_black_bowl_1, plate_1); open(wooden_cabinet_1_middle_region); on(cookies_1, flat_stove_1_cook_region)	Spatial scene 02; extensions=O+K. | Drawer-opening primitive is learned in LIBERO-Goal; the same wooden-cabinet type is present here. | Requested object-binding transfer: cookies is present in Spatial but has no direct LIBERO-40 grasp trajectory. | Exact original LIBERO-Spatial task in its original physical scene. | Drawer-opening primitive is learned in LIBERO-Goal; the same wooden-cabinet type is present here. | Requested object-binding transfer: cookies is present in Spatial but has no direct LIBERO-40 grasp trajectory.	2	0	5	0.0	0
COMP_092	C2_spatial_three_task	Pick the akita black bowl from table center and place it on the plate, then turn on the stove, and finally put the second black bowl on top of the wooden cabinet.	libero_spatial;libero_goal	pick_up_the_black_bowl_from_table_center_and_place_it_on_the_plate;turn_on_the_stove;put_the_bowl_on_top_of_the_cabinet	Pick the akita black bowl from table center and place it on the plate | Turn on the stove | Put the bowl on the top of the drawer	on(akita_black_bowl_1, plate_1); turnon(flat_stove_1); on(akita_black_bowl_2, wooden_cabinet_1_top_side)	Spatial scene 02; extensions=T+C. | Exact learned stove-toggle primitive transferred to an official Spatial stove pose. | Exact-instance transfer of the learned bowl-to-cabinet relation to the second bowl. | Exact original LIBERO-Spatial task in its original physical scene. | Exact learned stove-toggle primitive transferred to an official Spatial stove pose. | Exact-instance transfer of the learned bowl-to-cabinet relation to the second bowl.	3	0	5	0.0	0
COMP_093	C2_spatial_three_task	Pick the akita black bowl from table center and place it on the plate, then turn on the stove, and finally put the second black bowl on the stove.	libero_spatial;libero_goal	pick_up_the_black_bowl_from_table_center_and_place_it_on_the_plate;turn_on_the_stove;put_the_bowl_on_the_stove	Pick the akita black bowl from table center and place it on the plate | Turn on the stove | Put the bowl on the stove	on(akita_black_bowl_1, plate_1); turnon(flat_stove_1); on(akita_black_bowl_2, flat_stove_1_cook_region)	Spatial scene 02; extensions=T+S. | Exact learned stove-toggle primitive transferred to an official Spatial stove pose. | Exact-instance transfer of the learned bowl-to-stove relation to the second bowl. | Exact original LIBERO-Spatial task in its original physical scene. | Exact learned stove-toggle primitive transferred to an official Spatial stove pose. | Exact-instance transfer of the learned bowl-to-stove relation to the second bowl.	2	0	5	0.0	0
COMP_094	C2_spatial_three_task	Pick the akita black bowl from table center and place it on the plate, then turn on the stove, and finally put the cookies box on the stove.	libero_spatial;libero_goal	pick_up_the_black_bowl_from_table_center_and_place_it_on_the_plate;turn_on_the_stove;put_the_bowl_on_the_stove	Pick the akita black bowl from table center and place it on the plate | Turn on the stove | Put the bowl on the stove	on(akita_black_bowl_1, plate_1); turnon(flat_stove_1); on(cookies_1, flat_stove_1_cook_region)	Spatial scene 02; extensions=T+K. | Exact learned stove-toggle primitive transferred to an official Spatial stove pose. | Requested object-binding transfer: cookies is present in Spatial but has no direct LIBERO-40 grasp trajectory. | Exact original LIBERO-Spatial task in its original physical scene. | Exact learned stove-toggle primitive transferred to an official Spatial stove pose. | Requested object-binding transfer: cookies is present in Spatial but has no direct LIBERO-40 grasp trajectory.	3	0	5	0.0	0
COMP_095	C2_spatial_three_task	Pick the akita black bowl from table center and place it on the plate, then put the second black bowl on top of the wooden cabinet, and finally put the cookies box on the stove.	libero_spatial;libero_goal	pick_up_the_black_bowl_from_table_center_and_place_it_on_the_plate;put_the_bowl_on_top_of_the_cabinet;put_the_bowl_on_the_stove	Pick the akita black bowl from table center and place it on the plate | Put the bowl on the top of the drawer | Put the bowl on the stove	on(akita_black_bowl_1, plate_1); on(akita_black_bowl_2, wooden_cabinet_1_top_side); on(cookies_1, flat_stove_1_cook_region)	Spatial scene 02; extensions=C+K. | Exact-instance transfer of the learned bowl-to-cabinet relation to the second bowl. | Requested object-binding transfer: cookies is present in Spatial but has no direct LIBERO-40 grasp trajectory. | Exact original LIBERO-Spatial task in its original physical scene. | Exact-instance transfer of the learned bowl-to-cabinet relation to the second bowl. | Requested object-binding transfer: cookies is present in Spatial but has no direct LIBERO-40 grasp trajectory.	2	0	5	0.0	0
COMP_096	C2_spatial_three_task	Pick the akita black bowl from table center and place it on the plate, then put the second black bowl on the stove, and finally put the cookies box on the stove.	libero_spatial;libero_goal	pick_up_the_black_bowl_from_table_center_and_place_it_on_the_plate;put_the_bowl_on_the_stove	Pick the akita black bowl from table center and place it on the plate | Put the bowl on the stove	on(akita_black_bowl_1, plate_1); on(akita_black_bowl_2, flat_stove_1_cook_region); on(cookies_1, flat_stove_1_cook_region)	Spatial scene 02; extensions=S+K. | Exact-instance transfer of the learned bowl-to-stove relation to the second bowl. | Requested object-binding transfer: cookies is present in Spatial but has no direct LIBERO-40 grasp trajectory. | Exact original LIBERO-Spatial task in its original physical scene. | Exact-instance transfer of the learned bowl-to-stove relation to the second bowl. | Requested object-binding transfer: cookies is present in Spatial but has no direct LIBERO-40 grasp trajectory.	3	0	5	0.0	0
COMP_097	C2_spatial_two_task	Pick the akita black bowl in the top layer of the wooden cabinet and place it on the plate, and then open the middle drawer of the wooden cabinet.	libero_spatial;libero_goal	pick_up_the_black_bowl_in_the_top_drawer_of_the_wooden_cabinet_and_place_it_on_the_plate;open_the_middle_drawer_of_the_cabinet	Pick the akita black bowl in the top layer of the wooden cabinet and place it on the plate | Open the middle layer of the drawer	on(akita_black_bowl_1, plate_1); open(wooden_cabinet_1_middle_region)	Spatial scene 03; extension=O. | Drawer-opening primitive is learned in LIBERO-Goal; the same wooden-cabinet type is present here. | Exact original LIBERO-Spatial task in its original physical scene. | Drawer-opening primitive is learned in LIBERO-Goal; the same wooden-cabinet type is present here.	2	0	5	0.0	0
COMP_098	C2_spatial_two_task	Pick the akita black bowl in the top layer of the wooden cabinet and place it on the plate, and then turn on the stove.	libero_spatial;libero_goal	pick_up_the_black_bowl_in_the_top_drawer_of_the_wooden_cabinet_and_place_it_on_the_plate;turn_on_the_stove	Pick the akita black bowl in the top layer of the wooden cabinet and place it on the plate | Turn on the stove	on(akita_black_bowl_1, plate_1); turnon(flat_stove_1)	Spatial scene 03; extension=T. | Exact learned stove-toggle primitive transferred to an official Spatial stove pose. | Exact original LIBERO-Spatial task in its original physical scene. | Exact learned stove-toggle primitive transferred to an official Spatial stove pose.	3	0	5	0.0	0
COMP_099	C2_spatial_two_task	Pick the akita black bowl in the top layer of the wooden cabinet and place it on the plate, and then put the second black bowl on the stove.	libero_spatial;libero_goal	pick_up_the_black_bowl_in_the_top_drawer_of_the_wooden_cabinet_and_place_it_on_the_plate;put_the_bowl_on_the_stove	Pick the akita black bowl in the top layer of the wooden cabinet and place it on the plate | Put the bowl on the stove	on(akita_black_bowl_1, plate_1); on(akita_black_bowl_2, flat_stove_1_cook_region)	Spatial scene 03; extension=S. | Exact-instance transfer of the learned bowl-to-stove relation to the second bowl. | Exact original LIBERO-Spatial task in its original physical scene. | Exact-instance transfer of the learned bowl-to-stove relation to the second bowl.	2	0	5	0.0	0
COMP_100	C2_spatial_two_task	Pick the akita black bowl in the top layer of the wooden cabinet and place it on the plate, and then put the cookies box on the stove.	libero_spatial;libero_goal	pick_up_the_black_bowl_in_the_top_drawer_of_the_wooden_cabinet_and_place_it_on_the_plate;put_the_bowl_on_the_stove	Pick the akita black bowl in the top layer of the wooden cabinet and place it on the plate | Put the bowl on the stove	on(akita_black_bowl_1, plate_1); on(cookies_1, flat_stove_1_cook_region)	Spatial scene 03; extension=K. | Requested object-binding transfer: cookies is present in Spatial but has no direct LIBERO-40 grasp trajectory. | Exact original LIBERO-Spatial task in its original physical scene. | Requested object-binding transfer: cookies is present in Spatial but has no direct LIBERO-40 grasp trajectory.	3	0	5	0.0	0
COMP_101	C2_spatial_three_task	Pick the akita black bowl in the top layer of the wooden cabinet and place it on the plate, then open the middle drawer of the wooden cabinet, and finally turn on the stove.	libero_spatial;libero_goal	pick_up_the_black_bowl_in_the_top_drawer_of_the_wooden_cabinet_and_place_it_on_the_plate;open_the_middle_drawer_of_the_cabinet;turn_on_the_stove	Pick the akita black bowl in the top layer of the wooden cabinet and place it on the plate | Open the middle layer of the drawer | Turn on the stove	on(akita_black_bowl_1, plate_1); open(wooden_cabinet_1_middle_region); turnon(flat_stove_1)	Spatial scene 03; extensions=O+T. | Drawer-opening primitive is learned in LIBERO-Goal; the same wooden-cabinet type is present here. | Exact learned stove-toggle primitive transferred to an official Spatial stove pose. | Exact original LIBERO-Spatial task in its original physical scene. | Drawer-opening primitive is learned in LIBERO-Goal; the same wooden-cabinet type is present here. | Exact learned stove-toggle primitive transferred to an official Spatial stove pose.	2	0	5	0.0	0
COMP_102	C2_spatial_three_task	Pick the akita black bowl in the top layer of the wooden cabinet and place it on the plate, then open the middle drawer of the wooden cabinet, and finally put the second black bowl on the stove.	libero_spatial;libero_goal	pick_up_the_black_bowl_in_the_top_drawer_of_the_wooden_cabinet_and_place_it_on_the_plate;open_the_middle_drawer_of_the_cabinet;put_the_bowl_on_the_stove	Pick the akita black bowl in the top layer of the wooden cabinet and place it on the plate | Open the middle layer of the drawer | Put the bowl on the stove	on(akita_black_bowl_1, plate_1); open(wooden_cabinet_1_middle_region); on(akita_black_bowl_2, flat_stove_1_cook_region)	Spatial scene 03; extensions=O+S. | Drawer-opening primitive is learned in LIBERO-Goal; the same wooden-cabinet type is present here. | Exact-instance transfer of the learned bowl-to-stove relation to the second bowl. | Exact original LIBERO-Spatial task in its original physical scene. | Drawer-opening primitive is learned in LIBERO-Goal; the same wooden-cabinet type is present here. | Exact-instance transfer of the learned bowl-to-stove relation to the second bowl.	3	0	5	0.0	0
COMP_103	C2_spatial_three_task	Pick the akita black bowl in the top layer of the wooden cabinet and place it on the plate, then open the middle drawer of the wooden cabinet, and finally put the cookies box on the stove.	libero_spatial;libero_goal	pick_up_the_black_bowl_in_the_top_drawer_of_the_wooden_cabinet_and_place_it_on_the_plate;open_the_middle_drawer_of_the_cabinet;put_the_bowl_on_the_stove	Pick the akita black bowl in the top layer of the wooden cabinet and place it on the plate | Open the middle layer of the drawer | Put the bowl on the stove	on(akita_black_bowl_1, plate_1); open(wooden_cabinet_1_middle_region); on(cookies_1, flat_stove_1_cook_region)	Spatial scene 03; extensions=O+K. | Drawer-opening primitive is learned in LIBERO-Goal; the same wooden-cabinet type is present here. | Requested object-binding transfer: cookies is present in Spatial but has no direct LIBERO-40 grasp trajectory. | Exact original LIBERO-Spatial task in its original physical scene. | Drawer-opening primitive is learned in LIBERO-Goal; the same wooden-cabinet type is present here. | Requested object-binding transfer: cookies is present in Spatial but has no direct LIBERO-40 grasp trajectory.	2	0	5	0.0	0
COMP_104	C2_spatial_three_task	Pick the akita black bowl in the top layer of the wooden cabinet and place it on the plate, then turn on the stove, and finally put the second black bowl on the stove.	libero_spatial;libero_goal	pick_up_the_black_bowl_in_the_top_drawer_of_the_wooden_cabinet_and_place_it_on_the_plate;turn_on_the_stove;put_the_bowl_on_the_stove	Pick the akita black bowl in the top layer of the wooden cabinet and place it on the plate | Turn on the stove | Put the bowl on the stove	on(akita_black_bowl_1, plate_1); turnon(flat_stove_1); on(akita_black_bowl_2, flat_stove_1_cook_region)	Spatial scene 03; extensions=T+S. | Exact learned stove-toggle primitive transferred to an official Spatial stove pose. | Exact-instance transfer of the learned bowl-to-stove relation to the second bowl. | Exact original LIBERO-Spatial task in its original physical scene. | Exact learned stove-toggle primitive transferred to an official Spatial stove pose. | Exact-instance transfer of the learned bowl-to-stove relation to the second bowl.	3	0	5	0.0	0
COMP_105	C2_spatial_three_task	Pick the akita black bowl in the top layer of the wooden cabinet and place it on the plate, then turn on the stove, and finally put the cookies box on the stove.	libero_spatial;libero_goal	pick_up_the_black_bowl_in_the_top_drawer_of_the_wooden_cabinet_and_place_it_on_the_plate;turn_on_the_stove;put_the_bowl_on_the_stove	Pick the akita black bowl in the top layer of the wooden cabinet and place it on the plate | Turn on the stove | Put the bowl on the stove	on(akita_black_bowl_1, plate_1); turnon(flat_stove_1); on(cookies_1, flat_stove_1_cook_region)	Spatial scene 03; extensions=T+K. | Exact learned stove-toggle primitive transferred to an official Spatial stove pose. | Requested object-binding transfer: cookies is present in Spatial but has no direct LIBERO-40 grasp trajectory. | Exact original LIBERO-Spatial task in its original physical scene. | Exact learned stove-toggle primitive transferred to an official Spatial stove pose. | Requested object-binding transfer: cookies is present in Spatial but has no direct LIBERO-40 grasp trajectory.	2	0	5	0.0	0
COMP_106	C2_spatial_three_task	Pick the akita black bowl in the top layer of the wooden cabinet and place it on the plate, then put the second black bowl on the stove, and finally put the cookies box on the stove.	libero_spatial;libero_goal	pick_up_the_black_bowl_in_the_top_drawer_of_the_wooden_cabinet_and_place_it_on_the_plate;put_the_bowl_on_the_stove	Pick the akita black bowl in the top layer of the wooden cabinet and place it on the plate | Put the bowl on the stove	on(akita_black_bowl_1, plate_1); on(akita_black_bowl_2, flat_stove_1_cook_region); on(cookies_1, flat_stove_1_cook_region)	Spatial scene 03; extensions=S+K. | Exact-instance transfer of the learned bowl-to-stove relation to the second bowl. | Requested object-binding transfer: cookies is present in Spatial but has no direct LIBERO-40 grasp trajectory. | Exact original LIBERO-Spatial task in its original physical scene. | Exact-instance transfer of the learned bowl-to-stove relation to the second bowl. | Requested object-binding transfer: cookies is present in Spatial but has no direct LIBERO-40 grasp trajectory.	3	0	5	0.0	0
COMP_107	C2_spatial_two_task	Pick the akita black bowl next to the cookies box and place it on the plate, and then open the middle drawer of the wooden cabinet.	libero_spatial;libero_goal	pick_up_the_black_bowl_next_to_the_cookie_box_and_place_it_on_the_plate;open_the_middle_drawer_of_the_cabinet	Pick the akita black bowl next to the cookies box and place it on the plate | Open the middle layer of the drawer	on(akita_black_bowl_1, plate_1); open(wooden_cabinet_1_middle_region)	Spatial scene 04; extension=O. | Drawer-opening primitive is learned in LIBERO-Goal; the same wooden-cabinet type is present here. | Exact original LIBERO-Spatial task in its original physical scene. | Drawer-opening primitive is learned in LIBERO-Goal; the same wooden-cabinet type is present here.	2	0	5	0.0	0
COMP_108	C2_spatial_two_task	Pick the akita black bowl next to the cookies box and place it on the plate, and then turn on the stove.	libero_spatial;libero_goal	pick_up_the_black_bowl_next_to_the_cookie_box_and_place_it_on_the_plate;turn_on_the_stove	Pick the akita black bowl next to the cookies box and place it on the plate | Turn on the stove	on(akita_black_bowl_1, plate_1); turnon(flat_stove_1)	Spatial scene 04; extension=T. | Exact learned stove-toggle primitive transferred to an official Spatial stove pose. | Exact original LIBERO-Spatial task in its original physical scene. | Exact learned stove-toggle primitive transferred to an official Spatial stove pose.	3	0	5	0.0	0
COMP_109	C2_spatial_two_task	Pick the akita black bowl next to the cookies box and place it on the plate, and then put the second black bowl on top of the wooden cabinet.	libero_spatial;libero_goal	pick_up_the_black_bowl_next_to_the_cookie_box_and_place_it_on_the_plate;put_the_bowl_on_top_of_the_cabinet	Pick the akita black bowl next to the cookies box and place it on the plate | Put the bowl on the top of the drawer	on(akita_black_bowl_1, plate_1); on(akita_black_bowl_2, wooden_cabinet_1_top_side)	Spatial scene 04; extension=C. | Exact-instance transfer of the learned bowl-to-cabinet relation to the second bowl. | Exact original LIBERO-Spatial task in its original physical scene. | Exact-instance transfer of the learned bowl-to-cabinet relation to the second bowl.	2	0	5	0.0	0
COMP_110	C2_spatial_two_task	Pick the akita black bowl next to the cookies box and place it on the plate, and then put the cookies box on the stove.	libero_spatial;libero_goal	pick_up_the_black_bowl_next_to_the_cookie_box_and_place_it_on_the_plate;put_the_bowl_on_the_stove	Pick the akita black bowl next to the cookies box and place it on the plate | Put the bowl on the stove	on(akita_black_bowl_1, plate_1); on(cookies_1, flat_stove_1_cook_region)	Spatial scene 04; extension=K. | Requested object-binding transfer: cookies is present in Spatial but has no direct LIBERO-40 grasp trajectory. | Exact original LIBERO-Spatial task in its original physical scene. | Requested object-binding transfer: cookies is present in Spatial but has no direct LIBERO-40 grasp trajectory.	3	0	5	0.0	0
COMP_111	C2_spatial_three_task	Pick the akita black bowl next to the cookies box and place it on the plate, then open the middle drawer of the wooden cabinet, and finally turn on the stove.	libero_spatial;libero_goal	pick_up_the_black_bowl_next_to_the_cookie_box_and_place_it_on_the_plate;open_the_middle_drawer_of_the_cabinet;turn_on_the_stove	Pick the akita black bowl next to the cookies box and place it on the plate | Open the middle layer of the drawer | Turn on the stove	on(akita_black_bowl_1, plate_1); open(wooden_cabinet_1_middle_region); turnon(flat_stove_1)	Spatial scene 04; extensions=O+T. | Drawer-opening primitive is learned in LIBERO-Goal; the same wooden-cabinet type is present here. | Exact learned stove-toggle primitive transferred to an official Spatial stove pose. | Exact original LIBERO-Spatial task in its original physical scene. | Drawer-opening primitive is learned in LIBERO-Goal; the same wooden-cabinet type is present here. | Exact learned stove-toggle primitive transferred to an official Spatial stove pose.	2	0	5	0.0	0
COMP_112	C2_spatial_three_task	Pick the akita black bowl next to the cookies box and place it on the plate, then open the middle drawer of the wooden cabinet, and finally put the second black bowl on top of the wooden cabinet.	libero_spatial;libero_goal	pick_up_the_black_bowl_next_to_the_cookie_box_and_place_it_on_the_plate;open_the_middle_drawer_of_the_cabinet;put_the_bowl_on_top_of_the_cabinet	Pick the akita black bowl next to the cookies box and place it on the plate | Open the middle layer of the drawer | Put the bowl on the top of the drawer	on(akita_black_bowl_1, plate_1); open(wooden_cabinet_1_middle_region); on(akita_black_bowl_2, wooden_cabinet_1_top_side)	Spatial scene 04; extensions=O+C. | Drawer-opening primitive is learned in LIBERO-Goal; the same wooden-cabinet type is present here. | Exact-instance transfer of the learned bowl-to-cabinet relation to the second bowl. | Exact original LIBERO-Spatial task in its original physical scene. | Drawer-opening primitive is learned in LIBERO-Goal; the same wooden-cabinet type is present here. | Exact-instance transfer of the learned bowl-to-cabinet relation to the second bowl.	3	0	5	0.0	0
COMP_113	C2_spatial_three_task	Pick the akita black bowl next to the cookies box and place it on the plate, then open the middle drawer of the wooden cabinet, and finally put the cookies box on the stove.	libero_spatial;libero_goal	pick_up_the_black_bowl_next_to_the_cookie_box_and_place_it_on_the_plate;open_the_middle_drawer_of_the_cabinet;put_the_bowl_on_the_stove	Pick the akita black bowl next to the cookies box and place it on the plate | Open the middle layer of the drawer | Put the bowl on the stove	on(akita_black_bowl_1, plate_1); open(wooden_cabinet_1_middle_region); on(cookies_1, flat_stove_1_cook_region)	Spatial scene 04; extensions=O+K. | Drawer-opening primitive is learned in LIBERO-Goal; the same wooden-cabinet type is present here. | Requested object-binding transfer: cookies is present in Spatial but has no direct LIBERO-40 grasp trajectory. | Exact original LIBERO-Spatial task in its original physical scene. | Drawer-opening primitive is learned in LIBERO-Goal; the same wooden-cabinet type is present here. | Requested object-binding transfer: cookies is present in Spatial but has no direct LIBERO-40 grasp trajectory.	2	0	5	0.0	0
COMP_114	C2_spatial_three_task	Pick the akita black bowl next to the cookies box and place it on the plate, then turn on the stove, and finally put the second black bowl on top of the wooden cabinet.	libero_spatial;libero_goal	pick_up_the_black_bowl_next_to_the_cookie_box_and_place_it_on_the_plate;turn_on_the_stove;put_the_bowl_on_top_of_the_cabinet	Pick the akita black bowl next to the cookies box and place it on the plate | Turn on the stove | Put the bowl on the top of the drawer	on(akita_black_bowl_1, plate_1); turnon(flat_stove_1); on(akita_black_bowl_2, wooden_cabinet_1_top_side)	Spatial scene 04; extensions=T+C. | Exact learned stove-toggle primitive transferred to an official Spatial stove pose. | Exact-instance transfer of the learned bowl-to-cabinet relation to the second bowl. | Exact original LIBERO-Spatial task in its original physical scene. | Exact learned stove-toggle primitive transferred to an official Spatial stove pose. | Exact-instance transfer of the learned bowl-to-cabinet relation to the second bowl.	3	0	5	0.0	0
COMP_115	C2_spatial_three_task	Pick the akita black bowl next to the cookies box and place it on the plate, then turn on the stove, and finally put the cookies box on the stove.	libero_spatial;libero_goal	pick_up_the_black_bowl_next_to_the_cookie_box_and_place_it_on_the_plate;turn_on_the_stove;put_the_bowl_on_the_stove	Pick the akita black bowl next to the cookies box and place it on the plate | Turn on the stove | Put the bowl on the stove	on(akita_black_bowl_1, plate_1); turnon(flat_stove_1); on(cookies_1, flat_stove_1_cook_region)	Spatial scene 04; extensions=T+K. | Exact learned stove-toggle primitive transferred to an official Spatial stove pose. | Requested object-binding transfer: cookies is present in Spatial but has no direct LIBERO-40 grasp trajectory. | Exact original LIBERO-Spatial task in its original physical scene. | Exact learned stove-toggle primitive transferred to an official Spatial stove pose. | Requested object-binding transfer: cookies is present in Spatial but has no direct LIBERO-40 grasp trajectory.	2	0	5	0.0	0
COMP_116	C2_spatial_three_task	Pick the akita black bowl next to the cookies box and place it on the plate, then put the second black bowl on top of the wooden cabinet, and finally put the cookies box on the stove.	libero_spatial;libero_goal	pick_up_the_black_bowl_next_to_the_cookie_box_and_place_it_on_the_plate;put_the_bowl_on_top_of_the_cabinet;put_the_bowl_on_the_stove	Pick the akita black bowl next to the cookies box and place it on the plate | Put the bowl on the top of the drawer | Put the bowl on the stove	on(akita_black_bowl_1, plate_1); on(akita_black_bowl_2, wooden_cabinet_1_top_side); on(cookies_1, flat_stove_1_cook_region)	Spatial scene 04; extensions=C+K. | Exact-instance transfer of the learned bowl-to-cabinet relation to the second bowl. | Requested object-binding transfer: cookies is present in Spatial but has no direct LIBERO-40 grasp trajectory. | Exact original LIBERO-Spatial task in its original physical scene. | Exact-instance transfer of the learned bowl-to-cabinet relation to the second bowl. | Requested object-binding transfer: cookies is present in Spatial but has no direct LIBERO-40 grasp trajectory.	3	0	5	0.0	0
COMP_117	C2_spatial_two_task	Pick the akita black bowl next to the plate and place it on the plate, and then open the middle drawer of the wooden cabinet.	libero_spatial;libero_goal	pick_up_the_black_bowl_next_to_the_plate_and_place_it_on_the_plate;open_the_middle_drawer_of_the_cabinet	Pick the akita black bowl next to the plate and place it on the plate | Open the middle layer of the drawer	on(akita_black_bowl_1, plate_1); open(wooden_cabinet_1_middle_region)	Spatial scene 05; extension=O. | Drawer-opening primitive is learned in LIBERO-Goal; the same wooden-cabinet type is present here. | Exact original LIBERO-Spatial task in its original physical scene. | Drawer-opening primitive is learned in LIBERO-Goal; the same wooden-cabinet type is present here.	2	0	5	0.0	0
COMP_118	C2_spatial_two_task	Pick the akita black bowl next to the plate and place it on the plate, and then turn on the stove.	libero_spatial;libero_goal	pick_up_the_black_bowl_next_to_the_plate_and_place_it_on_the_plate;turn_on_the_stove	Pick the akita black bowl next to the plate and place it on the plate | Turn on the stove	on(akita_black_bowl_1, plate_1); turnon(flat_stove_1)	Spatial scene 05; extension=T. | Exact learned stove-toggle primitive transferred to an official Spatial stove pose. | Exact original LIBERO-Spatial task in its original physical scene. | Exact learned stove-toggle primitive transferred to an official Spatial stove pose.	3	0	5	0.0	0
COMP_119	C2_spatial_two_task	Pick the akita black bowl next to the plate and place it on the plate, and then put the second black bowl on top of the wooden cabinet.	libero_spatial;libero_goal	pick_up_the_black_bowl_next_to_the_plate_and_place_it_on_the_plate;put_the_bowl_on_top_of_the_cabinet	Pick the akita black bowl next to the plate and place it on the plate | Put the bowl on the top of the drawer	on(akita_black_bowl_1, plate_1); on(akita_black_bowl_2, wooden_cabinet_1_top_side)	Spatial scene 05; extension=C. | Exact-instance transfer of the learned bowl-to-cabinet relation to the second bowl. | Exact original LIBERO-Spatial task in its original physical scene. | Exact-instance transfer of the learned bowl-to-cabinet relation to the second bowl.	2	0	5	0.0	0
COMP_120	C2_spatial_two_task	Pick the akita black bowl next to the plate and place it on the plate, and then put the second black bowl on the stove.	libero_spatial;libero_goal	pick_up_the_black_bowl_next_to_the_plate_and_place_it_on_the_plate;put_the_bowl_on_the_stove	Pick the akita black bowl next to the plate and place it on the plate | Put the bowl on the stove	on(akita_black_bowl_1, plate_1); on(akita_black_bowl_2, flat_stove_1_cook_region)	Spatial scene 05; extension=S. | Exact-instance transfer of the learned bowl-to-stove relation to the second bowl. | Exact original LIBERO-Spatial task in its original physical scene. | Exact-instance transfer of the learned bowl-to-stove relation to the second bowl.	3	0	5	0.0	0
COMP_121	C2_spatial_two_task	Pick the akita black bowl next to the plate and place it on the plate, and then put the cookies box on the stove.	libero_spatial;libero_goal	pick_up_the_black_bowl_next_to_the_plate_and_place_it_on_the_plate;put_the_bowl_on_the_stove	Pick the akita black bowl next to the plate and place it on the plate | Put the bowl on the stove	on(akita_black_bowl_1, plate_1); on(cookies_1, flat_stove_1_cook_region)	Spatial scene 05; extension=K. | Requested object-binding transfer: cookies is present in Spatial but has no direct LIBERO-40 grasp trajectory. | Exact original LIBERO-Spatial task in its original physical scene. | Requested object-binding transfer: cookies is present in Spatial but has no direct LIBERO-40 grasp trajectory.	2	0	5	0.0	0
COMP_122	C2_spatial_three_task	Pick the akita black bowl next to the plate and place it on the plate, then open the middle drawer of the wooden cabinet, and finally turn on the stove.	libero_spatial;libero_goal	pick_up_the_black_bowl_next_to_the_plate_and_place_it_on_the_plate;open_the_middle_drawer_of_the_cabinet;turn_on_the_stove	Pick the akita black bowl next to the plate and place it on the plate | Open the middle layer of the drawer | Turn on the stove	on(akita_black_bowl_1, plate_1); open(wooden_cabinet_1_middle_region); turnon(flat_stove_1)	Spatial scene 05; extensions=O+T. | Drawer-opening primitive is learned in LIBERO-Goal; the same wooden-cabinet type is present here. | Exact learned stove-toggle primitive transferred to an official Spatial stove pose. | Exact original LIBERO-Spatial task in its original physical scene. | Drawer-opening primitive is learned in LIBERO-Goal; the same wooden-cabinet type is present here. | Exact learned stove-toggle primitive transferred to an official Spatial stove pose.	3	0	5	0.0	0
COMP_123	C2_spatial_three_task	Pick the akita black bowl next to the plate and place it on the plate, then open the middle drawer of the wooden cabinet, and finally put the second black bowl on top of the wooden cabinet.	libero_spatial;libero_goal	pick_up_the_black_bowl_next_to_the_plate_and_place_it_on_the_plate;open_the_middle_drawer_of_the_cabinet;put_the_bowl_on_top_of_the_cabinet	Pick the akita black bowl next to the plate and place it on the plate | Open the middle layer of the drawer | Put the bowl on the top of the drawer	on(akita_black_bowl_1, plate_1); open(wooden_cabinet_1_middle_region); on(akita_black_bowl_2, wooden_cabinet_1_top_side)	Spatial scene 05; extensions=O+C. | Drawer-opening primitive is learned in LIBERO-Goal; the same wooden-cabinet type is present here. | Exact-instance transfer of the learned bowl-to-cabinet relation to the second bowl. | Exact original LIBERO-Spatial task in its original physical scene. | Drawer-opening primitive is learned in LIBERO-Goal; the same wooden-cabinet type is present here. | Exact-instance transfer of the learned bowl-to-cabinet relation to the second bowl.	2	0	5	0.0	0
COMP_124	C2_spatial_three_task	Pick the akita black bowl next to the plate and place it on the plate, then open the middle drawer of the wooden cabinet, and finally put the second black bowl on the stove.	libero_spatial;libero_goal	pick_up_the_black_bowl_next_to_the_plate_and_place_it_on_the_plate;open_the_middle_drawer_of_the_cabinet;put_the_bowl_on_the_stove	Pick the akita black bowl next to the plate and place it on the plate | Open the middle layer of the drawer | Put the bowl on the stove	on(akita_black_bowl_1, plate_1); open(wooden_cabinet_1_middle_region); on(akita_black_bowl_2, flat_stove_1_cook_region)	Spatial scene 05; extensions=O+S. | Drawer-opening primitive is learned in LIBERO-Goal; the same wooden-cabinet type is present here. | Exact-instance transfer of the learned bowl-to-stove relation to the second bowl. | Exact original LIBERO-Spatial task in its original physical scene. | Drawer-opening primitive is learned in LIBERO-Goal; the same wooden-cabinet type is present here. | Exact-instance transfer of the learned bowl-to-stove relation to the second bowl.	3	0	5	0.0	0
COMP_125	C2_spatial_three_task	Pick the akita black bowl next to the plate and place it on the plate, then open the middle drawer of the wooden cabinet, and finally put the cookies box on the stove.	libero_spatial;libero_goal	pick_up_the_black_bowl_next_to_the_plate_and_place_it_on_the_plate;open_the_middle_drawer_of_the_cabinet;put_the_bowl_on_the_stove	Pick the akita black bowl next to the plate and place it on the plate | Open the middle layer of the drawer | Put the bowl on the stove	on(akita_black_bowl_1, plate_1); open(wooden_cabinet_1_middle_region); on(cookies_1, flat_stove_1_cook_region)	Spatial scene 05; extensions=O+K. | Drawer-opening primitive is learned in LIBERO-Goal; the same wooden-cabinet type is present here. | Requested object-binding transfer: cookies is present in Spatial but has no direct LIBERO-40 grasp trajectory. | Exact original LIBERO-Spatial task in its original physical scene. | Drawer-opening primitive is learned in LIBERO-Goal; the same wooden-cabinet type is present here. | Requested object-binding transfer: cookies is present in Spatial but has no direct LIBERO-40 grasp trajectory.	2	0	5	0.0	0
COMP_126	C2_spatial_three_task	Pick the akita black bowl next to the plate and place it on the plate, then turn on the stove, and finally put the second black bowl on top of the wooden cabinet.	libero_spatial;libero_goal	pick_up_the_black_bowl_next_to_the_plate_and_place_it_on_the_plate;turn_on_the_stove;put_the_bowl_on_top_of_the_cabinet	Pick the akita black bowl next to the plate and place it on the plate | Turn on the stove | Put the bowl on the top of the drawer	on(akita_black_bowl_1, plate_1); turnon(flat_stove_1); on(akita_black_bowl_2, wooden_cabinet_1_top_side)	Spatial scene 05; extensions=T+C. | Exact learned stove-toggle primitive transferred to an official Spatial stove pose. | Exact-instance transfer of the learned bowl-to-cabinet relation to the second bowl. | Exact original LIBERO-Spatial task in its original physical scene. | Exact learned stove-toggle primitive transferred to an official Spatial stove pose. | Exact-instance transfer of the learned bowl-to-cabinet relation to the second bowl.	3	0	5	0.0	0
COMP_127	C2_spatial_three_task	Pick the akita black bowl next to the plate and place it on the plate, then turn on the stove, and finally put the second black bowl on the stove.	libero_spatial;libero_goal	pick_up_the_black_bowl_next_to_the_plate_and_place_it_on_the_plate;turn_on_the_stove;put_the_bowl_on_the_stove	Pick the akita black bowl next to the plate and place it on the plate | Turn on the stove | Put the bowl on the stove	on(akita_black_bowl_1, plate_1); turnon(flat_stove_1); on(akita_black_bowl_2, flat_stove_1_cook_region)	Spatial scene 05; extensions=T+S. | Exact learned stove-toggle primitive transferred to an official Spatial stove pose. | Exact-instance transfer of the learned bowl-to-stove relation to the second bowl. | Exact original LIBERO-Spatial task in its original physical scene. | Exact learned stove-toggle primitive transferred to an official Spatial stove pose. | Exact-instance transfer of the learned bowl-to-stove relation to the second bowl.	2	0	5	0.0	0
COMP_128	C2_spatial_three_task	Pick the akita black bowl next to the plate and place it on the plate, then turn on the stove, and finally put the cookies box on the stove.	libero_spatial;libero_goal	pick_up_the_black_bowl_next_to_the_plate_and_place_it_on_the_plate;turn_on_the_stove;put_the_bowl_on_the_stove	Pick the akita black bowl next to the plate and place it on the plate | Turn on the stove | Put the bowl on the stove	on(akita_black_bowl_1, plate_1); turnon(flat_stove_1); on(cookies_1, flat_stove_1_cook_region)	Spatial scene 05; extensions=T+K. | Exact learned stove-toggle primitive transferred to an official Spatial stove pose. | Requested object-binding transfer: cookies is present in Spatial but has no direct LIBERO-40 grasp trajectory. | Exact original LIBERO-Spatial task in its original physical scene. | Exact learned stove-toggle primitive transferred to an official Spatial stove pose. | Requested object-binding transfer: cookies is present in Spatial but has no direct LIBERO-40 grasp trajectory.	3	0	5	0.0	0
COMP_129	C2_spatial_three_task	Pick the akita black bowl next to the plate and place it on the plate, then put the second black bowl on top of the wooden cabinet, and finally put the cookies box on the stove.	libero_spatial;libero_goal	pick_up_the_black_bowl_next_to_the_plate_and_place_it_on_the_plate;put_the_bowl_on_top_of_the_cabinet;put_the_bowl_on_the_stove	Pick the akita black bowl next to the plate and place it on the plate | Put the bowl on the top of the drawer | Put the bowl on the stove	on(akita_black_bowl_1, plate_1); on(akita_black_bowl_2, wooden_cabinet_1_top_side); on(cookies_1, flat_stove_1_cook_region)	Spatial scene 05; extensions=C+K. | Exact-instance transfer of the learned bowl-to-cabinet relation to the second bowl. | Requested object-binding transfer: cookies is present in Spatial but has no direct LIBERO-40 grasp trajectory. | Exact original LIBERO-Spatial task in its original physical scene. | Exact-instance transfer of the learned bowl-to-cabinet relation to the second bowl. | Requested object-binding transfer: cookies is present in Spatial but has no direct LIBERO-40 grasp trajectory.	2	0	5	0.0	0
COMP_130	C2_spatial_three_task	Pick the akita black bowl next to the plate and place it on the plate, then put the second black bowl on the stove, and finally put the cookies box on the stove.	libero_spatial;libero_goal	pick_up_the_black_bowl_next_to_the_plate_and_place_it_on_the_plate;put_the_bowl_on_the_stove	Pick the akita black bowl next to the plate and place it on the plate | Put the bowl on the stove	on(akita_black_bowl_1, plate_1); on(akita_black_bowl_2, flat_stove_1_cook_region); on(cookies_1, flat_stove_1_cook_region)	Spatial scene 05; extensions=S+K. | Exact-instance transfer of the learned bowl-to-stove relation to the second bowl. | Requested object-binding transfer: cookies is present in Spatial but has no direct LIBERO-40 grasp trajectory. | Exact original LIBERO-Spatial task in its original physical scene. | Exact-instance transfer of the learned bowl-to-stove relation to the second bowl. | Requested object-binding transfer: cookies is present in Spatial but has no direct LIBERO-40 grasp trajectory.	3	0	5	0.0	0
COMP_131	C2_spatial_two_task	Pick the akita black bowl next to the ramekin and place it on the plate, and then open the middle drawer of the wooden cabinet.	libero_spatial;libero_goal	pick_up_the_black_bowl_next_to_the_ramekin_and_place_it_on_the_plate;open_the_middle_drawer_of_the_cabinet	Pick the akita black bowl next to the ramekin and place it on the plate | Open the middle layer of the drawer	on(akita_black_bowl_1, plate_1); open(wooden_cabinet_1_middle_region)	Spatial scene 06; extension=O. | Drawer-opening primitive is learned in LIBERO-Goal; the same wooden-cabinet type is present here. | Exact original LIBERO-Spatial task in its original physical scene. | Drawer-opening primitive is learned in LIBERO-Goal; the same wooden-cabinet type is present here.	2	0	5	0.0	0
COMP_132	C2_spatial_two_task	Pick the akita black bowl next to the ramekin and place it on the plate, and then turn on the stove.	libero_spatial;libero_goal	pick_up_the_black_bowl_next_to_the_ramekin_and_place_it_on_the_plate;turn_on_the_stove	Pick the akita black bowl next to the ramekin and place it on the plate | Turn on the stove	on(akita_black_bowl_1, plate_1); turnon(flat_stove_1)	Spatial scene 06; extension=T. | Exact learned stove-toggle primitive transferred to an official Spatial stove pose. | Exact original LIBERO-Spatial task in its original physical scene. | Exact learned stove-toggle primitive transferred to an official Spatial stove pose.	3	0	5	0.0	0
COMP_133	C2_spatial_two_task	Pick the akita black bowl next to the ramekin and place it on the plate, and then put the second black bowl on top of the wooden cabinet.	libero_spatial;libero_goal	pick_up_the_black_bowl_next_to_the_ramekin_and_place_it_on_the_plate;put_the_bowl_on_top_of_the_cabinet	Pick the akita black bowl next to the ramekin and place it on the plate | Put the bowl on the top of the drawer	on(akita_black_bowl_1, plate_1); on(akita_black_bowl_2, wooden_cabinet_1_top_side)	Spatial scene 06; extension=C. | Exact-instance transfer of the learned bowl-to-cabinet relation to the second bowl. | Exact original LIBERO-Spatial task in its original physical scene. | Exact-instance transfer of the learned bowl-to-cabinet relation to the second bowl.	2	0	5	0.0	0
COMP_134	C2_spatial_two_task	Pick the akita black bowl next to the ramekin and place it on the plate, and then put the second black bowl on the stove.	libero_spatial;libero_goal	pick_up_the_black_bowl_next_to_the_ramekin_and_place_it_on_the_plate;put_the_bowl_on_the_stove	Pick the akita black bowl next to the ramekin and place it on the plate | Put the bowl on the stove	on(akita_black_bowl_1, plate_1); on(akita_black_bowl_2, flat_stove_1_cook_region)	Spatial scene 06; extension=S. | Exact-instance transfer of the learned bowl-to-stove relation to the second bowl. | Exact original LIBERO-Spatial task in its original physical scene. | Exact-instance transfer of the learned bowl-to-stove relation to the second bowl.	3	0	5	0.0	0
COMP_135	C2_spatial_two_task	Pick the akita black bowl next to the ramekin and place it on the plate, and then put the cookies box on the stove.	libero_spatial;libero_goal	pick_up_the_black_bowl_next_to_the_ramekin_and_place_it_on_the_plate;put_the_bowl_on_the_stove	Pick the akita black bowl next to the ramekin and place it on the plate | Put the bowl on the stove	on(akita_black_bowl_1, plate_1); on(cookies_1, flat_stove_1_cook_region)	Spatial scene 06; extension=K. | Requested object-binding transfer: cookies is present in Spatial but has no direct LIBERO-40 grasp trajectory. | Exact original LIBERO-Spatial task in its original physical scene. | Requested object-binding transfer: cookies is present in Spatial but has no direct LIBERO-40 grasp trajectory.	2	0	5	0.0	0
COMP_136	C2_spatial_three_task	Pick the akita black bowl next to the ramekin and place it on the plate, then open the middle drawer of the wooden cabinet, and finally turn on the stove.	libero_spatial;libero_goal	pick_up_the_black_bowl_next_to_the_ramekin_and_place_it_on_the_plate;open_the_middle_drawer_of_the_cabinet;turn_on_the_stove	Pick the akita black bowl next to the ramekin and place it on the plate | Open the middle layer of the drawer | Turn on the stove	on(akita_black_bowl_1, plate_1); open(wooden_cabinet_1_middle_region); turnon(flat_stove_1)	Spatial scene 06; extensions=O+T. | Drawer-opening primitive is learned in LIBERO-Goal; the same wooden-cabinet type is present here. | Exact learned stove-toggle primitive transferred to an official Spatial stove pose. | Exact original LIBERO-Spatial task in its original physical scene. | Drawer-opening primitive is learned in LIBERO-Goal; the same wooden-cabinet type is present here. | Exact learned stove-toggle primitive transferred to an official Spatial stove pose.	3	0	5	0.0	0
COMP_137	C2_spatial_three_task	Pick the akita black bowl next to the ramekin and place it on the plate, then open the middle drawer of the wooden cabinet, and finally put the second black bowl on top of the wooden cabinet.	libero_spatial;libero_goal	pick_up_the_black_bowl_next_to_the_ramekin_and_place_it_on_the_plate;open_the_middle_drawer_of_the_cabinet;put_the_bowl_on_top_of_the_cabinet	Pick the akita black bowl next to the ramekin and place it on the plate | Open the middle layer of the drawer | Put the bowl on the top of the drawer	on(akita_black_bowl_1, plate_1); open(wooden_cabinet_1_middle_region); on(akita_black_bowl_2, wooden_cabinet_1_top_side)	Spatial scene 06; extensions=O+C. | Drawer-opening primitive is learned in LIBERO-Goal; the same wooden-cabinet type is present here. | Exact-instance transfer of the learned bowl-to-cabinet relation to the second bowl. | Exact original LIBERO-Spatial task in its original physical scene. | Drawer-opening primitive is learned in LIBERO-Goal; the same wooden-cabinet type is present here. | Exact-instance transfer of the learned bowl-to-cabinet relation to the second bowl.	2	0	5	0.0	0
COMP_138	C2_spatial_three_task	Pick the akita black bowl next to the ramekin and place it on the plate, then open the middle drawer of the wooden cabinet, and finally put the second black bowl on the stove.	libero_spatial;libero_goal	pick_up_the_black_bowl_next_to_the_ramekin_and_place_it_on_the_plate;open_the_middle_drawer_of_the_cabinet;put_the_bowl_on_the_stove	Pick the akita black bowl next to the ramekin and place it on the plate | Open the middle layer of the drawer | Put the bowl on the stove	on(akita_black_bowl_1, plate_1); open(wooden_cabinet_1_middle_region); on(akita_black_bowl_2, flat_stove_1_cook_region)	Spatial scene 06; extensions=O+S. | Drawer-opening primitive is learned in LIBERO-Goal; the same wooden-cabinet type is present here. | Exact-instance transfer of the learned bowl-to-stove relation to the second bowl. | Exact original LIBERO-Spatial task in its original physical scene. | Drawer-opening primitive is learned in LIBERO-Goal; the same wooden-cabinet type is present here. | Exact-instance transfer of the learned bowl-to-stove relation to the second bowl.	3	0	5	0.0	0
COMP_139	C2_spatial_three_task	Pick the akita black bowl next to the ramekin and place it on the plate, then open the middle drawer of the wooden cabinet, and finally put the cookies box on the stove.	libero_spatial;libero_goal	pick_up_the_black_bowl_next_to_the_ramekin_and_place_it_on_the_plate;open_the_middle_drawer_of_the_cabinet;put_the_bowl_on_the_stove	Pick the akita black bowl next to the ramekin and place it on the plate | Open the middle layer of the drawer | Put the bowl on the stove	on(akita_black_bowl_1, plate_1); open(wooden_cabinet_1_middle_region); on(cookies_1, flat_stove_1_cook_region)	Spatial scene 06; extensions=O+K. | Drawer-opening primitive is learned in LIBERO-Goal; the same wooden-cabinet type is present here. | Requested object-binding transfer: cookies is present in Spatial but has no direct LIBERO-40 grasp trajectory. | Exact original LIBERO-Spatial task in its original physical scene. | Drawer-opening primitive is learned in LIBERO-Goal; the same wooden-cabinet type is present here. | Requested object-binding transfer: cookies is present in Spatial but has no direct LIBERO-40 grasp trajectory.	2	0	5	0.0	0
COMP_140	C2_spatial_three_task	Pick the akita black bowl next to the ramekin and place it on the plate, then turn on the stove, and finally put the second black bowl on top of the wooden cabinet.	libero_spatial;libero_goal	pick_up_the_black_bowl_next_to_the_ramekin_and_place_it_on_the_plate;turn_on_the_stove;put_the_bowl_on_top_of_the_cabinet	Pick the akita black bowl next to the ramekin and place it on the plate | Turn on the stove | Put the bowl on the top of the drawer	on(akita_black_bowl_1, plate_1); turnon(flat_stove_1); on(akita_black_bowl_2, wooden_cabinet_1_top_side)	Spatial scene 06; extensions=T+C. | Exact learned stove-toggle primitive transferred to an official Spatial stove pose. | Exact-instance transfer of the learned bowl-to-cabinet relation to the second bowl. | Exact original LIBERO-Spatial task in its original physical scene. | Exact learned stove-toggle primitive transferred to an official Spatial stove pose. | Exact-instance transfer of the learned bowl-to-cabinet relation to the second bowl.	3	0	5	0.0	0
COMP_141	C2_spatial_three_task	Pick the akita black bowl next to the ramekin and place it on the plate, then turn on the stove, and finally put the second black bowl on the stove.	libero_spatial;libero_goal	pick_up_the_black_bowl_next_to_the_ramekin_and_place_it_on_the_plate;turn_on_the_stove;put_the_bowl_on_the_stove	Pick the akita black bowl next to the ramekin and place it on the plate | Turn on the stove | Put the bowl on the stove	on(akita_black_bowl_1, plate_1); turnon(flat_stove_1); on(akita_black_bowl_2, flat_stove_1_cook_region)	Spatial scene 06; extensions=T+S. | Exact learned stove-toggle primitive transferred to an official Spatial stove pose. | Exact-instance transfer of the learned bowl-to-stove relation to the second bowl. | Exact original LIBERO-Spatial task in its original physical scene. | Exact learned stove-toggle primitive transferred to an official Spatial stove pose. | Exact-instance transfer of the learned bowl-to-stove relation to the second bowl.	2	0	5	0.0	0
COMP_142	C2_spatial_three_task	Pick the akita black bowl next to the ramekin and place it on the plate, then turn on the stove, and finally put the cookies box on the stove.	libero_spatial;libero_goal	pick_up_the_black_bowl_next_to_the_ramekin_and_place_it_on_the_plate;turn_on_the_stove;put_the_bowl_on_the_stove	Pick the akita black bowl next to the ramekin and place it on the plate | Turn on the stove | Put the bowl on the stove	on(akita_black_bowl_1, plate_1); turnon(flat_stove_1); on(cookies_1, flat_stove_1_cook_region)	Spatial scene 06; extensions=T+K. | Exact learned stove-toggle primitive transferred to an official Spatial stove pose. | Requested object-binding transfer: cookies is present in Spatial but has no direct LIBERO-40 grasp trajectory. | Exact original LIBERO-Spatial task in its original physical scene. | Exact learned stove-toggle primitive transferred to an official Spatial stove pose. | Requested object-binding transfer: cookies is present in Spatial but has no direct LIBERO-40 grasp trajectory.	3	0	5	0.0	0
COMP_143	C2_spatial_three_task	Pick the akita black bowl next to the ramekin and place it on the plate, then put the second black bowl on top of the wooden cabinet, and finally put the cookies box on the stove.	libero_spatial;libero_goal	pick_up_the_black_bowl_next_to_the_ramekin_and_place_it_on_the_plate;put_the_bowl_on_top_of_the_cabinet;put_the_bowl_on_the_stove	Pick the akita black bowl next to the ramekin and place it on the plate | Put the bowl on the top of the drawer | Put the bowl on the stove	on(akita_black_bowl_1, plate_1); on(akita_black_bowl_2, wooden_cabinet_1_top_side); on(cookies_1, flat_stove_1_cook_region)	Spatial scene 06; extensions=C+K. | Exact-instance transfer of the learned bowl-to-cabinet relation to the second bowl. | Requested object-binding transfer: cookies is present in Spatial but has no direct LIBERO-40 grasp trajectory. | Exact original LIBERO-Spatial task in its original physical scene. | Exact-instance transfer of the learned bowl-to-cabinet relation to the second bowl. | Requested object-binding transfer: cookies is present in Spatial but has no direct LIBERO-40 grasp trajectory.	2	0	5	0.0	0
COMP_144	C2_spatial_three_task	Pick the akita black bowl next to the ramekin and place it on the plate, then put the second black bowl on the stove, and finally put the cookies box on the stove.	libero_spatial;libero_goal	pick_up_the_black_bowl_next_to_the_ramekin_and_place_it_on_the_plate;put_the_bowl_on_the_stove	Pick the akita black bowl next to the ramekin and place it on the plate | Put the bowl on the stove	on(akita_black_bowl_1, plate_1); on(akita_black_bowl_2, flat_stove_1_cook_region); on(cookies_1, flat_stove_1_cook_region)	Spatial scene 06; extensions=S+K. | Exact-instance transfer of the learned bowl-to-stove relation to the second bowl. | Requested object-binding transfer: cookies is present in Spatial but has no direct LIBERO-40 grasp trajectory. | Exact original LIBERO-Spatial task in its original physical scene. | Exact-instance transfer of the learned bowl-to-stove relation to the second bowl. | Requested object-binding transfer: cookies is present in Spatial but has no direct LIBERO-40 grasp trajectory.	3	0	5	0.0	0
COMP_145	C2_spatial_two_task	Pick the akita black bowl on the cookies box and place it on the plate, and then open the middle drawer of the wooden cabinet.	libero_spatial;libero_goal	pick_up_the_black_bowl_on_the_cookie_box_and_place_it_on_the_plate;open_the_middle_drawer_of_the_cabinet	Pick the akita black bowl on the cookies box and place it on the plate | Open the middle layer of the drawer	on(akita_black_bowl_1, plate_1); open(wooden_cabinet_1_middle_region)	Spatial scene 07; extension=O. | Drawer-opening primitive is learned in LIBERO-Goal; the same wooden-cabinet type is present here. | Exact original LIBERO-Spatial task in its original physical scene. | Drawer-opening primitive is learned in LIBERO-Goal; the same wooden-cabinet type is present here.	2	0	5	0.0	0
COMP_146	C2_spatial_two_task	Pick the akita black bowl on the cookies box and place it on the plate, and then turn on the stove.	libero_spatial;libero_goal	pick_up_the_black_bowl_on_the_cookie_box_and_place_it_on_the_plate;turn_on_the_stove	Pick the akita black bowl on the cookies box and place it on the plate | Turn on the stove	on(akita_black_bowl_1, plate_1); turnon(flat_stove_1)	Spatial scene 07; extension=T. | Exact learned stove-toggle primitive transferred to an official Spatial stove pose. | Exact original LIBERO-Spatial task in its original physical scene. | Exact learned stove-toggle primitive transferred to an official Spatial stove pose.	3	0	5	0.0	0
COMP_147	C2_spatial_two_task	Pick the akita black bowl on the cookies box and place it on the plate, and then put the second black bowl on the stove.	libero_spatial;libero_goal	pick_up_the_black_bowl_on_the_cookie_box_and_place_it_on_the_plate;put_the_bowl_on_the_stove	Pick the akita black bowl on the cookies box and place it on the plate | Put the bowl on the stove	on(akita_black_bowl_1, plate_1); on(akita_black_bowl_2, flat_stove_1_cook_region)	Spatial scene 07; extension=S. | Exact-instance transfer of the learned bowl-to-stove relation to the second bowl. | Exact original LIBERO-Spatial task in its original physical scene. | Exact-instance transfer of the learned bowl-to-stove relation to the second bowl.	2	0	5	0.0	0
COMP_148	C2_spatial_two_task	Pick the akita black bowl on the cookies box and place it on the plate, and then put the cookies box on the stove.	libero_spatial;libero_goal	pick_up_the_black_bowl_on_the_cookie_box_and_place_it_on_the_plate;put_the_bowl_on_the_stove	Pick the akita black bowl on the cookies box and place it on the plate | Put the bowl on the stove	on(akita_black_bowl_1, plate_1); on(cookies_1, flat_stove_1_cook_region)	Spatial scene 07; extension=K. | Requested object-binding transfer: cookies is present in Spatial but has no direct LIBERO-40 grasp trajectory. | Exact original LIBERO-Spatial task in its original physical scene. | Requested object-binding transfer: cookies is present in Spatial but has no direct LIBERO-40 grasp trajectory.	3	0	5	0.0	0
COMP_149	C2_spatial_three_task	Pick the akita black bowl on the cookies box and place it on the plate, then open the middle drawer of the wooden cabinet, and finally turn on the stove.	libero_spatial;libero_goal	pick_up_the_black_bowl_on_the_cookie_box_and_place_it_on_the_plate;open_the_middle_drawer_of_the_cabinet;turn_on_the_stove	Pick the akita black bowl on the cookies box and place it on the plate | Open the middle layer of the drawer | Turn on the stove	on(akita_black_bowl_1, plate_1); open(wooden_cabinet_1_middle_region); turnon(flat_stove_1)	Spatial scene 07; extensions=O+T. | Drawer-opening primitive is learned in LIBERO-Goal; the same wooden-cabinet type is present here. | Exact learned stove-toggle primitive transferred to an official Spatial stove pose. | Exact original LIBERO-Spatial task in its original physical scene. | Drawer-opening primitive is learned in LIBERO-Goal; the same wooden-cabinet type is present here. | Exact learned stove-toggle primitive transferred to an official Spatial stove pose.	2	0	5	0.0	0
COMP_150	C2_spatial_three_task	Pick the akita black bowl on the cookies box and place it on the plate, then open the middle drawer of the wooden cabinet, and finally put the second black bowl on the stove.	libero_spatial;libero_goal	pick_up_the_black_bowl_on_the_cookie_box_and_place_it_on_the_plate;open_the_middle_drawer_of_the_cabinet;put_the_bowl_on_the_stove	Pick the akita black bowl on the cookies box and place it on the plate | Open the middle layer of the drawer | Put the bowl on the stove	on(akita_black_bowl_1, plate_1); open(wooden_cabinet_1_middle_region); on(akita_black_bowl_2, flat_stove_1_cook_region)	Spatial scene 07; extensions=O+S. | Drawer-opening primitive is learned in LIBERO-Goal; the same wooden-cabinet type is present here. | Exact-instance transfer of the learned bowl-to-stove relation to the second bowl. | Exact original LIBERO-Spatial task in its original physical scene. | Drawer-opening primitive is learned in LIBERO-Goal; the same wooden-cabinet type is present here. | Exact-instance transfer of the learned bowl-to-stove relation to the second bowl.	3	0	5	0.0	0
COMP_151	C2_spatial_three_task	Pick the akita black bowl on the cookies box and place it on the plate, then open the middle drawer of the wooden cabinet, and finally put the cookies box on the stove.	libero_spatial;libero_goal	pick_up_the_black_bowl_on_the_cookie_box_and_place_it_on_the_plate;open_the_middle_drawer_of_the_cabinet;put_the_bowl_on_the_stove	Pick the akita black bowl on the cookies box and place it on the plate | Open the middle layer of the drawer | Put the bowl on the stove	on(akita_black_bowl_1, plate_1); open(wooden_cabinet_1_middle_region); on(cookies_1, flat_stove_1_cook_region)	Spatial scene 07; extensions=O+K. | Drawer-opening primitive is learned in LIBERO-Goal; the same wooden-cabinet type is present here. | Requested object-binding transfer: cookies is present in Spatial but has no direct LIBERO-40 grasp trajectory. | Exact original LIBERO-Spatial task in its original physical scene. | Drawer-opening primitive is learned in LIBERO-Goal; the same wooden-cabinet type is present here. | Requested object-binding transfer: cookies is present in Spatial but has no direct LIBERO-40 grasp trajectory.	2	0	5	0.0	0
COMP_152	C2_spatial_three_task	Pick the akita black bowl on the cookies box and place it on the plate, then turn on the stove, and finally put the second black bowl on the stove.	libero_spatial;libero_goal	pick_up_the_black_bowl_on_the_cookie_box_and_place_it_on_the_plate;turn_on_the_stove;put_the_bowl_on_the_stove	Pick the akita black bowl on the cookies box and place it on the plate | Turn on the stove | Put the bowl on the stove	on(akita_black_bowl_1, plate_1); turnon(flat_stove_1); on(akita_black_bowl_2, flat_stove_1_cook_region)	Spatial scene 07; extensions=T+S. | Exact learned stove-toggle primitive transferred to an official Spatial stove pose. | Exact-instance transfer of the learned bowl-to-stove relation to the second bowl. | Exact original LIBERO-Spatial task in its original physical scene. | Exact learned stove-toggle primitive transferred to an official Spatial stove pose. | Exact-instance transfer of the learned bowl-to-stove relation to the second bowl.	3	0	5	0.0	0
COMP_153	C2_spatial_three_task	Pick the akita black bowl on the cookies box and place it on the plate, then turn on the stove, and finally put the cookies box on the stove.	libero_spatial;libero_goal	pick_up_the_black_bowl_on_the_cookie_box_and_place_it_on_the_plate;turn_on_the_stove;put_the_bowl_on_the_stove	Pick the akita black bowl on the cookies box and place it on the plate | Turn on the stove | Put the bowl on the stove	on(akita_black_bowl_1, plate_1); turnon(flat_stove_1); on(cookies_1, flat_stove_1_cook_region)	Spatial scene 07; extensions=T+K. | Exact learned stove-toggle primitive transferred to an official Spatial stove pose. | Requested object-binding transfer: cookies is present in Spatial but has no direct LIBERO-40 grasp trajectory. | Exact original LIBERO-Spatial task in its original physical scene. | Exact learned stove-toggle primitive transferred to an official Spatial stove pose. | Requested object-binding transfer: cookies is present in Spatial but has no direct LIBERO-40 grasp trajectory.	2	0	5	0.0	0
COMP_154	C2_spatial_three_task	Pick the akita black bowl on the cookies box and place it on the plate, then put the second black bowl on the stove, and finally put the cookies box on the stove.	libero_spatial;libero_goal	pick_up_the_black_bowl_on_the_cookie_box_and_place_it_on_the_plate;put_the_bowl_on_the_stove	Pick the akita black bowl on the cookies box and place it on the plate | Put the bowl on the stove	on(akita_black_bowl_1, plate_1); on(akita_black_bowl_2, flat_stove_1_cook_region); on(cookies_1, flat_stove_1_cook_region)	Spatial scene 07; extensions=S+K. | Exact-instance transfer of the learned bowl-to-stove relation to the second bowl. | Requested object-binding transfer: cookies is present in Spatial but has no direct LIBERO-40 grasp trajectory. | Exact original LIBERO-Spatial task in its original physical scene. | Exact-instance transfer of the learned bowl-to-stove relation to the second bowl. | Requested object-binding transfer: cookies is present in Spatial but has no direct LIBERO-40 grasp trajectory.	3	0	5	0.0	0
COMP_155	C2_spatial_two_task	Pick the akita black bowl on the ramekin and place it on the plate, and then open the middle drawer of the wooden cabinet.	libero_spatial;libero_goal	pick_up_the_black_bowl_on_the_ramekin_and_place_it_on_the_plate;open_the_middle_drawer_of_the_cabinet	Pick the akita black bowl on the ramekin and place it on the plate | Open the middle layer of the drawer	on(akita_black_bowl_1, plate_1); open(wooden_cabinet_1_middle_region)	Spatial scene 08; extension=O. | Drawer-opening primitive is learned in LIBERO-Goal; the same wooden-cabinet type is present here. | Exact original LIBERO-Spatial task in its original physical scene. | Drawer-opening primitive is learned in LIBERO-Goal; the same wooden-cabinet type is present here.	2	0	5	0.0	0
COMP_156	C2_spatial_two_task	Pick the akita black bowl on the ramekin and place it on the plate, and then turn on the stove.	libero_spatial;libero_goal	pick_up_the_black_bowl_on_the_ramekin_and_place_it_on_the_plate;turn_on_the_stove	Pick the akita black bowl on the ramekin and place it on the plate | Turn on the stove	on(akita_black_bowl_1, plate_1); turnon(flat_stove_1)	Spatial scene 08; extension=T. | Exact learned stove-toggle primitive transferred to an official Spatial stove pose. | Exact original LIBERO-Spatial task in its original physical scene. | Exact learned stove-toggle primitive transferred to an official Spatial stove pose.	3	0	5	0.0	0
COMP_157	C2_spatial_two_task	Pick the akita black bowl on the ramekin and place it on the plate, and then put the second black bowl on top of the wooden cabinet.	libero_spatial;libero_goal	pick_up_the_black_bowl_on_the_ramekin_and_place_it_on_the_plate;put_the_bowl_on_top_of_the_cabinet	Pick the akita black bowl on the ramekin and place it on the plate | Put the bowl on the top of the drawer	on(akita_black_bowl_1, plate_1); on(akita_black_bowl_2, wooden_cabinet_1_top_side)	Spatial scene 08; extension=C. | Exact-instance transfer of the learned bowl-to-cabinet relation to the second bowl. | Exact original LIBERO-Spatial task in its original physical scene. | Exact-instance transfer of the learned bowl-to-cabinet relation to the second bowl.	2	0	5	0.0	0
COMP_158	C2_spatial_two_task	Pick the akita black bowl on the ramekin and place it on the plate, and then put the second black bowl on the stove.	libero_spatial;libero_goal	pick_up_the_black_bowl_on_the_ramekin_and_place_it_on_the_plate;put_the_bowl_on_the_stove	Pick the akita black bowl on the ramekin and place it on the plate | Put the bowl on the stove	on(akita_black_bowl_1, plate_1); on(akita_black_bowl_2, flat_stove_1_cook_region)	Spatial scene 08; extension=S. | Exact-instance transfer of the learned bowl-to-stove relation to the second bowl. | Exact original LIBERO-Spatial task in its original physical scene. | Exact-instance transfer of the learned bowl-to-stove relation to the second bowl.	3	0	5	0.0	0
COMP_159	C2_spatial_two_task	Pick the akita black bowl on the ramekin and place it on the plate, and then put the cookies box on the stove.	libero_spatial;libero_goal	pick_up_the_black_bowl_on_the_ramekin_and_place_it_on_the_plate;put_the_bowl_on_the_stove	Pick the akita black bowl on the ramekin and place it on the plate | Put the bowl on the stove	on(akita_black_bowl_1, plate_1); on(cookies_1, flat_stove_1_cook_region)	Spatial scene 08; extension=K. | Requested object-binding transfer: cookies is present in Spatial but has no direct LIBERO-40 grasp trajectory. | Exact original LIBERO-Spatial task in its original physical scene. | Requested object-binding transfer: cookies is present in Spatial but has no direct LIBERO-40 grasp trajectory.	2	0	5	0.0	0
COMP_160	C2_spatial_three_task	Pick the akita black bowl on the ramekin and place it on the plate, then open the middle drawer of the wooden cabinet, and finally turn on the stove.	libero_spatial;libero_goal	pick_up_the_black_bowl_on_the_ramekin_and_place_it_on_the_plate;open_the_middle_drawer_of_the_cabinet;turn_on_the_stove	Pick the akita black bowl on the ramekin and place it on the plate | Open the middle layer of the drawer | Turn on the stove	on(akita_black_bowl_1, plate_1); open(wooden_cabinet_1_middle_region); turnon(flat_stove_1)	Spatial scene 08; extensions=O+T. | Drawer-opening primitive is learned in LIBERO-Goal; the same wooden-cabinet type is present here. | Exact learned stove-toggle primitive transferred to an official Spatial stove pose. | Exact original LIBERO-Spatial task in its original physical scene. | Drawer-opening primitive is learned in LIBERO-Goal; the same wooden-cabinet type is present here. | Exact learned stove-toggle primitive transferred to an official Spatial stove pose.	3	0	5	0.0	0
COMP_161	C2_spatial_three_task	Pick the akita black bowl on the ramekin and place it on the plate, then open the middle drawer of the wooden cabinet, and finally put the second black bowl on top of the wooden cabinet.	libero_spatial;libero_goal	pick_up_the_black_bowl_on_the_ramekin_and_place_it_on_the_plate;open_the_middle_drawer_of_the_cabinet;put_the_bowl_on_top_of_the_cabinet	Pick the akita black bowl on the ramekin and place it on the plate | Open the middle layer of the drawer | Put the bowl on the top of the drawer	on(akita_black_bowl_1, plate_1); open(wooden_cabinet_1_middle_region); on(akita_black_bowl_2, wooden_cabinet_1_top_side)	Spatial scene 08; extensions=O+C. | Drawer-opening primitive is learned in LIBERO-Goal; the same wooden-cabinet type is present here. | Exact-instance transfer of the learned bowl-to-cabinet relation to the second bowl. | Exact original LIBERO-Spatial task in its original physical scene. | Drawer-opening primitive is learned in LIBERO-Goal; the same wooden-cabinet type is present here. | Exact-instance transfer of the learned bowl-to-cabinet relation to the second bowl.	2	0	5	0.0	0
COMP_162	C2_spatial_three_task	Pick the akita black bowl on the ramekin and place it on the plate, then open the middle drawer of the wooden cabinet, and finally put the second black bowl on the stove.	libero_spatial;libero_goal	pick_up_the_black_bowl_on_the_ramekin_and_place_it_on_the_plate;open_the_middle_drawer_of_the_cabinet;put_the_bowl_on_the_stove	Pick the akita black bowl on the ramekin and place it on the plate | Open the middle layer of the drawer | Put the bowl on the stove	on(akita_black_bowl_1, plate_1); open(wooden_cabinet_1_middle_region); on(akita_black_bowl_2, flat_stove_1_cook_region)	Spatial scene 08; extensions=O+S. | Drawer-opening primitive is learned in LIBERO-Goal; the same wooden-cabinet type is present here. | Exact-instance transfer of the learned bowl-to-stove relation to the second bowl. | Exact original LIBERO-Spatial task in its original physical scene. | Drawer-opening primitive is learned in LIBERO-Goal; the same wooden-cabinet type is present here. | Exact-instance transfer of the learned bowl-to-stove relation to the second bowl.	3	0	5	0.0	0
COMP_163	C2_spatial_three_task	Pick the akita black bowl on the ramekin and place it on the plate, then open the middle drawer of the wooden cabinet, and finally put the cookies box on the stove.	libero_spatial;libero_goal	pick_up_the_black_bowl_on_the_ramekin_and_place_it_on_the_plate;open_the_middle_drawer_of_the_cabinet;put_the_bowl_on_the_stove	Pick the akita black bowl on the ramekin and place it on the plate | Open the middle layer of the drawer | Put the bowl on the stove	on(akita_black_bowl_1, plate_1); open(wooden_cabinet_1_middle_region); on(cookies_1, flat_stove_1_cook_region)	Spatial scene 08; extensions=O+K. | Drawer-opening primitive is learned in LIBERO-Goal; the same wooden-cabinet type is present here. | Requested object-binding transfer: cookies is present in Spatial but has no direct LIBERO-40 grasp trajectory. | Exact original LIBERO-Spatial task in its original physical scene. | Drawer-opening primitive is learned in LIBERO-Goal; the same wooden-cabinet type is present here. | Requested object-binding transfer: cookies is present in Spatial but has no direct LIBERO-40 grasp trajectory.	2	0	5	0.0	0
COMP_164	C2_spatial_three_task	Pick the akita black bowl on the ramekin and place it on the plate, then turn on the stove, and finally put the second black bowl on top of the wooden cabinet.	libero_spatial;libero_goal	pick_up_the_black_bowl_on_the_ramekin_and_place_it_on_the_plate;turn_on_the_stove;put_the_bowl_on_top_of_the_cabinet	Pick the akita black bowl on the ramekin and place it on the plate | Turn on the stove | Put the bowl on the top of the drawer	on(akita_black_bowl_1, plate_1); turnon(flat_stove_1); on(akita_black_bowl_2, wooden_cabinet_1_top_side)	Spatial scene 08; extensions=T+C. | Exact learned stove-toggle primitive transferred to an official Spatial stove pose. | Exact-instance transfer of the learned bowl-to-cabinet relation to the second bowl. | Exact original LIBERO-Spatial task in its original physical scene. | Exact learned stove-toggle primitive transferred to an official Spatial stove pose. | Exact-instance transfer of the learned bowl-to-cabinet relation to the second bowl.	3	0	5	0.0	0
COMP_165	C2_spatial_three_task	Pick the akita black bowl on the ramekin and place it on the plate, then turn on the stove, and finally put the second black bowl on the stove.	libero_spatial;libero_goal	pick_up_the_black_bowl_on_the_ramekin_and_place_it_on_the_plate;turn_on_the_stove;put_the_bowl_on_the_stove	Pick the akita black bowl on the ramekin and place it on the plate | Turn on the stove | Put the bowl on the stove	on(akita_black_bowl_1, plate_1); turnon(flat_stove_1); on(akita_black_bowl_2, flat_stove_1_cook_region)	Spatial scene 08; extensions=T+S. | Exact learned stove-toggle primitive transferred to an official Spatial stove pose. | Exact-instance transfer of the learned bowl-to-stove relation to the second bowl. | Exact original LIBERO-Spatial task in its original physical scene. | Exact learned stove-toggle primitive transferred to an official Spatial stove pose. | Exact-instance transfer of the learned bowl-to-stove relation to the second bowl.	2	0	5	0.0	0
COMP_166	C2_spatial_three_task	Pick the akita black bowl on the ramekin and place it on the plate, then turn on the stove, and finally put the cookies box on the stove.	libero_spatial;libero_goal	pick_up_the_black_bowl_on_the_ramekin_and_place_it_on_the_plate;turn_on_the_stove;put_the_bowl_on_the_stove	Pick the akita black bowl on the ramekin and place it on the plate | Turn on the stove | Put the bowl on the stove	on(akita_black_bowl_1, plate_1); turnon(flat_stove_1); on(cookies_1, flat_stove_1_cook_region)	Spatial scene 08; extensions=T+K. | Exact learned stove-toggle primitive transferred to an official Spatial stove pose. | Requested object-binding transfer: cookies is present in Spatial but has no direct LIBERO-40 grasp trajectory. | Exact original LIBERO-Spatial task in its original physical scene. | Exact learned stove-toggle primitive transferred to an official Spatial stove pose. | Requested object-binding transfer: cookies is present in Spatial but has no direct LIBERO-40 grasp trajectory.	3	0	5	0.0	0
COMP_167	C2_spatial_three_task	Pick the akita black bowl on the ramekin and place it on the plate, then put the second black bowl on top of the wooden cabinet, and finally put the cookies box on the stove.	libero_spatial;libero_goal	pick_up_the_black_bowl_on_the_ramekin_and_place_it_on_the_plate;put_the_bowl_on_top_of_the_cabinet;put_the_bowl_on_the_stove	Pick the akita black bowl on the ramekin and place it on the plate | Put the bowl on the top of the drawer | Put the bowl on the stove	on(akita_black_bowl_1, plate_1); on(akita_black_bowl_2, wooden_cabinet_1_top_side); on(cookies_1, flat_stove_1_cook_region)	Spatial scene 08; extensions=C+K. | Exact-instance transfer of the learned bowl-to-cabinet relation to the second bowl. | Requested object-binding transfer: cookies is present in Spatial but has no direct LIBERO-40 grasp trajectory. | Exact original LIBERO-Spatial task in its original physical scene. | Exact-instance transfer of the learned bowl-to-cabinet relation to the second bowl. | Requested object-binding transfer: cookies is present in Spatial but has no direct LIBERO-40 grasp trajectory.	2	0	5	0.0	0
COMP_168	C2_spatial_three_task	Pick the akita black bowl on the ramekin and place it on the plate, then put the second black bowl on the stove, and finally put the cookies box on the stove.	libero_spatial;libero_goal	pick_up_the_black_bowl_on_the_ramekin_and_place_it_on_the_plate;put_the_bowl_on_the_stove	Pick the akita black bowl on the ramekin and place it on the plate | Put the bowl on the stove	on(akita_black_bowl_1, plate_1); on(akita_black_bowl_2, flat_stove_1_cook_region); on(cookies_1, flat_stove_1_cook_region)	Spatial scene 08; extensions=S+K. | Exact-instance transfer of the learned bowl-to-stove relation to the second bowl. | Requested object-binding transfer: cookies is present in Spatial but has no direct LIBERO-40 grasp trajectory. | Exact original LIBERO-Spatial task in its original physical scene. | Exact-instance transfer of the learned bowl-to-stove relation to the second bowl. | Requested object-binding transfer: cookies is present in Spatial but has no direct LIBERO-40 grasp trajectory.	3	0	5	0.0	0
COMP_169	C2_spatial_two_task	Pick the akita black bowl on the stove and place it on the plate, and then open the middle drawer of the wooden cabinet.	libero_spatial;libero_goal	pick_up_the_black_bowl_on_the_stove_and_place_it_on_the_plate;open_the_middle_drawer_of_the_cabinet	Pick the akita black bowl on the stove and place it on the plate | Open the middle layer of the drawer	on(akita_black_bowl_1, plate_1); open(wooden_cabinet_1_middle_region)	Spatial scene 09; extension=O. | Drawer-opening primitive is learned in LIBERO-Goal; the same wooden-cabinet type is present here. | Exact original LIBERO-Spatial task in its original physical scene. | Drawer-opening primitive is learned in LIBERO-Goal; the same wooden-cabinet type is present here.	2	0	5	0.0	0
COMP_170	C2_spatial_two_task	Pick the akita black bowl on the stove and place it on the plate, and then turn on the stove.	libero_spatial;libero_goal	pick_up_the_black_bowl_on_the_stove_and_place_it_on_the_plate;turn_on_the_stove	Pick the akita black bowl on the stove and place it on the plate | Turn on the stove	on(akita_black_bowl_1, plate_1); turnon(flat_stove_1)	Spatial scene 09; extension=T. | Exact learned stove-toggle primitive transferred to an official Spatial stove pose. | Exact original LIBERO-Spatial task in its original physical scene. | Exact learned stove-toggle primitive transferred to an official Spatial stove pose.	3	0	5	0.0	0
COMP_171	C2_spatial_two_task	Pick the akita black bowl on the stove and place it on the plate, and then put the second black bowl on the stove.	libero_spatial;libero_goal	pick_up_the_black_bowl_on_the_stove_and_place_it_on_the_plate;put_the_bowl_on_the_stove	Pick the akita black bowl on the stove and place it on the plate | Put the bowl on the stove	on(akita_black_bowl_1, plate_1); on(akita_black_bowl_2, flat_stove_1_cook_region)	Spatial scene 09; extension=S. | Exact-instance transfer of the learned bowl-to-stove relation to the second bowl. | Exact original LIBERO-Spatial task in its original physical scene. | Exact-instance transfer of the learned bowl-to-stove relation to the second bowl.	2	0	5	0.0	0
COMP_172	C2_spatial_two_task	Pick the akita black bowl on the stove and place it on the plate, and then put the cookies box on the stove.	libero_spatial;libero_goal	pick_up_the_black_bowl_on_the_stove_and_place_it_on_the_plate;put_the_bowl_on_the_stove	Pick the akita black bowl on the stove and place it on the plate | Put the bowl on the stove	on(akita_black_bowl_1, plate_1); on(cookies_1, flat_stove_1_cook_region)	Spatial scene 09; extension=K. | Requested object-binding transfer: cookies is present in Spatial but has no direct LIBERO-40 grasp trajectory. | Exact original LIBERO-Spatial task in its original physical scene. | Requested object-binding transfer: cookies is present in Spatial but has no direct LIBERO-40 grasp trajectory.	3	0	5	0.0	0
COMP_173	C2_spatial_three_task	Pick the akita black bowl on the stove and place it on the plate, then open the middle drawer of the wooden cabinet, and finally turn on the stove.	libero_spatial;libero_goal	pick_up_the_black_bowl_on_the_stove_and_place_it_on_the_plate;open_the_middle_drawer_of_the_cabinet;turn_on_the_stove	Pick the akita black bowl on the stove and place it on the plate | Open the middle layer of the drawer | Turn on the stove	on(akita_black_bowl_1, plate_1); open(wooden_cabinet_1_middle_region); turnon(flat_stove_1)	Spatial scene 09; extensions=O+T. | Drawer-opening primitive is learned in LIBERO-Goal; the same wooden-cabinet type is present here. | Exact learned stove-toggle primitive transferred to an official Spatial stove pose. | Exact original LIBERO-Spatial task in its original physical scene. | Drawer-opening primitive is learned in LIBERO-Goal; the same wooden-cabinet type is present here. | Exact learned stove-toggle primitive transferred to an official Spatial stove pose.	2	0	5	0.0	0
COMP_174	C2_spatial_three_task	Pick the akita black bowl on the stove and place it on the plate, then open the middle drawer of the wooden cabinet, and finally put the second black bowl on the stove.	libero_spatial;libero_goal	pick_up_the_black_bowl_on_the_stove_and_place_it_on_the_plate;open_the_middle_drawer_of_the_cabinet;put_the_bowl_on_the_stove	Pick the akita black bowl on the stove and place it on the plate | Open the middle layer of the drawer | Put the bowl on the stove	on(akita_black_bowl_1, plate_1); open(wooden_cabinet_1_middle_region); on(akita_black_bowl_2, flat_stove_1_cook_region)	Spatial scene 09; extensions=O+S. | Drawer-opening primitive is learned in LIBERO-Goal; the same wooden-cabinet type is present here. | Exact-instance transfer of the learned bowl-to-stove relation to the second bowl. | Exact original LIBERO-Spatial task in its original physical scene. | Drawer-opening primitive is learned in LIBERO-Goal; the same wooden-cabinet type is present here. | Exact-instance transfer of the learned bowl-to-stove relation to the second bowl.	3	0	5	0.0	0
COMP_175	C2_spatial_three_task	Pick the akita black bowl on the stove and place it on the plate, then open the middle drawer of the wooden cabinet, and finally put the cookies box on the stove.	libero_spatial;libero_goal	pick_up_the_black_bowl_on_the_stove_and_place_it_on_the_plate;open_the_middle_drawer_of_the_cabinet;put_the_bowl_on_the_stove	Pick the akita black bowl on the stove and place it on the plate | Open the middle layer of the drawer | Put the bowl on the stove	on(akita_black_bowl_1, plate_1); open(wooden_cabinet_1_middle_region); on(cookies_1, flat_stove_1_cook_region)	Spatial scene 09; extensions=O+K. | Drawer-opening primitive is learned in LIBERO-Goal; the same wooden-cabinet type is present here. | Requested object-binding transfer: cookies is present in Spatial but has no direct LIBERO-40 grasp trajectory. | Exact original LIBERO-Spatial task in its original physical scene. | Drawer-opening primitive is learned in LIBERO-Goal; the same wooden-cabinet type is present here. | Requested object-binding transfer: cookies is present in Spatial but has no direct LIBERO-40 grasp trajectory.	2	0	5	0.0	0
COMP_176	C2_spatial_three_task	Pick the akita black bowl on the stove and place it on the plate, then turn on the stove, and finally put the second black bowl on the stove.	libero_spatial;libero_goal	pick_up_the_black_bowl_on_the_stove_and_place_it_on_the_plate;turn_on_the_stove;put_the_bowl_on_the_stove	Pick the akita black bowl on the stove and place it on the plate | Turn on the stove | Put the bowl on the stove	on(akita_black_bowl_1, plate_1); turnon(flat_stove_1); on(akita_black_bowl_2, flat_stove_1_cook_region)	Spatial scene 09; extensions=T+S. | Exact learned stove-toggle primitive transferred to an official Spatial stove pose. | Exact-instance transfer of the learned bowl-to-stove relation to the second bowl. | Exact original LIBERO-Spatial task in its original physical scene. | Exact learned stove-toggle primitive transferred to an official Spatial stove pose. | Exact-instance transfer of the learned bowl-to-stove relation to the second bowl.	3	0	5	0.0	0
COMP_177	C2_spatial_three_task	Pick the akita black bowl on the stove and place it on the plate, then turn on the stove, and finally put the cookies box on the stove.	libero_spatial;libero_goal	pick_up_the_black_bowl_on_the_stove_and_place_it_on_the_plate;turn_on_the_stove;put_the_bowl_on_the_stove	Pick the akita black bowl on the stove and place it on the plate | Turn on the stove | Put the bowl on the stove	on(akita_black_bowl_1, plate_1); turnon(flat_stove_1); on(cookies_1, flat_stove_1_cook_region)	Spatial scene 09; extensions=T+K. | Exact learned stove-toggle primitive transferred to an official Spatial stove pose. | Requested object-binding transfer: cookies is present in Spatial but has no direct LIBERO-40 grasp trajectory. | Exact original LIBERO-Spatial task in its original physical scene. | Exact learned stove-toggle primitive transferred to an official Spatial stove pose. | Requested object-binding transfer: cookies is present in Spatial but has no direct LIBERO-40 grasp trajectory.	2	0	5	0.0	0
COMP_178	C2_spatial_three_task	Pick the akita black bowl on the stove and place it on the plate, then put the second black bowl on the stove, and finally put the cookies box on the stove.	libero_spatial;libero_goal	pick_up_the_black_bowl_on_the_stove_and_place_it_on_the_plate;put_the_bowl_on_the_stove	Pick the akita black bowl on the stove and place it on the plate | Put the bowl on the stove	on(akita_black_bowl_1, plate_1); on(akita_black_bowl_2, flat_stove_1_cook_region); on(cookies_1, flat_stove_1_cook_region)	Spatial scene 09; extensions=S+K. | Exact-instance transfer of the learned bowl-to-stove relation to the second bowl. | Requested object-binding transfer: cookies is present in Spatial but has no direct LIBERO-40 grasp trajectory. | Exact original LIBERO-Spatial task in its original physical scene. | Exact-instance transfer of the learned bowl-to-stove relation to the second bowl. | Requested object-binding transfer: cookies is present in Spatial but has no direct LIBERO-40 grasp trajectory.	3	0	5	0.0	0
COMP_179	C2_spatial_two_task	Pick the akita black bowl on the wooden cabinet and place it on the plate, and then open the middle drawer of the wooden cabinet.	libero_spatial;libero_goal	pick_up_the_black_bowl_on_the_wooden_cabinet_and_place_it_on_the_plate;open_the_middle_drawer_of_the_cabinet	Pick the akita black bowl on the wooden cabinet and place it on the plate | Open the middle layer of the drawer	on(akita_black_bowl_1, plate_1); open(wooden_cabinet_1_middle_region)	Spatial scene 10; extension=O. | Drawer-opening primitive is learned in LIBERO-Goal; the same wooden-cabinet type is present here. | Exact original LIBERO-Spatial task in its original physical scene. | Drawer-opening primitive is learned in LIBERO-Goal; the same wooden-cabinet type is present here.	2	0	5	0.0	0
COMP_180	C2_spatial_two_task	Pick the akita black bowl on the wooden cabinet and place it on the plate, and then turn on the stove.	libero_spatial;libero_goal	pick_up_the_black_bowl_on_the_wooden_cabinet_and_place_it_on_the_plate;turn_on_the_stove	Pick the akita black bowl on the wooden cabinet and place it on the plate | Turn on the stove	on(akita_black_bowl_1, plate_1); turnon(flat_stove_1)	Spatial scene 10; extension=T. | Exact learned stove-toggle primitive transferred to an official Spatial stove pose. | Exact original LIBERO-Spatial task in its original physical scene. | Exact learned stove-toggle primitive transferred to an official Spatial stove pose.	3	0	5	0.0	0
COMP_181	C2_spatial_two_task	Pick the akita black bowl on the wooden cabinet and place it on the plate, and then put the second black bowl on top of the wooden cabinet.	libero_spatial;libero_goal	pick_up_the_black_bowl_on_the_wooden_cabinet_and_place_it_on_the_plate;put_the_bowl_on_top_of_the_cabinet	Pick the akita black bowl on the wooden cabinet and place it on the plate | Put the bowl on the top of the drawer	on(akita_black_bowl_1, plate_1); on(akita_black_bowl_2, wooden_cabinet_1_top_side)	Spatial scene 10; extension=C. | Exact-instance transfer of the learned bowl-to-cabinet relation to the second bowl. | Exact original LIBERO-Spatial task in its original physical scene. | Exact-instance transfer of the learned bowl-to-cabinet relation to the second bowl.	2	0	5	0.0	0
COMP_182	C2_spatial_two_task	Pick the akita black bowl on the wooden cabinet and place it on the plate, and then put the cookies box on the stove.	libero_spatial;libero_goal	pick_up_the_black_bowl_on_the_wooden_cabinet_and_place_it_on_the_plate;put_the_bowl_on_the_stove	Pick the akita black bowl on the wooden cabinet and place it on the plate | Put the bowl on the stove	on(akita_black_bowl_1, plate_1); on(cookies_1, flat_stove_1_cook_region)	Spatial scene 10; extension=K. | Requested object-binding transfer: cookies is present in Spatial but has no direct LIBERO-40 grasp trajectory. | Exact original LIBERO-Spatial task in its original physical scene. | Requested object-binding transfer: cookies is present in Spatial but has no direct LIBERO-40 grasp trajectory.	3	0	5	0.0	0
COMP_183	C2_spatial_three_task	Pick the akita black bowl on the wooden cabinet and place it on the plate, then open the middle drawer of the wooden cabinet, and finally turn on the stove.	libero_spatial;libero_goal	pick_up_the_black_bowl_on_the_wooden_cabinet_and_place_it_on_the_plate;open_the_middle_drawer_of_the_cabinet;turn_on_the_stove	Pick the akita black bowl on the wooden cabinet and place it on the plate | Open the middle layer of the drawer | Turn on the stove	on(akita_black_bowl_1, plate_1); open(wooden_cabinet_1_middle_region); turnon(flat_stove_1)	Spatial scene 10; extensions=O+T. | Drawer-opening primitive is learned in LIBERO-Goal; the same wooden-cabinet type is present here. | Exact learned stove-toggle primitive transferred to an official Spatial stove pose. | Exact original LIBERO-Spatial task in its original physical scene. | Drawer-opening primitive is learned in LIBERO-Goal; the same wooden-cabinet type is present here. | Exact learned stove-toggle primitive transferred to an official Spatial stove pose.	2	0	5	0.0	0
COMP_184	C2_spatial_three_task	Pick the akita black bowl on the wooden cabinet and place it on the plate, then open the middle drawer of the wooden cabinet, and finally put the second black bowl on top of the wooden cabinet.	libero_spatial;libero_goal	pick_up_the_black_bowl_on_the_wooden_cabinet_and_place_it_on_the_plate;open_the_middle_drawer_of_the_cabinet;put_the_bowl_on_top_of_the_cabinet	Pick the akita black bowl on the wooden cabinet and place it on the plate | Open the middle layer of the drawer | Put the bowl on the top of the drawer	on(akita_black_bowl_1, plate_1); open(wooden_cabinet_1_middle_region); on(akita_black_bowl_2, wooden_cabinet_1_top_side)	Spatial scene 10; extensions=O+C. | Drawer-opening primitive is learned in LIBERO-Goal; the same wooden-cabinet type is present here. | Exact-instance transfer of the learned bowl-to-cabinet relation to the second bowl. | Exact original LIBERO-Spatial task in its original physical scene. | Drawer-opening primitive is learned in LIBERO-Goal; the same wooden-cabinet type is present here. | Exact-instance transfer of the learned bowl-to-cabinet relation to the second bowl.	3	0	5	0.0	0
COMP_185	C2_spatial_three_task	Pick the akita black bowl on the wooden cabinet and place it on the plate, then open the middle drawer of the wooden cabinet, and finally put the cookies box on the stove.	libero_spatial;libero_goal	pick_up_the_black_bowl_on_the_wooden_cabinet_and_place_it_on_the_plate;open_the_middle_drawer_of_the_cabinet;put_the_bowl_on_the_stove	Pick the akita black bowl on the wooden cabinet and place it on the plate | Open the middle layer of the drawer | Put the bowl on the stove	on(akita_black_bowl_1, plate_1); open(wooden_cabinet_1_middle_region); on(cookies_1, flat_stove_1_cook_region)	Spatial scene 10; extensions=O+K. | Drawer-opening primitive is learned in LIBERO-Goal; the same wooden-cabinet type is present here. | Requested object-binding transfer: cookies is present in Spatial but has no direct LIBERO-40 grasp trajectory. | Exact original LIBERO-Spatial task in its original physical scene. | Drawer-opening primitive is learned in LIBERO-Goal; the same wooden-cabinet type is present here. | Requested object-binding transfer: cookies is present in Spatial but has no direct LIBERO-40 grasp trajectory.	2	0	5	0.0	0
COMP_186	C2_spatial_three_task	Pick the akita black bowl on the wooden cabinet and place it on the plate, then turn on the stove, and finally put the second black bowl on top of the wooden cabinet.	libero_spatial;libero_goal	pick_up_the_black_bowl_on_the_wooden_cabinet_and_place_it_on_the_plate;turn_on_the_stove;put_the_bowl_on_top_of_the_cabinet	Pick the akita black bowl on the wooden cabinet and place it on the plate | Turn on the stove | Put the bowl on the top of the drawer	on(akita_black_bowl_1, plate_1); turnon(flat_stove_1); on(akita_black_bowl_2, wooden_cabinet_1_top_side)	Spatial scene 10; extensions=T+C. | Exact learned stove-toggle primitive transferred to an official Spatial stove pose. | Exact-instance transfer of the learned bowl-to-cabinet relation to the second bowl. | Exact original LIBERO-Spatial task in its original physical scene. | Exact learned stove-toggle primitive transferred to an official Spatial stove pose. | Exact-instance transfer of the learned bowl-to-cabinet relation to the second bowl.	3	0	5	0.0	0
COMP_187	C2_spatial_three_task	Pick the akita black bowl on the wooden cabinet and place it on the plate, then turn on the stove, and finally put the cookies box on the stove.	libero_spatial;libero_goal	pick_up_the_black_bowl_on_the_wooden_cabinet_and_place_it_on_the_plate;turn_on_the_stove;put_the_bowl_on_the_stove	Pick the akita black bowl on the wooden cabinet and place it on the plate | Turn on the stove | Put the bowl on the stove	on(akita_black_bowl_1, plate_1); turnon(flat_stove_1); on(cookies_1, flat_stove_1_cook_region)	Spatial scene 10; extensions=T+K. | Exact learned stove-toggle primitive transferred to an official Spatial stove pose. | Requested object-binding transfer: cookies is present in Spatial but has no direct LIBERO-40 grasp trajectory. | Exact original LIBERO-Spatial task in its original physical scene. | Exact learned stove-toggle primitive transferred to an official Spatial stove pose. | Requested object-binding transfer: cookies is present in Spatial but has no direct LIBERO-40 grasp trajectory.	2	0	5	0.0	0
COMP_188	C2_spatial_three_task	Pick the akita black bowl on the wooden cabinet and place it on the plate, then put the second black bowl on top of the wooden cabinet, and finally put the cookies box on the stove.	libero_spatial;libero_goal	pick_up_the_black_bowl_on_the_wooden_cabinet_and_place_it_on_the_plate;put_the_bowl_on_top_of_the_cabinet;put_the_bowl_on_the_stove	Pick the akita black bowl on the wooden cabinet and place it on the plate | Put the bowl on the top of the drawer | Put the bowl on the stove	on(akita_black_bowl_1, plate_1); on(akita_black_bowl_2, wooden_cabinet_1_top_side); on(cookies_1, flat_stove_1_cook_region)	Spatial scene 10; extensions=C+K. | Exact-instance transfer of the learned bowl-to-cabinet relation to the second bowl. | Requested object-binding transfer: cookies is present in Spatial but has no direct LIBERO-40 grasp trajectory. | Exact original LIBERO-Spatial task in its original physical scene. | Exact-instance transfer of the learned bowl-to-cabinet relation to the second bowl. | Requested object-binding transfer: cookies is present in Spatial but has no direct LIBERO-40 grasp trajectory.	3	0	5	0.0	0
COMP_189	C3_three_mugs_three_plates	Put the white mug on the left plate, then put the yellow and white mug on the middle plate, and finally put the red mug on the right plate.	libero_10	LIVING_ROOM_SCENE5_put_the_white_mug_on_the_left_plate_and_put_the_yellow_and_white_mug_on_the_right_plate	put the white mug on the left plate and put the yellow and white mug on the right plate	on(porcelain_mug_1, plate_1); on(white_yellow_mug_1, plate_3); on(red_coffee_mug_1, plate_2)	All 3! exact mug-to-plate bijections are enumerated. | Mugs and plates are arranged in two unobstructed rows before the permutation-specific sequence begins. | Atomic mug-to-plate placement is part of original LIBERO-10 Scene 5. | Atomic mug-to-plate placement is part of original LIBERO-10 Scene 5. | The red mug appears as a distractor in original LIBERO-10; it has no direct grasp trajectory in LIBERO-40.	2	0	5	0.0	0
COMP_190	C3_three_mugs_three_plates	Put the white mug on the left plate, then put the yellow and white mug on the right plate, and finally put the red mug on the middle plate.	libero_10	LIVING_ROOM_SCENE5_put_the_white_mug_on_the_left_plate_and_put_the_yellow_and_white_mug_on_the_right_plate	put the white mug on the left plate and put the yellow and white mug on the right plate	on(porcelain_mug_1, plate_1); on(white_yellow_mug_1, plate_2); on(red_coffee_mug_1, plate_3)	All 3! exact mug-to-plate bijections are enumerated. | Mugs and plates are arranged in two unobstructed rows before the permutation-specific sequence begins. | Atomic mug-to-plate placement is part of original LIBERO-10 Scene 5. | Atomic mug-to-plate placement is part of original LIBERO-10 Scene 5. | The red mug appears as a distractor in original LIBERO-10; it has no direct grasp trajectory in LIBERO-40.	3	0	5	0.0	0
COMP_191	C3_three_mugs_three_plates	Put the white mug on the middle plate, then put the yellow and white mug on the left plate, and finally put the red mug on the right plate.	libero_10	LIVING_ROOM_SCENE5_put_the_white_mug_on_the_left_plate_and_put_the_yellow_and_white_mug_on_the_right_plate	put the white mug on the left plate and put the yellow and white mug on the right plate	on(porcelain_mug_1, plate_3); on(white_yellow_mug_1, plate_1); on(red_coffee_mug_1, plate_2)	All 3! exact mug-to-plate bijections are enumerated. | Mugs and plates are arranged in two unobstructed rows before the permutation-specific sequence begins. | Atomic mug-to-plate placement is part of original LIBERO-10 Scene 5. | Atomic mug-to-plate placement is part of original LIBERO-10 Scene 5. | The red mug appears as a distractor in original LIBERO-10; it has no direct grasp trajectory in LIBERO-40.	2	0	5	0.0	0
COMP_192	C3_three_mugs_three_plates	Put the white mug on the middle plate, then put the yellow and white mug on the right plate, and finally put the red mug on the left plate.	libero_10	LIVING_ROOM_SCENE5_put_the_white_mug_on_the_left_plate_and_put_the_yellow_and_white_mug_on_the_right_plate	put the white mug on the left plate and put the yellow and white mug on the right plate	on(porcelain_mug_1, plate_3); on(white_yellow_mug_1, plate_2); on(red_coffee_mug_1, plate_1)	All 3! exact mug-to-plate bijections are enumerated. | Mugs and plates are arranged in two unobstructed rows before the permutation-specific sequence begins. | Atomic mug-to-plate placement is part of original LIBERO-10 Scene 5. | Atomic mug-to-plate placement is part of original LIBERO-10 Scene 5. | The red mug appears as a distractor in original LIBERO-10; it has no direct grasp trajectory in LIBERO-40.	3	0	5	0.0	0
COMP_193	C3_three_mugs_three_plates	Put the white mug on the right plate, then put the yellow and white mug on the left plate, and finally put the red mug on the middle plate.	libero_10	LIVING_ROOM_SCENE5_put_the_white_mug_on_the_left_plate_and_put_the_yellow_and_white_mug_on_the_right_plate	put the white mug on the left plate and put the yellow and white mug on the right plate	on(porcelain_mug_1, plate_2); on(white_yellow_mug_1, plate_1); on(red_coffee_mug_1, plate_3)	All 3! exact mug-to-plate bijections are enumerated. | Mugs and plates are arranged in two unobstructed rows before the permutation-specific sequence begins. | Atomic mug-to-plate placement is part of original LIBERO-10 Scene 5. | Atomic mug-to-plate placement is part of original LIBERO-10 Scene 5. | The red mug appears as a distractor in original LIBERO-10; it has no direct grasp trajectory in LIBERO-40.	2	0	5	0.0	0
COMP_194	C3_three_mugs_three_plates	Put the white mug on the right plate, then put the yellow and white mug on the middle plate, and finally put the red mug on the left plate.	libero_10	LIVING_ROOM_SCENE5_put_the_white_mug_on_the_left_plate_and_put_the_yellow_and_white_mug_on_the_right_plate	put the white mug on the left plate and put the yellow and white mug on the right plate	on(porcelain_mug_1, plate_2); on(white_yellow_mug_1, plate_3); on(red_coffee_mug_1, plate_1)	All 3! exact mug-to-plate bijections are enumerated. | Mugs and plates are arranged in two unobstructed rows before the permutation-specific sequence begins. | Atomic mug-to-plate placement is part of original LIBERO-10 Scene 5. | Atomic mug-to-plate placement is part of original LIBERO-10 Scene 5. | The red mug appears as a distractor in original LIBERO-10; it has no direct grasp trajectory in LIBERO-40.	3	0	5	0.0	0
COMP_195	C4_kitchen3_on_moka_off_temporal	Turn on the stove, then put the moka pot on the stove, and finally turn off the stove.	libero_10	KITCHEN_SCENE3_turn_on_the_stove_and_put_the_moka_pot_on_it	turn on the stove and put the moka pot on it	on(moka_pot_1, flat_stove_1_cook_region); turnoff(flat_stove_1)	Strict temporal scoring requires an observed off→on→off transition; final-state-only success is forbidden. | Exact original stove-on primitive. | Turn-off was not an instructed primitive in LIBERO-40; this requested continuation is tagged mixed.	2	0	5	0.0	0
COMP_196	C5_kitchen3_on_moka_frypan	Turn on the stove, then put the moka pot on the stove, and finally put the frypan on the stove.	libero_10	KITCHEN_SCENE3_turn_on_the_stove_and_put_the_moka_pot_on_it	turn on the stove and put the moka pot on it	turnon(flat_stove_1); on(moka_pot_1, flat_stove_1_cook_region); on(chefmate_8_frypan_1, flat_stove_1_cook_region)	The frypan is a distractor in original Scene 3; no LIBERO-40 trajectory directly grasps it. | Exact original stove-on primitive. | The frypan is a distractor in original Scene 3; no LIBERO-40 trajectory directly grasps it.	3	0	5	0.0	0
COMP_197	C6_kitchen4_bowl_close_wine_cabinet	Put the black bowl in the bottom drawer of the white cabinet, then close the bottom drawer of the white cabinet, and finally put the wine bottle on top of the white cabinet.	libero_10;libero_goal	KITCHEN_SCENE4_put_the_black_bowl_in_the_bottom_drawer_of_the_cabinet_and_close_it;put_the_wine_bottle_on_top_of_the_cabinet	put the black bowl in the bottom drawer of the cabinet and close it | Put the wine bottle on the top of the drawer	in(akita_black_bowl_1, white_cabinet_1_bottom_region); close(white_cabinet_1_bottom_region); on(wine_bottle_1, white_cabinet_1_top_side)	The wine bottle and cabinet already exist in original KITCHEN_SCENE4; no fixture is added. | The requested wine-to-rack continuation is an exact duplicate of prior ULA_027/ULA2_022 and is excluded; cabinet-top is the closest novel learned relation.	2	0	5	0.0	0
COMP_198	C7_kitchen6_mug_close_white_top	Put the yellow and white mug in the microwave, then close the microwave, and finally put the white mug on top of the microwave.	libero_10	KITCHEN_SCENE6_put_the_yellow_and_white_mug_in_the_microwave_and_close_it	put the yellow and white mug in the microwave and close it	in(white_yellow_mug_1, microwave_1_heating_region); close(microwave_1); on(porcelain_mug_1, microwave_1_top_side)	The white mug is present in Scene 6 and grasped elsewhere, but microwave-top placement is not an original LIBERO-40 goal. | The white mug is present in Scene 6 and grasped elsewhere, but microwave-top placement is not an original LIBERO-40 goal.	3	0	5	0.0	0
COMP_199	C8_kitchen8_two_moka_off_temporal	Put the right moka pot on the stove, then put the left moka pot on the stove, and finally turn off the stove.	libero_10	KITCHEN_SCENE8_put_both_moka_pots_on_the_stove	put both moka pots on the stove	on(moka_pot_1, flat_stove_1_cook_region); on(moka_pot_2, flat_stove_1_cook_region); turnoff(flat_stove_1)	The stove is on in init; temporal scoring requires both pots to be placed before the observed turn-off. | Turn-off was not an instructed primitive in LIBERO-40; this requested continuation is tagged mixed.	2	0	5	0.0	0
COMP_200	C9_study_book_then_mug_plate	Put the book in the back compartment of the caddy, and then put the yellow and white mug on the plate.	libero_10	STUDY_SCENE1_pick_up_the_book_and_place_it_in_the_back_compartment_of_the_caddy;LIVING_ROOM_SCENE5_put_the_white_mug_on_the_left_plate_and_put_the_yellow_and_white_mug_on_the_right_plate	pick up the book and place it in the back compartment of the caddy | put the white mug on the left plate and put the yellow and white mug on the right plate	in(black_book_1, desk_caddy_1_back_contain_region); on(white_yellow_mug_1, plate_1)	A plate is added at a clear, arm-reachable Study-table slot next to the mug; the caddy/book geometry is unchanged.	3	0	5	0.0	0
COMP_201	C10_libero10_basket_triples	Put the alphabet soup, the cream cheese box, and the ketchup in the basket one after another.	libero_object	pick_up_the_alphabet_soup_and_place_it_in_the_basket;pick_up_the_cream_cheese_and_place_it_in_the_basket;pick_up_the_ketchup_and_place_it_in_the_basket	Pick the alphabet soup and place it in the basket | Pick the cream cheese and place it in the basket | Pick the ketchup and place it in the basket	in(alphabet_soup_1, basket_1_contain_region); in(cream_cheese_1, basket_1_contain_region); in(ketchup_1, basket_1_contain_region)	Unordered triple selected from all C(4,3) object triples in this exact stock layout. | The explicit action plan follows the physical left-to-right/source-region rank; reversed wording is not a new identity. | Object identity has its own original LIBERO-Object pick-to-basket trajectory; its pose in the composite scene may differ. | Object identity has its own original LIBERO-Object pick-to-basket trajectory; its pose in the composite scene may differ. | Object identity has its own original LIBERO-Object pick-to-basket trajectory; its pose in the composite scene may differ.	2	0	5	0.0	0
COMP_202	C10_libero10_basket_triples	Put the alphabet soup, the cream cheese box, and the tomato sauce in the basket one after another.	libero_object	pick_up_the_alphabet_soup_and_place_it_in_the_basket;pick_up_the_cream_cheese_and_place_it_in_the_basket;pick_up_the_tomato_sauce_and_place_it_in_the_basket	Pick the alphabet soup and place it in the basket | Pick the cream cheese and place it in the basket | Pick the tomato sauce and place it in the basket	in(alphabet_soup_1, basket_1_contain_region); in(cream_cheese_1, basket_1_contain_region); in(tomato_sauce_1, basket_1_contain_region)	Unordered triple selected from all C(4,3) object triples in this exact stock layout. | The explicit action plan follows the physical left-to-right/source-region rank; reversed wording is not a new identity. | Object identity has its own original LIBERO-Object pick-to-basket trajectory; its pose in the composite scene may differ. | Object identity has its own original LIBERO-Object pick-to-basket trajectory; its pose in the composite scene may differ. | Object identity has its own original LIBERO-Object pick-to-basket trajectory; its pose in the composite scene may differ.	3	0	5	0.0	0
COMP_203	C10_libero10_basket_triples	Put the alphabet soup, the ketchup, and the tomato sauce in the basket one after another.	libero_object	pick_up_the_alphabet_soup_and_place_it_in_the_basket;pick_up_the_ketchup_and_place_it_in_the_basket;pick_up_the_tomato_sauce_and_place_it_in_the_basket	Pick the alphabet soup and place it in the basket | Pick the ketchup and place it in the basket | Pick the tomato sauce and place it in the basket	in(alphabet_soup_1, basket_1_contain_region); in(ketchup_1, basket_1_contain_region); in(tomato_sauce_1, basket_1_contain_region)	Unordered triple selected from all C(4,3) object triples in this exact stock layout. | The explicit action plan follows the physical left-to-right/source-region rank; reversed wording is not a new identity. | Object identity has its own original LIBERO-Object pick-to-basket trajectory; its pose in the composite scene may differ. | Object identity has its own original LIBERO-Object pick-to-basket trajectory; its pose in the composite scene may differ. | Object identity has its own original LIBERO-Object pick-to-basket trajectory; its pose in the composite scene may differ.	2	0	5	0.0	0
COMP_204	C10_libero10_basket_triples	Put the cream cheese box, the ketchup, and the tomato sauce in the basket one after another.	libero_object	pick_up_the_cream_cheese_and_place_it_in_the_basket;pick_up_the_ketchup_and_place_it_in_the_basket;pick_up_the_tomato_sauce_and_place_it_in_the_basket	Pick the cream cheese and place it in the basket | Pick the ketchup and place it in the basket | Pick the tomato sauce and place it in the basket	in(cream_cheese_1, basket_1_contain_region); in(ketchup_1, basket_1_contain_region); in(tomato_sauce_1, basket_1_contain_region)	Unordered triple selected from all C(4,3) object triples in this exact stock layout. | The explicit action plan follows the physical left-to-right/source-region rank; reversed wording is not a new identity. | Object identity has its own original LIBERO-Object pick-to-basket trajectory; its pose in the composite scene may differ. | Object identity has its own original LIBERO-Object pick-to-basket trajectory; its pose in the composite scene may differ. | Object identity has its own original LIBERO-Object pick-to-basket trajectory; its pose in the composite scene may differ.	3	0	5	0.0	0
COMP_205	C10_libero10_basket_triples	Put the alphabet soup, the butter, and the cream cheese box in the basket one after another.	libero_object	pick_up_the_alphabet_soup_and_place_it_in_the_basket;pick_up_the_butter_and_place_it_in_the_basket;pick_up_the_cream_cheese_and_place_it_in_the_basket	Pick the alphabet soup and place it in the basket | Pick the butter and place it in the basket | Pick the cream cheese and place it in the basket	in(alphabet_soup_1, basket_1_contain_region); in(butter_1, basket_1_contain_region); in(cream_cheese_1, basket_1_contain_region)	Unordered triple selected from all C(7,3) object triples in this exact stock layout. | The explicit action plan follows the physical left-to-right/source-region rank; reversed wording is not a new identity. | Object identity has its own original LIBERO-Object pick-to-basket trajectory; its pose in the composite scene may differ. | Object identity has its own original LIBERO-Object pick-to-basket trajectory; its pose in the composite scene may differ. | Object identity has its own original LIBERO-Object pick-to-basket trajectory; its pose in the composite scene may differ.	2	1	5	20.0	1
COMP_206	C10_libero10_basket_triples	Put the alphabet soup, the butter, and the ketchup in the basket one after another.	libero_object	pick_up_the_alphabet_soup_and_place_it_in_the_basket;pick_up_the_butter_and_place_it_in_the_basket;pick_up_the_ketchup_and_place_it_in_the_basket	Pick the alphabet soup and place it in the basket | Pick the butter and place it in the basket | Pick the ketchup and place it in the basket	in(alphabet_soup_1, basket_1_contain_region); in(butter_1, basket_1_contain_region); in(ketchup_1, basket_1_contain_region)	Unordered triple selected from all C(7,3) object triples in this exact stock layout. | The explicit action plan follows the physical left-to-right/source-region rank; reversed wording is not a new identity. | Object identity has its own original LIBERO-Object pick-to-basket trajectory; its pose in the composite scene may differ. | Object identity has its own original LIBERO-Object pick-to-basket trajectory; its pose in the composite scene may differ. | Object identity has its own original LIBERO-Object pick-to-basket trajectory; its pose in the composite scene may differ.	3	0	5	0.0	0
COMP_207	C10_libero10_basket_triples	Put the alphabet soup, the butter, and the milk in the basket one after another.	libero_object	pick_up_the_alphabet_soup_and_place_it_in_the_basket;pick_up_the_butter_and_place_it_in_the_basket;pick_up_the_milk_and_place_it_in_the_basket	Pick the alphabet soup and place it in the basket | Pick the butter and place it in the basket | Pick the milk and place it in the basket	in(alphabet_soup_1, basket_1_contain_region); in(butter_1, basket_1_contain_region); in(milk_1, basket_1_contain_region)	Unordered triple selected from all C(7,3) object triples in this exact stock layout. | The explicit action plan follows the physical left-to-right/source-region rank; reversed wording is not a new identity. | Object identity has its own original LIBERO-Object pick-to-basket trajectory; its pose in the composite scene may differ. | Object identity has its own original LIBERO-Object pick-to-basket trajectory; its pose in the composite scene may differ. | Object identity has its own original LIBERO-Object pick-to-basket trajectory; its pose in the composite scene may differ.	2	0	5	0.0	0
COMP_208	C10_libero10_basket_triples	Put the alphabet soup, the butter, and the orange juice in the basket one after another.	libero_object	pick_up_the_alphabet_soup_and_place_it_in_the_basket;pick_up_the_butter_and_place_it_in_the_basket;pick_up_the_orange_juice_and_place_it_in_the_basket	Pick the alphabet soup and place it in the basket | Pick the butter and place it in the basket | Pick the orange juice and place it in the basket	in(alphabet_soup_1, basket_1_contain_region); in(butter_1, basket_1_contain_region); in(orange_juice_1, basket_1_contain_region)	Unordered triple selected from all C(7,3) object triples in this exact stock layout. | The explicit action plan follows the physical left-to-right/source-region rank; reversed wording is not a new identity. | Object identity has its own original LIBERO-Object pick-to-basket trajectory; its pose in the composite scene may differ. | Object identity has its own original LIBERO-Object pick-to-basket trajectory; its pose in the composite scene may differ. | Object identity has its own original LIBERO-Object pick-to-basket trajectory; its pose in the composite scene may differ.	3	0	5	0.0	0
COMP_209	C10_libero10_basket_triples	Put the alphabet soup, the butter, and the tomato sauce in the basket one after another.	libero_object	pick_up_the_alphabet_soup_and_place_it_in_the_basket;pick_up_the_butter_and_place_it_in_the_basket;pick_up_the_tomato_sauce_and_place_it_in_the_basket	Pick the alphabet soup and place it in the basket | Pick the butter and place it in the basket | Pick the tomato sauce and place it in the basket	in(alphabet_soup_1, basket_1_contain_region); in(butter_1, basket_1_contain_region); in(tomato_sauce_1, basket_1_contain_region)	Unordered triple selected from all C(7,3) object triples in this exact stock layout. | The explicit action plan follows the physical left-to-right/source-region rank; reversed wording is not a new identity. | Object identity has its own original LIBERO-Object pick-to-basket trajectory; its pose in the composite scene may differ. | Object identity has its own original LIBERO-Object pick-to-basket trajectory; its pose in the composite scene may differ. | Object identity has its own original LIBERO-Object pick-to-basket trajectory; its pose in the composite scene may differ.	2	1	5	20.0	1
COMP_210	C10_libero10_basket_triples	Put the alphabet soup, the cream cheese box, and the ketchup in the basket one after another.	libero_object	pick_up_the_alphabet_soup_and_place_it_in_the_basket;pick_up_the_cream_cheese_and_place_it_in_the_basket;pick_up_the_ketchup_and_place_it_in_the_basket	Pick the alphabet soup and place it in the basket | Pick the cream cheese and place it in the basket | Pick the ketchup and place it in the basket	in(alphabet_soup_1, basket_1_contain_region); in(cream_cheese_1, basket_1_contain_region); in(ketchup_1, basket_1_contain_region)	Unordered triple selected from all C(7,3) object triples in this exact stock layout. | The explicit action plan follows the physical left-to-right/source-region rank; reversed wording is not a new identity. | Object identity has its own original LIBERO-Object pick-to-basket trajectory; its pose in the composite scene may differ. | Object identity has its own original LIBERO-Object pick-to-basket trajectory; its pose in the composite scene may differ. | Object identity has its own original LIBERO-Object pick-to-basket trajectory; its pose in the composite scene may differ.	3	0	5	0.0	0
COMP_211	C10_libero10_basket_triples	Put the alphabet soup, the cream cheese box, and the milk in the basket one after another.	libero_object	pick_up_the_alphabet_soup_and_place_it_in_the_basket;pick_up_the_cream_cheese_and_place_it_in_the_basket;pick_up_the_milk_and_place_it_in_the_basket	Pick the alphabet soup and place it in the basket | Pick the cream cheese and place it in the basket | Pick the milk and place it in the basket	in(alphabet_soup_1, basket_1_contain_region); in(cream_cheese_1, basket_1_contain_region); in(milk_1, basket_1_contain_region)	Unordered triple selected from all C(7,3) object triples in this exact stock layout. | The explicit action plan follows the physical left-to-right/source-region rank; reversed wording is not a new identity. | Object identity has its own original LIBERO-Object pick-to-basket trajectory; its pose in the composite scene may differ. | Object identity has its own original LIBERO-Object pick-to-basket trajectory; its pose in the composite scene may differ. | Object identity has its own original LIBERO-Object pick-to-basket trajectory; its pose in the composite scene may differ.	2	0	5	0.0	0
COMP_212	C10_libero10_basket_triples	Put the alphabet soup, the cream cheese box, and the orange juice in the basket one after another.	libero_object	pick_up_the_alphabet_soup_and_place_it_in_the_basket;pick_up_the_cream_cheese_and_place_it_in_the_basket;pick_up_the_orange_juice_and_place_it_in_the_basket	Pick the alphabet soup and place it in the basket | Pick the cream cheese and place it in the basket | Pick the orange juice and place it in the basket	in(alphabet_soup_1, basket_1_contain_region); in(cream_cheese_1, basket_1_contain_region); in(orange_juice_1, basket_1_contain_region)	Unordered triple selected from all C(7,3) object triples in this exact stock layout. | The explicit action plan follows the physical left-to-right/source-region rank; reversed wording is not a new identity. | Object identity has its own original LIBERO-Object pick-to-basket trajectory; its pose in the composite scene may differ. | Object identity has its own original LIBERO-Object pick-to-basket trajectory; its pose in the composite scene may differ. | Object identity has its own original LIBERO-Object pick-to-basket trajectory; its pose in the composite scene may differ.	3	0	5	0.0	0
COMP_213	C10_libero10_basket_triples	Put the alphabet soup, the cream cheese box, and the tomato sauce in the basket one after another.	libero_object	pick_up_the_alphabet_soup_and_place_it_in_the_basket;pick_up_the_cream_cheese_and_place_it_in_the_basket;pick_up_the_tomato_sauce_and_place_it_in_the_basket	Pick the alphabet soup and place it in the basket | Pick the cream cheese and place it in the basket | Pick the tomato sauce and place it in the basket	in(alphabet_soup_1, basket_1_contain_region); in(cream_cheese_1, basket_1_contain_region); in(tomato_sauce_1, basket_1_contain_region)	Unordered triple selected from all C(7,3) object triples in this exact stock layout. | The explicit action plan follows the physical left-to-right/source-region rank; reversed wording is not a new identity. | Object identity has its own original LIBERO-Object pick-to-basket trajectory; its pose in the composite scene may differ. | Object identity has its own original LIBERO-Object pick-to-basket trajectory; its pose in the composite scene may differ. | Object identity has its own original LIBERO-Object pick-to-basket trajectory; its pose in the composite scene may differ.	2	1	5	20.0	1
COMP_214	C10_libero10_basket_triples	Put the alphabet soup, the ketchup, and the milk in the basket one after another.	libero_object	pick_up_the_alphabet_soup_and_place_it_in_the_basket;pick_up_the_ketchup_and_place_it_in_the_basket;pick_up_the_milk_and_place_it_in_the_basket	Pick the alphabet soup and place it in the basket | Pick the ketchup and place it in the basket | Pick the milk and place it in the basket	in(alphabet_soup_1, basket_1_contain_region); in(ketchup_1, basket_1_contain_region); in(milk_1, basket_1_contain_region)	Unordered triple selected from all C(7,3) object triples in this exact stock layout. | The explicit action plan follows the physical left-to-right/source-region rank; reversed wording is not a new identity. | Object identity has its own original LIBERO-Object pick-to-basket trajectory; its pose in the composite scene may differ. | Object identity has its own original LIBERO-Object pick-to-basket trajectory; its pose in the composite scene may differ. | Object identity has its own original LIBERO-Object pick-to-basket trajectory; its pose in the composite scene may differ.	3	0	5	0.0	0
COMP_215	C10_libero10_basket_triples	Put the alphabet soup, the ketchup, and the orange juice in the basket one after another.	libero_object	pick_up_the_alphabet_soup_and_place_it_in_the_basket;pick_up_the_ketchup_and_place_it_in_the_basket;pick_up_the_orange_juice_and_place_it_in_the_basket	Pick the alphabet soup and place it in the basket | Pick the ketchup and place it in the basket | Pick the orange juice and place it in the basket	in(alphabet_soup_1, basket_1_contain_region); in(ketchup_1, basket_1_contain_region); in(orange_juice_1, basket_1_contain_region)	Unordered triple selected from all C(7,3) object triples in this exact stock layout. | The explicit action plan follows the physical left-to-right/source-region rank; reversed wording is not a new identity. | Object identity has its own original LIBERO-Object pick-to-basket trajectory; its pose in the composite scene may differ. | Object identity has its own original LIBERO-Object pick-to-basket trajectory; its pose in the composite scene may differ. | Object identity has its own original LIBERO-Object pick-to-basket trajectory; its pose in the composite scene may differ.	2	0	5	0.0	0
COMP_216	C10_libero10_basket_triples	Put the alphabet soup, the ketchup, and the tomato sauce in the basket one after another.	libero_object	pick_up_the_alphabet_soup_and_place_it_in_the_basket;pick_up_the_ketchup_and_place_it_in_the_basket;pick_up_the_tomato_sauce_and_place_it_in_the_basket	Pick the alphabet soup and place it in the basket | Pick the ketchup and place it in the basket | Pick the tomato sauce and place it in the basket	in(alphabet_soup_1, basket_1_contain_region); in(ketchup_1, basket_1_contain_region); in(tomato_sauce_1, basket_1_contain_region)	Unordered triple selected from all C(7,3) object triples in this exact stock layout. | The explicit action plan follows the physical left-to-right/source-region rank; reversed wording is not a new identity. | Object identity has its own original LIBERO-Object pick-to-basket trajectory; its pose in the composite scene may differ. | Object identity has its own original LIBERO-Object pick-to-basket trajectory; its pose in the composite scene may differ. | Object identity has its own original LIBERO-Object pick-to-basket trajectory; its pose in the composite scene may differ.	3	0	5	0.0	0
COMP_217	C10_libero10_basket_triples	Put the alphabet soup, the milk, and the orange juice in the basket one after another.	libero_object	pick_up_the_alphabet_soup_and_place_it_in_the_basket;pick_up_the_milk_and_place_it_in_the_basket;pick_up_the_orange_juice_and_place_it_in_the_basket	Pick the alphabet soup and place it in the basket | Pick the milk and place it in the basket | Pick the orange juice and place it in the basket	in(alphabet_soup_1, basket_1_contain_region); in(milk_1, basket_1_contain_region); in(orange_juice_1, basket_1_contain_region)	Unordered triple selected from all C(7,3) object triples in this exact stock layout. | The explicit action plan follows the physical left-to-right/source-region rank; reversed wording is not a new identity. | Object identity has its own original LIBERO-Object pick-to-basket trajectory; its pose in the composite scene may differ. | Object identity has its own original LIBERO-Object pick-to-basket trajectory; its pose in the composite scene may differ. | Object identity has its own original LIBERO-Object pick-to-basket trajectory; its pose in the composite scene may differ.	2	0	5	0.0	0
COMP_218	C10_libero10_basket_triples	Put the alphabet soup, the milk, and the tomato sauce in the basket one after another.	libero_object	pick_up_the_alphabet_soup_and_place_it_in_the_basket;pick_up_the_milk_and_place_it_in_the_basket;pick_up_the_tomato_sauce_and_place_it_in_the_basket	Pick the alphabet soup and place it in the basket | Pick the milk and place it in the basket | Pick the tomato sauce and place it in the basket	in(alphabet_soup_1, basket_1_contain_region); in(milk_1, basket_1_contain_region); in(tomato_sauce_1, basket_1_contain_region)	Unordered triple selected from all C(7,3) object triples in this exact stock layout. | The explicit action plan follows the physical left-to-right/source-region rank; reversed wording is not a new identity. | Object identity has its own original LIBERO-Object pick-to-basket trajectory; its pose in the composite scene may differ. | Object identity has its own original LIBERO-Object pick-to-basket trajectory; its pose in the composite scene may differ. | Object identity has its own original LIBERO-Object pick-to-basket trajectory; its pose in the composite scene may differ.	3	0	5	0.0	0
COMP_219	C10_libero10_basket_triples	Put the alphabet soup, the orange juice, and the tomato sauce in the basket one after another.	libero_object	pick_up_the_alphabet_soup_and_place_it_in_the_basket;pick_up_the_orange_juice_and_place_it_in_the_basket;pick_up_the_tomato_sauce_and_place_it_in_the_basket	Pick the alphabet soup and place it in the basket | Pick the orange juice and place it in the basket | Pick the tomato sauce and place it in the basket	in(alphabet_soup_1, basket_1_contain_region); in(orange_juice_1, basket_1_contain_region); in(tomato_sauce_1, basket_1_contain_region)	Unordered triple selected from all C(7,3) object triples in this exact stock layout. | The explicit action plan follows the physical left-to-right/source-region rank; reversed wording is not a new identity. | Object identity has its own original LIBERO-Object pick-to-basket trajectory; its pose in the composite scene may differ. | Object identity has its own original LIBERO-Object pick-to-basket trajectory; its pose in the composite scene may differ. | Object identity has its own original LIBERO-Object pick-to-basket trajectory; its pose in the composite scene may differ.	2	0	5	0.0	0
COMP_220	C10_libero10_basket_triples	Put the butter, the cream cheese box, and the ketchup in the basket one after another.	libero_object	pick_up_the_butter_and_place_it_in_the_basket;pick_up_the_cream_cheese_and_place_it_in_the_basket;pick_up_the_ketchup_and_place_it_in_the_basket	Pick the butter and place it in the basket | Pick the cream cheese and place it in the basket | Pick the ketchup and place it in the basket	in(butter_1, basket_1_contain_region); in(cream_cheese_1, basket_1_contain_region); in(ketchup_1, basket_1_contain_region)	Unordered triple selected from all C(7,3) object triples in this exact stock layout. | The explicit action plan follows the physical left-to-right/source-region rank; reversed wording is not a new identity. | Object identity has its own original LIBERO-Object pick-to-basket trajectory; its pose in the composite scene may differ. | Object identity has its own original LIBERO-Object pick-to-basket trajectory; its pose in the composite scene may differ. | Object identity has its own original LIBERO-Object pick-to-basket trajectory; its pose in the composite scene may differ.	3	0	5	0.0	0
COMP_221	C10_libero10_basket_triples	Put the butter, the cream cheese box, and the milk in the basket one after another.	libero_object	pick_up_the_butter_and_place_it_in_the_basket;pick_up_the_cream_cheese_and_place_it_in_the_basket;pick_up_the_milk_and_place_it_in_the_basket	Pick the butter and place it in the basket | Pick the cream cheese and place it in the basket | Pick the milk and place it in the basket	in(butter_1, basket_1_contain_region); in(cream_cheese_1, basket_1_contain_region); in(milk_1, basket_1_contain_region)	Unordered triple selected from all C(7,3) object triples in this exact stock layout. | The explicit action plan follows the physical left-to-right/source-region rank; reversed wording is not a new identity. | Object identity has its own original LIBERO-Object pick-to-basket trajectory; its pose in the composite scene may differ. | Object identity has its own original LIBERO-Object pick-to-basket trajectory; its pose in the composite scene may differ. | Object identity has its own original LIBERO-Object pick-to-basket trajectory; its pose in the composite scene may differ.	2	0	5	0.0	0
COMP_222	C10_libero10_basket_triples	Put the butter, the cream cheese box, and the orange juice in the basket one after another.	libero_object	pick_up_the_butter_and_place_it_in_the_basket;pick_up_the_cream_cheese_and_place_it_in_the_basket;pick_up_the_orange_juice_and_place_it_in_the_basket	Pick the butter and place it in the basket | Pick the cream cheese and place it in the basket | Pick the orange juice and place it in the basket	in(butter_1, basket_1_contain_region); in(cream_cheese_1, basket_1_contain_region); in(orange_juice_1, basket_1_contain_region)	Unordered triple selected from all C(7,3) object triples in this exact stock layout. | The explicit action plan follows the physical left-to-right/source-region rank; reversed wording is not a new identity. | Object identity has its own original LIBERO-Object pick-to-basket trajectory; its pose in the composite scene may differ. | Object identity has its own original LIBERO-Object pick-to-basket trajectory; its pose in the composite scene may differ. | Object identity has its own original LIBERO-Object pick-to-basket trajectory; its pose in the composite scene may differ.	3	0	5	0.0	0
COMP_223	C10_libero10_basket_triples	Put the butter, the cream cheese box, and the tomato sauce in the basket one after another.	libero_object	pick_up_the_butter_and_place_it_in_the_basket;pick_up_the_cream_cheese_and_place_it_in_the_basket;pick_up_the_tomato_sauce_and_place_it_in_the_basket	Pick the butter and place it in the basket | Pick the cream cheese and place it in the basket | Pick the tomato sauce and place it in the basket	in(butter_1, basket_1_contain_region); in(cream_cheese_1, basket_1_contain_region); in(tomato_sauce_1, basket_1_contain_region)	Unordered triple selected from all C(7,3) object triples in this exact stock layout. | The explicit action plan follows the physical left-to-right/source-region rank; reversed wording is not a new identity. | Object identity has its own original LIBERO-Object pick-to-basket trajectory; its pose in the composite scene may differ. | Object identity has its own original LIBERO-Object pick-to-basket trajectory; its pose in the composite scene may differ. | Object identity has its own original LIBERO-Object pick-to-basket trajectory; its pose in the composite scene may differ.	2	3	5	60.0	3
COMP_224	C10_libero10_basket_triples	Put the butter, the ketchup, and the milk in the basket one after another.	libero_object	pick_up_the_butter_and_place_it_in_the_basket;pick_up_the_ketchup_and_place_it_in_the_basket;pick_up_the_milk_and_place_it_in_the_basket	Pick the butter and place it in the basket | Pick the ketchup and place it in the basket | Pick the milk and place it in the basket	in(butter_1, basket_1_contain_region); in(ketchup_1, basket_1_contain_region); in(milk_1, basket_1_contain_region)	Unordered triple selected from all C(7,3) object triples in this exact stock layout. | The explicit action plan follows the physical left-to-right/source-region rank; reversed wording is not a new identity. | Object identity has its own original LIBERO-Object pick-to-basket trajectory; its pose in the composite scene may differ. | Object identity has its own original LIBERO-Object pick-to-basket trajectory; its pose in the composite scene may differ. | Object identity has its own original LIBERO-Object pick-to-basket trajectory; its pose in the composite scene may differ.	3	0	5	0.0	0
COMP_225	C10_libero10_basket_triples	Put the butter, the ketchup, and the orange juice in the basket one after another.	libero_object	pick_up_the_butter_and_place_it_in_the_basket;pick_up_the_ketchup_and_place_it_in_the_basket;pick_up_the_orange_juice_and_place_it_in_the_basket	Pick the butter and place it in the basket | Pick the ketchup and place it in the basket | Pick the orange juice and place it in the basket	in(butter_1, basket_1_contain_region); in(ketchup_1, basket_1_contain_region); in(orange_juice_1, basket_1_contain_region)	Unordered triple selected from all C(7,3) object triples in this exact stock layout. | The explicit action plan follows the physical left-to-right/source-region rank; reversed wording is not a new identity. | Object identity has its own original LIBERO-Object pick-to-basket trajectory; its pose in the composite scene may differ. | Object identity has its own original LIBERO-Object pick-to-basket trajectory; its pose in the composite scene may differ. | Object identity has its own original LIBERO-Object pick-to-basket trajectory; its pose in the composite scene may differ.	2	0	5	0.0	0
COMP_226	C10_libero10_basket_triples	Put the butter, the ketchup, and the tomato sauce in the basket one after another.	libero_object	pick_up_the_butter_and_place_it_in_the_basket;pick_up_the_ketchup_and_place_it_in_the_basket;pick_up_the_tomato_sauce_and_place_it_in_the_basket	Pick the butter and place it in the basket | Pick the ketchup and place it in the basket | Pick the tomato sauce and place it in the basket	in(butter_1, basket_1_contain_region); in(ketchup_1, basket_1_contain_region); in(tomato_sauce_1, basket_1_contain_region)	Unordered triple selected from all C(7,3) object triples in this exact stock layout. | The explicit action plan follows the physical left-to-right/source-region rank; reversed wording is not a new identity. | Object identity has its own original LIBERO-Object pick-to-basket trajectory; its pose in the composite scene may differ. | Object identity has its own original LIBERO-Object pick-to-basket trajectory; its pose in the composite scene may differ. | Object identity has its own original LIBERO-Object pick-to-basket trajectory; its pose in the composite scene may differ.	3	0	5	0.0	0
COMP_227	C10_libero10_basket_triples	Put the butter, the milk, and the orange juice in the basket one after another.	libero_object	pick_up_the_butter_and_place_it_in_the_basket;pick_up_the_milk_and_place_it_in_the_basket;pick_up_the_orange_juice_and_place_it_in_the_basket	Pick the butter and place it in the basket | Pick the milk and place it in the basket | Pick the orange juice and place it in the basket	in(butter_1, basket_1_contain_region); in(milk_1, basket_1_contain_region); in(orange_juice_1, basket_1_contain_region)	Unordered triple selected from all C(7,3) object triples in this exact stock layout. | The explicit action plan follows the physical left-to-right/source-region rank; reversed wording is not a new identity. | Object identity has its own original LIBERO-Object pick-to-basket trajectory; its pose in the composite scene may differ. | Object identity has its own original LIBERO-Object pick-to-basket trajectory; its pose in the composite scene may differ. | Object identity has its own original LIBERO-Object pick-to-basket trajectory; its pose in the composite scene may differ.	2	0	5	0.0	0
COMP_228	C10_libero10_basket_triples	Put the butter, the milk, and the tomato sauce in the basket one after another.	libero_object	pick_up_the_butter_and_place_it_in_the_basket;pick_up_the_milk_and_place_it_in_the_basket;pick_up_the_tomato_sauce_and_place_it_in_the_basket	Pick the butter and place it in the basket | Pick the milk and place it in the basket | Pick the tomato sauce and place it in the basket	in(butter_1, basket_1_contain_region); in(milk_1, basket_1_contain_region); in(tomato_sauce_1, basket_1_contain_region)	Unordered triple selected from all C(7,3) object triples in this exact stock layout. | The explicit action plan follows the physical left-to-right/source-region rank; reversed wording is not a new identity. | Object identity has its own original LIBERO-Object pick-to-basket trajectory; its pose in the composite scene may differ. | Object identity has its own original LIBERO-Object pick-to-basket trajectory; its pose in the composite scene may differ. | Object identity has its own original LIBERO-Object pick-to-basket trajectory; its pose in the composite scene may differ.	3	0	5	0.0	0
COMP_229	C10_libero10_basket_triples	Put the butter, the orange juice, and the tomato sauce in the basket one after another.	libero_object	pick_up_the_butter_and_place_it_in_the_basket;pick_up_the_orange_juice_and_place_it_in_the_basket;pick_up_the_tomato_sauce_and_place_it_in_the_basket	Pick the butter and place it in the basket | Pick the orange juice and place it in the basket | Pick the tomato sauce and place it in the basket	in(butter_1, basket_1_contain_region); in(orange_juice_1, basket_1_contain_region); in(tomato_sauce_1, basket_1_contain_region)	Unordered triple selected from all C(7,3) object triples in this exact stock layout. | The explicit action plan follows the physical left-to-right/source-region rank; reversed wording is not a new identity. | Object identity has its own original LIBERO-Object pick-to-basket trajectory; its pose in the composite scene may differ. | Object identity has its own original LIBERO-Object pick-to-basket trajectory; its pose in the composite scene may differ. | Object identity has its own original LIBERO-Object pick-to-basket trajectory; its pose in the composite scene may differ.	2	0	5	0.0	0
COMP_230	C10_libero10_basket_triples	Put the cream cheese box, the ketchup, and the milk in the basket one after another.	libero_object	pick_up_the_cream_cheese_and_place_it_in_the_basket;pick_up_the_ketchup_and_place_it_in_the_basket;pick_up_the_milk_and_place_it_in_the_basket	Pick the cream cheese and place it in the basket | Pick the ketchup and place it in the basket | Pick the milk and place it in the basket	in(cream_cheese_1, basket_1_contain_region); in(ketchup_1, basket_1_contain_region); in(milk_1, basket_1_contain_region)	Unordered triple selected from all C(7,3) object triples in this exact stock layout. | The explicit action plan follows the physical left-to-right/source-region rank; reversed wording is not a new identity. | Object identity has its own original LIBERO-Object pick-to-basket trajectory; its pose in the composite scene may differ. | Object identity has its own original LIBERO-Object pick-to-basket trajectory; its pose in the composite scene may differ. | Object identity has its own original LIBERO-Object pick-to-basket trajectory; its pose in the composite scene may differ.	3	0	5	0.0	0
COMP_231	C10_libero10_basket_triples	Put the cream cheese box, the ketchup, and the orange juice in the basket one after another.	libero_object	pick_up_the_cream_cheese_and_place_it_in_the_basket;pick_up_the_ketchup_and_place_it_in_the_basket;pick_up_the_orange_juice_and_place_it_in_the_basket	Pick the cream cheese and place it in the basket | Pick the ketchup and place it in the basket | Pick the orange juice and place it in the basket	in(cream_cheese_1, basket_1_contain_region); in(ketchup_1, basket_1_contain_region); in(orange_juice_1, basket_1_contain_region)	Unordered triple selected from all C(7,3) object triples in this exact stock layout. | The explicit action plan follows the physical left-to-right/source-region rank; reversed wording is not a new identity. | Object identity has its own original LIBERO-Object pick-to-basket trajectory; its pose in the composite scene may differ. | Object identity has its own original LIBERO-Object pick-to-basket trajectory; its pose in the composite scene may differ. | Object identity has its own original LIBERO-Object pick-to-basket trajectory; its pose in the composite scene may differ.	2	0	5	0.0	0
COMP_232	C10_libero10_basket_triples	Put the cream cheese box, the ketchup, and the tomato sauce in the basket one after another.	libero_object	pick_up_the_cream_cheese_and_place_it_in_the_basket;pick_up_the_ketchup_and_place_it_in_the_basket;pick_up_the_tomato_sauce_and_place_it_in_the_basket	Pick the cream cheese and place it in the basket | Pick the ketchup and place it in the basket | Pick the tomato sauce and place it in the basket	in(cream_cheese_1, basket_1_contain_region); in(ketchup_1, basket_1_contain_region); in(tomato_sauce_1, basket_1_contain_region)	Unordered triple selected from all C(7,3) object triples in this exact stock layout. | The explicit action plan follows the physical left-to-right/source-region rank; reversed wording is not a new identity. | Object identity has its own original LIBERO-Object pick-to-basket trajectory; its pose in the composite scene may differ. | Object identity has its own original LIBERO-Object pick-to-basket trajectory; its pose in the composite scene may differ. | Object identity has its own original LIBERO-Object pick-to-basket trajectory; its pose in the composite scene may differ.	3	0	5	0.0	0
COMP_233	C10_libero10_basket_triples	Put the cream cheese box, the milk, and the orange juice in the basket one after another.	libero_object	pick_up_the_cream_cheese_and_place_it_in_the_basket;pick_up_the_milk_and_place_it_in_the_basket;pick_up_the_orange_juice_and_place_it_in_the_basket	Pick the cream cheese and place it in the basket | Pick the milk and place it in the basket | Pick the orange juice and place it in the basket	in(cream_cheese_1, basket_1_contain_region); in(milk_1, basket_1_contain_region); in(orange_juice_1, basket_1_contain_region)	Unordered triple selected from all C(7,3) object triples in this exact stock layout. | The explicit action plan follows the physical left-to-right/source-region rank; reversed wording is not a new identity. | Object identity has its own original LIBERO-Object pick-to-basket trajectory; its pose in the composite scene may differ. | Object identity has its own original LIBERO-Object pick-to-basket trajectory; its pose in the composite scene may differ. | Object identity has its own original LIBERO-Object pick-to-basket trajectory; its pose in the composite scene may differ.	2	0	5	0.0	0
COMP_234	C10_libero10_basket_triples	Put the cream cheese box, the milk, and the tomato sauce in the basket one after another.	libero_object	pick_up_the_cream_cheese_and_place_it_in_the_basket;pick_up_the_milk_and_place_it_in_the_basket;pick_up_the_tomato_sauce_and_place_it_in_the_basket	Pick the cream cheese and place it in the basket | Pick the milk and place it in the basket | Pick the tomato sauce and place it in the basket	in(cream_cheese_1, basket_1_contain_region); in(milk_1, basket_1_contain_region); in(tomato_sauce_1, basket_1_contain_region)	Unordered triple selected from all C(7,3) object triples in this exact stock layout. | The explicit action plan follows the physical left-to-right/source-region rank; reversed wording is not a new identity. | Object identity has its own original LIBERO-Object pick-to-basket trajectory; its pose in the composite scene may differ. | Object identity has its own original LIBERO-Object pick-to-basket trajectory; its pose in the composite scene may differ. | Object identity has its own original LIBERO-Object pick-to-basket trajectory; its pose in the composite scene may differ.	3	0	5	0.0	0
COMP_235	C10_libero10_basket_triples	Put the cream cheese box, the orange juice, and the tomato sauce in the basket one after another.	libero_object	pick_up_the_cream_cheese_and_place_it_in_the_basket;pick_up_the_orange_juice_and_place_it_in_the_basket;pick_up_the_tomato_sauce_and_place_it_in_the_basket	Pick the cream cheese and place it in the basket | Pick the orange juice and place it in the basket | Pick the tomato sauce and place it in the basket	in(cream_cheese_1, basket_1_contain_region); in(orange_juice_1, basket_1_contain_region); in(tomato_sauce_1, basket_1_contain_region)	Unordered triple selected from all C(7,3) object triples in this exact stock layout. | The explicit action plan follows the physical left-to-right/source-region rank; reversed wording is not a new identity. | Object identity has its own original LIBERO-Object pick-to-basket trajectory; its pose in the composite scene may differ. | Object identity has its own original LIBERO-Object pick-to-basket trajectory; its pose in the composite scene may differ. | Object identity has its own original LIBERO-Object pick-to-basket trajectory; its pose in the composite scene may differ.	2	0	5	0.0	0
COMP_236	C10_libero10_basket_triples	Put the ketchup, the milk, and the orange juice in the basket one after another.	libero_object	pick_up_the_ketchup_and_place_it_in_the_basket;pick_up_the_milk_and_place_it_in_the_basket;pick_up_the_orange_juice_and_place_it_in_the_basket	Pick the ketchup and place it in the basket | Pick the milk and place it in the basket | Pick the orange juice and place it in the basket	in(ketchup_1, basket_1_contain_region); in(milk_1, basket_1_contain_region); in(orange_juice_1, basket_1_contain_region)	Unordered triple selected from all C(7,3) object triples in this exact stock layout. | The explicit action plan follows the physical left-to-right/source-region rank; reversed wording is not a new identity. | Object identity has its own original LIBERO-Object pick-to-basket trajectory; its pose in the composite scene may differ. | Object identity has its own original LIBERO-Object pick-to-basket trajectory; its pose in the composite scene may differ. | Object identity has its own original LIBERO-Object pick-to-basket trajectory; its pose in the composite scene may differ.	3	0	5	0.0	0
COMP_237	C10_libero10_basket_triples	Put the ketchup, the milk, and the tomato sauce in the basket one after another.	libero_object	pick_up_the_ketchup_and_place_it_in_the_basket;pick_up_the_milk_and_place_it_in_the_basket;pick_up_the_tomato_sauce_and_place_it_in_the_basket	Pick the ketchup and place it in the basket | Pick the milk and place it in the basket | Pick the tomato sauce and place it in the basket	in(ketchup_1, basket_1_contain_region); in(milk_1, basket_1_contain_region); in(tomato_sauce_1, basket_1_contain_region)	Unordered triple selected from all C(7,3) object triples in this exact stock layout. | The explicit action plan follows the physical left-to-right/source-region rank; reversed wording is not a new identity. | Object identity has its own original LIBERO-Object pick-to-basket trajectory; its pose in the composite scene may differ. | Object identity has its own original LIBERO-Object pick-to-basket trajectory; its pose in the composite scene may differ. | Object identity has its own original LIBERO-Object pick-to-basket trajectory; its pose in the composite scene may differ.	2	0	5	0.0	0
COMP_238	C10_libero10_basket_triples	Put the ketchup, the orange juice, and the tomato sauce in the basket one after another.	libero_object	pick_up_the_ketchup_and_place_it_in_the_basket;pick_up_the_orange_juice_and_place_it_in_the_basket;pick_up_the_tomato_sauce_and_place_it_in_the_basket	Pick the ketchup and place it in the basket | Pick the orange juice and place it in the basket | Pick the tomato sauce and place it in the basket	in(ketchup_1, basket_1_contain_region); in(orange_juice_1, basket_1_contain_region); in(tomato_sauce_1, basket_1_contain_region)	Unordered triple selected from all C(7,3) object triples in this exact stock layout. | The explicit action plan follows the physical left-to-right/source-region rank; reversed wording is not a new identity. | Object identity has its own original LIBERO-Object pick-to-basket trajectory; its pose in the composite scene may differ. | Object identity has its own original LIBERO-Object pick-to-basket trajectory; its pose in the composite scene may differ. | Object identity has its own original LIBERO-Object pick-to-basket trajectory; its pose in the composite scene may differ.	3	0	5	0.0	0
COMP_239	C10_libero10_basket_triples	Put the milk, the orange juice, and the tomato sauce in the basket one after another.	libero_object	pick_up_the_milk_and_place_it_in_the_basket;pick_up_the_orange_juice_and_place_it_in_the_basket;pick_up_the_tomato_sauce_and_place_it_in_the_basket	Pick the milk and place it in the basket | Pick the orange juice and place it in the basket | Pick the tomato sauce and place it in the basket	in(milk_1, basket_1_contain_region); in(orange_juice_1, basket_1_contain_region); in(tomato_sauce_1, basket_1_contain_region)	Unordered triple selected from all C(7,3) object triples in this exact stock layout. | The explicit action plan follows the physical left-to-right/source-region rank; reversed wording is not a new identity. | Object identity has its own original LIBERO-Object pick-to-basket trajectory; its pose in the composite scene may differ. | Object identity has its own original LIBERO-Object pick-to-basket trajectory; its pose in the composite scene may differ. | Object identity has its own original LIBERO-Object pick-to-basket trajectory; its pose in the composite scene may differ.	2	0	5	0.0	0
COMP_240	C11_object_suite_basket_triples	Put the alphabet soup, the salad dressing, and the cream cheese box in the basket one after another.	libero_object	pick_up_the_alphabet_soup_and_place_it_in_the_basket;pick_up_the_salad_dressing_and_place_it_in_the_basket;pick_up_the_cream_cheese_and_place_it_in_the_basket	Pick the alphabet soup and place it in the basket | Pick the salad dressing and place it in the basket | Pick the cream cheese and place it in the basket	in(alphabet_soup_1, basket_1_contain_region); in(salad_dressing_1, basket_1_contain_region); in(cream_cheese_1, basket_1_contain_region)	Unordered triple selected from all C(6,3) object triples in this exact stock layout. | The explicit action plan follows the physical left-to-right/source-region rank; reversed wording is not a new identity. | Object identity has its own original LIBERO-Object pick-to-basket trajectory; its pose in the composite scene may differ. | Object identity has its own original LIBERO-Object pick-to-basket trajectory; its pose in the composite scene may differ. | Object identity has its own original LIBERO-Object pick-to-basket trajectory; its pose in the composite scene may differ.	3	0	5	0.0	0
COMP_241	C11_object_suite_basket_triples	Put the alphabet soup, the salad dressing, and the milk in the basket one after another.	libero_object	pick_up_the_alphabet_soup_and_place_it_in_the_basket;pick_up_the_salad_dressing_and_place_it_in_the_basket;pick_up_the_milk_and_place_it_in_the_basket	Pick the alphabet soup and place it in the basket | Pick the salad dressing and place it in the basket | Pick the milk and place it in the basket	in(alphabet_soup_1, basket_1_contain_region); in(salad_dressing_1, basket_1_contain_region); in(milk_1, basket_1_contain_region)	Unordered triple selected from all C(6,3) object triples in this exact stock layout. | The explicit action plan follows the physical left-to-right/source-region rank; reversed wording is not a new identity. | Object identity has its own original LIBERO-Object pick-to-basket trajectory; its pose in the composite scene may differ. | Object identity has its own original LIBERO-Object pick-to-basket trajectory; its pose in the composite scene may differ. | Object identity has its own original LIBERO-Object pick-to-basket trajectory; its pose in the composite scene may differ.	2	0	5	0.0	0
COMP_242	C11_object_suite_basket_triples	Put the alphabet soup, the salad dressing, and the tomato sauce in the basket one after another.	libero_object	pick_up_the_alphabet_soup_and_place_it_in_the_basket;pick_up_the_salad_dressing_and_place_it_in_the_basket;pick_up_the_tomato_sauce_and_place_it_in_the_basket	Pick the alphabet soup and place it in the basket | Pick the salad dressing and place it in the basket | Pick the tomato sauce and place it in the basket	in(alphabet_soup_1, basket_1_contain_region); in(salad_dressing_1, basket_1_contain_region); in(tomato_sauce_1, basket_1_contain_region)	Unordered triple selected from all C(6,3) object triples in this exact stock layout. | The explicit action plan follows the physical left-to-right/source-region rank; reversed wording is not a new identity. | Object identity has its own original LIBERO-Object pick-to-basket trajectory; its pose in the composite scene may differ. | Object identity has its own original LIBERO-Object pick-to-basket trajectory; its pose in the composite scene may differ. | Object identity has its own original LIBERO-Object pick-to-basket trajectory; its pose in the composite scene may differ.	3	0	5	0.0	0
COMP_243	C11_object_suite_basket_triples	Put the alphabet soup, the salad dressing, and the butter in the basket one after another.	libero_object	pick_up_the_alphabet_soup_and_place_it_in_the_basket;pick_up_the_salad_dressing_and_place_it_in_the_basket;pick_up_the_butter_and_place_it_in_the_basket	Pick the alphabet soup and place it in the basket | Pick the salad dressing and place it in the basket | Pick the butter and place it in the basket	in(alphabet_soup_1, basket_1_contain_region); in(salad_dressing_1, basket_1_contain_region); in(butter_1, basket_1_contain_region)	Unordered triple selected from all C(6,3) object triples in this exact stock layout. | The explicit action plan follows the physical left-to-right/source-region rank; reversed wording is not a new identity. | Object identity has its own original LIBERO-Object pick-to-basket trajectory; its pose in the composite scene may differ. | Object identity has its own original LIBERO-Object pick-to-basket trajectory; its pose in the composite scene may differ. | Object identity has its own original LIBERO-Object pick-to-basket trajectory; its pose in the composite scene may differ.	2	0	5	0.0	0
COMP_244	C11_object_suite_basket_triples	Put the alphabet soup, the cream cheese box, and the milk in the basket one after another.	libero_object	pick_up_the_alphabet_soup_and_place_it_in_the_basket;pick_up_the_cream_cheese_and_place_it_in_the_basket;pick_up_the_milk_and_place_it_in_the_basket	Pick the alphabet soup and place it in the basket | Pick the cream cheese and place it in the basket | Pick the milk and place it in the basket	in(alphabet_soup_1, basket_1_contain_region); in(cream_cheese_1, basket_1_contain_region); in(milk_1, basket_1_contain_region)	Unordered triple selected from all C(6,3) object triples in this exact stock layout. | The explicit action plan follows the physical left-to-right/source-region rank; reversed wording is not a new identity. | Object identity has its own original LIBERO-Object pick-to-basket trajectory; its pose in the composite scene may differ. | Object identity has its own original LIBERO-Object pick-to-basket trajectory; its pose in the composite scene may differ. | Object identity has its own original LIBERO-Object pick-to-basket trajectory; its pose in the composite scene may differ.	3	0	5	0.0	0
COMP_245	C11_object_suite_basket_triples	Put the alphabet soup, the cream cheese box, and the tomato sauce in the basket one after another.	libero_object	pick_up_the_alphabet_soup_and_place_it_in_the_basket;pick_up_the_cream_cheese_and_place_it_in_the_basket;pick_up_the_tomato_sauce_and_place_it_in_the_basket	Pick the alphabet soup and place it in the basket | Pick the cream cheese and place it in the basket | Pick the tomato sauce and place it in the basket	in(alphabet_soup_1, basket_1_contain_region); in(cream_cheese_1, basket_1_contain_region); in(tomato_sauce_1, basket_1_contain_region)	Unordered triple selected from all C(6,3) object triples in this exact stock layout. | The explicit action plan follows the physical left-to-right/source-region rank; reversed wording is not a new identity. | Object identity has its own original LIBERO-Object pick-to-basket trajectory; its pose in the composite scene may differ. | Object identity has its own original LIBERO-Object pick-to-basket trajectory; its pose in the composite scene may differ. | Object identity has its own original LIBERO-Object pick-to-basket trajectory; its pose in the composite scene may differ.	2	0	5	0.0	0
COMP_246	C11_object_suite_basket_triples	Put the alphabet soup, the cream cheese box, and the butter in the basket one after another.	libero_object	pick_up_the_alphabet_soup_and_place_it_in_the_basket;pick_up_the_cream_cheese_and_place_it_in_the_basket;pick_up_the_butter_and_place_it_in_the_basket	Pick the alphabet soup and place it in the basket | Pick the cream cheese and place it in the basket | Pick the butter and place it in the basket	in(alphabet_soup_1, basket_1_contain_region); in(cream_cheese_1, basket_1_contain_region); in(butter_1, basket_1_contain_region)	Unordered triple selected from all C(6,3) object triples in this exact stock layout. | The explicit action plan follows the physical left-to-right/source-region rank; reversed wording is not a new identity. | Object identity has its own original LIBERO-Object pick-to-basket trajectory; its pose in the composite scene may differ. | Object identity has its own original LIBERO-Object pick-to-basket trajectory; its pose in the composite scene may differ. | Object identity has its own original LIBERO-Object pick-to-basket trajectory; its pose in the composite scene may differ.	3	0	5	0.0	0
COMP_247	C11_object_suite_basket_triples	Put the alphabet soup, the milk, and the tomato sauce in the basket one after another.	libero_object	pick_up_the_alphabet_soup_and_place_it_in_the_basket;pick_up_the_milk_and_place_it_in_the_basket;pick_up_the_tomato_sauce_and_place_it_in_the_basket	Pick the alphabet soup and place it in the basket | Pick the milk and place it in the basket | Pick the tomato sauce and place it in the basket	in(alphabet_soup_1, basket_1_contain_region); in(milk_1, basket_1_contain_region); in(tomato_sauce_1, basket_1_contain_region)	Unordered triple selected from all C(6,3) object triples in this exact stock layout. | The explicit action plan follows the physical left-to-right/source-region rank; reversed wording is not a new identity. | Object identity has its own original LIBERO-Object pick-to-basket trajectory; its pose in the composite scene may differ. | Object identity has its own original LIBERO-Object pick-to-basket trajectory; its pose in the composite scene may differ. | Object identity has its own original LIBERO-Object pick-to-basket trajectory; its pose in the composite scene may differ.	2	0	5	0.0	0
COMP_248	C11_object_suite_basket_triples	Put the alphabet soup, the milk, and the butter in the basket one after another.	libero_object	pick_up_the_alphabet_soup_and_place_it_in_the_basket;pick_up_the_milk_and_place_it_in_the_basket;pick_up_the_butter_and_place_it_in_the_basket	Pick the alphabet soup and place it in the basket | Pick the milk and place it in the basket | Pick the butter and place it in the basket	in(alphabet_soup_1, basket_1_contain_region); in(milk_1, basket_1_contain_region); in(butter_1, basket_1_contain_region)	Unordered triple selected from all C(6,3) object triples in this exact stock layout. | The explicit action plan follows the physical left-to-right/source-region rank; reversed wording is not a new identity. | Object identity has its own original LIBERO-Object pick-to-basket trajectory; its pose in the composite scene may differ. | Object identity has its own original LIBERO-Object pick-to-basket trajectory; its pose in the composite scene may differ. | Object identity has its own original LIBERO-Object pick-to-basket trajectory; its pose in the composite scene may differ.	3	0	5	0.0	0
COMP_249	C11_object_suite_basket_triples	Put the alphabet soup, the tomato sauce, and the butter in the basket one after another.	libero_object	pick_up_the_alphabet_soup_and_place_it_in_the_basket;pick_up_the_tomato_sauce_and_place_it_in_the_basket;pick_up_the_butter_and_place_it_in_the_basket	Pick the alphabet soup and place it in the basket | Pick the tomato sauce and place it in the basket | Pick the butter and place it in the basket	in(alphabet_soup_1, basket_1_contain_region); in(tomato_sauce_1, basket_1_contain_region); in(butter_1, basket_1_contain_region)	Unordered triple selected from all C(6,3) object triples in this exact stock layout. | The explicit action plan follows the physical left-to-right/source-region rank; reversed wording is not a new identity. | Object identity has its own original LIBERO-Object pick-to-basket trajectory; its pose in the composite scene may differ. | Object identity has its own original LIBERO-Object pick-to-basket trajectory; its pose in the composite scene may differ. | Object identity has its own original LIBERO-Object pick-to-basket trajectory; its pose in the composite scene may differ.	2	0	5	0.0	0
COMP_250	C11_object_suite_basket_triples	Put the salad dressing, the cream cheese box, and the milk in the basket one after another.	libero_object	pick_up_the_salad_dressing_and_place_it_in_the_basket;pick_up_the_cream_cheese_and_place_it_in_the_basket;pick_up_the_milk_and_place_it_in_the_basket	Pick the salad dressing and place it in the basket | Pick the cream cheese and place it in the basket | Pick the milk and place it in the basket	in(salad_dressing_1, basket_1_contain_region); in(cream_cheese_1, basket_1_contain_region); in(milk_1, basket_1_contain_region)	Unordered triple selected from all C(6,3) object triples in this exact stock layout. | The explicit action plan follows the physical left-to-right/source-region rank; reversed wording is not a new identity. | Object identity has its own original LIBERO-Object pick-to-basket trajectory; its pose in the composite scene may differ. | Object identity has its own original LIBERO-Object pick-to-basket trajectory; its pose in the composite scene may differ. | Object identity has its own original LIBERO-Object pick-to-basket trajectory; its pose in the composite scene may differ.	3	0	5	0.0	0
COMP_251	C11_object_suite_basket_triples	Put the salad dressing, the cream cheese box, and the tomato sauce in the basket one after another.	libero_object	pick_up_the_salad_dressing_and_place_it_in_the_basket;pick_up_the_cream_cheese_and_place_it_in_the_basket;pick_up_the_tomato_sauce_and_place_it_in_the_basket	Pick the salad dressing and place it in the basket | Pick the cream cheese and place it in the basket | Pick the tomato sauce and place it in the basket	in(salad_dressing_1, basket_1_contain_region); in(cream_cheese_1, basket_1_contain_region); in(tomato_sauce_1, basket_1_contain_region)	Unordered triple selected from all C(6,3) object triples in this exact stock layout. | The explicit action plan follows the physical left-to-right/source-region rank; reversed wording is not a new identity. | Object identity has its own original LIBERO-Object pick-to-basket trajectory; its pose in the composite scene may differ. | Object identity has its own original LIBERO-Object pick-to-basket trajectory; its pose in the composite scene may differ. | Object identity has its own original LIBERO-Object pick-to-basket trajectory; its pose in the composite scene may differ.	2	0	5	0.0	0
COMP_252	C11_object_suite_basket_triples	Put the salad dressing, the cream cheese box, and the butter in the basket one after another.	libero_object	pick_up_the_salad_dressing_and_place_it_in_the_basket;pick_up_the_cream_cheese_and_place_it_in_the_basket;pick_up_the_butter_and_place_it_in_the_basket	Pick the salad dressing and place it in the basket | Pick the cream cheese and place it in the basket | Pick the butter and place it in the basket	in(salad_dressing_1, basket_1_contain_region); in(cream_cheese_1, basket_1_contain_region); in(butter_1, basket_1_contain_region)	Unordered triple selected from all C(6,3) object triples in this exact stock layout. | The explicit action plan follows the physical left-to-right/source-region rank; reversed wording is not a new identity. | Object identity has its own original LIBERO-Object pick-to-basket trajectory; its pose in the composite scene may differ. | Object identity has its own original LIBERO-Object pick-to-basket trajectory; its pose in the composite scene may differ. | Object identity has its own original LIBERO-Object pick-to-basket trajectory; its pose in the composite scene may differ.	3	0	5	0.0	0
COMP_253	C11_object_suite_basket_triples	Put the salad dressing, the milk, and the tomato sauce in the basket one after another.	libero_object	pick_up_the_salad_dressing_and_place_it_in_the_basket;pick_up_the_milk_and_place_it_in_the_basket;pick_up_the_tomato_sauce_and_place_it_in_the_basket	Pick the salad dressing and place it in the basket | Pick the milk and place it in the basket | Pick the tomato sauce and place it in the basket	in(salad_dressing_1, basket_1_contain_region); in(milk_1, basket_1_contain_region); in(tomato_sauce_1, basket_1_contain_region)	Unordered triple selected from all C(6,3) object triples in this exact stock layout. | The explicit action plan follows the physical left-to-right/source-region rank; reversed wording is not a new identity. | Object identity has its own original LIBERO-Object pick-to-basket trajectory; its pose in the composite scene may differ. | Object identity has its own original LIBERO-Object pick-to-basket trajectory; its pose in the composite scene may differ. | Object identity has its own original LIBERO-Object pick-to-basket trajectory; its pose in the composite scene may differ.	2	0	5	0.0	0
COMP_254	C11_object_suite_basket_triples	Put the salad dressing, the milk, and the butter in the basket one after another.	libero_object	pick_up_the_salad_dressing_and_place_it_in_the_basket;pick_up_the_milk_and_place_it_in_the_basket;pick_up_the_butter_and_place_it_in_the_basket	Pick the salad dressing and place it in the basket | Pick the milk and place it in the basket | Pick the butter and place it in the basket	in(salad_dressing_1, basket_1_contain_region); in(milk_1, basket_1_contain_region); in(butter_1, basket_1_contain_region)	Unordered triple selected from all C(6,3) object triples in this exact stock layout. | The explicit action plan follows the physical left-to-right/source-region rank; reversed wording is not a new identity. | Object identity has its own original LIBERO-Object pick-to-basket trajectory; its pose in the composite scene may differ. | Object identity has its own original LIBERO-Object pick-to-basket trajectory; its pose in the composite scene may differ. | Object identity has its own original LIBERO-Object pick-to-basket trajectory; its pose in the composite scene may differ.	3	0	5	0.0	0
COMP_255	C11_object_suite_basket_triples	Put the salad dressing, the tomato sauce, and the butter in the basket one after another.	libero_object	pick_up_the_salad_dressing_and_place_it_in_the_basket;pick_up_the_tomato_sauce_and_place_it_in_the_basket;pick_up_the_butter_and_place_it_in_the_basket	Pick the salad dressing and place it in the basket | Pick the tomato sauce and place it in the basket | Pick the butter and place it in the basket	in(salad_dressing_1, basket_1_contain_region); in(tomato_sauce_1, basket_1_contain_region); in(butter_1, basket_1_contain_region)	Unordered triple selected from all C(6,3) object triples in this exact stock layout. | The explicit action plan follows the physical left-to-right/source-region rank; reversed wording is not a new identity. | Object identity has its own original LIBERO-Object pick-to-basket trajectory; its pose in the composite scene may differ. | Object identity has its own original LIBERO-Object pick-to-basket trajectory; its pose in the composite scene may differ. | Object identity has its own original LIBERO-Object pick-to-basket trajectory; its pose in the composite scene may differ.	2	0	5	0.0	0
COMP_256	C11_object_suite_basket_triples	Put the cream cheese box, the milk, and the tomato sauce in the basket one after another.	libero_object	pick_up_the_cream_cheese_and_place_it_in_the_basket;pick_up_the_milk_and_place_it_in_the_basket;pick_up_the_tomato_sauce_and_place_it_in_the_basket	Pick the cream cheese and place it in the basket | Pick the milk and place it in the basket | Pick the tomato sauce and place it in the basket	in(cream_cheese_1, basket_1_contain_region); in(milk_1, basket_1_contain_region); in(tomato_sauce_1, basket_1_contain_region)	Unordered triple selected from all C(6,3) object triples in this exact stock layout. | The explicit action plan follows the physical left-to-right/source-region rank; reversed wording is not a new identity. | Object identity has its own original LIBERO-Object pick-to-basket trajectory; its pose in the composite scene may differ. | Object identity has its own original LIBERO-Object pick-to-basket trajectory; its pose in the composite scene may differ. | Object identity has its own original LIBERO-Object pick-to-basket trajectory; its pose in the composite scene may differ.	3	0	5	0.0	0
COMP_257	C11_object_suite_basket_triples	Put the cream cheese box, the milk, and the butter in the basket one after another.	libero_object	pick_up_the_cream_cheese_and_place_it_in_the_basket;pick_up_the_milk_and_place_it_in_the_basket;pick_up_the_butter_and_place_it_in_the_basket	Pick the cream cheese and place it in the basket | Pick the milk and place it in the basket | Pick the butter and place it in the basket	in(cream_cheese_1, basket_1_contain_region); in(milk_1, basket_1_contain_region); in(butter_1, basket_1_contain_region)	Unordered triple selected from all C(6,3) object triples in this exact stock layout. | The explicit action plan follows the physical left-to-right/source-region rank; reversed wording is not a new identity. | Object identity has its own original LIBERO-Object pick-to-basket trajectory; its pose in the composite scene may differ. | Object identity has its own original LIBERO-Object pick-to-basket trajectory; its pose in the composite scene may differ. | Object identity has its own original LIBERO-Object pick-to-basket trajectory; its pose in the composite scene may differ.	2	0	5	0.0	0
COMP_258	C11_object_suite_basket_triples	Put the cream cheese box, the tomato sauce, and the butter in the basket one after another.	libero_object	pick_up_the_cream_cheese_and_place_it_in_the_basket;pick_up_the_tomato_sauce_and_place_it_in_the_basket;pick_up_the_butter_and_place_it_in_the_basket	Pick the cream cheese and place it in the basket | Pick the tomato sauce and place it in the basket | Pick the butter and place it in the basket	in(cream_cheese_1, basket_1_contain_region); in(tomato_sauce_1, basket_1_contain_region); in(butter_1, basket_1_contain_region)	Unordered triple selected from all C(6,3) object triples in this exact stock layout. | The explicit action plan follows the physical left-to-right/source-region rank; reversed wording is not a new identity. | Object identity has its own original LIBERO-Object pick-to-basket trajectory; its pose in the composite scene may differ. | Object identity has its own original LIBERO-Object pick-to-basket trajectory; its pose in the composite scene may differ. | Object identity has its own original LIBERO-Object pick-to-basket trajectory; its pose in the composite scene may differ.	3	0	5	0.0	0
COMP_259	C11_object_suite_basket_triples	Put the milk, the tomato sauce, and the butter in the basket one after another.	libero_object	pick_up_the_milk_and_place_it_in_the_basket;pick_up_the_tomato_sauce_and_place_it_in_the_basket;pick_up_the_butter_and_place_it_in_the_basket	Pick the milk and place it in the basket | Pick the tomato sauce and place it in the basket | Pick the butter and place it in the basket	in(milk_1, basket_1_contain_region); in(tomato_sauce_1, basket_1_contain_region); in(butter_1, basket_1_contain_region)	Unordered triple selected from all C(6,3) object triples in this exact stock layout. | The explicit action plan follows the physical left-to-right/source-region rank; reversed wording is not a new identity. | Object identity has its own original LIBERO-Object pick-to-basket trajectory; its pose in the composite scene may differ. | Object identity has its own original LIBERO-Object pick-to-basket trajectory; its pose in the composite scene may differ. | Object identity has its own original LIBERO-Object pick-to-basket trajectory; its pose in the composite scene may differ.	2	0	5	0.0	0
COMP_260	C11_object_suite_basket_triples	Put the bbq sauce, the chocolate pudding, and the ketchup in the basket one after another.	libero_object	pick_up_the_bbq_sauce_and_place_it_in_the_basket;pick_up_the_chocolate_pudding_and_place_it_in_the_basket;pick_up_the_ketchup_and_place_it_in_the_basket	Pick the bbq sauce and place it in the basket | Pick the chocolate pudding and place it in the basket | Pick the ketchup and place it in the basket	in(bbq_sauce_1, basket_1_contain_region); in(chocolate_pudding_1, basket_1_contain_region); in(ketchup_1, basket_1_contain_region)	Unordered triple selected from all C(6,3) object triples in this exact stock layout. | The explicit action plan follows the physical left-to-right/source-region rank; reversed wording is not a new identity. | Object identity has its own original LIBERO-Object pick-to-basket trajectory; its pose in the composite scene may differ. | Object identity has its own original LIBERO-Object pick-to-basket trajectory; its pose in the composite scene may differ. | Object identity has its own original LIBERO-Object pick-to-basket trajectory; its pose in the composite scene may differ.	3	0	5	0.0	0
COMP_261	C11_object_suite_basket_triples	Put the bbq sauce, the chocolate pudding, and the salad dressing in the basket one after another.	libero_object	pick_up_the_bbq_sauce_and_place_it_in_the_basket;pick_up_the_chocolate_pudding_and_place_it_in_the_basket;pick_up_the_salad_dressing_and_place_it_in_the_basket	Pick the bbq sauce and place it in the basket | Pick the chocolate pudding and place it in the basket | Pick the salad dressing and place it in the basket	in(bbq_sauce_1, basket_1_contain_region); in(chocolate_pudding_1, basket_1_contain_region); in(salad_dressing_1, basket_1_contain_region)	Unordered triple selected from all C(6,3) object triples in this exact stock layout. | The explicit action plan follows the physical left-to-right/source-region rank; reversed wording is not a new identity. | Object identity has its own original LIBERO-Object pick-to-basket trajectory; its pose in the composite scene may differ. | Object identity has its own original LIBERO-Object pick-to-basket trajectory; its pose in the composite scene may differ. | Object identity has its own original LIBERO-Object pick-to-basket trajectory; its pose in the composite scene may differ.	2	0	5	0.0	0
COMP_262	C11_object_suite_basket_triples	Put the bbq sauce, the chocolate pudding, and the alphabet soup in the basket one after another.	libero_object	pick_up_the_bbq_sauce_and_place_it_in_the_basket;pick_up_the_chocolate_pudding_and_place_it_in_the_basket;pick_up_the_alphabet_soup_and_place_it_in_the_basket	Pick the bbq sauce and place it in the basket | Pick the chocolate pudding and place it in the basket | Pick the alphabet soup and place it in the basket	in(bbq_sauce_1, basket_1_contain_region); in(chocolate_pudding_1, basket_1_contain_region); in(alphabet_soup_1, basket_1_contain_region)	Unordered triple selected from all C(6,3) object triples in this exact stock layout. | The explicit action plan follows the physical left-to-right/source-region rank; reversed wording is not a new identity. | Object identity has its own original LIBERO-Object pick-to-basket trajectory; its pose in the composite scene may differ. | Object identity has its own original LIBERO-Object pick-to-basket trajectory; its pose in the composite scene may differ. | Object identity has its own original LIBERO-Object pick-to-basket trajectory; its pose in the composite scene may differ.	3	0	5	0.0	0
COMP_263	C11_object_suite_basket_triples	Put the bbq sauce, the chocolate pudding, and the cream cheese box in the basket one after another.	libero_object	pick_up_the_bbq_sauce_and_place_it_in_the_basket;pick_up_the_chocolate_pudding_and_place_it_in_the_basket;pick_up_the_cream_cheese_and_place_it_in_the_basket	Pick the bbq sauce and place it in the basket | Pick the chocolate pudding and place it in the basket | Pick the cream cheese and place it in the basket	in(bbq_sauce_1, basket_1_contain_region); in(chocolate_pudding_1, basket_1_contain_region); in(cream_cheese_1, basket_1_contain_region)	Unordered triple selected from all C(6,3) object triples in this exact stock layout. | The explicit action plan follows the physical left-to-right/source-region rank; reversed wording is not a new identity. | Object identity has its own original LIBERO-Object pick-to-basket trajectory; its pose in the composite scene may differ. | Object identity has its own original LIBERO-Object pick-to-basket trajectory; its pose in the composite scene may differ. | Object identity has its own original LIBERO-Object pick-to-basket trajectory; its pose in the composite scene may differ.	2	0	5	0.0	0
COMP_264	C11_object_suite_basket_triples	Put the bbq sauce, the ketchup, and the salad dressing in the basket one after another.	libero_object	pick_up_the_bbq_sauce_and_place_it_in_the_basket;pick_up_the_ketchup_and_place_it_in_the_basket;pick_up_the_salad_dressing_and_place_it_in_the_basket	Pick the bbq sauce and place it in the basket | Pick the ketchup and place it in the basket | Pick the salad dressing and place it in the basket	in(bbq_sauce_1, basket_1_contain_region); in(ketchup_1, basket_1_contain_region); in(salad_dressing_1, basket_1_contain_region)	Unordered triple selected from all C(6,3) object triples in this exact stock layout. | The explicit action plan follows the physical left-to-right/source-region rank; reversed wording is not a new identity. | Object identity has its own original LIBERO-Object pick-to-basket trajectory; its pose in the composite scene may differ. | Object identity has its own original LIBERO-Object pick-to-basket trajectory; its pose in the composite scene may differ. | Object identity has its own original LIBERO-Object pick-to-basket trajectory; its pose in the composite scene may differ.	3	0	5	0.0	0
COMP_265	C11_object_suite_basket_triples	Put the bbq sauce, the ketchup, and the alphabet soup in the basket one after another.	libero_object	pick_up_the_bbq_sauce_and_place_it_in_the_basket;pick_up_the_ketchup_and_place_it_in_the_basket;pick_up_the_alphabet_soup_and_place_it_in_the_basket	Pick the bbq sauce and place it in the basket | Pick the ketchup and place it in the basket | Pick the alphabet soup and place it in the basket	in(bbq_sauce_1, basket_1_contain_region); in(ketchup_1, basket_1_contain_region); in(alphabet_soup_1, basket_1_contain_region)	Unordered triple selected from all C(6,3) object triples in this exact stock layout. | The explicit action plan follows the physical left-to-right/source-region rank; reversed wording is not a new identity. | Object identity has its own original LIBERO-Object pick-to-basket trajectory; its pose in the composite scene may differ. | Object identity has its own original LIBERO-Object pick-to-basket trajectory; its pose in the composite scene may differ. | Object identity has its own original LIBERO-Object pick-to-basket trajectory; its pose in the composite scene may differ.	2	0	5	0.0	0
COMP_266	C11_object_suite_basket_triples	Put the bbq sauce, the ketchup, and the cream cheese box in the basket one after another.	libero_object	pick_up_the_bbq_sauce_and_place_it_in_the_basket;pick_up_the_ketchup_and_place_it_in_the_basket;pick_up_the_cream_cheese_and_place_it_in_the_basket	Pick the bbq sauce and place it in the basket | Pick the ketchup and place it in the basket | Pick the cream cheese and place it in the basket	in(bbq_sauce_1, basket_1_contain_region); in(ketchup_1, basket_1_contain_region); in(cream_cheese_1, basket_1_contain_region)	Unordered triple selected from all C(6,3) object triples in this exact stock layout. | The explicit action plan follows the physical left-to-right/source-region rank; reversed wording is not a new identity. | Object identity has its own original LIBERO-Object pick-to-basket trajectory; its pose in the composite scene may differ. | Object identity has its own original LIBERO-Object pick-to-basket trajectory; its pose in the composite scene may differ. | Object identity has its own original LIBERO-Object pick-to-basket trajectory; its pose in the composite scene may differ.	3	0	5	0.0	0
COMP_267	C11_object_suite_basket_triples	Put the bbq sauce, the salad dressing, and the alphabet soup in the basket one after another.	libero_object	pick_up_the_bbq_sauce_and_place_it_in_the_basket;pick_up_the_salad_dressing_and_place_it_in_the_basket;pick_up_the_alphabet_soup_and_place_it_in_the_basket	Pick the bbq sauce and place it in the basket | Pick the salad dressing and place it in the basket | Pick the alphabet soup and place it in the basket	in(bbq_sauce_1, basket_1_contain_region); in(salad_dressing_1, basket_1_contain_region); in(alphabet_soup_1, basket_1_contain_region)	Unordered triple selected from all C(6,3) object triples in this exact stock layout. | The explicit action plan follows the physical left-to-right/source-region rank; reversed wording is not a new identity. | Object identity has its own original LIBERO-Object pick-to-basket trajectory; its pose in the composite scene may differ. | Object identity has its own original LIBERO-Object pick-to-basket trajectory; its pose in the composite scene may differ. | Object identity has its own original LIBERO-Object pick-to-basket trajectory; its pose in the composite scene may differ.	2	0	5	0.0	0
COMP_268	C11_object_suite_basket_triples	Put the bbq sauce, the salad dressing, and the cream cheese box in the basket one after another.	libero_object	pick_up_the_bbq_sauce_and_place_it_in_the_basket;pick_up_the_salad_dressing_and_place_it_in_the_basket;pick_up_the_cream_cheese_and_place_it_in_the_basket	Pick the bbq sauce and place it in the basket | Pick the salad dressing and place it in the basket | Pick the cream cheese and place it in the basket	in(bbq_sauce_1, basket_1_contain_region); in(salad_dressing_1, basket_1_contain_region); in(cream_cheese_1, basket_1_contain_region)	Unordered triple selected from all C(6,3) object triples in this exact stock layout. | The explicit action plan follows the physical left-to-right/source-region rank; reversed wording is not a new identity. | Object identity has its own original LIBERO-Object pick-to-basket trajectory; its pose in the composite scene may differ. | Object identity has its own original LIBERO-Object pick-to-basket trajectory; its pose in the composite scene may differ. | Object identity has its own original LIBERO-Object pick-to-basket trajectory; its pose in the composite scene may differ.	3	0	5	0.0	0
COMP_269	C11_object_suite_basket_triples	Put the bbq sauce, the alphabet soup, and the cream cheese box in the basket one after another.	libero_object	pick_up_the_bbq_sauce_and_place_it_in_the_basket;pick_up_the_alphabet_soup_and_place_it_in_the_basket;pick_up_the_cream_cheese_and_place_it_in_the_basket	Pick the bbq sauce and place it in the basket | Pick the alphabet soup and place it in the basket | Pick the cream cheese and place it in the basket	in(bbq_sauce_1, basket_1_contain_region); in(alphabet_soup_1, basket_1_contain_region); in(cream_cheese_1, basket_1_contain_region)	Unordered triple selected from all C(6,3) object triples in this exact stock layout. | The explicit action plan follows the physical left-to-right/source-region rank; reversed wording is not a new identity. | Object identity has its own original LIBERO-Object pick-to-basket trajectory; its pose in the composite scene may differ. | Object identity has its own original LIBERO-Object pick-to-basket trajectory; its pose in the composite scene may differ. | Object identity has its own original LIBERO-Object pick-to-basket trajectory; its pose in the composite scene may differ.	2	0	5	0.0	0
COMP_270	C11_object_suite_basket_triples	Put the chocolate pudding, the ketchup, and the salad dressing in the basket one after another.	libero_object	pick_up_the_chocolate_pudding_and_place_it_in_the_basket;pick_up_the_ketchup_and_place_it_in_the_basket;pick_up_the_salad_dressing_and_place_it_in_the_basket	Pick the chocolate pudding and place it in the basket | Pick the ketchup and place it in the basket | Pick the salad dressing and place it in the basket	in(chocolate_pudding_1, basket_1_contain_region); in(ketchup_1, basket_1_contain_region); in(salad_dressing_1, basket_1_contain_region)	Unordered triple selected from all C(6,3) object triples in this exact stock layout. | The explicit action plan follows the physical left-to-right/source-region rank; reversed wording is not a new identity. | Object identity has its own original LIBERO-Object pick-to-basket trajectory; its pose in the composite scene may differ. | Object identity has its own original LIBERO-Object pick-to-basket trajectory; its pose in the composite scene may differ. | Object identity has its own original LIBERO-Object pick-to-basket trajectory; its pose in the composite scene may differ.	3	0	5	0.0	0
COMP_271	C11_object_suite_basket_triples	Put the chocolate pudding, the ketchup, and the alphabet soup in the basket one after another.	libero_object	pick_up_the_chocolate_pudding_and_place_it_in_the_basket;pick_up_the_ketchup_and_place_it_in_the_basket;pick_up_the_alphabet_soup_and_place_it_in_the_basket	Pick the chocolate pudding and place it in the basket | Pick the ketchup and place it in the basket | Pick the alphabet soup and place it in the basket	in(chocolate_pudding_1, basket_1_contain_region); in(ketchup_1, basket_1_contain_region); in(alphabet_soup_1, basket_1_contain_region)	Unordered triple selected from all C(6,3) object triples in this exact stock layout. | The explicit action plan follows the physical left-to-right/source-region rank; reversed wording is not a new identity. | Object identity has its own original LIBERO-Object pick-to-basket trajectory; its pose in the composite scene may differ. | Object identity has its own original LIBERO-Object pick-to-basket trajectory; its pose in the composite scene may differ. | Object identity has its own original LIBERO-Object pick-to-basket trajectory; its pose in the composite scene may differ.	2	0	5	0.0	0
COMP_272	C11_object_suite_basket_triples	Put the chocolate pudding, the ketchup, and the cream cheese box in the basket one after another.	libero_object	pick_up_the_chocolate_pudding_and_place_it_in_the_basket;pick_up_the_ketchup_and_place_it_in_the_basket;pick_up_the_cream_cheese_and_place_it_in_the_basket	Pick the chocolate pudding and place it in the basket | Pick the ketchup and place it in the basket | Pick the cream cheese and place it in the basket	in(chocolate_pudding_1, basket_1_contain_region); in(ketchup_1, basket_1_contain_region); in(cream_cheese_1, basket_1_contain_region)	Unordered triple selected from all C(6,3) object triples in this exact stock layout. | The explicit action plan follows the physical left-to-right/source-region rank; reversed wording is not a new identity. | Object identity has its own original LIBERO-Object pick-to-basket trajectory; its pose in the composite scene may differ. | Object identity has its own original LIBERO-Object pick-to-basket trajectory; its pose in the composite scene may differ. | Object identity has its own original LIBERO-Object pick-to-basket trajectory; its pose in the composite scene may differ.	3	0	5	0.0	0
COMP_273	C11_object_suite_basket_triples	Put the chocolate pudding, the salad dressing, and the alphabet soup in the basket one after another.	libero_object	pick_up_the_chocolate_pudding_and_place_it_in_the_basket;pick_up_the_salad_dressing_and_place_it_in_the_basket;pick_up_the_alphabet_soup_and_place_it_in_the_basket	Pick the chocolate pudding and place it in the basket | Pick the salad dressing and place it in the basket | Pick the alphabet soup and place it in the basket	in(chocolate_pudding_1, basket_1_contain_region); in(salad_dressing_1, basket_1_contain_region); in(alphabet_soup_1, basket_1_contain_region)	Unordered triple selected from all C(6,3) object triples in this exact stock layout. | The explicit action plan follows the physical left-to-right/source-region rank; reversed wording is not a new identity. | Object identity has its own original LIBERO-Object pick-to-basket trajectory; its pose in the composite scene may differ. | Object identity has its own original LIBERO-Object pick-to-basket trajectory; its pose in the composite scene may differ. | Object identity has its own original LIBERO-Object pick-to-basket trajectory; its pose in the composite scene may differ.	2	0	5	0.0	0
COMP_274	C11_object_suite_basket_triples	Put the chocolate pudding, the salad dressing, and the cream cheese box in the basket one after another.	libero_object	pick_up_the_chocolate_pudding_and_place_it_in_the_basket;pick_up_the_salad_dressing_and_place_it_in_the_basket;pick_up_the_cream_cheese_and_place_it_in_the_basket	Pick the chocolate pudding and place it in the basket | Pick the salad dressing and place it in the basket | Pick the cream cheese and place it in the basket	in(chocolate_pudding_1, basket_1_contain_region); in(salad_dressing_1, basket_1_contain_region); in(cream_cheese_1, basket_1_contain_region)	Unordered triple selected from all C(6,3) object triples in this exact stock layout. | The explicit action plan follows the physical left-to-right/source-region rank; reversed wording is not a new identity. | Object identity has its own original LIBERO-Object pick-to-basket trajectory; its pose in the composite scene may differ. | Object identity has its own original LIBERO-Object pick-to-basket trajectory; its pose in the composite scene may differ. | Object identity has its own original LIBERO-Object pick-to-basket trajectory; its pose in the composite scene may differ.	3	0	5	0.0	0
COMP_275	C11_object_suite_basket_triples	Put the chocolate pudding, the alphabet soup, and the cream cheese box in the basket one after another.	libero_object	pick_up_the_chocolate_pudding_and_place_it_in_the_basket;pick_up_the_alphabet_soup_and_place_it_in_the_basket;pick_up_the_cream_cheese_and_place_it_in_the_basket	Pick the chocolate pudding and place it in the basket | Pick the alphabet soup and place it in the basket | Pick the cream cheese and place it in the basket	in(chocolate_pudding_1, basket_1_contain_region); in(alphabet_soup_1, basket_1_contain_region); in(cream_cheese_1, basket_1_contain_region)	Unordered triple selected from all C(6,3) object triples in this exact stock layout. | The explicit action plan follows the physical left-to-right/source-region rank; reversed wording is not a new identity. | Object identity has its own original LIBERO-Object pick-to-basket trajectory; its pose in the composite scene may differ. | Object identity has its own original LIBERO-Object pick-to-basket trajectory; its pose in the composite scene may differ. | Object identity has its own original LIBERO-Object pick-to-basket trajectory; its pose in the composite scene may differ.	2	0	5	0.0	0
COMP_276	C11_object_suite_basket_triples	Put the ketchup, the salad dressing, and the alphabet soup in the basket one after another.	libero_object	pick_up_the_ketchup_and_place_it_in_the_basket;pick_up_the_salad_dressing_and_place_it_in_the_basket;pick_up_the_alphabet_soup_and_place_it_in_the_basket	Pick the ketchup and place it in the basket | Pick the salad dressing and place it in the basket | Pick the alphabet soup and place it in the basket	in(ketchup_1, basket_1_contain_region); in(salad_dressing_1, basket_1_contain_region); in(alphabet_soup_1, basket_1_contain_region)	Unordered triple selected from all C(6,3) object triples in this exact stock layout. | The explicit action plan follows the physical left-to-right/source-region rank; reversed wording is not a new identity. | Object identity has its own original LIBERO-Object pick-to-basket trajectory; its pose in the composite scene may differ. | Object identity has its own original LIBERO-Object pick-to-basket trajectory; its pose in the composite scene may differ. | Object identity has its own original LIBERO-Object pick-to-basket trajectory; its pose in the composite scene may differ.	3	0	5	0.0	0
COMP_277	C11_object_suite_basket_triples	Put the ketchup, the salad dressing, and the cream cheese box in the basket one after another.	libero_object	pick_up_the_ketchup_and_place_it_in_the_basket;pick_up_the_salad_dressing_and_place_it_in_the_basket;pick_up_the_cream_cheese_and_place_it_in_the_basket	Pick the ketchup and place it in the basket | Pick the salad dressing and place it in the basket | Pick the cream cheese and place it in the basket	in(ketchup_1, basket_1_contain_region); in(salad_dressing_1, basket_1_contain_region); in(cream_cheese_1, basket_1_contain_region)	Unordered triple selected from all C(6,3) object triples in this exact stock layout. | The explicit action plan follows the physical left-to-right/source-region rank; reversed wording is not a new identity. | Object identity has its own original LIBERO-Object pick-to-basket trajectory; its pose in the composite scene may differ. | Object identity has its own original LIBERO-Object pick-to-basket trajectory; its pose in the composite scene may differ. | Object identity has its own original LIBERO-Object pick-to-basket trajectory; its pose in the composite scene may differ.	2	0	5	0.0	0
COMP_278	C11_object_suite_basket_triples	Put the ketchup, the alphabet soup, and the cream cheese box in the basket one after another.	libero_object	pick_up_the_ketchup_and_place_it_in_the_basket;pick_up_the_alphabet_soup_and_place_it_in_the_basket;pick_up_the_cream_cheese_and_place_it_in_the_basket	Pick the ketchup and place it in the basket | Pick the alphabet soup and place it in the basket | Pick the cream cheese and place it in the basket	in(ketchup_1, basket_1_contain_region); in(alphabet_soup_1, basket_1_contain_region); in(cream_cheese_1, basket_1_contain_region)	Unordered triple selected from all C(6,3) object triples in this exact stock layout. | The explicit action plan follows the physical left-to-right/source-region rank; reversed wording is not a new identity. | Object identity has its own original LIBERO-Object pick-to-basket trajectory; its pose in the composite scene may differ. | Object identity has its own original LIBERO-Object pick-to-basket trajectory; its pose in the composite scene may differ. | Object identity has its own original LIBERO-Object pick-to-basket trajectory; its pose in the composite scene may differ.	3	0	5	0.0	0
COMP_279	C11_object_suite_basket_triples	Put the salad dressing, the alphabet soup, and the cream cheese box in the basket one after another.	libero_object	pick_up_the_salad_dressing_and_place_it_in_the_basket;pick_up_the_alphabet_soup_and_place_it_in_the_basket;pick_up_the_cream_cheese_and_place_it_in_the_basket	Pick the salad dressing and place it in the basket | Pick the alphabet soup and place it in the basket | Pick the cream cheese and place it in the basket	in(salad_dressing_1, basket_1_contain_region); in(alphabet_soup_1, basket_1_contain_region); in(cream_cheese_1, basket_1_contain_region)	Unordered triple selected from all C(6,3) object triples in this exact stock layout. | The explicit action plan follows the physical left-to-right/source-region rank; reversed wording is not a new identity. | Object identity has its own original LIBERO-Object pick-to-basket trajectory; its pose in the composite scene may differ. | Object identity has its own original LIBERO-Object pick-to-basket trajectory; its pose in the composite scene may differ. | Object identity has its own original LIBERO-Object pick-to-basket trajectory; its pose in the composite scene may differ.	2	0	5	0.0	0
COMP_280	C11_object_suite_basket_triples	Put the butter, the tomato sauce, and the orange juice in the basket one after another.	libero_object	pick_up_the_butter_and_place_it_in_the_basket;pick_up_the_tomato_sauce_and_place_it_in_the_basket;pick_up_the_orange_juice_and_place_it_in_the_basket	Pick the butter and place it in the basket | Pick the tomato sauce and place it in the basket | Pick the orange juice and place it in the basket	in(butter_1, basket_1_contain_region); in(tomato_sauce_1, basket_1_contain_region); in(orange_juice_1, basket_1_contain_region)	Unordered triple selected from all C(6,3) object triples in this exact stock layout. | The explicit action plan follows the physical left-to-right/source-region rank; reversed wording is not a new identity. | Object identity has its own original LIBERO-Object pick-to-basket trajectory; its pose in the composite scene may differ. | Object identity has its own original LIBERO-Object pick-to-basket trajectory; its pose in the composite scene may differ. | Object identity has its own original LIBERO-Object pick-to-basket trajectory; its pose in the composite scene may differ.	3	0	5	0.0	0
COMP_281	C11_object_suite_basket_triples	Put the butter, the tomato sauce, and the chocolate pudding in the basket one after another.	libero_object	pick_up_the_butter_and_place_it_in_the_basket;pick_up_the_tomato_sauce_and_place_it_in_the_basket;pick_up_the_chocolate_pudding_and_place_it_in_the_basket	Pick the butter and place it in the basket | Pick the tomato sauce and place it in the basket | Pick the chocolate pudding and place it in the basket	in(butter_1, basket_1_contain_region); in(tomato_sauce_1, basket_1_contain_region); in(chocolate_pudding_1, basket_1_contain_region)	Unordered triple selected from all C(6,3) object triples in this exact stock layout. | The explicit action plan follows the physical left-to-right/source-region rank; reversed wording is not a new identity. | Object identity has its own original LIBERO-Object pick-to-basket trajectory; its pose in the composite scene may differ. | Object identity has its own original LIBERO-Object pick-to-basket trajectory; its pose in the composite scene may differ. | Object identity has its own original LIBERO-Object pick-to-basket trajectory; its pose in the composite scene may differ.	2	0	5	0.0	0
COMP_282	C11_object_suite_basket_triples	Put the butter, the tomato sauce, and the bbq sauce in the basket one after another.	libero_object	pick_up_the_butter_and_place_it_in_the_basket;pick_up_the_tomato_sauce_and_place_it_in_the_basket;pick_up_the_bbq_sauce_and_place_it_in_the_basket	Pick the butter and place it in the basket | Pick the tomato sauce and place it in the basket | Pick the bbq sauce and place it in the basket	in(butter_1, basket_1_contain_region); in(tomato_sauce_1, basket_1_contain_region); in(bbq_sauce_1, basket_1_contain_region)	Unordered triple selected from all C(6,3) object triples in this exact stock layout. | The explicit action plan follows the physical left-to-right/source-region rank; reversed wording is not a new identity. | Object identity has its own original LIBERO-Object pick-to-basket trajectory; its pose in the composite scene may differ. | Object identity has its own original LIBERO-Object pick-to-basket trajectory; its pose in the composite scene may differ. | Object identity has its own original LIBERO-Object pick-to-basket trajectory; its pose in the composite scene may differ.	3	0	5	0.0	0
COMP_283	C11_object_suite_basket_triples	Put the butter, the tomato sauce, and the ketchup in the basket one after another.	libero_object	pick_up_the_butter_and_place_it_in_the_basket;pick_up_the_tomato_sauce_and_place_it_in_the_basket;pick_up_the_ketchup_and_place_it_in_the_basket	Pick the butter and place it in the basket | Pick the tomato sauce and place it in the basket | Pick the ketchup and place it in the basket	in(butter_1, basket_1_contain_region); in(tomato_sauce_1, basket_1_contain_region); in(ketchup_1, basket_1_contain_region)	Unordered triple selected from all C(6,3) object triples in this exact stock layout. | The explicit action plan follows the physical left-to-right/source-region rank; reversed wording is not a new identity. | Object identity has its own original LIBERO-Object pick-to-basket trajectory; its pose in the composite scene may differ. | Object identity has its own original LIBERO-Object pick-to-basket trajectory; its pose in the composite scene may differ. | Object identity has its own original LIBERO-Object pick-to-basket trajectory; its pose in the composite scene may differ.	2	0	5	0.0	0
COMP_284	C11_object_suite_basket_triples	Put the butter, the orange juice, and the chocolate pudding in the basket one after another.	libero_object	pick_up_the_butter_and_place_it_in_the_basket;pick_up_the_orange_juice_and_place_it_in_the_basket;pick_up_the_chocolate_pudding_and_place_it_in_the_basket	Pick the butter and place it in the basket | Pick the orange juice and place it in the basket | Pick the chocolate pudding and place it in the basket	in(butter_1, basket_1_contain_region); in(orange_juice_1, basket_1_contain_region); in(chocolate_pudding_1, basket_1_contain_region)	Unordered triple selected from all C(6,3) object triples in this exact stock layout. | The explicit action plan follows the physical left-to-right/source-region rank; reversed wording is not a new identity. | Object identity has its own original LIBERO-Object pick-to-basket trajectory; its pose in the composite scene may differ. | Object identity has its own original LIBERO-Object pick-to-basket trajectory; its pose in the composite scene may differ. | Object identity has its own original LIBERO-Object pick-to-basket trajectory; its pose in the composite scene may differ.	3	0	5	0.0	0
COMP_285	C11_object_suite_basket_triples	Put the butter, the orange juice, and the bbq sauce in the basket one after another.	libero_object	pick_up_the_butter_and_place_it_in_the_basket;pick_up_the_orange_juice_and_place_it_in_the_basket;pick_up_the_bbq_sauce_and_place_it_in_the_basket	Pick the butter and place it in the basket | Pick the orange juice and place it in the basket | Pick the bbq sauce and place it in the basket	in(butter_1, basket_1_contain_region); in(orange_juice_1, basket_1_contain_region); in(bbq_sauce_1, basket_1_contain_region)	Unordered triple selected from all C(6,3) object triples in this exact stock layout. | The explicit action plan follows the physical left-to-right/source-region rank; reversed wording is not a new identity. | Object identity has its own original LIBERO-Object pick-to-basket trajectory; its pose in the composite scene may differ. | Object identity has its own original LIBERO-Object pick-to-basket trajectory; its pose in the composite scene may differ. | Object identity has its own original LIBERO-Object pick-to-basket trajectory; its pose in the composite scene may differ.	2	0	5	0.0	0
COMP_286	C11_object_suite_basket_triples	Put the butter, the orange juice, and the ketchup in the basket one after another.	libero_object	pick_up_the_butter_and_place_it_in_the_basket;pick_up_the_orange_juice_and_place_it_in_the_basket;pick_up_the_ketchup_and_place_it_in_the_basket	Pick the butter and place it in the basket | Pick the orange juice and place it in the basket | Pick the ketchup and place it in the basket	in(butter_1, basket_1_contain_region); in(orange_juice_1, basket_1_contain_region); in(ketchup_1, basket_1_contain_region)	Unordered triple selected from all C(6,3) object triples in this exact stock layout. | The explicit action plan follows the physical left-to-right/source-region rank; reversed wording is not a new identity. | Object identity has its own original LIBERO-Object pick-to-basket trajectory; its pose in the composite scene may differ. | Object identity has its own original LIBERO-Object pick-to-basket trajectory; its pose in the composite scene may differ. | Object identity has its own original LIBERO-Object pick-to-basket trajectory; its pose in the composite scene may differ.	3	0	5	0.0	0
COMP_287	C11_object_suite_basket_triples	Put the butter, the chocolate pudding, and the bbq sauce in the basket one after another.	libero_object	pick_up_the_butter_and_place_it_in_the_basket;pick_up_the_chocolate_pudding_and_place_it_in_the_basket;pick_up_the_bbq_sauce_and_place_it_in_the_basket	Pick the butter and place it in the basket | Pick the chocolate pudding and place it in the basket | Pick the bbq sauce and place it in the basket	in(butter_1, basket_1_contain_region); in(chocolate_pudding_1, basket_1_contain_region); in(bbq_sauce_1, basket_1_contain_region)	Unordered triple selected from all C(6,3) object triples in this exact stock layout. | The explicit action plan follows the physical left-to-right/source-region rank; reversed wording is not a new identity. | Object identity has its own original LIBERO-Object pick-to-basket trajectory; its pose in the composite scene may differ. | Object identity has its own original LIBERO-Object pick-to-basket trajectory; its pose in the composite scene may differ. | Object identity has its own original LIBERO-Object pick-to-basket trajectory; its pose in the composite scene may differ.	2	0	5	0.0	0
COMP_288	C11_object_suite_basket_triples	Put the butter, the chocolate pudding, and the ketchup in the basket one after another.	libero_object	pick_up_the_butter_and_place_it_in_the_basket;pick_up_the_chocolate_pudding_and_place_it_in_the_basket;pick_up_the_ketchup_and_place_it_in_the_basket	Pick the butter and place it in the basket | Pick the chocolate pudding and place it in the basket | Pick the ketchup and place it in the basket	in(butter_1, basket_1_contain_region); in(chocolate_pudding_1, basket_1_contain_region); in(ketchup_1, basket_1_contain_region)	Unordered triple selected from all C(6,3) object triples in this exact stock layout. | The explicit action plan follows the physical left-to-right/source-region rank; reversed wording is not a new identity. | Object identity has its own original LIBERO-Object pick-to-basket trajectory; its pose in the composite scene may differ. | Object identity has its own original LIBERO-Object pick-to-basket trajectory; its pose in the composite scene may differ. | Object identity has its own original LIBERO-Object pick-to-basket trajectory; its pose in the composite scene may differ.	3	0	5	0.0	0
COMP_289	C11_object_suite_basket_triples	Put the butter, the bbq sauce, and the ketchup in the basket one after another.	libero_object	pick_up_the_butter_and_place_it_in_the_basket;pick_up_the_bbq_sauce_and_place_it_in_the_basket;pick_up_the_ketchup_and_place_it_in_the_basket	Pick the butter and place it in the basket | Pick the bbq sauce and place it in the basket | Pick the ketchup and place it in the basket	in(butter_1, basket_1_contain_region); in(bbq_sauce_1, basket_1_contain_region); in(ketchup_1, basket_1_contain_region)	Unordered triple selected from all C(6,3) object triples in this exact stock layout. | The explicit action plan follows the physical left-to-right/source-region rank; reversed wording is not a new identity. | Object identity has its own original LIBERO-Object pick-to-basket trajectory; its pose in the composite scene may differ. | Object identity has its own original LIBERO-Object pick-to-basket trajectory; its pose in the composite scene may differ. | Object identity has its own original LIBERO-Object pick-to-basket trajectory; its pose in the composite scene may differ.	2	0	5	0.0	0
COMP_290	C11_object_suite_basket_triples	Put the tomato sauce, the orange juice, and the chocolate pudding in the basket one after another.	libero_object	pick_up_the_tomato_sauce_and_place_it_in_the_basket;pick_up_the_orange_juice_and_place_it_in_the_basket;pick_up_the_chocolate_pudding_and_place_it_in_the_basket	Pick the tomato sauce and place it in the basket | Pick the orange juice and place it in the basket | Pick the chocolate pudding and place it in the basket	in(tomato_sauce_1, basket_1_contain_region); in(orange_juice_1, basket_1_contain_region); in(chocolate_pudding_1, basket_1_contain_region)	Unordered triple selected from all C(6,3) object triples in this exact stock layout. | The explicit action plan follows the physical left-to-right/source-region rank; reversed wording is not a new identity. | Object identity has its own original LIBERO-Object pick-to-basket trajectory; its pose in the composite scene may differ. | Object identity has its own original LIBERO-Object pick-to-basket trajectory; its pose in the composite scene may differ. | Object identity has its own original LIBERO-Object pick-to-basket trajectory; its pose in the composite scene may differ.	3	0	5	0.0	0
COMP_291	C11_object_suite_basket_triples	Put the tomato sauce, the orange juice, and the bbq sauce in the basket one after another.	libero_object	pick_up_the_tomato_sauce_and_place_it_in_the_basket;pick_up_the_orange_juice_and_place_it_in_the_basket;pick_up_the_bbq_sauce_and_place_it_in_the_basket	Pick the tomato sauce and place it in the basket | Pick the orange juice and place it in the basket | Pick the bbq sauce and place it in the basket	in(tomato_sauce_1, basket_1_contain_region); in(orange_juice_1, basket_1_contain_region); in(bbq_sauce_1, basket_1_contain_region)	Unordered triple selected from all C(6,3) object triples in this exact stock layout. | The explicit action plan follows the physical left-to-right/source-region rank; reversed wording is not a new identity. | Object identity has its own original LIBERO-Object pick-to-basket trajectory; its pose in the composite scene may differ. | Object identity has its own original LIBERO-Object pick-to-basket trajectory; its pose in the composite scene may differ. | Object identity has its own original LIBERO-Object pick-to-basket trajectory; its pose in the composite scene may differ.	2	0	5	0.0	0
COMP_292	C11_object_suite_basket_triples	Put the tomato sauce, the orange juice, and the ketchup in the basket one after another.	libero_object	pick_up_the_tomato_sauce_and_place_it_in_the_basket;pick_up_the_orange_juice_and_place_it_in_the_basket;pick_up_the_ketchup_and_place_it_in_the_basket	Pick the tomato sauce and place it in the basket | Pick the orange juice and place it in the basket | Pick the ketchup and place it in the basket	in(tomato_sauce_1, basket_1_contain_region); in(orange_juice_1, basket_1_contain_region); in(ketchup_1, basket_1_contain_region)	Unordered triple selected from all C(6,3) object triples in this exact stock layout. | The explicit action plan follows the physical left-to-right/source-region rank; reversed wording is not a new identity. | Object identity has its own original LIBERO-Object pick-to-basket trajectory; its pose in the composite scene may differ. | Object identity has its own original LIBERO-Object pick-to-basket trajectory; its pose in the composite scene may differ. | Object identity has its own original LIBERO-Object pick-to-basket trajectory; its pose in the composite scene may differ.	3	0	5	0.0	0
COMP_293	C11_object_suite_basket_triples	Put the tomato sauce, the chocolate pudding, and the bbq sauce in the basket one after another.	libero_object	pick_up_the_tomato_sauce_and_place_it_in_the_basket;pick_up_the_chocolate_pudding_and_place_it_in_the_basket;pick_up_the_bbq_sauce_and_place_it_in_the_basket	Pick the tomato sauce and place it in the basket | Pick the chocolate pudding and place it in the basket | Pick the bbq sauce and place it in the basket	in(tomato_sauce_1, basket_1_contain_region); in(chocolate_pudding_1, basket_1_contain_region); in(bbq_sauce_1, basket_1_contain_region)	Unordered triple selected from all C(6,3) object triples in this exact stock layout. | The explicit action plan follows the physical left-to-right/source-region rank; reversed wording is not a new identity. | Object identity has its own original LIBERO-Object pick-to-basket trajectory; its pose in the composite scene may differ. | Object identity has its own original LIBERO-Object pick-to-basket trajectory; its pose in the composite scene may differ. | Object identity has its own original LIBERO-Object pick-to-basket trajectory; its pose in the composite scene may differ.	2	0	5	0.0	0
COMP_294	C11_object_suite_basket_triples	Put the tomato sauce, the chocolate pudding, and the ketchup in the basket one after another.	libero_object	pick_up_the_tomato_sauce_and_place_it_in_the_basket;pick_up_the_chocolate_pudding_and_place_it_in_the_basket;pick_up_the_ketchup_and_place_it_in_the_basket	Pick the tomato sauce and place it in the basket | Pick the chocolate pudding and place it in the basket | Pick the ketchup and place it in the basket	in(tomato_sauce_1, basket_1_contain_region); in(chocolate_pudding_1, basket_1_contain_region); in(ketchup_1, basket_1_contain_region)	Unordered triple selected from all C(6,3) object triples in this exact stock layout. | The explicit action plan follows the physical left-to-right/source-region rank; reversed wording is not a new identity. | Object identity has its own original LIBERO-Object pick-to-basket trajectory; its pose in the composite scene may differ. | Object identity has its own original LIBERO-Object pick-to-basket trajectory; its pose in the composite scene may differ. | Object identity has its own original LIBERO-Object pick-to-basket trajectory; its pose in the composite scene may differ.	3	0	5	0.0	0
COMP_295	C11_object_suite_basket_triples	Put the tomato sauce, the bbq sauce, and the ketchup in the basket one after another.	libero_object	pick_up_the_tomato_sauce_and_place_it_in_the_basket;pick_up_the_bbq_sauce_and_place_it_in_the_basket;pick_up_the_ketchup_and_place_it_in_the_basket	Pick the tomato sauce and place it in the basket | Pick the bbq sauce and place it in the basket | Pick the ketchup and place it in the basket	in(tomato_sauce_1, basket_1_contain_region); in(bbq_sauce_1, basket_1_contain_region); in(ketchup_1, basket_1_contain_region)	Unordered triple selected from all C(6,3) object triples in this exact stock layout. | The explicit action plan follows the physical left-to-right/source-region rank; reversed wording is not a new identity. | Object identity has its own original LIBERO-Object pick-to-basket trajectory; its pose in the composite scene may differ. | Object identity has its own original LIBERO-Object pick-to-basket trajectory; its pose in the composite scene may differ. | Object identity has its own original LIBERO-Object pick-to-basket trajectory; its pose in the composite scene may differ.	2	0	5	0.0	0
COMP_296	C11_object_suite_basket_triples	Put the orange juice, the chocolate pudding, and the bbq sauce in the basket one after another.	libero_object	pick_up_the_orange_juice_and_place_it_in_the_basket;pick_up_the_chocolate_pudding_and_place_it_in_the_basket;pick_up_the_bbq_sauce_and_place_it_in_the_basket	Pick the orange juice and place it in the basket | Pick the chocolate pudding and place it in the basket | Pick the bbq sauce and place it in the basket	in(orange_juice_1, basket_1_contain_region); in(chocolate_pudding_1, basket_1_contain_region); in(bbq_sauce_1, basket_1_contain_region)	Unordered triple selected from all C(6,3) object triples in this exact stock layout. | The explicit action plan follows the physical left-to-right/source-region rank; reversed wording is not a new identity. | Object identity has its own original LIBERO-Object pick-to-basket trajectory; its pose in the composite scene may differ. | Object identity has its own original LIBERO-Object pick-to-basket trajectory; its pose in the composite scene may differ. | Object identity has its own original LIBERO-Object pick-to-basket trajectory; its pose in the composite scene may differ.	3	0	5	0.0	0
COMP_297	C11_object_suite_basket_triples	Put the orange juice, the chocolate pudding, and the ketchup in the basket one after another.	libero_object	pick_up_the_orange_juice_and_place_it_in_the_basket;pick_up_the_chocolate_pudding_and_place_it_in_the_basket;pick_up_the_ketchup_and_place_it_in_the_basket	Pick the orange juice and place it in the basket | Pick the chocolate pudding and place it in the basket | Pick the ketchup and place it in the basket	in(orange_juice_1, basket_1_contain_region); in(chocolate_pudding_1, basket_1_contain_region); in(ketchup_1, basket_1_contain_region)	Unordered triple selected from all C(6,3) object triples in this exact stock layout. | The explicit action plan follows the physical left-to-right/source-region rank; reversed wording is not a new identity. | Object identity has its own original LIBERO-Object pick-to-basket trajectory; its pose in the composite scene may differ. | Object identity has its own original LIBERO-Object pick-to-basket trajectory; its pose in the composite scene may differ. | Object identity has its own original LIBERO-Object pick-to-basket trajectory; its pose in the composite scene may differ.	2	0	5	0.0	0
COMP_298	C11_object_suite_basket_triples	Put the orange juice, the bbq sauce, and the ketchup in the basket one after another.	libero_object	pick_up_the_orange_juice_and_place_it_in_the_basket;pick_up_the_bbq_sauce_and_place_it_in_the_basket;pick_up_the_ketchup_and_place_it_in_the_basket	Pick the orange juice and place it in the basket | Pick the bbq sauce and place it in the basket | Pick the ketchup and place it in the basket	in(orange_juice_1, basket_1_contain_region); in(bbq_sauce_1, basket_1_contain_region); in(ketchup_1, basket_1_contain_region)	Unordered triple selected from all C(6,3) object triples in this exact stock layout. | The explicit action plan follows the physical left-to-right/source-region rank; reversed wording is not a new identity. | Object identity has its own original LIBERO-Object pick-to-basket trajectory; its pose in the composite scene may differ. | Object identity has its own original LIBERO-Object pick-to-basket trajectory; its pose in the composite scene may differ. | Object identity has its own original LIBERO-Object pick-to-basket trajectory; its pose in the composite scene may differ.	3	0	5	0.0	0
COMP_299	C11_object_suite_basket_triples	Put the chocolate pudding, the bbq sauce, and the ketchup in the basket one after another.	libero_object	pick_up_the_chocolate_pudding_and_place_it_in_the_basket;pick_up_the_bbq_sauce_and_place_it_in_the_basket;pick_up_the_ketchup_and_place_it_in_the_basket	Pick the chocolate pudding and place it in the basket | Pick the bbq sauce and place it in the basket | Pick the ketchup and place it in the basket	in(chocolate_pudding_1, basket_1_contain_region); in(bbq_sauce_1, basket_1_contain_region); in(ketchup_1, basket_1_contain_region)	Unordered triple selected from all C(6,3) object triples in this exact stock layout. | The explicit action plan follows the physical left-to-right/source-region rank; reversed wording is not a new identity. | Object identity has its own original LIBERO-Object pick-to-basket trajectory; its pose in the composite scene may differ. | Object identity has its own original LIBERO-Object pick-to-basket trajectory; its pose in the composite scene may differ. | Object identity has its own original LIBERO-Object pick-to-basket trajectory; its pose in the composite scene may differ.	2	0	5	0.0	0
COMP_300	C11_object_suite_basket_triples	Put the chocolate pudding, the orange juice, and the bbq sauce in the basket one after another.	libero_object	pick_up_the_chocolate_pudding_and_place_it_in_the_basket;pick_up_the_orange_juice_and_place_it_in_the_basket;pick_up_the_bbq_sauce_and_place_it_in_the_basket	Pick the chocolate pudding and place it in the basket | Pick the orange juice and place it in the basket | Pick the bbq sauce and place it in the basket	in(chocolate_pudding_1, basket_1_contain_region); in(orange_juice_1, basket_1_contain_region); in(bbq_sauce_1, basket_1_contain_region)	Unordered triple selected from all C(6,3) object triples in this exact stock layout. | The explicit action plan follows the physical left-to-right/source-region rank; reversed wording is not a new identity. | Object identity has its own original LIBERO-Object pick-to-basket trajectory; its pose in the composite scene may differ. | Object identity has its own original LIBERO-Object pick-to-basket trajectory; its pose in the composite scene may differ. | Object identity has its own original LIBERO-Object pick-to-basket trajectory; its pose in the composite scene may differ.	3	0	5	0.0	0
COMP_301	C11_object_suite_basket_triples	Put the chocolate pudding, the orange juice, and the ketchup in the basket one after another.	libero_object	pick_up_the_chocolate_pudding_and_place_it_in_the_basket;pick_up_the_orange_juice_and_place_it_in_the_basket;pick_up_the_ketchup_and_place_it_in_the_basket	Pick the chocolate pudding and place it in the basket | Pick the orange juice and place it in the basket | Pick the ketchup and place it in the basket	in(chocolate_pudding_1, basket_1_contain_region); in(orange_juice_1, basket_1_contain_region); in(ketchup_1, basket_1_contain_region)	Unordered triple selected from all C(6,3) object triples in this exact stock layout. | The explicit action plan follows the physical left-to-right/source-region rank; reversed wording is not a new identity. | Object identity has its own original LIBERO-Object pick-to-basket trajectory; its pose in the composite scene may differ. | Object identity has its own original LIBERO-Object pick-to-basket trajectory; its pose in the composite scene may differ. | Object identity has its own original LIBERO-Object pick-to-basket trajectory; its pose in the composite scene may differ.	2	0	5	0.0	0
COMP_302	C11_object_suite_basket_triples	Put the chocolate pudding, the orange juice, and the salad dressing in the basket one after another.	libero_object	pick_up_the_chocolate_pudding_and_place_it_in_the_basket;pick_up_the_orange_juice_and_place_it_in_the_basket;pick_up_the_salad_dressing_and_place_it_in_the_basket	Pick the chocolate pudding and place it in the basket | Pick the orange juice and place it in the basket | Pick the salad dressing and place it in the basket	in(chocolate_pudding_1, basket_1_contain_region); in(orange_juice_1, basket_1_contain_region); in(salad_dressing_1, basket_1_contain_region)	Unordered triple selected from all C(6,3) object triples in this exact stock layout. | The explicit action plan follows the physical left-to-right/source-region rank; reversed wording is not a new identity. | Object identity has its own original LIBERO-Object pick-to-basket trajectory; its pose in the composite scene may differ. | Object identity has its own original LIBERO-Object pick-to-basket trajectory; its pose in the composite scene may differ. | Object identity has its own original LIBERO-Object pick-to-basket trajectory; its pose in the composite scene may differ.	3	0	5	0.0	0
COMP_303	C11_object_suite_basket_triples	Put the chocolate pudding, the orange juice, and the alphabet soup in the basket one after another.	libero_object	pick_up_the_chocolate_pudding_and_place_it_in_the_basket;pick_up_the_orange_juice_and_place_it_in_the_basket;pick_up_the_alphabet_soup_and_place_it_in_the_basket	Pick the chocolate pudding and place it in the basket | Pick the orange juice and place it in the basket | Pick the alphabet soup and place it in the basket	in(chocolate_pudding_1, basket_1_contain_region); in(orange_juice_1, basket_1_contain_region); in(alphabet_soup_1, basket_1_contain_region)	Unordered triple selected from all C(6,3) object triples in this exact stock layout. | The explicit action plan follows the physical left-to-right/source-region rank; reversed wording is not a new identity. | Object identity has its own original LIBERO-Object pick-to-basket trajectory; its pose in the composite scene may differ. | Object identity has its own original LIBERO-Object pick-to-basket trajectory; its pose in the composite scene may differ. | Object identity has its own original LIBERO-Object pick-to-basket trajectory; its pose in the composite scene may differ.	2	0	5	0.0	0
COMP_304	C11_object_suite_basket_triples	Put the chocolate pudding, the bbq sauce, and the ketchup in the basket one after another.	libero_object	pick_up_the_chocolate_pudding_and_place_it_in_the_basket;pick_up_the_bbq_sauce_and_place_it_in_the_basket;pick_up_the_ketchup_and_place_it_in_the_basket	Pick the chocolate pudding and place it in the basket | Pick the bbq sauce and place it in the basket | Pick the ketchup and place it in the basket	in(chocolate_pudding_1, basket_1_contain_region); in(bbq_sauce_1, basket_1_contain_region); in(ketchup_1, basket_1_contain_region)	Unordered triple selected from all C(6,3) object triples in this exact stock layout. | The explicit action plan follows the physical left-to-right/source-region rank; reversed wording is not a new identity. | Object identity has its own original LIBERO-Object pick-to-basket trajectory; its pose in the composite scene may differ. | Object identity has its own original LIBERO-Object pick-to-basket trajectory; its pose in the composite scene may differ. | Object identity has its own original LIBERO-Object pick-to-basket trajectory; its pose in the composite scene may differ.	3	0	5	0.0	0
COMP_305	C11_object_suite_basket_triples	Put the chocolate pudding, the bbq sauce, and the salad dressing in the basket one after another.	libero_object	pick_up_the_chocolate_pudding_and_place_it_in_the_basket;pick_up_the_bbq_sauce_and_place_it_in_the_basket;pick_up_the_salad_dressing_and_place_it_in_the_basket	Pick the chocolate pudding and place it in the basket | Pick the bbq sauce and place it in the basket | Pick the salad dressing and place it in the basket	in(chocolate_pudding_1, basket_1_contain_region); in(bbq_sauce_1, basket_1_contain_region); in(salad_dressing_1, basket_1_contain_region)	Unordered triple selected from all C(6,3) object triples in this exact stock layout. | The explicit action plan follows the physical left-to-right/source-region rank; reversed wording is not a new identity. | Object identity has its own original LIBERO-Object pick-to-basket trajectory; its pose in the composite scene may differ. | Object identity has its own original LIBERO-Object pick-to-basket trajectory; its pose in the composite scene may differ. | Object identity has its own original LIBERO-Object pick-to-basket trajectory; its pose in the composite scene may differ.	2	0	5	0.0	0
COMP_306	C11_object_suite_basket_triples	Put the chocolate pudding, the bbq sauce, and the alphabet soup in the basket one after another.	libero_object	pick_up_the_chocolate_pudding_and_place_it_in_the_basket;pick_up_the_bbq_sauce_and_place_it_in_the_basket;pick_up_the_alphabet_soup_and_place_it_in_the_basket	Pick the chocolate pudding and place it in the basket | Pick the bbq sauce and place it in the basket | Pick the alphabet soup and place it in the basket	in(chocolate_pudding_1, basket_1_contain_region); in(bbq_sauce_1, basket_1_contain_region); in(alphabet_soup_1, basket_1_contain_region)	Unordered triple selected from all C(6,3) object triples in this exact stock layout. | The explicit action plan follows the physical left-to-right/source-region rank; reversed wording is not a new identity. | Object identity has its own original LIBERO-Object pick-to-basket trajectory; its pose in the composite scene may differ. | Object identity has its own original LIBERO-Object pick-to-basket trajectory; its pose in the composite scene may differ. | Object identity has its own original LIBERO-Object pick-to-basket trajectory; its pose in the composite scene may differ.	3	0	5	0.0	0
COMP_307	C11_object_suite_basket_triples	Put the chocolate pudding, the ketchup, and the salad dressing in the basket one after another.	libero_object	pick_up_the_chocolate_pudding_and_place_it_in_the_basket;pick_up_the_ketchup_and_place_it_in_the_basket;pick_up_the_salad_dressing_and_place_it_in_the_basket	Pick the chocolate pudding and place it in the basket | Pick the ketchup and place it in the basket | Pick the salad dressing and place it in the basket	in(chocolate_pudding_1, basket_1_contain_region); in(ketchup_1, basket_1_contain_region); in(salad_dressing_1, basket_1_contain_region)	Unordered triple selected from all C(6,3) object triples in this exact stock layout. | The explicit action plan follows the physical left-to-right/source-region rank; reversed wording is not a new identity. | Object identity has its own original LIBERO-Object pick-to-basket trajectory; its pose in the composite scene may differ. | Object identity has its own original LIBERO-Object pick-to-basket trajectory; its pose in the composite scene may differ. | Object identity has its own original LIBERO-Object pick-to-basket trajectory; its pose in the composite scene may differ.	2	0	5	0.0	0
COMP_308	C11_object_suite_basket_triples	Put the chocolate pudding, the ketchup, and the alphabet soup in the basket one after another.	libero_object	pick_up_the_chocolate_pudding_and_place_it_in_the_basket;pick_up_the_ketchup_and_place_it_in_the_basket;pick_up_the_alphabet_soup_and_place_it_in_the_basket	Pick the chocolate pudding and place it in the basket | Pick the ketchup and place it in the basket | Pick the alphabet soup and place it in the basket	in(chocolate_pudding_1, basket_1_contain_region); in(ketchup_1, basket_1_contain_region); in(alphabet_soup_1, basket_1_contain_region)	Unordered triple selected from all C(6,3) object triples in this exact stock layout. | The explicit action plan follows the physical left-to-right/source-region rank; reversed wording is not a new identity. | Object identity has its own original LIBERO-Object pick-to-basket trajectory; its pose in the composite scene may differ. | Object identity has its own original LIBERO-Object pick-to-basket trajectory; its pose in the composite scene may differ. | Object identity has its own original LIBERO-Object pick-to-basket trajectory; its pose in the composite scene may differ.	3	0	5	0.0	0
COMP_309	C11_object_suite_basket_triples	Put the chocolate pudding, the salad dressing, and the alphabet soup in the basket one after another.	libero_object	pick_up_the_chocolate_pudding_and_place_it_in_the_basket;pick_up_the_salad_dressing_and_place_it_in_the_basket;pick_up_the_alphabet_soup_and_place_it_in_the_basket	Pick the chocolate pudding and place it in the basket | Pick the salad dressing and place it in the basket | Pick the alphabet soup and place it in the basket	in(chocolate_pudding_1, basket_1_contain_region); in(salad_dressing_1, basket_1_contain_region); in(alphabet_soup_1, basket_1_contain_region)	Unordered triple selected from all C(6,3) object triples in this exact stock layout. | The explicit action plan follows the physical left-to-right/source-region rank; reversed wording is not a new identity. | Object identity has its own original LIBERO-Object pick-to-basket trajectory; its pose in the composite scene may differ. | Object identity has its own original LIBERO-Object pick-to-basket trajectory; its pose in the composite scene may differ. | Object identity has its own original LIBERO-Object pick-to-basket trajectory; its pose in the composite scene may differ.	2	0	5	0.0	0
COMP_310	C11_object_suite_basket_triples	Put the orange juice, the bbq sauce, and the ketchup in the basket one after another.	libero_object	pick_up_the_orange_juice_and_place_it_in_the_basket;pick_up_the_bbq_sauce_and_place_it_in_the_basket;pick_up_the_ketchup_and_place_it_in_the_basket	Pick the orange juice and place it in the basket | Pick the bbq sauce and place it in the basket | Pick the ketchup and place it in the basket	in(orange_juice_1, basket_1_contain_region); in(bbq_sauce_1, basket_1_contain_region); in(ketchup_1, basket_1_contain_region)	Unordered triple selected from all C(6,3) object triples in this exact stock layout. | The explicit action plan follows the physical left-to-right/source-region rank; reversed wording is not a new identity. | Object identity has its own original LIBERO-Object pick-to-basket trajectory; its pose in the composite scene may differ. | Object identity has its own original LIBERO-Object pick-to-basket trajectory; its pose in the composite scene may differ. | Object identity has its own original LIBERO-Object pick-to-basket trajectory; its pose in the composite scene may differ.	3	0	5	0.0	0
COMP_311	C11_object_suite_basket_triples	Put the orange juice, the bbq sauce, and the salad dressing in the basket one after another.	libero_object	pick_up_the_orange_juice_and_place_it_in_the_basket;pick_up_the_bbq_sauce_and_place_it_in_the_basket;pick_up_the_salad_dressing_and_place_it_in_the_basket	Pick the orange juice and place it in the basket | Pick the bbq sauce and place it in the basket | Pick the salad dressing and place it in the basket	in(orange_juice_1, basket_1_contain_region); in(bbq_sauce_1, basket_1_contain_region); in(salad_dressing_1, basket_1_contain_region)	Unordered triple selected from all C(6,3) object triples in this exact stock layout. | The explicit action plan follows the physical left-to-right/source-region rank; reversed wording is not a new identity. | Object identity has its own original LIBERO-Object pick-to-basket trajectory; its pose in the composite scene may differ. | Object identity has its own original LIBERO-Object pick-to-basket trajectory; its pose in the composite scene may differ. | Object identity has its own original LIBERO-Object pick-to-basket trajectory; its pose in the composite scene may differ.	2	0	5	0.0	0
COMP_312	C11_object_suite_basket_triples	Put the orange juice, the bbq sauce, and the alphabet soup in the basket one after another.	libero_object	pick_up_the_orange_juice_and_place_it_in_the_basket;pick_up_the_bbq_sauce_and_place_it_in_the_basket;pick_up_the_alphabet_soup_and_place_it_in_the_basket	Pick the orange juice and place it in the basket | Pick the bbq sauce and place it in the basket | Pick the alphabet soup and place it in the basket	in(orange_juice_1, basket_1_contain_region); in(bbq_sauce_1, basket_1_contain_region); in(alphabet_soup_1, basket_1_contain_region)	Unordered triple selected from all C(6,3) object triples in this exact stock layout. | The explicit action plan follows the physical left-to-right/source-region rank; reversed wording is not a new identity. | Object identity has its own original LIBERO-Object pick-to-basket trajectory; its pose in the composite scene may differ. | Object identity has its own original LIBERO-Object pick-to-basket trajectory; its pose in the composite scene may differ. | Object identity has its own original LIBERO-Object pick-to-basket trajectory; its pose in the composite scene may differ.	3	0	5	0.0	0
COMP_313	C11_object_suite_basket_triples	Put the orange juice, the ketchup, and the salad dressing in the basket one after another.	libero_object	pick_up_the_orange_juice_and_place_it_in_the_basket;pick_up_the_ketchup_and_place_it_in_the_basket;pick_up_the_salad_dressing_and_place_it_in_the_basket	Pick the orange juice and place it in the basket | Pick the ketchup and place it in the basket | Pick the salad dressing and place it in the basket	in(orange_juice_1, basket_1_contain_region); in(ketchup_1, basket_1_contain_region); in(salad_dressing_1, basket_1_contain_region)	Unordered triple selected from all C(6,3) object triples in this exact stock layout. | The explicit action plan follows the physical left-to-right/source-region rank; reversed wording is not a new identity. | Object identity has its own original LIBERO-Object pick-to-basket trajectory; its pose in the composite scene may differ. | Object identity has its own original LIBERO-Object pick-to-basket trajectory; its pose in the composite scene may differ. | Object identity has its own original LIBERO-Object pick-to-basket trajectory; its pose in the composite scene may differ.	2	0	5	0.0	0
COMP_314	C11_object_suite_basket_triples	Put the orange juice, the ketchup, and the alphabet soup in the basket one after another.	libero_object	pick_up_the_orange_juice_and_place_it_in_the_basket;pick_up_the_ketchup_and_place_it_in_the_basket;pick_up_the_alphabet_soup_and_place_it_in_the_basket	Pick the orange juice and place it in the basket | Pick the ketchup and place it in the basket | Pick the alphabet soup and place it in the basket	in(orange_juice_1, basket_1_contain_region); in(ketchup_1, basket_1_contain_region); in(alphabet_soup_1, basket_1_contain_region)	Unordered triple selected from all C(6,3) object triples in this exact stock layout. | The explicit action plan follows the physical left-to-right/source-region rank; reversed wording is not a new identity. | Object identity has its own original LIBERO-Object pick-to-basket trajectory; its pose in the composite scene may differ. | Object identity has its own original LIBERO-Object pick-to-basket trajectory; its pose in the composite scene may differ. | Object identity has its own original LIBERO-Object pick-to-basket trajectory; its pose in the composite scene may differ.	3	0	5	0.0	0
COMP_315	C11_object_suite_basket_triples	Put the orange juice, the salad dressing, and the alphabet soup in the basket one after another.	libero_object	pick_up_the_orange_juice_and_place_it_in_the_basket;pick_up_the_salad_dressing_and_place_it_in_the_basket;pick_up_the_alphabet_soup_and_place_it_in_the_basket	Pick the orange juice and place it in the basket | Pick the salad dressing and place it in the basket | Pick the alphabet soup and place it in the basket	in(orange_juice_1, basket_1_contain_region); in(salad_dressing_1, basket_1_contain_region); in(alphabet_soup_1, basket_1_contain_region)	Unordered triple selected from all C(6,3) object triples in this exact stock layout. | The explicit action plan follows the physical left-to-right/source-region rank; reversed wording is not a new identity. | Object identity has its own original LIBERO-Object pick-to-basket trajectory; its pose in the composite scene may differ. | Object identity has its own original LIBERO-Object pick-to-basket trajectory; its pose in the composite scene may differ. | Object identity has its own original LIBERO-Object pick-to-basket trajectory; its pose in the composite scene may differ.	2	0	5	0.0	0
COMP_316	C11_object_suite_basket_triples	Put the bbq sauce, the ketchup, and the salad dressing in the basket one after another.	libero_object	pick_up_the_bbq_sauce_and_place_it_in_the_basket;pick_up_the_ketchup_and_place_it_in_the_basket;pick_up_the_salad_dressing_and_place_it_in_the_basket	Pick the bbq sauce and place it in the basket | Pick the ketchup and place it in the basket | Pick the salad dressing and place it in the basket	in(bbq_sauce_1, basket_1_contain_region); in(ketchup_1, basket_1_contain_region); in(salad_dressing_1, basket_1_contain_region)	Unordered triple selected from all C(6,3) object triples in this exact stock layout. | The explicit action plan follows the physical left-to-right/source-region rank; reversed wording is not a new identity. | Object identity has its own original LIBERO-Object pick-to-basket trajectory; its pose in the composite scene may differ. | Object identity has its own original LIBERO-Object pick-to-basket trajectory; its pose in the composite scene may differ. | Object identity has its own original LIBERO-Object pick-to-basket trajectory; its pose in the composite scene may differ.	3	0	5	0.0	0
COMP_317	C11_object_suite_basket_triples	Put the bbq sauce, the ketchup, and the alphabet soup in the basket one after another.	libero_object	pick_up_the_bbq_sauce_and_place_it_in_the_basket;pick_up_the_ketchup_and_place_it_in_the_basket;pick_up_the_alphabet_soup_and_place_it_in_the_basket	Pick the bbq sauce and place it in the basket | Pick the ketchup and place it in the basket | Pick the alphabet soup and place it in the basket	in(bbq_sauce_1, basket_1_contain_region); in(ketchup_1, basket_1_contain_region); in(alphabet_soup_1, basket_1_contain_region)	Unordered triple selected from all C(6,3) object triples in this exact stock layout. | The explicit action plan follows the physical left-to-right/source-region rank; reversed wording is not a new identity. | Object identity has its own original LIBERO-Object pick-to-basket trajectory; its pose in the composite scene may differ. | Object identity has its own original LIBERO-Object pick-to-basket trajectory; its pose in the composite scene may differ. | Object identity has its own original LIBERO-Object pick-to-basket trajectory; its pose in the composite scene may differ.	2	0	5	0.0	0
COMP_318	C11_object_suite_basket_triples	Put the bbq sauce, the salad dressing, and the alphabet soup in the basket one after another.	libero_object	pick_up_the_bbq_sauce_and_place_it_in_the_basket;pick_up_the_salad_dressing_and_place_it_in_the_basket;pick_up_the_alphabet_soup_and_place_it_in_the_basket	Pick the bbq sauce and place it in the basket | Pick the salad dressing and place it in the basket | Pick the alphabet soup and place it in the basket	in(bbq_sauce_1, basket_1_contain_region); in(salad_dressing_1, basket_1_contain_region); in(alphabet_soup_1, basket_1_contain_region)	Unordered triple selected from all C(6,3) object triples in this exact stock layout. | The explicit action plan follows the physical left-to-right/source-region rank; reversed wording is not a new identity. | Object identity has its own original LIBERO-Object pick-to-basket trajectory; its pose in the composite scene may differ. | Object identity has its own original LIBERO-Object pick-to-basket trajectory; its pose in the composite scene may differ. | Object identity has its own original LIBERO-Object pick-to-basket trajectory; its pose in the composite scene may differ.	3	0	5	0.0	0
COMP_319	C11_object_suite_basket_triples	Put the ketchup, the salad dressing, and the alphabet soup in the basket one after another.	libero_object	pick_up_the_ketchup_and_place_it_in_the_basket;pick_up_the_salad_dressing_and_place_it_in_the_basket;pick_up_the_alphabet_soup_and_place_it_in_the_basket	Pick the ketchup and place it in the basket | Pick the salad dressing and place it in the basket | Pick the alphabet soup and place it in the basket	in(ketchup_1, basket_1_contain_region); in(salad_dressing_1, basket_1_contain_region); in(alphabet_soup_1, basket_1_contain_region)	Unordered triple selected from all C(6,3) object triples in this exact stock layout. | The explicit action plan follows the physical left-to-right/source-region rank; reversed wording is not a new identity. | Object identity has its own original LIBERO-Object pick-to-basket trajectory; its pose in the composite scene may differ. | Object identity has its own original LIBERO-Object pick-to-basket trajectory; its pose in the composite scene may differ. | Object identity has its own original LIBERO-Object pick-to-basket trajectory; its pose in the composite scene may differ.	2	0	5	0.0	0
COMP_320	C11_object_suite_basket_triples	Put the cream cheese box, the alphabet soup, and the milk in the basket one after another.	libero_object	pick_up_the_cream_cheese_and_place_it_in_the_basket;pick_up_the_alphabet_soup_and_place_it_in_the_basket;pick_up_the_milk_and_place_it_in_the_basket	Pick the cream cheese and place it in the basket | Pick the alphabet soup and place it in the basket | Pick the milk and place it in the basket	in(cream_cheese_1, basket_1_contain_region); in(alphabet_soup_1, basket_1_contain_region); in(milk_1, basket_1_contain_region)	Unordered triple selected from all C(6,3) object triples in this exact stock layout. | The explicit action plan follows the physical left-to-right/source-region rank; reversed wording is not a new identity. | Object identity has its own original LIBERO-Object pick-to-basket trajectory; its pose in the composite scene may differ. | Object identity has its own original LIBERO-Object pick-to-basket trajectory; its pose in the composite scene may differ. | Object identity has its own original LIBERO-Object pick-to-basket trajectory; its pose in the composite scene may differ.	3	0	5	0.0	0
COMP_321	C11_object_suite_basket_triples	Put the cream cheese box, the alphabet soup, and the tomato sauce in the basket one after another.	libero_object	pick_up_the_cream_cheese_and_place_it_in_the_basket;pick_up_the_alphabet_soup_and_place_it_in_the_basket;pick_up_the_tomato_sauce_and_place_it_in_the_basket	Pick the cream cheese and place it in the basket | Pick the alphabet soup and place it in the basket | Pick the tomato sauce and place it in the basket	in(cream_cheese_1, basket_1_contain_region); in(alphabet_soup_1, basket_1_contain_region); in(tomato_sauce_1, basket_1_contain_region)	Unordered triple selected from all C(6,3) object triples in this exact stock layout. | The explicit action plan follows the physical left-to-right/source-region rank; reversed wording is not a new identity. | Object identity has its own original LIBERO-Object pick-to-basket trajectory; its pose in the composite scene may differ. | Object identity has its own original LIBERO-Object pick-to-basket trajectory; its pose in the composite scene may differ. | Object identity has its own original LIBERO-Object pick-to-basket trajectory; its pose in the composite scene may differ.	2	0	5	0.0	0
COMP_322	C11_object_suite_basket_triples	Put the cream cheese box, the alphabet soup, and the butter in the basket one after another.	libero_object	pick_up_the_cream_cheese_and_place_it_in_the_basket;pick_up_the_alphabet_soup_and_place_it_in_the_basket;pick_up_the_butter_and_place_it_in_the_basket	Pick the cream cheese and place it in the basket | Pick the alphabet soup and place it in the basket | Pick the butter and place it in the basket	in(cream_cheese_1, basket_1_contain_region); in(alphabet_soup_1, basket_1_contain_region); in(butter_1, basket_1_contain_region)	Unordered triple selected from all C(6,3) object triples in this exact stock layout. | The explicit action plan follows the physical left-to-right/source-region rank; reversed wording is not a new identity. | Object identity has its own original LIBERO-Object pick-to-basket trajectory; its pose in the composite scene may differ. | Object identity has its own original LIBERO-Object pick-to-basket trajectory; its pose in the composite scene may differ. | Object identity has its own original LIBERO-Object pick-to-basket trajectory; its pose in the composite scene may differ.	3	0	5	0.0	0
COMP_323	C11_object_suite_basket_triples	Put the cream cheese box, the alphabet soup, and the orange juice in the basket one after another.	libero_object	pick_up_the_cream_cheese_and_place_it_in_the_basket;pick_up_the_alphabet_soup_and_place_it_in_the_basket;pick_up_the_orange_juice_and_place_it_in_the_basket	Pick the cream cheese and place it in the basket | Pick the alphabet soup and place it in the basket | Pick the orange juice and place it in the basket	in(cream_cheese_1, basket_1_contain_region); in(alphabet_soup_1, basket_1_contain_region); in(orange_juice_1, basket_1_contain_region)	Unordered triple selected from all C(6,3) object triples in this exact stock layout. | The explicit action plan follows the physical left-to-right/source-region rank; reversed wording is not a new identity. | Object identity has its own original LIBERO-Object pick-to-basket trajectory; its pose in the composite scene may differ. | Object identity has its own original LIBERO-Object pick-to-basket trajectory; its pose in the composite scene may differ. | Object identity has its own original LIBERO-Object pick-to-basket trajectory; its pose in the composite scene may differ.	2	0	5	0.0	0
COMP_324	C11_object_suite_basket_triples	Put the cream cheese box, the milk, and the tomato sauce in the basket one after another.	libero_object	pick_up_the_cream_cheese_and_place_it_in_the_basket;pick_up_the_milk_and_place_it_in_the_basket;pick_up_the_tomato_sauce_and_place_it_in_the_basket	Pick the cream cheese and place it in the basket | Pick the milk and place it in the basket | Pick the tomato sauce and place it in the basket	in(cream_cheese_1, basket_1_contain_region); in(milk_1, basket_1_contain_region); in(tomato_sauce_1, basket_1_contain_region)	Unordered triple selected from all C(6,3) object triples in this exact stock layout. | The explicit action plan follows the physical left-to-right/source-region rank; reversed wording is not a new identity. | Object identity has its own original LIBERO-Object pick-to-basket trajectory; its pose in the composite scene may differ. | Object identity has its own original LIBERO-Object pick-to-basket trajectory; its pose in the composite scene may differ. | Object identity has its own original LIBERO-Object pick-to-basket trajectory; its pose in the composite scene may differ.	3	0	5	0.0	0
COMP_325	C11_object_suite_basket_triples	Put the cream cheese box, the milk, and the butter in the basket one after another.	libero_object	pick_up_the_cream_cheese_and_place_it_in_the_basket;pick_up_the_milk_and_place_it_in_the_basket;pick_up_the_butter_and_place_it_in_the_basket	Pick the cream cheese and place it in the basket | Pick the milk and place it in the basket | Pick the butter and place it in the basket	in(cream_cheese_1, basket_1_contain_region); in(milk_1, basket_1_contain_region); in(butter_1, basket_1_contain_region)	Unordered triple selected from all C(6,3) object triples in this exact stock layout. | The explicit action plan follows the physical left-to-right/source-region rank; reversed wording is not a new identity. | Object identity has its own original LIBERO-Object pick-to-basket trajectory; its pose in the composite scene may differ. | Object identity has its own original LIBERO-Object pick-to-basket trajectory; its pose in the composite scene may differ. | Object identity has its own original LIBERO-Object pick-to-basket trajectory; its pose in the composite scene may differ.	2	0	5	0.0	0
COMP_326	C11_object_suite_basket_triples	Put the cream cheese box, the milk, and the orange juice in the basket one after another.	libero_object	pick_up_the_cream_cheese_and_place_it_in_the_basket;pick_up_the_milk_and_place_it_in_the_basket;pick_up_the_orange_juice_and_place_it_in_the_basket	Pick the cream cheese and place it in the basket | Pick the milk and place it in the basket | Pick the orange juice and place it in the basket	in(cream_cheese_1, basket_1_contain_region); in(milk_1, basket_1_contain_region); in(orange_juice_1, basket_1_contain_region)	Unordered triple selected from all C(6,3) object triples in this exact stock layout. | The explicit action plan follows the physical left-to-right/source-region rank; reversed wording is not a new identity. | Object identity has its own original LIBERO-Object pick-to-basket trajectory; its pose in the composite scene may differ. | Object identity has its own original LIBERO-Object pick-to-basket trajectory; its pose in the composite scene may differ. | Object identity has its own original LIBERO-Object pick-to-basket trajectory; its pose in the composite scene may differ.	3	0	5	0.0	0
COMP_327	C11_object_suite_basket_triples	Put the cream cheese box, the tomato sauce, and the butter in the basket one after another.	libero_object	pick_up_the_cream_cheese_and_place_it_in_the_basket;pick_up_the_tomato_sauce_and_place_it_in_the_basket;pick_up_the_butter_and_place_it_in_the_basket	Pick the cream cheese and place it in the basket | Pick the tomato sauce and place it in the basket | Pick the butter and place it in the basket	in(cream_cheese_1, basket_1_contain_region); in(tomato_sauce_1, basket_1_contain_region); in(butter_1, basket_1_contain_region)	Unordered triple selected from all C(6,3) object triples in this exact stock layout. | The explicit action plan follows the physical left-to-right/source-region rank; reversed wording is not a new identity. | Object identity has its own original LIBERO-Object pick-to-basket trajectory; its pose in the composite scene may differ. | Object identity has its own original LIBERO-Object pick-to-basket trajectory; its pose in the composite scene may differ. | Object identity has its own original LIBERO-Object pick-to-basket trajectory; its pose in the composite scene may differ.	2	0	5	0.0	0
COMP_328	C11_object_suite_basket_triples	Put the cream cheese box, the tomato sauce, and the orange juice in the basket one after another.	libero_object	pick_up_the_cream_cheese_and_place_it_in_the_basket;pick_up_the_tomato_sauce_and_place_it_in_the_basket;pick_up_the_orange_juice_and_place_it_in_the_basket	Pick the cream cheese and place it in the basket | Pick the tomato sauce and place it in the basket | Pick the orange juice and place it in the basket	in(cream_cheese_1, basket_1_contain_region); in(tomato_sauce_1, basket_1_contain_region); in(orange_juice_1, basket_1_contain_region)	Unordered triple selected from all C(6,3) object triples in this exact stock layout. | The explicit action plan follows the physical left-to-right/source-region rank; reversed wording is not a new identity. | Object identity has its own original LIBERO-Object pick-to-basket trajectory; its pose in the composite scene may differ. | Object identity has its own original LIBERO-Object pick-to-basket trajectory; its pose in the composite scene may differ. | Object identity has its own original LIBERO-Object pick-to-basket trajectory; its pose in the composite scene may differ.	3	0	5	0.0	0
COMP_329	C11_object_suite_basket_triples	Put the cream cheese box, the butter, and the orange juice in the basket one after another.	libero_object	pick_up_the_cream_cheese_and_place_it_in_the_basket;pick_up_the_butter_and_place_it_in_the_basket;pick_up_the_orange_juice_and_place_it_in_the_basket	Pick the cream cheese and place it in the basket | Pick the butter and place it in the basket | Pick the orange juice and place it in the basket	in(cream_cheese_1, basket_1_contain_region); in(butter_1, basket_1_contain_region); in(orange_juice_1, basket_1_contain_region)	Unordered triple selected from all C(6,3) object triples in this exact stock layout. | The explicit action plan follows the physical left-to-right/source-region rank; reversed wording is not a new identity. | Object identity has its own original LIBERO-Object pick-to-basket trajectory; its pose in the composite scene may differ. | Object identity has its own original LIBERO-Object pick-to-basket trajectory; its pose in the composite scene may differ. | Object identity has its own original LIBERO-Object pick-to-basket trajectory; its pose in the composite scene may differ.	2	0	5	0.0	0
COMP_330	C11_object_suite_basket_triples	Put the alphabet soup, the milk, and the tomato sauce in the basket one after another.	libero_object	pick_up_the_alphabet_soup_and_place_it_in_the_basket;pick_up_the_milk_and_place_it_in_the_basket;pick_up_the_tomato_sauce_and_place_it_in_the_basket	Pick the alphabet soup and place it in the basket | Pick the milk and place it in the basket | Pick the tomato sauce and place it in the basket	in(alphabet_soup_1, basket_1_contain_region); in(milk_1, basket_1_contain_region); in(tomato_sauce_1, basket_1_contain_region)	Unordered triple selected from all C(6,3) object triples in this exact stock layout. | The explicit action plan follows the physical left-to-right/source-region rank; reversed wording is not a new identity. | Object identity has its own original LIBERO-Object pick-to-basket trajectory; its pose in the composite scene may differ. | Object identity has its own original LIBERO-Object pick-to-basket trajectory; its pose in the composite scene may differ. | Object identity has its own original LIBERO-Object pick-to-basket trajectory; its pose in the composite scene may differ.	3	0	5	0.0	0
COMP_331	C11_object_suite_basket_triples	Put the alphabet soup, the milk, and the butter in the basket one after another.	libero_object	pick_up_the_alphabet_soup_and_place_it_in_the_basket;pick_up_the_milk_and_place_it_in_the_basket;pick_up_the_butter_and_place_it_in_the_basket	Pick the alphabet soup and place it in the basket | Pick the milk and place it in the basket | Pick the butter and place it in the basket	in(alphabet_soup_1, basket_1_contain_region); in(milk_1, basket_1_contain_region); in(butter_1, basket_1_contain_region)	Unordered triple selected from all C(6,3) object triples in this exact stock layout. | The explicit action plan follows the physical left-to-right/source-region rank; reversed wording is not a new identity. | Object identity has its own original LIBERO-Object pick-to-basket trajectory; its pose in the composite scene may differ. | Object identity has its own original LIBERO-Object pick-to-basket trajectory; its pose in the composite scene may differ. | Object identity has its own original LIBERO-Object pick-to-basket trajectory; its pose in the composite scene may differ.	2	0	5	0.0	0
COMP_332	C11_object_suite_basket_triples	Put the alphabet soup, the milk, and the orange juice in the basket one after another.	libero_object	pick_up_the_alphabet_soup_and_place_it_in_the_basket;pick_up_the_milk_and_place_it_in_the_basket;pick_up_the_orange_juice_and_place_it_in_the_basket	Pick the alphabet soup and place it in the basket | Pick the milk and place it in the basket | Pick the orange juice and place it in the basket	in(alphabet_soup_1, basket_1_contain_region); in(milk_1, basket_1_contain_region); in(orange_juice_1, basket_1_contain_region)	Unordered triple selected from all C(6,3) object triples in this exact stock layout. | The explicit action plan follows the physical left-to-right/source-region rank; reversed wording is not a new identity. | Object identity has its own original LIBERO-Object pick-to-basket trajectory; its pose in the composite scene may differ. | Object identity has its own original LIBERO-Object pick-to-basket trajectory; its pose in the composite scene may differ. | Object identity has its own original LIBERO-Object pick-to-basket trajectory; its pose in the composite scene may differ.	3	0	5	0.0	0
COMP_333	C11_object_suite_basket_triples	Put the alphabet soup, the tomato sauce, and the butter in the basket one after another.	libero_object	pick_up_the_alphabet_soup_and_place_it_in_the_basket;pick_up_the_tomato_sauce_and_place_it_in_the_basket;pick_up_the_butter_and_place_it_in_the_basket	Pick the alphabet soup and place it in the basket | Pick the tomato sauce and place it in the basket | Pick the butter and place it in the basket	in(alphabet_soup_1, basket_1_contain_region); in(tomato_sauce_1, basket_1_contain_region); in(butter_1, basket_1_contain_region)	Unordered triple selected from all C(6,3) object triples in this exact stock layout. | The explicit action plan follows the physical left-to-right/source-region rank; reversed wording is not a new identity. | Object identity has its own original LIBERO-Object pick-to-basket trajectory; its pose in the composite scene may differ. | Object identity has its own original LIBERO-Object pick-to-basket trajectory; its pose in the composite scene may differ. | Object identity has its own original LIBERO-Object pick-to-basket trajectory; its pose in the composite scene may differ.	2	0	5	0.0	0
COMP_334	C11_object_suite_basket_triples	Put the alphabet soup, the tomato sauce, and the orange juice in the basket one after another.	libero_object	pick_up_the_alphabet_soup_and_place_it_in_the_basket;pick_up_the_tomato_sauce_and_place_it_in_the_basket;pick_up_the_orange_juice_and_place_it_in_the_basket	Pick the alphabet soup and place it in the basket | Pick the tomato sauce and place it in the basket | Pick the orange juice and place it in the basket	in(alphabet_soup_1, basket_1_contain_region); in(tomato_sauce_1, basket_1_contain_region); in(orange_juice_1, basket_1_contain_region)	Unordered triple selected from all C(6,3) object triples in this exact stock layout. | The explicit action plan follows the physical left-to-right/source-region rank; reversed wording is not a new identity. | Object identity has its own original LIBERO-Object pick-to-basket trajectory; its pose in the composite scene may differ. | Object identity has its own original LIBERO-Object pick-to-basket trajectory; its pose in the composite scene may differ. | Object identity has its own original LIBERO-Object pick-to-basket trajectory; its pose in the composite scene may differ.	3	0	5	0.0	0
COMP_335	C11_object_suite_basket_triples	Put the alphabet soup, the butter, and the orange juice in the basket one after another.	libero_object	pick_up_the_alphabet_soup_and_place_it_in_the_basket;pick_up_the_butter_and_place_it_in_the_basket;pick_up_the_orange_juice_and_place_it_in_the_basket	Pick the alphabet soup and place it in the basket | Pick the butter and place it in the basket | Pick the orange juice and place it in the basket	in(alphabet_soup_1, basket_1_contain_region); in(butter_1, basket_1_contain_region); in(orange_juice_1, basket_1_contain_region)	Unordered triple selected from all C(6,3) object triples in this exact stock layout. | The explicit action plan follows the physical left-to-right/source-region rank; reversed wording is not a new identity. | Object identity has its own original LIBERO-Object pick-to-basket trajectory; its pose in the composite scene may differ. | Object identity has its own original LIBERO-Object pick-to-basket trajectory; its pose in the composite scene may differ. | Object identity has its own original LIBERO-Object pick-to-basket trajectory; its pose in the composite scene may differ.	2	0	5	0.0	0
COMP_336	C11_object_suite_basket_triples	Put the milk, the tomato sauce, and the butter in the basket one after another.	libero_object	pick_up_the_milk_and_place_it_in_the_basket;pick_up_the_tomato_sauce_and_place_it_in_the_basket;pick_up_the_butter_and_place_it_in_the_basket	Pick the milk and place it in the basket | Pick the tomato sauce and place it in the basket | Pick the butter and place it in the basket	in(milk_1, basket_1_contain_region); in(tomato_sauce_1, basket_1_contain_region); in(butter_1, basket_1_contain_region)	Unordered triple selected from all C(6,3) object triples in this exact stock layout. | The explicit action plan follows the physical left-to-right/source-region rank; reversed wording is not a new identity. | Object identity has its own original LIBERO-Object pick-to-basket trajectory; its pose in the composite scene may differ. | Object identity has its own original LIBERO-Object pick-to-basket trajectory; its pose in the composite scene may differ. | Object identity has its own original LIBERO-Object pick-to-basket trajectory; its pose in the composite scene may differ.	3	0	5	0.0	0
COMP_337	C11_object_suite_basket_triples	Put the milk, the tomato sauce, and the orange juice in the basket one after another.	libero_object	pick_up_the_milk_and_place_it_in_the_basket;pick_up_the_tomato_sauce_and_place_it_in_the_basket;pick_up_the_orange_juice_and_place_it_in_the_basket	Pick the milk and place it in the basket | Pick the tomato sauce and place it in the basket | Pick the orange juice and place it in the basket	in(milk_1, basket_1_contain_region); in(tomato_sauce_1, basket_1_contain_region); in(orange_juice_1, basket_1_contain_region)	Unordered triple selected from all C(6,3) object triples in this exact stock layout. | The explicit action plan follows the physical left-to-right/source-region rank; reversed wording is not a new identity. | Object identity has its own original LIBERO-Object pick-to-basket trajectory; its pose in the composite scene may differ. | Object identity has its own original LIBERO-Object pick-to-basket trajectory; its pose in the composite scene may differ. | Object identity has its own original LIBERO-Object pick-to-basket trajectory; its pose in the composite scene may differ.	2	0	5	0.0	0
COMP_338	C11_object_suite_basket_triples	Put the milk, the butter, and the orange juice in the basket one after another.	libero_object	pick_up_the_milk_and_place_it_in_the_basket;pick_up_the_butter_and_place_it_in_the_basket;pick_up_the_orange_juice_and_place_it_in_the_basket	Pick the milk and place it in the basket | Pick the butter and place it in the basket | Pick the orange juice and place it in the basket	in(milk_1, basket_1_contain_region); in(butter_1, basket_1_contain_region); in(orange_juice_1, basket_1_contain_region)	Unordered triple selected from all C(6,3) object triples in this exact stock layout. | The explicit action plan follows the physical left-to-right/source-region rank; reversed wording is not a new identity. | Object identity has its own original LIBERO-Object pick-to-basket trajectory; its pose in the composite scene may differ. | Object identity has its own original LIBERO-Object pick-to-basket trajectory; its pose in the composite scene may differ. | Object identity has its own original LIBERO-Object pick-to-basket trajectory; its pose in the composite scene may differ.	3	0	5	0.0	0
COMP_339	C11_object_suite_basket_triples	Put the tomato sauce, the butter, and the orange juice in the basket one after another.	libero_object	pick_up_the_tomato_sauce_and_place_it_in_the_basket;pick_up_the_butter_and_place_it_in_the_basket;pick_up_the_orange_juice_and_place_it_in_the_basket	Pick the tomato sauce and place it in the basket | Pick the butter and place it in the basket | Pick the orange juice and place it in the basket	in(tomato_sauce_1, basket_1_contain_region); in(butter_1, basket_1_contain_region); in(orange_juice_1, basket_1_contain_region)	Unordered triple selected from all C(6,3) object triples in this exact stock layout. | The explicit action plan follows the physical left-to-right/source-region rank; reversed wording is not a new identity. | Object identity has its own original LIBERO-Object pick-to-basket trajectory; its pose in the composite scene may differ. | Object identity has its own original LIBERO-Object pick-to-basket trajectory; its pose in the composite scene may differ. | Object identity has its own original LIBERO-Object pick-to-basket trajectory; its pose in the composite scene may differ.	2	0	5	0.0	0
COMP_340	C11_object_suite_basket_triples	Put the ketchup, the bbq sauce, and the salad dressing in the basket one after another.	libero_object	pick_up_the_ketchup_and_place_it_in_the_basket;pick_up_the_bbq_sauce_and_place_it_in_the_basket;pick_up_the_salad_dressing_and_place_it_in_the_basket	Pick the ketchup and place it in the basket | Pick the bbq sauce and place it in the basket | Pick the salad dressing and place it in the basket	in(ketchup_1, basket_1_contain_region); in(bbq_sauce_1, basket_1_contain_region); in(salad_dressing_1, basket_1_contain_region)	Unordered triple selected from all C(6,3) object triples in this exact stock layout. | The explicit action plan follows the physical left-to-right/source-region rank; reversed wording is not a new identity. | Object identity has its own original LIBERO-Object pick-to-basket trajectory; its pose in the composite scene may differ. | Object identity has its own original LIBERO-Object pick-to-basket trajectory; its pose in the composite scene may differ. | Object identity has its own original LIBERO-Object pick-to-basket trajectory; its pose in the composite scene may differ.	3	0	5	0.0	0
COMP_341	C11_object_suite_basket_triples	Put the ketchup, the bbq sauce, and the alphabet soup in the basket one after another.	libero_object	pick_up_the_ketchup_and_place_it_in_the_basket;pick_up_the_bbq_sauce_and_place_it_in_the_basket;pick_up_the_alphabet_soup_and_place_it_in_the_basket	Pick the ketchup and place it in the basket | Pick the bbq sauce and place it in the basket | Pick the alphabet soup and place it in the basket	in(ketchup_1, basket_1_contain_region); in(bbq_sauce_1, basket_1_contain_region); in(alphabet_soup_1, basket_1_contain_region)	Unordered triple selected from all C(6,3) object triples in this exact stock layout. | The explicit action plan follows the physical left-to-right/source-region rank; reversed wording is not a new identity. | Object identity has its own original LIBERO-Object pick-to-basket trajectory; its pose in the composite scene may differ. | Object identity has its own original LIBERO-Object pick-to-basket trajectory; its pose in the composite scene may differ. | Object identity has its own original LIBERO-Object pick-to-basket trajectory; its pose in the composite scene may differ.	2	0	5	0.0	0
COMP_342	C11_object_suite_basket_triples	Put the ketchup, the bbq sauce, and the cream cheese box in the basket one after another.	libero_object	pick_up_the_ketchup_and_place_it_in_the_basket;pick_up_the_bbq_sauce_and_place_it_in_the_basket;pick_up_the_cream_cheese_and_place_it_in_the_basket	Pick the ketchup and place it in the basket | Pick the bbq sauce and place it in the basket | Pick the cream cheese and place it in the basket	in(ketchup_1, basket_1_contain_region); in(bbq_sauce_1, basket_1_contain_region); in(cream_cheese_1, basket_1_contain_region)	Unordered triple selected from all C(6,3) object triples in this exact stock layout. | The explicit action plan follows the physical left-to-right/source-region rank; reversed wording is not a new identity. | Object identity has its own original LIBERO-Object pick-to-basket trajectory; its pose in the composite scene may differ. | Object identity has its own original LIBERO-Object pick-to-basket trajectory; its pose in the composite scene may differ. | Object identity has its own original LIBERO-Object pick-to-basket trajectory; its pose in the composite scene may differ.	3	0	5	0.0	0
COMP_343	C11_object_suite_basket_triples	Put the ketchup, the bbq sauce, and the milk in the basket one after another.	libero_object	pick_up_the_ketchup_and_place_it_in_the_basket;pick_up_the_bbq_sauce_and_place_it_in_the_basket;pick_up_the_milk_and_place_it_in_the_basket	Pick the ketchup and place it in the basket | Pick the bbq sauce and place it in the basket | Pick the milk and place it in the basket	in(ketchup_1, basket_1_contain_region); in(bbq_sauce_1, basket_1_contain_region); in(milk_1, basket_1_contain_region)	Unordered triple selected from all C(6,3) object triples in this exact stock layout. | The explicit action plan follows the physical left-to-right/source-region rank; reversed wording is not a new identity. | Object identity has its own original LIBERO-Object pick-to-basket trajectory; its pose in the composite scene may differ. | Object identity has its own original LIBERO-Object pick-to-basket trajectory; its pose in the composite scene may differ. | Object identity has its own original LIBERO-Object pick-to-basket trajectory; its pose in the composite scene may differ.	2	0	5	0.0	0
COMP_344	C11_object_suite_basket_triples	Put the ketchup, the salad dressing, and the alphabet soup in the basket one after another.	libero_object	pick_up_the_ketchup_and_place_it_in_the_basket;pick_up_the_salad_dressing_and_place_it_in_the_basket;pick_up_the_alphabet_soup_and_place_it_in_the_basket	Pick the ketchup and place it in the basket | Pick the salad dressing and place it in the basket | Pick the alphabet soup and place it in the basket	in(ketchup_1, basket_1_contain_region); in(salad_dressing_1, basket_1_contain_region); in(alphabet_soup_1, basket_1_contain_region)	Unordered triple selected from all C(6,3) object triples in this exact stock layout. | The explicit action plan follows the physical left-to-right/source-region rank; reversed wording is not a new identity. | Object identity has its own original LIBERO-Object pick-to-basket trajectory; its pose in the composite scene may differ. | Object identity has its own original LIBERO-Object pick-to-basket trajectory; its pose in the composite scene may differ. | Object identity has its own original LIBERO-Object pick-to-basket trajectory; its pose in the composite scene may differ.	3	0	5	0.0	0
COMP_345	C11_object_suite_basket_triples	Put the ketchup, the salad dressing, and the cream cheese box in the basket one after another.	libero_object	pick_up_the_ketchup_and_place_it_in_the_basket;pick_up_the_salad_dressing_and_place_it_in_the_basket;pick_up_the_cream_cheese_and_place_it_in_the_basket	Pick the ketchup and place it in the basket | Pick the salad dressing and place it in the basket | Pick the cream cheese and place it in the basket	in(ketchup_1, basket_1_contain_region); in(salad_dressing_1, basket_1_contain_region); in(cream_cheese_1, basket_1_contain_region)	Unordered triple selected from all C(6,3) object triples in this exact stock layout. | The explicit action plan follows the physical left-to-right/source-region rank; reversed wording is not a new identity. | Object identity has its own original LIBERO-Object pick-to-basket trajectory; its pose in the composite scene may differ. | Object identity has its own original LIBERO-Object pick-to-basket trajectory; its pose in the composite scene may differ. | Object identity has its own original LIBERO-Object pick-to-basket trajectory; its pose in the composite scene may differ.	2	0	5	0.0	0
COMP_346	C11_object_suite_basket_triples	Put the ketchup, the salad dressing, and the milk in the basket one after another.	libero_object	pick_up_the_ketchup_and_place_it_in_the_basket;pick_up_the_salad_dressing_and_place_it_in_the_basket;pick_up_the_milk_and_place_it_in_the_basket	Pick the ketchup and place it in the basket | Pick the salad dressing and place it in the basket | Pick the milk and place it in the basket	in(ketchup_1, basket_1_contain_region); in(salad_dressing_1, basket_1_contain_region); in(milk_1, basket_1_contain_region)	Unordered triple selected from all C(6,3) object triples in this exact stock layout. | The explicit action plan follows the physical left-to-right/source-region rank; reversed wording is not a new identity. | Object identity has its own original LIBERO-Object pick-to-basket trajectory; its pose in the composite scene may differ. | Object identity has its own original LIBERO-Object pick-to-basket trajectory; its pose in the composite scene may differ. | Object identity has its own original LIBERO-Object pick-to-basket trajectory; its pose in the composite scene may differ.	3	0	5	0.0	0
COMP_347	C11_object_suite_basket_triples	Put the ketchup, the alphabet soup, and the cream cheese box in the basket one after another.	libero_object	pick_up_the_ketchup_and_place_it_in_the_basket;pick_up_the_alphabet_soup_and_place_it_in_the_basket;pick_up_the_cream_cheese_and_place_it_in_the_basket	Pick the ketchup and place it in the basket | Pick the alphabet soup and place it in the basket | Pick the cream cheese and place it in the basket	in(ketchup_1, basket_1_contain_region); in(alphabet_soup_1, basket_1_contain_region); in(cream_cheese_1, basket_1_contain_region)	Unordered triple selected from all C(6,3) object triples in this exact stock layout. | The explicit action plan follows the physical left-to-right/source-region rank; reversed wording is not a new identity. | Object identity has its own original LIBERO-Object pick-to-basket trajectory; its pose in the composite scene may differ. | Object identity has its own original LIBERO-Object pick-to-basket trajectory; its pose in the composite scene may differ. | Object identity has its own original LIBERO-Object pick-to-basket trajectory; its pose in the composite scene may differ.	2	0	5	0.0	0
COMP_348	C11_object_suite_basket_triples	Put the ketchup, the alphabet soup, and the milk in the basket one after another.	libero_object	pick_up_the_ketchup_and_place_it_in_the_basket;pick_up_the_alphabet_soup_and_place_it_in_the_basket;pick_up_the_milk_and_place_it_in_the_basket	Pick the ketchup and place it in the basket | Pick the alphabet soup and place it in the basket | Pick the milk and place it in the basket	in(ketchup_1, basket_1_contain_region); in(alphabet_soup_1, basket_1_contain_region); in(milk_1, basket_1_contain_region)	Unordered triple selected from all C(6,3) object triples in this exact stock layout. | The explicit action plan follows the physical left-to-right/source-region rank; reversed wording is not a new identity. | Object identity has its own original LIBERO-Object pick-to-basket trajectory; its pose in the composite scene may differ. | Object identity has its own original LIBERO-Object pick-to-basket trajectory; its pose in the composite scene may differ. | Object identity has its own original LIBERO-Object pick-to-basket trajectory; its pose in the composite scene may differ.	3	0	5	0.0	0
COMP_349	C11_object_suite_basket_triples	Put the ketchup, the cream cheese box, and the milk in the basket one after another.	libero_object	pick_up_the_ketchup_and_place_it_in_the_basket;pick_up_the_cream_cheese_and_place_it_in_the_basket;pick_up_the_milk_and_place_it_in_the_basket	Pick the ketchup and place it in the basket | Pick the cream cheese and place it in the basket | Pick the milk and place it in the basket	in(ketchup_1, basket_1_contain_region); in(cream_cheese_1, basket_1_contain_region); in(milk_1, basket_1_contain_region)	Unordered triple selected from all C(6,3) object triples in this exact stock layout. | The explicit action plan follows the physical left-to-right/source-region rank; reversed wording is not a new identity. | Object identity has its own original LIBERO-Object pick-to-basket trajectory; its pose in the composite scene may differ. | Object identity has its own original LIBERO-Object pick-to-basket trajectory; its pose in the composite scene may differ. | Object identity has its own original LIBERO-Object pick-to-basket trajectory; its pose in the composite scene may differ.	2	0	5	0.0	0
COMP_350	C11_object_suite_basket_triples	Put the bbq sauce, the salad dressing, and the alphabet soup in the basket one after another.	libero_object	pick_up_the_bbq_sauce_and_place_it_in_the_basket;pick_up_the_salad_dressing_and_place_it_in_the_basket;pick_up_the_alphabet_soup_and_place_it_in_the_basket	Pick the bbq sauce and place it in the basket | Pick the salad dressing and place it in the basket | Pick the alphabet soup and place it in the basket	in(bbq_sauce_1, basket_1_contain_region); in(salad_dressing_1, basket_1_contain_region); in(alphabet_soup_1, basket_1_contain_region)	Unordered triple selected from all C(6,3) object triples in this exact stock layout. | The explicit action plan follows the physical left-to-right/source-region rank; reversed wording is not a new identity. | Object identity has its own original LIBERO-Object pick-to-basket trajectory; its pose in the composite scene may differ. | Object identity has its own original LIBERO-Object pick-to-basket trajectory; its pose in the composite scene may differ. | Object identity has its own original LIBERO-Object pick-to-basket trajectory; its pose in the composite scene may differ.	3	0	5	0.0	0
COMP_351	C11_object_suite_basket_triples	Put the bbq sauce, the salad dressing, and the cream cheese box in the basket one after another.	libero_object	pick_up_the_bbq_sauce_and_place_it_in_the_basket;pick_up_the_salad_dressing_and_place_it_in_the_basket;pick_up_the_cream_cheese_and_place_it_in_the_basket	Pick the bbq sauce and place it in the basket | Pick the salad dressing and place it in the basket | Pick the cream cheese and place it in the basket	in(bbq_sauce_1, basket_1_contain_region); in(salad_dressing_1, basket_1_contain_region); in(cream_cheese_1, basket_1_contain_region)	Unordered triple selected from all C(6,3) object triples in this exact stock layout. | The explicit action plan follows the physical left-to-right/source-region rank; reversed wording is not a new identity. | Object identity has its own original LIBERO-Object pick-to-basket trajectory; its pose in the composite scene may differ. | Object identity has its own original LIBERO-Object pick-to-basket trajectory; its pose in the composite scene may differ. | Object identity has its own original LIBERO-Object pick-to-basket trajectory; its pose in the composite scene may differ.	2	0	5	0.0	0
COMP_352	C11_object_suite_basket_triples	Put the bbq sauce, the salad dressing, and the milk in the basket one after another.	libero_object	pick_up_the_bbq_sauce_and_place_it_in_the_basket;pick_up_the_salad_dressing_and_place_it_in_the_basket;pick_up_the_milk_and_place_it_in_the_basket	Pick the bbq sauce and place it in the basket | Pick the salad dressing and place it in the basket | Pick the milk and place it in the basket	in(bbq_sauce_1, basket_1_contain_region); in(salad_dressing_1, basket_1_contain_region); in(milk_1, basket_1_contain_region)	Unordered triple selected from all C(6,3) object triples in this exact stock layout. | The explicit action plan follows the physical left-to-right/source-region rank; reversed wording is not a new identity. | Object identity has its own original LIBERO-Object pick-to-basket trajectory; its pose in the composite scene may differ. | Object identity has its own original LIBERO-Object pick-to-basket trajectory; its pose in the composite scene may differ. | Object identity has its own original LIBERO-Object pick-to-basket trajectory; its pose in the composite scene may differ.	3	0	5	0.0	0
COMP_353	C11_object_suite_basket_triples	Put the bbq sauce, the alphabet soup, and the cream cheese box in the basket one after another.	libero_object	pick_up_the_bbq_sauce_and_place_it_in_the_basket;pick_up_the_alphabet_soup_and_place_it_in_the_basket;pick_up_the_cream_cheese_and_place_it_in_the_basket	Pick the bbq sauce and place it in the basket | Pick the alphabet soup and place it in the basket | Pick the cream cheese and place it in the basket	in(bbq_sauce_1, basket_1_contain_region); in(alphabet_soup_1, basket_1_contain_region); in(cream_cheese_1, basket_1_contain_region)	Unordered triple selected from all C(6,3) object triples in this exact stock layout. | The explicit action plan follows the physical left-to-right/source-region rank; reversed wording is not a new identity. | Object identity has its own original LIBERO-Object pick-to-basket trajectory; its pose in the composite scene may differ. | Object identity has its own original LIBERO-Object pick-to-basket trajectory; its pose in the composite scene may differ. | Object identity has its own original LIBERO-Object pick-to-basket trajectory; its pose in the composite scene may differ.	2	0	5	0.0	0
COMP_354	C11_object_suite_basket_triples	Put the bbq sauce, the alphabet soup, and the milk in the basket one after another.	libero_object	pick_up_the_bbq_sauce_and_place_it_in_the_basket;pick_up_the_alphabet_soup_and_place_it_in_the_basket;pick_up_the_milk_and_place_it_in_the_basket	Pick the bbq sauce and place it in the basket | Pick the alphabet soup and place it in the basket | Pick the milk and place it in the basket	in(bbq_sauce_1, basket_1_contain_region); in(alphabet_soup_1, basket_1_contain_region); in(milk_1, basket_1_contain_region)	Unordered triple selected from all C(6,3) object triples in this exact stock layout. | The explicit action plan follows the physical left-to-right/source-region rank; reversed wording is not a new identity. | Object identity has its own original LIBERO-Object pick-to-basket trajectory; its pose in the composite scene may differ. | Object identity has its own original LIBERO-Object pick-to-basket trajectory; its pose in the composite scene may differ. | Object identity has its own original LIBERO-Object pick-to-basket trajectory; its pose in the composite scene may differ.	3	0	5	0.0	0
COMP_355	C11_object_suite_basket_triples	Put the bbq sauce, the cream cheese box, and the milk in the basket one after another.	libero_object	pick_up_the_bbq_sauce_and_place_it_in_the_basket;pick_up_the_cream_cheese_and_place_it_in_the_basket;pick_up_the_milk_and_place_it_in_the_basket	Pick the bbq sauce and place it in the basket | Pick the cream cheese and place it in the basket | Pick the milk and place it in the basket	in(bbq_sauce_1, basket_1_contain_region); in(cream_cheese_1, basket_1_contain_region); in(milk_1, basket_1_contain_region)	Unordered triple selected from all C(6,3) object triples in this exact stock layout. | The explicit action plan follows the physical left-to-right/source-region rank; reversed wording is not a new identity. | Object identity has its own original LIBERO-Object pick-to-basket trajectory; its pose in the composite scene may differ. | Object identity has its own original LIBERO-Object pick-to-basket trajectory; its pose in the composite scene may differ. | Object identity has its own original LIBERO-Object pick-to-basket trajectory; its pose in the composite scene may differ.	2	0	5	0.0	0
COMP_356	C11_object_suite_basket_triples	Put the salad dressing, the alphabet soup, and the cream cheese box in the basket one after another.	libero_object	pick_up_the_salad_dressing_and_place_it_in_the_basket;pick_up_the_alphabet_soup_and_place_it_in_the_basket;pick_up_the_cream_cheese_and_place_it_in_the_basket	Pick the salad dressing and place it in the basket | Pick the alphabet soup and place it in the basket | Pick the cream cheese and place it in the basket	in(salad_dressing_1, basket_1_contain_region); in(alphabet_soup_1, basket_1_contain_region); in(cream_cheese_1, basket_1_contain_region)	Unordered triple selected from all C(6,3) object triples in this exact stock layout. | The explicit action plan follows the physical left-to-right/source-region rank; reversed wording is not a new identity. | Object identity has its own original LIBERO-Object pick-to-basket trajectory; its pose in the composite scene may differ. | Object identity has its own original LIBERO-Object pick-to-basket trajectory; its pose in the composite scene may differ. | Object identity has its own original LIBERO-Object pick-to-basket trajectory; its pose in the composite scene may differ.	3	0	5	0.0	0
COMP_357	C11_object_suite_basket_triples	Put the salad dressing, the alphabet soup, and the milk in the basket one after another.	libero_object	pick_up_the_salad_dressing_and_place_it_in_the_basket;pick_up_the_alphabet_soup_and_place_it_in_the_basket;pick_up_the_milk_and_place_it_in_the_basket	Pick the salad dressing and place it in the basket | Pick the alphabet soup and place it in the basket | Pick the milk and place it in the basket	in(salad_dressing_1, basket_1_contain_region); in(alphabet_soup_1, basket_1_contain_region); in(milk_1, basket_1_contain_region)	Unordered triple selected from all C(6,3) object triples in this exact stock layout. | The explicit action plan follows the physical left-to-right/source-region rank; reversed wording is not a new identity. | Object identity has its own original LIBERO-Object pick-to-basket trajectory; its pose in the composite scene may differ. | Object identity has its own original LIBERO-Object pick-to-basket trajectory; its pose in the composite scene may differ. | Object identity has its own original LIBERO-Object pick-to-basket trajectory; its pose in the composite scene may differ.	2	0	5	0.0	0
COMP_358	C11_object_suite_basket_triples	Put the salad dressing, the cream cheese box, and the milk in the basket one after another.	libero_object	pick_up_the_salad_dressing_and_place_it_in_the_basket;pick_up_the_cream_cheese_and_place_it_in_the_basket;pick_up_the_milk_and_place_it_in_the_basket	Pick the salad dressing and place it in the basket | Pick the cream cheese and place it in the basket | Pick the milk and place it in the basket	in(salad_dressing_1, basket_1_contain_region); in(cream_cheese_1, basket_1_contain_region); in(milk_1, basket_1_contain_region)	Unordered triple selected from all C(6,3) object triples in this exact stock layout. | The explicit action plan follows the physical left-to-right/source-region rank; reversed wording is not a new identity. | Object identity has its own original LIBERO-Object pick-to-basket trajectory; its pose in the composite scene may differ. | Object identity has its own original LIBERO-Object pick-to-basket trajectory; its pose in the composite scene may differ. | Object identity has its own original LIBERO-Object pick-to-basket trajectory; its pose in the composite scene may differ.	3	0	5	0.0	0
COMP_359	C11_object_suite_basket_triples	Put the alphabet soup, the cream cheese box, and the milk in the basket one after another.	libero_object	pick_up_the_alphabet_soup_and_place_it_in_the_basket;pick_up_the_cream_cheese_and_place_it_in_the_basket;pick_up_the_milk_and_place_it_in_the_basket	Pick the alphabet soup and place it in the basket | Pick the cream cheese and place it in the basket | Pick the milk and place it in the basket	in(alphabet_soup_1, basket_1_contain_region); in(cream_cheese_1, basket_1_contain_region); in(milk_1, basket_1_contain_region)	Unordered triple selected from all C(6,3) object triples in this exact stock layout. | The explicit action plan follows the physical left-to-right/source-region rank; reversed wording is not a new identity. | Object identity has its own original LIBERO-Object pick-to-basket trajectory; its pose in the composite scene may differ. | Object identity has its own original LIBERO-Object pick-to-basket trajectory; its pose in the composite scene may differ. | Object identity has its own original LIBERO-Object pick-to-basket trajectory; its pose in the composite scene may differ.	2	0	5	0.0	0
COMP_360	C11_object_suite_basket_triples	Put the milk, the cream cheese box, and the tomato sauce in the basket one after another.	libero_object	pick_up_the_milk_and_place_it_in_the_basket;pick_up_the_cream_cheese_and_place_it_in_the_basket;pick_up_the_tomato_sauce_and_place_it_in_the_basket	Pick the milk and place it in the basket | Pick the cream cheese and place it in the basket | Pick the tomato sauce and place it in the basket	in(milk_1, basket_1_contain_region); in(cream_cheese_1, basket_1_contain_region); in(tomato_sauce_1, basket_1_contain_region)	Unordered triple selected from all C(6,3) object triples in this exact stock layout. | The explicit action plan follows the physical left-to-right/source-region rank; reversed wording is not a new identity. | Object identity has its own original LIBERO-Object pick-to-basket trajectory; its pose in the composite scene may differ. | Object identity has its own original LIBERO-Object pick-to-basket trajectory; its pose in the composite scene may differ. | Object identity has its own original LIBERO-Object pick-to-basket trajectory; its pose in the composite scene may differ.	3	0	5	0.0	0
COMP_361	C11_object_suite_basket_triples	Put the milk, the cream cheese box, and the butter in the basket one after another.	libero_object	pick_up_the_milk_and_place_it_in_the_basket;pick_up_the_cream_cheese_and_place_it_in_the_basket;pick_up_the_butter_and_place_it_in_the_basket	Pick the milk and place it in the basket | Pick the cream cheese and place it in the basket | Pick the butter and place it in the basket	in(milk_1, basket_1_contain_region); in(cream_cheese_1, basket_1_contain_region); in(butter_1, basket_1_contain_region)	Unordered triple selected from all C(6,3) object triples in this exact stock layout. | The explicit action plan follows the physical left-to-right/source-region rank; reversed wording is not a new identity. | Object identity has its own original LIBERO-Object pick-to-basket trajectory; its pose in the composite scene may differ. | Object identity has its own original LIBERO-Object pick-to-basket trajectory; its pose in the composite scene may differ. | Object identity has its own original LIBERO-Object pick-to-basket trajectory; its pose in the composite scene may differ.	2	0	5	0.0	0
COMP_362	C11_object_suite_basket_triples	Put the milk, the cream cheese box, and the orange juice in the basket one after another.	libero_object	pick_up_the_milk_and_place_it_in_the_basket;pick_up_the_cream_cheese_and_place_it_in_the_basket;pick_up_the_orange_juice_and_place_it_in_the_basket	Pick the milk and place it in the basket | Pick the cream cheese and place it in the basket | Pick the orange juice and place it in the basket	in(milk_1, basket_1_contain_region); in(cream_cheese_1, basket_1_contain_region); in(orange_juice_1, basket_1_contain_region)	Unordered triple selected from all C(6,3) object triples in this exact stock layout. | The explicit action plan follows the physical left-to-right/source-region rank; reversed wording is not a new identity. | Object identity has its own original LIBERO-Object pick-to-basket trajectory; its pose in the composite scene may differ. | Object identity has its own original LIBERO-Object pick-to-basket trajectory; its pose in the composite scene may differ. | Object identity has its own original LIBERO-Object pick-to-basket trajectory; its pose in the composite scene may differ.	3	0	5	0.0	0
COMP_363	C11_object_suite_basket_triples	Put the milk, the cream cheese box, and the chocolate pudding in the basket one after another.	libero_object	pick_up_the_milk_and_place_it_in_the_basket;pick_up_the_cream_cheese_and_place_it_in_the_basket;pick_up_the_chocolate_pudding_and_place_it_in_the_basket	Pick the milk and place it in the basket | Pick the cream cheese and place it in the basket | Pick the chocolate pudding and place it in the basket	in(milk_1, basket_1_contain_region); in(cream_cheese_1, basket_1_contain_region); in(chocolate_pudding_1, basket_1_contain_region)	Unordered triple selected from all C(6,3) object triples in this exact stock layout. | The explicit action plan follows the physical left-to-right/source-region rank; reversed wording is not a new identity. | Object identity has its own original LIBERO-Object pick-to-basket trajectory; its pose in the composite scene may differ. | Object identity has its own original LIBERO-Object pick-to-basket trajectory; its pose in the composite scene may differ. | Object identity has its own original LIBERO-Object pick-to-basket trajectory; its pose in the composite scene may differ.	2	0	5	0.0	0
COMP_364	C11_object_suite_basket_triples	Put the milk, the tomato sauce, and the butter in the basket one after another.	libero_object	pick_up_the_milk_and_place_it_in_the_basket;pick_up_the_tomato_sauce_and_place_it_in_the_basket;pick_up_the_butter_and_place_it_in_the_basket	Pick the milk and place it in the basket | Pick the tomato sauce and place it in the basket | Pick the butter and place it in the basket	in(milk_1, basket_1_contain_region); in(tomato_sauce_1, basket_1_contain_region); in(butter_1, basket_1_contain_region)	Unordered triple selected from all C(6,3) object triples in this exact stock layout. | The explicit action plan follows the physical left-to-right/source-region rank; reversed wording is not a new identity. | Object identity has its own original LIBERO-Object pick-to-basket trajectory; its pose in the composite scene may differ. | Object identity has its own original LIBERO-Object pick-to-basket trajectory; its pose in the composite scene may differ. | Object identity has its own original LIBERO-Object pick-to-basket trajectory; its pose in the composite scene may differ.	3	0	5	0.0	0
COMP_365	C11_object_suite_basket_triples	Put the milk, the tomato sauce, and the orange juice in the basket one after another.	libero_object	pick_up_the_milk_and_place_it_in_the_basket;pick_up_the_tomato_sauce_and_place_it_in_the_basket;pick_up_the_orange_juice_and_place_it_in_the_basket	Pick the milk and place it in the basket | Pick the tomato sauce and place it in the basket | Pick the orange juice and place it in the basket	in(milk_1, basket_1_contain_region); in(tomato_sauce_1, basket_1_contain_region); in(orange_juice_1, basket_1_contain_region)	Unordered triple selected from all C(6,3) object triples in this exact stock layout. | The explicit action plan follows the physical left-to-right/source-region rank; reversed wording is not a new identity. | Object identity has its own original LIBERO-Object pick-to-basket trajectory; its pose in the composite scene may differ. | Object identity has its own original LIBERO-Object pick-to-basket trajectory; its pose in the composite scene may differ. | Object identity has its own original LIBERO-Object pick-to-basket trajectory; its pose in the composite scene may differ.	2	0	5	0.0	0
COMP_366	C11_object_suite_basket_triples	Put the milk, the tomato sauce, and the chocolate pudding in the basket one after another.	libero_object	pick_up_the_milk_and_place_it_in_the_basket;pick_up_the_tomato_sauce_and_place_it_in_the_basket;pick_up_the_chocolate_pudding_and_place_it_in_the_basket	Pick the milk and place it in the basket | Pick the tomato sauce and place it in the basket | Pick the chocolate pudding and place it in the basket	in(milk_1, basket_1_contain_region); in(tomato_sauce_1, basket_1_contain_region); in(chocolate_pudding_1, basket_1_contain_region)	Unordered triple selected from all C(6,3) object triples in this exact stock layout. | The explicit action plan follows the physical left-to-right/source-region rank; reversed wording is not a new identity. | Object identity has its own original LIBERO-Object pick-to-basket trajectory; its pose in the composite scene may differ. | Object identity has its own original LIBERO-Object pick-to-basket trajectory; its pose in the composite scene may differ. | Object identity has its own original LIBERO-Object pick-to-basket trajectory; its pose in the composite scene may differ.	3	0	5	0.0	0
COMP_367	C11_object_suite_basket_triples	Put the milk, the butter, and the orange juice in the basket one after another.	libero_object	pick_up_the_milk_and_place_it_in_the_basket;pick_up_the_butter_and_place_it_in_the_basket;pick_up_the_orange_juice_and_place_it_in_the_basket	Pick the milk and place it in the basket | Pick the butter and place it in the basket | Pick the orange juice and place it in the basket	in(milk_1, basket_1_contain_region); in(butter_1, basket_1_contain_region); in(orange_juice_1, basket_1_contain_region)	Unordered triple selected from all C(6,3) object triples in this exact stock layout. | The explicit action plan follows the physical left-to-right/source-region rank; reversed wording is not a new identity. | Object identity has its own original LIBERO-Object pick-to-basket trajectory; its pose in the composite scene may differ. | Object identity has its own original LIBERO-Object pick-to-basket trajectory; its pose in the composite scene may differ. | Object identity has its own original LIBERO-Object pick-to-basket trajectory; its pose in the composite scene may differ.	2	0	5	0.0	0
COMP_368	C11_object_suite_basket_triples	Put the milk, the butter, and the chocolate pudding in the basket one after another.	libero_object	pick_up_the_milk_and_place_it_in_the_basket;pick_up_the_butter_and_place_it_in_the_basket;pick_up_the_chocolate_pudding_and_place_it_in_the_basket	Pick the milk and place it in the basket | Pick the butter and place it in the basket | Pick the chocolate pudding and place it in the basket	in(milk_1, basket_1_contain_region); in(butter_1, basket_1_contain_region); in(chocolate_pudding_1, basket_1_contain_region)	Unordered triple selected from all C(6,3) object triples in this exact stock layout. | The explicit action plan follows the physical left-to-right/source-region rank; reversed wording is not a new identity. | Object identity has its own original LIBERO-Object pick-to-basket trajectory; its pose in the composite scene may differ. | Object identity has its own original LIBERO-Object pick-to-basket trajectory; its pose in the composite scene may differ. | Object identity has its own original LIBERO-Object pick-to-basket trajectory; its pose in the composite scene may differ.	3	0	5	0.0	0
COMP_369	C11_object_suite_basket_triples	Put the milk, the orange juice, and the chocolate pudding in the basket one after another.	libero_object	pick_up_the_milk_and_place_it_in_the_basket;pick_up_the_orange_juice_and_place_it_in_the_basket;pick_up_the_chocolate_pudding_and_place_it_in_the_basket	Pick the milk and place it in the basket | Pick the orange juice and place it in the basket | Pick the chocolate pudding and place it in the basket	in(milk_1, basket_1_contain_region); in(orange_juice_1, basket_1_contain_region); in(chocolate_pudding_1, basket_1_contain_region)	Unordered triple selected from all C(6,3) object triples in this exact stock layout. | The explicit action plan follows the physical left-to-right/source-region rank; reversed wording is not a new identity. | Object identity has its own original LIBERO-Object pick-to-basket trajectory; its pose in the composite scene may differ. | Object identity has its own original LIBERO-Object pick-to-basket trajectory; its pose in the composite scene may differ. | Object identity has its own original LIBERO-Object pick-to-basket trajectory; its pose in the composite scene may differ.	2	0	5	0.0	0
COMP_370	C11_object_suite_basket_triples	Put the cream cheese box, the tomato sauce, and the butter in the basket one after another.	libero_object	pick_up_the_cream_cheese_and_place_it_in_the_basket;pick_up_the_tomato_sauce_and_place_it_in_the_basket;pick_up_the_butter_and_place_it_in_the_basket	Pick the cream cheese and place it in the basket | Pick the tomato sauce and place it in the basket | Pick the butter and place it in the basket	in(cream_cheese_1, basket_1_contain_region); in(tomato_sauce_1, basket_1_contain_region); in(butter_1, basket_1_contain_region)	Unordered triple selected from all C(6,3) object triples in this exact stock layout. | The explicit action plan follows the physical left-to-right/source-region rank; reversed wording is not a new identity. | Object identity has its own original LIBERO-Object pick-to-basket trajectory; its pose in the composite scene may differ. | Object identity has its own original LIBERO-Object pick-to-basket trajectory; its pose in the composite scene may differ. | Object identity has its own original LIBERO-Object pick-to-basket trajectory; its pose in the composite scene may differ.	3	0	5	0.0	0
COMP_371	C11_object_suite_basket_triples	Put the cream cheese box, the tomato sauce, and the orange juice in the basket one after another.	libero_object	pick_up_the_cream_cheese_and_place_it_in_the_basket;pick_up_the_tomato_sauce_and_place_it_in_the_basket;pick_up_the_orange_juice_and_place_it_in_the_basket	Pick the cream cheese and place it in the basket | Pick the tomato sauce and place it in the basket | Pick the orange juice and place it in the basket	in(cream_cheese_1, basket_1_contain_region); in(tomato_sauce_1, basket_1_contain_region); in(orange_juice_1, basket_1_contain_region)	Unordered triple selected from all C(6,3) object triples in this exact stock layout. | The explicit action plan follows the physical left-to-right/source-region rank; reversed wording is not a new identity. | Object identity has its own original LIBERO-Object pick-to-basket trajectory; its pose in the composite scene may differ. | Object identity has its own original LIBERO-Object pick-to-basket trajectory; its pose in the composite scene may differ. | Object identity has its own original LIBERO-Object pick-to-basket trajectory; its pose in the composite scene may differ.	2	0	5	0.0	0
COMP_372	C11_object_suite_basket_triples	Put the cream cheese box, the tomato sauce, and the chocolate pudding in the basket one after another.	libero_object	pick_up_the_cream_cheese_and_place_it_in_the_basket;pick_up_the_tomato_sauce_and_place_it_in_the_basket;pick_up_the_chocolate_pudding_and_place_it_in_the_basket	Pick the cream cheese and place it in the basket | Pick the tomato sauce and place it in the basket | Pick the chocolate pudding and place it in the basket	in(cream_cheese_1, basket_1_contain_region); in(tomato_sauce_1, basket_1_contain_region); in(chocolate_pudding_1, basket_1_contain_region)	Unordered triple selected from all C(6,3) object triples in this exact stock layout. | The explicit action plan follows the physical left-to-right/source-region rank; reversed wording is not a new identity. | Object identity has its own original LIBERO-Object pick-to-basket trajectory; its pose in the composite scene may differ. | Object identity has its own original LIBERO-Object pick-to-basket trajectory; its pose in the composite scene may differ. | Object identity has its own original LIBERO-Object pick-to-basket trajectory; its pose in the composite scene may differ.	3	0	5	0.0	0
COMP_373	C11_object_suite_basket_triples	Put the cream cheese box, the butter, and the orange juice in the basket one after another.	libero_object	pick_up_the_cream_cheese_and_place_it_in_the_basket;pick_up_the_butter_and_place_it_in_the_basket;pick_up_the_orange_juice_and_place_it_in_the_basket	Pick the cream cheese and place it in the basket | Pick the butter and place it in the basket | Pick the orange juice and place it in the basket	in(cream_cheese_1, basket_1_contain_region); in(butter_1, basket_1_contain_region); in(orange_juice_1, basket_1_contain_region)	Unordered triple selected from all C(6,3) object triples in this exact stock layout. | The explicit action plan follows the physical left-to-right/source-region rank; reversed wording is not a new identity. | Object identity has its own original LIBERO-Object pick-to-basket trajectory; its pose in the composite scene may differ. | Object identity has its own original LIBERO-Object pick-to-basket trajectory; its pose in the composite scene may differ. | Object identity has its own original LIBERO-Object pick-to-basket trajectory; its pose in the composite scene may differ.	2	0	5	0.0	0
COMP_374	C11_object_suite_basket_triples	Put the cream cheese box, the butter, and the chocolate pudding in the basket one after another.	libero_object	pick_up_the_cream_cheese_and_place_it_in_the_basket;pick_up_the_butter_and_place_it_in_the_basket;pick_up_the_chocolate_pudding_and_place_it_in_the_basket	Pick the cream cheese and place it in the basket | Pick the butter and place it in the basket | Pick the chocolate pudding and place it in the basket	in(cream_cheese_1, basket_1_contain_region); in(butter_1, basket_1_contain_region); in(chocolate_pudding_1, basket_1_contain_region)	Unordered triple selected from all C(6,3) object triples in this exact stock layout. | The explicit action plan follows the physical left-to-right/source-region rank; reversed wording is not a new identity. | Object identity has its own original LIBERO-Object pick-to-basket trajectory; its pose in the composite scene may differ. | Object identity has its own original LIBERO-Object pick-to-basket trajectory; its pose in the composite scene may differ. | Object identity has its own original LIBERO-Object pick-to-basket trajectory; its pose in the composite scene may differ.	3	0	5	0.0	0
COMP_375	C11_object_suite_basket_triples	Put the cream cheese box, the orange juice, and the chocolate pudding in the basket one after another.	libero_object	pick_up_the_cream_cheese_and_place_it_in_the_basket;pick_up_the_orange_juice_and_place_it_in_the_basket;pick_up_the_chocolate_pudding_and_place_it_in_the_basket	Pick the cream cheese and place it in the basket | Pick the orange juice and place it in the basket | Pick the chocolate pudding and place it in the basket	in(cream_cheese_1, basket_1_contain_region); in(orange_juice_1, basket_1_contain_region); in(chocolate_pudding_1, basket_1_contain_region)	Unordered triple selected from all C(6,3) object triples in this exact stock layout. | The explicit action plan follows the physical left-to-right/source-region rank; reversed wording is not a new identity. | Object identity has its own original LIBERO-Object pick-to-basket trajectory; its pose in the composite scene may differ. | Object identity has its own original LIBERO-Object pick-to-basket trajectory; its pose in the composite scene may differ. | Object identity has its own original LIBERO-Object pick-to-basket trajectory; its pose in the composite scene may differ.	2	0	5	0.0	0
COMP_376	C11_object_suite_basket_triples	Put the tomato sauce, the butter, and the orange juice in the basket one after another.	libero_object	pick_up_the_tomato_sauce_and_place_it_in_the_basket;pick_up_the_butter_and_place_it_in_the_basket;pick_up_the_orange_juice_and_place_it_in_the_basket	Pick the tomato sauce and place it in the basket | Pick the butter and place it in the basket | Pick the orange juice and place it in the basket	in(tomato_sauce_1, basket_1_contain_region); in(butter_1, basket_1_contain_region); in(orange_juice_1, basket_1_contain_region)	Unordered triple selected from all C(6,3) object triples in this exact stock layout. | The explicit action plan follows the physical left-to-right/source-region rank; reversed wording is not a new identity. | Object identity has its own original LIBERO-Object pick-to-basket trajectory; its pose in the composite scene may differ. | Object identity has its own original LIBERO-Object pick-to-basket trajectory; its pose in the composite scene may differ. | Object identity has its own original LIBERO-Object pick-to-basket trajectory; its pose in the composite scene may differ.	3	0	5	0.0	0
COMP_377	C11_object_suite_basket_triples	Put the tomato sauce, the butter, and the chocolate pudding in the basket one after another.	libero_object	pick_up_the_tomato_sauce_and_place_it_in_the_basket;pick_up_the_butter_and_place_it_in_the_basket;pick_up_the_chocolate_pudding_and_place_it_in_the_basket	Pick the tomato sauce and place it in the basket | Pick the butter and place it in the basket | Pick the chocolate pudding and place it in the basket	in(tomato_sauce_1, basket_1_contain_region); in(butter_1, basket_1_contain_region); in(chocolate_pudding_1, basket_1_contain_region)	Unordered triple selected from all C(6,3) object triples in this exact stock layout. | The explicit action plan follows the physical left-to-right/source-region rank; reversed wording is not a new identity. | Object identity has its own original LIBERO-Object pick-to-basket trajectory; its pose in the composite scene may differ. | Object identity has its own original LIBERO-Object pick-to-basket trajectory; its pose in the composite scene may differ. | Object identity has its own original LIBERO-Object pick-to-basket trajectory; its pose in the composite scene may differ.	2	0	5	0.0	0
COMP_378	C11_object_suite_basket_triples	Put the tomato sauce, the orange juice, and the chocolate pudding in the basket one after another.	libero_object	pick_up_the_tomato_sauce_and_place_it_in_the_basket;pick_up_the_orange_juice_and_place_it_in_the_basket;pick_up_the_chocolate_pudding_and_place_it_in_the_basket	Pick the tomato sauce and place it in the basket | Pick the orange juice and place it in the basket | Pick the chocolate pudding and place it in the basket	in(tomato_sauce_1, basket_1_contain_region); in(orange_juice_1, basket_1_contain_region); in(chocolate_pudding_1, basket_1_contain_region)	Unordered triple selected from all C(6,3) object triples in this exact stock layout. | The explicit action plan follows the physical left-to-right/source-region rank; reversed wording is not a new identity. | Object identity has its own original LIBERO-Object pick-to-basket trajectory; its pose in the composite scene may differ. | Object identity has its own original LIBERO-Object pick-to-basket trajectory; its pose in the composite scene may differ. | Object identity has its own original LIBERO-Object pick-to-basket trajectory; its pose in the composite scene may differ.	3	0	5	0.0	0
COMP_379	C11_object_suite_basket_triples	Put the butter, the orange juice, and the chocolate pudding in the basket one after another.	libero_object	pick_up_the_butter_and_place_it_in_the_basket;pick_up_the_orange_juice_and_place_it_in_the_basket;pick_up_the_chocolate_pudding_and_place_it_in_the_basket	Pick the butter and place it in the basket | Pick the orange juice and place it in the basket | Pick the chocolate pudding and place it in the basket	in(butter_1, basket_1_contain_region); in(orange_juice_1, basket_1_contain_region); in(chocolate_pudding_1, basket_1_contain_region)	Unordered triple selected from all C(6,3) object triples in this exact stock layout. | The explicit action plan follows the physical left-to-right/source-region rank; reversed wording is not a new identity. | Object identity has its own original LIBERO-Object pick-to-basket trajectory; its pose in the composite scene may differ. | Object identity has its own original LIBERO-Object pick-to-basket trajectory; its pose in the composite scene may differ. | Object identity has its own original LIBERO-Object pick-to-basket trajectory; its pose in the composite scene may differ.	2	0	5	0.0	0
COMP_380	C11_object_suite_basket_triples	Put the orange juice, the butter, and the chocolate pudding in the basket one after another.	libero_object	pick_up_the_orange_juice_and_place_it_in_the_basket;pick_up_the_butter_and_place_it_in_the_basket;pick_up_the_chocolate_pudding_and_place_it_in_the_basket	Pick the orange juice and place it in the basket | Pick the butter and place it in the basket | Pick the chocolate pudding and place it in the basket	in(orange_juice_1, basket_1_contain_region); in(butter_1, basket_1_contain_region); in(chocolate_pudding_1, basket_1_contain_region)	Unordered triple selected from all C(6,3) object triples in this exact stock layout. | The explicit action plan follows the physical left-to-right/source-region rank; reversed wording is not a new identity. | Object identity has its own original LIBERO-Object pick-to-basket trajectory; its pose in the composite scene may differ. | Object identity has its own original LIBERO-Object pick-to-basket trajectory; its pose in the composite scene may differ. | Object identity has its own original LIBERO-Object pick-to-basket trajectory; its pose in the composite scene may differ.	3	0	5	0.0	0
COMP_381	C11_object_suite_basket_triples	Put the orange juice, the butter, and the bbq sauce in the basket one after another.	libero_object	pick_up_the_orange_juice_and_place_it_in_the_basket;pick_up_the_butter_and_place_it_in_the_basket;pick_up_the_bbq_sauce_and_place_it_in_the_basket	Pick the orange juice and place it in the basket | Pick the butter and place it in the basket | Pick the bbq sauce and place it in the basket	in(orange_juice_1, basket_1_contain_region); in(butter_1, basket_1_contain_region); in(bbq_sauce_1, basket_1_contain_region)	Unordered triple selected from all C(6,3) object triples in this exact stock layout. | The explicit action plan follows the physical left-to-right/source-region rank; reversed wording is not a new identity. | Object identity has its own original LIBERO-Object pick-to-basket trajectory; its pose in the composite scene may differ. | Object identity has its own original LIBERO-Object pick-to-basket trajectory; its pose in the composite scene may differ. | Object identity has its own original LIBERO-Object pick-to-basket trajectory; its pose in the composite scene may differ.	2	0	5	0.0	0
COMP_382	C11_object_suite_basket_triples	Put the orange juice, the butter, and the ketchup in the basket one after another.	libero_object	pick_up_the_orange_juice_and_place_it_in_the_basket;pick_up_the_butter_and_place_it_in_the_basket;pick_up_the_ketchup_and_place_it_in_the_basket	Pick the orange juice and place it in the basket | Pick the butter and place it in the basket | Pick the ketchup and place it in the basket	in(orange_juice_1, basket_1_contain_region); in(butter_1, basket_1_contain_region); in(ketchup_1, basket_1_contain_region)	Unordered triple selected from all C(6,3) object triples in this exact stock layout. | The explicit action plan follows the physical left-to-right/source-region rank; reversed wording is not a new identity. | Object identity has its own original LIBERO-Object pick-to-basket trajectory; its pose in the composite scene may differ. | Object identity has its own original LIBERO-Object pick-to-basket trajectory; its pose in the composite scene may differ. | Object identity has its own original LIBERO-Object pick-to-basket trajectory; its pose in the composite scene may differ.	3	0	5	0.0	0
COMP_383	C11_object_suite_basket_triples	Put the orange juice, the butter, and the salad dressing in the basket one after another.	libero_object	pick_up_the_orange_juice_and_place_it_in_the_basket;pick_up_the_butter_and_place_it_in_the_basket;pick_up_the_salad_dressing_and_place_it_in_the_basket	Pick the orange juice and place it in the basket | Pick the butter and place it in the basket | Pick the salad dressing and place it in the basket	in(orange_juice_1, basket_1_contain_region); in(butter_1, basket_1_contain_region); in(salad_dressing_1, basket_1_contain_region)	Unordered triple selected from all C(6,3) object triples in this exact stock layout. | The explicit action plan follows the physical left-to-right/source-region rank; reversed wording is not a new identity. | Object identity has its own original LIBERO-Object pick-to-basket trajectory; its pose in the composite scene may differ. | Object identity has its own original LIBERO-Object pick-to-basket trajectory; its pose in the composite scene may differ. | Object identity has its own original LIBERO-Object pick-to-basket trajectory; its pose in the composite scene may differ.	2	0	5	0.0	0
COMP_384	C11_object_suite_basket_triples	Put the orange juice, the chocolate pudding, and the bbq sauce in the basket one after another.	libero_object	pick_up_the_orange_juice_and_place_it_in_the_basket;pick_up_the_chocolate_pudding_and_place_it_in_the_basket;pick_up_the_bbq_sauce_and_place_it_in_the_basket	Pick the orange juice and place it in the basket | Pick the chocolate pudding and place it in the basket | Pick the bbq sauce and place it in the basket	in(orange_juice_1, basket_1_contain_region); in(chocolate_pudding_1, basket_1_contain_region); in(bbq_sauce_1, basket_1_contain_region)	Unordered triple selected from all C(6,3) object triples in this exact stock layout. | The explicit action plan follows the physical left-to-right/source-region rank; reversed wording is not a new identity. | Object identity has its own original LIBERO-Object pick-to-basket trajectory; its pose in the composite scene may differ. | Object identity has its own original LIBERO-Object pick-to-basket trajectory; its pose in the composite scene may differ. | Object identity has its own original LIBERO-Object pick-to-basket trajectory; its pose in the composite scene may differ.	3	0	5	0.0	0
COMP_385	C11_object_suite_basket_triples	Put the orange juice, the chocolate pudding, and the ketchup in the basket one after another.	libero_object	pick_up_the_orange_juice_and_place_it_in_the_basket;pick_up_the_chocolate_pudding_and_place_it_in_the_basket;pick_up_the_ketchup_and_place_it_in_the_basket	Pick the orange juice and place it in the basket | Pick the chocolate pudding and place it in the basket | Pick the ketchup and place it in the basket	in(orange_juice_1, basket_1_contain_region); in(chocolate_pudding_1, basket_1_contain_region); in(ketchup_1, basket_1_contain_region)	Unordered triple selected from all C(6,3) object triples in this exact stock layout. | The explicit action plan follows the physical left-to-right/source-region rank; reversed wording is not a new identity. | Object identity has its own original LIBERO-Object pick-to-basket trajectory; its pose in the composite scene may differ. | Object identity has its own original LIBERO-Object pick-to-basket trajectory; its pose in the composite scene may differ. | Object identity has its own original LIBERO-Object pick-to-basket trajectory; its pose in the composite scene may differ.	2	0	5	0.0	0
COMP_386	C11_object_suite_basket_triples	Put the orange juice, the chocolate pudding, and the salad dressing in the basket one after another.	libero_object	pick_up_the_orange_juice_and_place_it_in_the_basket;pick_up_the_chocolate_pudding_and_place_it_in_the_basket;pick_up_the_salad_dressing_and_place_it_in_the_basket	Pick the orange juice and place it in the basket | Pick the chocolate pudding and place it in the basket | Pick the salad dressing and place it in the basket	in(orange_juice_1, basket_1_contain_region); in(chocolate_pudding_1, basket_1_contain_region); in(salad_dressing_1, basket_1_contain_region)	Unordered triple selected from all C(6,3) object triples in this exact stock layout. | The explicit action plan follows the physical left-to-right/source-region rank; reversed wording is not a new identity. | Object identity has its own original LIBERO-Object pick-to-basket trajectory; its pose in the composite scene may differ. | Object identity has its own original LIBERO-Object pick-to-basket trajectory; its pose in the composite scene may differ. | Object identity has its own original LIBERO-Object pick-to-basket trajectory; its pose in the composite scene may differ.	3	0	5	0.0	0
COMP_387	C11_object_suite_basket_triples	Put the orange juice, the bbq sauce, and the ketchup in the basket one after another.	libero_object	pick_up_the_orange_juice_and_place_it_in_the_basket;pick_up_the_bbq_sauce_and_place_it_in_the_basket;pick_up_the_ketchup_and_place_it_in_the_basket	Pick the orange juice and place it in the basket | Pick the bbq sauce and place it in the basket | Pick the ketchup and place it in the basket	in(orange_juice_1, basket_1_contain_region); in(bbq_sauce_1, basket_1_contain_region); in(ketchup_1, basket_1_contain_region)	Unordered triple selected from all C(6,3) object triples in this exact stock layout. | The explicit action plan follows the physical left-to-right/source-region rank; reversed wording is not a new identity. | Object identity has its own original LIBERO-Object pick-to-basket trajectory; its pose in the composite scene may differ. | Object identity has its own original LIBERO-Object pick-to-basket trajectory; its pose in the composite scene may differ. | Object identity has its own original LIBERO-Object pick-to-basket trajectory; its pose in the composite scene may differ.	2	0	5	0.0	0
COMP_388	C11_object_suite_basket_triples	Put the orange juice, the bbq sauce, and the salad dressing in the basket one after another.	libero_object	pick_up_the_orange_juice_and_place_it_in_the_basket;pick_up_the_bbq_sauce_and_place_it_in_the_basket;pick_up_the_salad_dressing_and_place_it_in_the_basket	Pick the orange juice and place it in the basket | Pick the bbq sauce and place it in the basket | Pick the salad dressing and place it in the basket	in(orange_juice_1, basket_1_contain_region); in(bbq_sauce_1, basket_1_contain_region); in(salad_dressing_1, basket_1_contain_region)	Unordered triple selected from all C(6,3) object triples in this exact stock layout. | The explicit action plan follows the physical left-to-right/source-region rank; reversed wording is not a new identity. | Object identity has its own original LIBERO-Object pick-to-basket trajectory; its pose in the composite scene may differ. | Object identity has its own original LIBERO-Object pick-to-basket trajectory; its pose in the composite scene may differ. | Object identity has its own original LIBERO-Object pick-to-basket trajectory; its pose in the composite scene may differ.	3	0	5	0.0	0
COMP_389	C11_object_suite_basket_triples	Put the orange juice, the ketchup, and the salad dressing in the basket one after another.	libero_object	pick_up_the_orange_juice_and_place_it_in_the_basket;pick_up_the_ketchup_and_place_it_in_the_basket;pick_up_the_salad_dressing_and_place_it_in_the_basket	Pick the orange juice and place it in the basket | Pick the ketchup and place it in the basket | Pick the salad dressing and place it in the basket	in(orange_juice_1, basket_1_contain_region); in(ketchup_1, basket_1_contain_region); in(salad_dressing_1, basket_1_contain_region)	Unordered triple selected from all C(6,3) object triples in this exact stock layout. | The explicit action plan follows the physical left-to-right/source-region rank; reversed wording is not a new identity. | Object identity has its own original LIBERO-Object pick-to-basket trajectory; its pose in the composite scene may differ. | Object identity has its own original LIBERO-Object pick-to-basket trajectory; its pose in the composite scene may differ. | Object identity has its own original LIBERO-Object pick-to-basket trajectory; its pose in the composite scene may differ.	2	0	5	0.0	0
COMP_390	C11_object_suite_basket_triples	Put the butter, the chocolate pudding, and the bbq sauce in the basket one after another.	libero_object	pick_up_the_butter_and_place_it_in_the_basket;pick_up_the_chocolate_pudding_and_place_it_in_the_basket;pick_up_the_bbq_sauce_and_place_it_in_the_basket	Pick the butter and place it in the basket | Pick the chocolate pudding and place it in the basket | Pick the bbq sauce and place it in the basket	in(butter_1, basket_1_contain_region); in(chocolate_pudding_1, basket_1_contain_region); in(bbq_sauce_1, basket_1_contain_region)	Unordered triple selected from all C(6,3) object triples in this exact stock layout. | The explicit action plan follows the physical left-to-right/source-region rank; reversed wording is not a new identity. | Object identity has its own original LIBERO-Object pick-to-basket trajectory; its pose in the composite scene may differ. | Object identity has its own original LIBERO-Object pick-to-basket trajectory; its pose in the composite scene may differ. | Object identity has its own original LIBERO-Object pick-to-basket trajectory; its pose in the composite scene may differ.	3	0	5	0.0	0
COMP_391	C11_object_suite_basket_triples	Put the butter, the chocolate pudding, and the ketchup in the basket one after another.	libero_object	pick_up_the_butter_and_place_it_in_the_basket;pick_up_the_chocolate_pudding_and_place_it_in_the_basket;pick_up_the_ketchup_and_place_it_in_the_basket	Pick the butter and place it in the basket | Pick the chocolate pudding and place it in the basket | Pick the ketchup and place it in the basket	in(butter_1, basket_1_contain_region); in(chocolate_pudding_1, basket_1_contain_region); in(ketchup_1, basket_1_contain_region)	Unordered triple selected from all C(6,3) object triples in this exact stock layout. | The explicit action plan follows the physical left-to-right/source-region rank; reversed wording is not a new identity. | Object identity has its own original LIBERO-Object pick-to-basket trajectory; its pose in the composite scene may differ. | Object identity has its own original LIBERO-Object pick-to-basket trajectory; its pose in the composite scene may differ. | Object identity has its own original LIBERO-Object pick-to-basket trajectory; its pose in the composite scene may differ.	2	0	5	0.0	0
COMP_392	C11_object_suite_basket_triples	Put the butter, the chocolate pudding, and the salad dressing in the basket one after another.	libero_object	pick_up_the_butter_and_place_it_in_the_basket;pick_up_the_chocolate_pudding_and_place_it_in_the_basket;pick_up_the_salad_dressing_and_place_it_in_the_basket	Pick the butter and place it in the basket | Pick the chocolate pudding and place it in the basket | Pick the salad dressing and place it in the basket	in(butter_1, basket_1_contain_region); in(chocolate_pudding_1, basket_1_contain_region); in(salad_dressing_1, basket_1_contain_region)	Unordered triple selected from all C(6,3) object triples in this exact stock layout. | The explicit action plan follows the physical left-to-right/source-region rank; reversed wording is not a new identity. | Object identity has its own original LIBERO-Object pick-to-basket trajectory; its pose in the composite scene may differ. | Object identity has its own original LIBERO-Object pick-to-basket trajectory; its pose in the composite scene may differ. | Object identity has its own original LIBERO-Object pick-to-basket trajectory; its pose in the composite scene may differ.	3	0	5	0.0	0
COMP_393	C11_object_suite_basket_triples	Put the butter, the bbq sauce, and the ketchup in the basket one after another.	libero_object	pick_up_the_butter_and_place_it_in_the_basket;pick_up_the_bbq_sauce_and_place_it_in_the_basket;pick_up_the_ketchup_and_place_it_in_the_basket	Pick the butter and place it in the basket | Pick the bbq sauce and place it in the basket | Pick the ketchup and place it in the basket	in(butter_1, basket_1_contain_region); in(bbq_sauce_1, basket_1_contain_region); in(ketchup_1, basket_1_contain_region)	Unordered triple selected from all C(6,3) object triples in this exact stock layout. | The explicit action plan follows the physical left-to-right/source-region rank; reversed wording is not a new identity. | Object identity has its own original LIBERO-Object pick-to-basket trajectory; its pose in the composite scene may differ. | Object identity has its own original LIBERO-Object pick-to-basket trajectory; its pose in the composite scene may differ. | Object identity has its own original LIBERO-Object pick-to-basket trajectory; its pose in the composite scene may differ.	2	0	5	0.0	0
COMP_394	C11_object_suite_basket_triples	Put the butter, the bbq sauce, and the salad dressing in the basket one after another.	libero_object	pick_up_the_butter_and_place_it_in_the_basket;pick_up_the_bbq_sauce_and_place_it_in_the_basket;pick_up_the_salad_dressing_and_place_it_in_the_basket	Pick the butter and place it in the basket | Pick the bbq sauce and place it in the basket | Pick the salad dressing and place it in the basket	in(butter_1, basket_1_contain_region); in(bbq_sauce_1, basket_1_contain_region); in(salad_dressing_1, basket_1_contain_region)	Unordered triple selected from all C(6,3) object triples in this exact stock layout. | The explicit action plan follows the physical left-to-right/source-region rank; reversed wording is not a new identity. | Object identity has its own original LIBERO-Object pick-to-basket trajectory; its pose in the composite scene may differ. | Object identity has its own original LIBERO-Object pick-to-basket trajectory; its pose in the composite scene may differ. | Object identity has its own original LIBERO-Object pick-to-basket trajectory; its pose in the composite scene may differ.	3	0	5	0.0	0
COMP_395	C11_object_suite_basket_triples	Put the butter, the ketchup, and the salad dressing in the basket one after another.	libero_object	pick_up_the_butter_and_place_it_in_the_basket;pick_up_the_ketchup_and_place_it_in_the_basket;pick_up_the_salad_dressing_and_place_it_in_the_basket	Pick the butter and place it in the basket | Pick the ketchup and place it in the basket | Pick the salad dressing and place it in the basket	in(butter_1, basket_1_contain_region); in(ketchup_1, basket_1_contain_region); in(salad_dressing_1, basket_1_contain_region)	Unordered triple selected from all C(6,3) object triples in this exact stock layout. | The explicit action plan follows the physical left-to-right/source-region rank; reversed wording is not a new identity. | Object identity has its own original LIBERO-Object pick-to-basket trajectory; its pose in the composite scene may differ. | Object identity has its own original LIBERO-Object pick-to-basket trajectory; its pose in the composite scene may differ. | Object identity has its own original LIBERO-Object pick-to-basket trajectory; its pose in the composite scene may differ.	2	0	5	0.0	0
COMP_396	C11_object_suite_basket_triples	Put the chocolate pudding, the bbq sauce, and the ketchup in the basket one after another.	libero_object	pick_up_the_chocolate_pudding_and_place_it_in_the_basket;pick_up_the_bbq_sauce_and_place_it_in_the_basket;pick_up_the_ketchup_and_place_it_in_the_basket	Pick the chocolate pudding and place it in the basket | Pick the bbq sauce and place it in the basket | Pick the ketchup and place it in the basket	in(chocolate_pudding_1, basket_1_contain_region); in(bbq_sauce_1, basket_1_contain_region); in(ketchup_1, basket_1_contain_region)	Unordered triple selected from all C(6,3) object triples in this exact stock layout. | The explicit action plan follows the physical left-to-right/source-region rank; reversed wording is not a new identity. | Object identity has its own original LIBERO-Object pick-to-basket trajectory; its pose in the composite scene may differ. | Object identity has its own original LIBERO-Object pick-to-basket trajectory; its pose in the composite scene may differ. | Object identity has its own original LIBERO-Object pick-to-basket trajectory; its pose in the composite scene may differ.	3	0	5	0.0	0
COMP_397	C11_object_suite_basket_triples	Put the chocolate pudding, the bbq sauce, and the salad dressing in the basket one after another.	libero_object	pick_up_the_chocolate_pudding_and_place_it_in_the_basket;pick_up_the_bbq_sauce_and_place_it_in_the_basket;pick_up_the_salad_dressing_and_place_it_in_the_basket	Pick the chocolate pudding and place it in the basket | Pick the bbq sauce and place it in the basket | Pick the salad dressing and place it in the basket	in(chocolate_pudding_1, basket_1_contain_region); in(bbq_sauce_1, basket_1_contain_region); in(salad_dressing_1, basket_1_contain_region)	Unordered triple selected from all C(6,3) object triples in this exact stock layout. | The explicit action plan follows the physical left-to-right/source-region rank; reversed wording is not a new identity. | Object identity has its own original LIBERO-Object pick-to-basket trajectory; its pose in the composite scene may differ. | Object identity has its own original LIBERO-Object pick-to-basket trajectory; its pose in the composite scene may differ. | Object identity has its own original LIBERO-Object pick-to-basket trajectory; its pose in the composite scene may differ.	2	0	5	0.0	0
COMP_398	C11_object_suite_basket_triples	Put the chocolate pudding, the ketchup, and the salad dressing in the basket one after another.	libero_object	pick_up_the_chocolate_pudding_and_place_it_in_the_basket;pick_up_the_ketchup_and_place_it_in_the_basket;pick_up_the_salad_dressing_and_place_it_in_the_basket	Pick the chocolate pudding and place it in the basket | Pick the ketchup and place it in the basket | Pick the salad dressing and place it in the basket	in(chocolate_pudding_1, basket_1_contain_region); in(ketchup_1, basket_1_contain_region); in(salad_dressing_1, basket_1_contain_region)	Unordered triple selected from all C(6,3) object triples in this exact stock layout. | The explicit action plan follows the physical left-to-right/source-region rank; reversed wording is not a new identity. | Object identity has its own original LIBERO-Object pick-to-basket trajectory; its pose in the composite scene may differ. | Object identity has its own original LIBERO-Object pick-to-basket trajectory; its pose in the composite scene may differ. | Object identity has its own original LIBERO-Object pick-to-basket trajectory; its pose in the composite scene may differ.	3	0	5	0.0	0
COMP_399	C11_object_suite_basket_triples	Put the bbq sauce, the ketchup, and the salad dressing in the basket one after another.	libero_object	pick_up_the_bbq_sauce_and_place_it_in_the_basket;pick_up_the_ketchup_and_place_it_in_the_basket;pick_up_the_salad_dressing_and_place_it_in_the_basket	Pick the bbq sauce and place it in the basket | Pick the ketchup and place it in the basket | Pick the salad dressing and place it in the basket	in(bbq_sauce_1, basket_1_contain_region); in(ketchup_1, basket_1_contain_region); in(salad_dressing_1, basket_1_contain_region)	Unordered triple selected from all C(6,3) object triples in this exact stock layout. | The explicit action plan follows the physical left-to-right/source-region rank; reversed wording is not a new identity. | Object identity has its own original LIBERO-Object pick-to-basket trajectory; its pose in the composite scene may differ. | Object identity has its own original LIBERO-Object pick-to-basket trajectory; its pose in the composite scene may differ. | Object identity has its own original LIBERO-Object pick-to-basket trajectory; its pose in the composite scene may differ.	2	0	5	0.0	0
COMP_400	C11_object_suite_basket_triples	Put the salad dressing, the ketchup, and the alphabet soup in the basket one after another.	libero_object	pick_up_the_salad_dressing_and_place_it_in_the_basket;pick_up_the_ketchup_and_place_it_in_the_basket;pick_up_the_alphabet_soup_and_place_it_in_the_basket	Pick the salad dressing and place it in the basket | Pick the ketchup and place it in the basket | Pick the alphabet soup and place it in the basket	in(salad_dressing_1, basket_1_contain_region); in(ketchup_1, basket_1_contain_region); in(alphabet_soup_1, basket_1_contain_region)	Unordered triple selected from all C(6,3) object triples in this exact stock layout. | The explicit action plan follows the physical left-to-right/source-region rank; reversed wording is not a new identity. | Object identity has its own original LIBERO-Object pick-to-basket trajectory; its pose in the composite scene may differ. | Object identity has its own original LIBERO-Object pick-to-basket trajectory; its pose in the composite scene may differ. | Object identity has its own original LIBERO-Object pick-to-basket trajectory; its pose in the composite scene may differ.	3	0	5	0.0	0
COMP_401	C11_object_suite_basket_triples	Put the salad dressing, the ketchup, and the cream cheese box in the basket one after another.	libero_object	pick_up_the_salad_dressing_and_place_it_in_the_basket;pick_up_the_ketchup_and_place_it_in_the_basket;pick_up_the_cream_cheese_and_place_it_in_the_basket	Pick the salad dressing and place it in the basket | Pick the ketchup and place it in the basket | Pick the cream cheese and place it in the basket	in(salad_dressing_1, basket_1_contain_region); in(ketchup_1, basket_1_contain_region); in(cream_cheese_1, basket_1_contain_region)	Unordered triple selected from all C(6,3) object triples in this exact stock layout. | The explicit action plan follows the physical left-to-right/source-region rank; reversed wording is not a new identity. | Object identity has its own original LIBERO-Object pick-to-basket trajectory; its pose in the composite scene may differ. | Object identity has its own original LIBERO-Object pick-to-basket trajectory; its pose in the composite scene may differ. | Object identity has its own original LIBERO-Object pick-to-basket trajectory; its pose in the composite scene may differ.	2	0	5	0.0	0
COMP_402	C11_object_suite_basket_triples	Put the salad dressing, the ketchup, and the milk in the basket one after another.	libero_object	pick_up_the_salad_dressing_and_place_it_in_the_basket;pick_up_the_ketchup_and_place_it_in_the_basket;pick_up_the_milk_and_place_it_in_the_basket	Pick the salad dressing and place it in the basket | Pick the ketchup and place it in the basket | Pick the milk and place it in the basket	in(salad_dressing_1, basket_1_contain_region); in(ketchup_1, basket_1_contain_region); in(milk_1, basket_1_contain_region)	Unordered triple selected from all C(6,3) object triples in this exact stock layout. | The explicit action plan follows the physical left-to-right/source-region rank; reversed wording is not a new identity. | Object identity has its own original LIBERO-Object pick-to-basket trajectory; its pose in the composite scene may differ. | Object identity has its own original LIBERO-Object pick-to-basket trajectory; its pose in the composite scene may differ. | Object identity has its own original LIBERO-Object pick-to-basket trajectory; its pose in the composite scene may differ.	3	0	5	0.0	0
COMP_403	C11_object_suite_basket_triples	Put the salad dressing, the ketchup, and the tomato sauce in the basket one after another.	libero_object	pick_up_the_salad_dressing_and_place_it_in_the_basket;pick_up_the_ketchup_and_place_it_in_the_basket;pick_up_the_tomato_sauce_and_place_it_in_the_basket	Pick the salad dressing and place it in the basket | Pick the ketchup and place it in the basket | Pick the tomato sauce and place it in the basket	in(salad_dressing_1, basket_1_contain_region); in(ketchup_1, basket_1_contain_region); in(tomato_sauce_1, basket_1_contain_region)	Unordered triple selected from all C(6,3) object triples in this exact stock layout. | The explicit action plan follows the physical left-to-right/source-region rank; reversed wording is not a new identity. | Object identity has its own original LIBERO-Object pick-to-basket trajectory; its pose in the composite scene may differ. | Object identity has its own original LIBERO-Object pick-to-basket trajectory; its pose in the composite scene may differ. | Object identity has its own original LIBERO-Object pick-to-basket trajectory; its pose in the composite scene may differ.	2	0	5	0.0	0
COMP_404	C11_object_suite_basket_triples	Put the salad dressing, the alphabet soup, and the cream cheese box in the basket one after another.	libero_object	pick_up_the_salad_dressing_and_place_it_in_the_basket;pick_up_the_alphabet_soup_and_place_it_in_the_basket;pick_up_the_cream_cheese_and_place_it_in_the_basket	Pick the salad dressing and place it in the basket | Pick the alphabet soup and place it in the basket | Pick the cream cheese and place it in the basket	in(salad_dressing_1, basket_1_contain_region); in(alphabet_soup_1, basket_1_contain_region); in(cream_cheese_1, basket_1_contain_region)	Unordered triple selected from all C(6,3) object triples in this exact stock layout. | The explicit action plan follows the physical left-to-right/source-region rank; reversed wording is not a new identity. | Object identity has its own original LIBERO-Object pick-to-basket trajectory; its pose in the composite scene may differ. | Object identity has its own original LIBERO-Object pick-to-basket trajectory; its pose in the composite scene may differ. | Object identity has its own original LIBERO-Object pick-to-basket trajectory; its pose in the composite scene may differ.	3	0	5	0.0	0
COMP_405	C11_object_suite_basket_triples	Put the salad dressing, the alphabet soup, and the milk in the basket one after another.	libero_object	pick_up_the_salad_dressing_and_place_it_in_the_basket;pick_up_the_alphabet_soup_and_place_it_in_the_basket;pick_up_the_milk_and_place_it_in_the_basket	Pick the salad dressing and place it in the basket | Pick the alphabet soup and place it in the basket | Pick the milk and place it in the basket	in(salad_dressing_1, basket_1_contain_region); in(alphabet_soup_1, basket_1_contain_region); in(milk_1, basket_1_contain_region)	Unordered triple selected from all C(6,3) object triples in this exact stock layout. | The explicit action plan follows the physical left-to-right/source-region rank; reversed wording is not a new identity. | Object identity has its own original LIBERO-Object pick-to-basket trajectory; its pose in the composite scene may differ. | Object identity has its own original LIBERO-Object pick-to-basket trajectory; its pose in the composite scene may differ. | Object identity has its own original LIBERO-Object pick-to-basket trajectory; its pose in the composite scene may differ.	2	0	5	0.0	0
COMP_406	C11_object_suite_basket_triples	Put the salad dressing, the alphabet soup, and the tomato sauce in the basket one after another.	libero_object	pick_up_the_salad_dressing_and_place_it_in_the_basket;pick_up_the_alphabet_soup_and_place_it_in_the_basket;pick_up_the_tomato_sauce_and_place_it_in_the_basket	Pick the salad dressing and place it in the basket | Pick the alphabet soup and place it in the basket | Pick the tomato sauce and place it in the basket	in(salad_dressing_1, basket_1_contain_region); in(alphabet_soup_1, basket_1_contain_region); in(tomato_sauce_1, basket_1_contain_region)	Unordered triple selected from all C(6,3) object triples in this exact stock layout. | The explicit action plan follows the physical left-to-right/source-region rank; reversed wording is not a new identity. | Object identity has its own original LIBERO-Object pick-to-basket trajectory; its pose in the composite scene may differ. | Object identity has its own original LIBERO-Object pick-to-basket trajectory; its pose in the composite scene may differ. | Object identity has its own original LIBERO-Object pick-to-basket trajectory; its pose in the composite scene may differ.	3	0	5	0.0	0
COMP_407	C11_object_suite_basket_triples	Put the salad dressing, the cream cheese box, and the milk in the basket one after another.	libero_object	pick_up_the_salad_dressing_and_place_it_in_the_basket;pick_up_the_cream_cheese_and_place_it_in_the_basket;pick_up_the_milk_and_place_it_in_the_basket	Pick the salad dressing and place it in the basket | Pick the cream cheese and place it in the basket | Pick the milk and place it in the basket	in(salad_dressing_1, basket_1_contain_region); in(cream_cheese_1, basket_1_contain_region); in(milk_1, basket_1_contain_region)	Unordered triple selected from all C(6,3) object triples in this exact stock layout. | The explicit action plan follows the physical left-to-right/source-region rank; reversed wording is not a new identity. | Object identity has its own original LIBERO-Object pick-to-basket trajectory; its pose in the composite scene may differ. | Object identity has its own original LIBERO-Object pick-to-basket trajectory; its pose in the composite scene may differ. | Object identity has its own original LIBERO-Object pick-to-basket trajectory; its pose in the composite scene may differ.	2	0	5	0.0	0
COMP_408	C11_object_suite_basket_triples	Put the salad dressing, the cream cheese box, and the tomato sauce in the basket one after another.	libero_object	pick_up_the_salad_dressing_and_place_it_in_the_basket;pick_up_the_cream_cheese_and_place_it_in_the_basket;pick_up_the_tomato_sauce_and_place_it_in_the_basket	Pick the salad dressing and place it in the basket | Pick the cream cheese and place it in the basket | Pick the tomato sauce and place it in the basket	in(salad_dressing_1, basket_1_contain_region); in(cream_cheese_1, basket_1_contain_region); in(tomato_sauce_1, basket_1_contain_region)	Unordered triple selected from all C(6,3) object triples in this exact stock layout. | The explicit action plan follows the physical left-to-right/source-region rank; reversed wording is not a new identity. | Object identity has its own original LIBERO-Object pick-to-basket trajectory; its pose in the composite scene may differ. | Object identity has its own original LIBERO-Object pick-to-basket trajectory; its pose in the composite scene may differ. | Object identity has its own original LIBERO-Object pick-to-basket trajectory; its pose in the composite scene may differ.	3	0	5	0.0	0
COMP_409	C11_object_suite_basket_triples	Put the salad dressing, the milk, and the tomato sauce in the basket one after another.	libero_object	pick_up_the_salad_dressing_and_place_it_in_the_basket;pick_up_the_milk_and_place_it_in_the_basket;pick_up_the_tomato_sauce_and_place_it_in_the_basket	Pick the salad dressing and place it in the basket | Pick the milk and place it in the basket | Pick the tomato sauce and place it in the basket	in(salad_dressing_1, basket_1_contain_region); in(milk_1, basket_1_contain_region); in(tomato_sauce_1, basket_1_contain_region)	Unordered triple selected from all C(6,3) object triples in this exact stock layout. | The explicit action plan follows the physical left-to-right/source-region rank; reversed wording is not a new identity. | Object identity has its own original LIBERO-Object pick-to-basket trajectory; its pose in the composite scene may differ. | Object identity has its own original LIBERO-Object pick-to-basket trajectory; its pose in the composite scene may differ. | Object identity has its own original LIBERO-Object pick-to-basket trajectory; its pose in the composite scene may differ.	2	0	5	0.0	0
COMP_410	C11_object_suite_basket_triples	Put the ketchup, the alphabet soup, and the cream cheese box in the basket one after another.	libero_object	pick_up_the_ketchup_and_place_it_in_the_basket;pick_up_the_alphabet_soup_and_place_it_in_the_basket;pick_up_the_cream_cheese_and_place_it_in_the_basket	Pick the ketchup and place it in the basket | Pick the alphabet soup and place it in the basket | Pick the cream cheese and place it in the basket	in(ketchup_1, basket_1_contain_region); in(alphabet_soup_1, basket_1_contain_region); in(cream_cheese_1, basket_1_contain_region)	Unordered triple selected from all C(6,3) object triples in this exact stock layout. | The explicit action plan follows the physical left-to-right/source-region rank; reversed wording is not a new identity. | Object identity has its own original LIBERO-Object pick-to-basket trajectory; its pose in the composite scene may differ. | Object identity has its own original LIBERO-Object pick-to-basket trajectory; its pose in the composite scene may differ. | Object identity has its own original LIBERO-Object pick-to-basket trajectory; its pose in the composite scene may differ.	3	0	5	0.0	0
COMP_411	C11_object_suite_basket_triples	Put the ketchup, the alphabet soup, and the milk in the basket one after another.	libero_object	pick_up_the_ketchup_and_place_it_in_the_basket;pick_up_the_alphabet_soup_and_place_it_in_the_basket;pick_up_the_milk_and_place_it_in_the_basket	Pick the ketchup and place it in the basket | Pick the alphabet soup and place it in the basket | Pick the milk and place it in the basket	in(ketchup_1, basket_1_contain_region); in(alphabet_soup_1, basket_1_contain_region); in(milk_1, basket_1_contain_region)	Unordered triple selected from all C(6,3) object triples in this exact stock layout. | The explicit action plan follows the physical left-to-right/source-region rank; reversed wording is not a new identity. | Object identity has its own original LIBERO-Object pick-to-basket trajectory; its pose in the composite scene may differ. | Object identity has its own original LIBERO-Object pick-to-basket trajectory; its pose in the composite scene may differ. | Object identity has its own original LIBERO-Object pick-to-basket trajectory; its pose in the composite scene may differ.	2	0	5	0.0	0
COMP_412	C11_object_suite_basket_triples	Put the ketchup, the alphabet soup, and the tomato sauce in the basket one after another.	libero_object	pick_up_the_ketchup_and_place_it_in_the_basket;pick_up_the_alphabet_soup_and_place_it_in_the_basket;pick_up_the_tomato_sauce_and_place_it_in_the_basket	Pick the ketchup and place it in the basket | Pick the alphabet soup and place it in the basket | Pick the tomato sauce and place it in the basket	in(ketchup_1, basket_1_contain_region); in(alphabet_soup_1, basket_1_contain_region); in(tomato_sauce_1, basket_1_contain_region)	Unordered triple selected from all C(6,3) object triples in this exact stock layout. | The explicit action plan follows the physical left-to-right/source-region rank; reversed wording is not a new identity. | Object identity has its own original LIBERO-Object pick-to-basket trajectory; its pose in the composite scene may differ. | Object identity has its own original LIBERO-Object pick-to-basket trajectory; its pose in the composite scene may differ. | Object identity has its own original LIBERO-Object pick-to-basket trajectory; its pose in the composite scene may differ.	3	0	5	0.0	0
COMP_413	C11_object_suite_basket_triples	Put the ketchup, the cream cheese box, and the milk in the basket one after another.	libero_object	pick_up_the_ketchup_and_place_it_in_the_basket;pick_up_the_cream_cheese_and_place_it_in_the_basket;pick_up_the_milk_and_place_it_in_the_basket	Pick the ketchup and place it in the basket | Pick the cream cheese and place it in the basket | Pick the milk and place it in the basket	in(ketchup_1, basket_1_contain_region); in(cream_cheese_1, basket_1_contain_region); in(milk_1, basket_1_contain_region)	Unordered triple selected from all C(6,3) object triples in this exact stock layout. | The explicit action plan follows the physical left-to-right/source-region rank; reversed wording is not a new identity. | Object identity has its own original LIBERO-Object pick-to-basket trajectory; its pose in the composite scene may differ. | Object identity has its own original LIBERO-Object pick-to-basket trajectory; its pose in the composite scene may differ. | Object identity has its own original LIBERO-Object pick-to-basket trajectory; its pose in the composite scene may differ.	2	0	5	0.0	0
COMP_414	C11_object_suite_basket_triples	Put the ketchup, the cream cheese box, and the tomato sauce in the basket one after another.	libero_object	pick_up_the_ketchup_and_place_it_in_the_basket;pick_up_the_cream_cheese_and_place_it_in_the_basket;pick_up_the_tomato_sauce_and_place_it_in_the_basket	Pick the ketchup and place it in the basket | Pick the cream cheese and place it in the basket | Pick the tomato sauce and place it in the basket	in(ketchup_1, basket_1_contain_region); in(cream_cheese_1, basket_1_contain_region); in(tomato_sauce_1, basket_1_contain_region)	Unordered triple selected from all C(6,3) object triples in this exact stock layout. | The explicit action plan follows the physical left-to-right/source-region rank; reversed wording is not a new identity. | Object identity has its own original LIBERO-Object pick-to-basket trajectory; its pose in the composite scene may differ. | Object identity has its own original LIBERO-Object pick-to-basket trajectory; its pose in the composite scene may differ. | Object identity has its own original LIBERO-Object pick-to-basket trajectory; its pose in the composite scene may differ.	3	0	5	0.0	0
COMP_415	C11_object_suite_basket_triples	Put the ketchup, the milk, and the tomato sauce in the basket one after another.	libero_object	pick_up_the_ketchup_and_place_it_in_the_basket;pick_up_the_milk_and_place_it_in_the_basket;pick_up_the_tomato_sauce_and_place_it_in_the_basket	Pick the ketchup and place it in the basket | Pick the milk and place it in the basket | Pick the tomato sauce and place it in the basket	in(ketchup_1, basket_1_contain_region); in(milk_1, basket_1_contain_region); in(tomato_sauce_1, basket_1_contain_region)	Unordered triple selected from all C(6,3) object triples in this exact stock layout. | The explicit action plan follows the physical left-to-right/source-region rank; reversed wording is not a new identity. | Object identity has its own original LIBERO-Object pick-to-basket trajectory; its pose in the composite scene may differ. | Object identity has its own original LIBERO-Object pick-to-basket trajectory; its pose in the composite scene may differ. | Object identity has its own original LIBERO-Object pick-to-basket trajectory; its pose in the composite scene may differ.	2	0	5	0.0	0
COMP_416	C11_object_suite_basket_triples	Put the alphabet soup, the cream cheese box, and the milk in the basket one after another.	libero_object	pick_up_the_alphabet_soup_and_place_it_in_the_basket;pick_up_the_cream_cheese_and_place_it_in_the_basket;pick_up_the_milk_and_place_it_in_the_basket	Pick the alphabet soup and place it in the basket | Pick the cream cheese and place it in the basket | Pick the milk and place it in the basket	in(alphabet_soup_1, basket_1_contain_region); in(cream_cheese_1, basket_1_contain_region); in(milk_1, basket_1_contain_region)	Unordered triple selected from all C(6,3) object triples in this exact stock layout. | The explicit action plan follows the physical left-to-right/source-region rank; reversed wording is not a new identity. | Object identity has its own original LIBERO-Object pick-to-basket trajectory; its pose in the composite scene may differ. | Object identity has its own original LIBERO-Object pick-to-basket trajectory; its pose in the composite scene may differ. | Object identity has its own original LIBERO-Object pick-to-basket trajectory; its pose in the composite scene may differ.	3	0	5	0.0	0
COMP_417	C11_object_suite_basket_triples	Put the alphabet soup, the cream cheese box, and the tomato sauce in the basket one after another.	libero_object	pick_up_the_alphabet_soup_and_place_it_in_the_basket;pick_up_the_cream_cheese_and_place_it_in_the_basket;pick_up_the_tomato_sauce_and_place_it_in_the_basket	Pick the alphabet soup and place it in the basket | Pick the cream cheese and place it in the basket | Pick the tomato sauce and place it in the basket	in(alphabet_soup_1, basket_1_contain_region); in(cream_cheese_1, basket_1_contain_region); in(tomato_sauce_1, basket_1_contain_region)	Unordered triple selected from all C(6,3) object triples in this exact stock layout. | The explicit action plan follows the physical left-to-right/source-region rank; reversed wording is not a new identity. | Object identity has its own original LIBERO-Object pick-to-basket trajectory; its pose in the composite scene may differ. | Object identity has its own original LIBERO-Object pick-to-basket trajectory; its pose in the composite scene may differ. | Object identity has its own original LIBERO-Object pick-to-basket trajectory; its pose in the composite scene may differ.	2	0	5	0.0	0
COMP_418	C11_object_suite_basket_triples	Put the alphabet soup, the milk, and the tomato sauce in the basket one after another.	libero_object	pick_up_the_alphabet_soup_and_place_it_in_the_basket;pick_up_the_milk_and_place_it_in_the_basket;pick_up_the_tomato_sauce_and_place_it_in_the_basket	Pick the alphabet soup and place it in the basket | Pick the milk and place it in the basket | Pick the tomato sauce and place it in the basket	in(alphabet_soup_1, basket_1_contain_region); in(milk_1, basket_1_contain_region); in(tomato_sauce_1, basket_1_contain_region)	Unordered triple selected from all C(6,3) object triples in this exact stock layout. | The explicit action plan follows the physical left-to-right/source-region rank; reversed wording is not a new identity. | Object identity has its own original LIBERO-Object pick-to-basket trajectory; its pose in the composite scene may differ. | Object identity has its own original LIBERO-Object pick-to-basket trajectory; its pose in the composite scene may differ. | Object identity has its own original LIBERO-Object pick-to-basket trajectory; its pose in the composite scene may differ.	3	0	5	0.0	0
COMP_419	C11_object_suite_basket_triples	Put the cream cheese box, the milk, and the tomato sauce in the basket one after another.	libero_object	pick_up_the_cream_cheese_and_place_it_in_the_basket;pick_up_the_milk_and_place_it_in_the_basket;pick_up_the_tomato_sauce_and_place_it_in_the_basket	Pick the cream cheese and place it in the basket | Pick the milk and place it in the basket | Pick the tomato sauce and place it in the basket	in(cream_cheese_1, basket_1_contain_region); in(milk_1, basket_1_contain_region); in(tomato_sauce_1, basket_1_contain_region)	Unordered triple selected from all C(6,3) object triples in this exact stock layout. | The explicit action plan follows the physical left-to-right/source-region rank; reversed wording is not a new identity. | Object identity has its own original LIBERO-Object pick-to-basket trajectory; its pose in the composite scene may differ. | Object identity has its own original LIBERO-Object pick-to-basket trajectory; its pose in the composite scene may differ. | Object identity has its own original LIBERO-Object pick-to-basket trajectory; its pose in the composite scene may differ.	2	0	5	0.0	0
COMP_420	C11_object_suite_basket_triples	Put the tomato sauce, the milk, and the butter in the basket one after another.	libero_object	pick_up_the_tomato_sauce_and_place_it_in_the_basket;pick_up_the_milk_and_place_it_in_the_basket;pick_up_the_butter_and_place_it_in_the_basket	Pick the tomato sauce and place it in the basket | Pick the milk and place it in the basket | Pick the butter and place it in the basket	in(tomato_sauce_1, basket_1_contain_region); in(milk_1, basket_1_contain_region); in(butter_1, basket_1_contain_region)	Unordered triple selected from all C(6,3) object triples in this exact stock layout. | The explicit action plan follows the physical left-to-right/source-region rank; reversed wording is not a new identity. | Object identity has its own original LIBERO-Object pick-to-basket trajectory; its pose in the composite scene may differ. | Object identity has its own original LIBERO-Object pick-to-basket trajectory; its pose in the composite scene may differ. | Object identity has its own original LIBERO-Object pick-to-basket trajectory; its pose in the composite scene may differ.	3	0	5	0.0	0
COMP_421	C11_object_suite_basket_triples	Put the tomato sauce, the milk, and the orange juice in the basket one after another.	libero_object	pick_up_the_tomato_sauce_and_place_it_in_the_basket;pick_up_the_milk_and_place_it_in_the_basket;pick_up_the_orange_juice_and_place_it_in_the_basket	Pick the tomato sauce and place it in the basket | Pick the milk and place it in the basket | Pick the orange juice and place it in the basket	in(tomato_sauce_1, basket_1_contain_region); in(milk_1, basket_1_contain_region); in(orange_juice_1, basket_1_contain_region)	Unordered triple selected from all C(6,3) object triples in this exact stock layout. | The explicit action plan follows the physical left-to-right/source-region rank; reversed wording is not a new identity. | Object identity has its own original LIBERO-Object pick-to-basket trajectory; its pose in the composite scene may differ. | Object identity has its own original LIBERO-Object pick-to-basket trajectory; its pose in the composite scene may differ. | Object identity has its own original LIBERO-Object pick-to-basket trajectory; its pose in the composite scene may differ.	2	0	5	0.0	0
COMP_422	C11_object_suite_basket_triples	Put the tomato sauce, the milk, and the chocolate pudding in the basket one after another.	libero_object	pick_up_the_tomato_sauce_and_place_it_in_the_basket;pick_up_the_milk_and_place_it_in_the_basket;pick_up_the_chocolate_pudding_and_place_it_in_the_basket	Pick the tomato sauce and place it in the basket | Pick the milk and place it in the basket | Pick the chocolate pudding and place it in the basket	in(tomato_sauce_1, basket_1_contain_region); in(milk_1, basket_1_contain_region); in(chocolate_pudding_1, basket_1_contain_region)	Unordered triple selected from all C(6,3) object triples in this exact stock layout. | The explicit action plan follows the physical left-to-right/source-region rank; reversed wording is not a new identity. | Object identity has its own original LIBERO-Object pick-to-basket trajectory; its pose in the composite scene may differ. | Object identity has its own original LIBERO-Object pick-to-basket trajectory; its pose in the composite scene may differ. | Object identity has its own original LIBERO-Object pick-to-basket trajectory; its pose in the composite scene may differ.	3	0	5	0.0	0
COMP_423	C11_object_suite_basket_triples	Put the tomato sauce, the milk, and the bbq sauce in the basket one after another.	libero_object	pick_up_the_tomato_sauce_and_place_it_in_the_basket;pick_up_the_milk_and_place_it_in_the_basket;pick_up_the_bbq_sauce_and_place_it_in_the_basket	Pick the tomato sauce and place it in the basket | Pick the milk and place it in the basket | Pick the bbq sauce and place it in the basket	in(tomato_sauce_1, basket_1_contain_region); in(milk_1, basket_1_contain_region); in(bbq_sauce_1, basket_1_contain_region)	Unordered triple selected from all C(6,3) object triples in this exact stock layout. | The explicit action plan follows the physical left-to-right/source-region rank; reversed wording is not a new identity. | Object identity has its own original LIBERO-Object pick-to-basket trajectory; its pose in the composite scene may differ. | Object identity has its own original LIBERO-Object pick-to-basket trajectory; its pose in the composite scene may differ. | Object identity has its own original LIBERO-Object pick-to-basket trajectory; its pose in the composite scene may differ.	2	0	5	0.0	0
COMP_424	C11_object_suite_basket_triples	Put the tomato sauce, the butter, and the orange juice in the basket one after another.	libero_object	pick_up_the_tomato_sauce_and_place_it_in_the_basket;pick_up_the_butter_and_place_it_in_the_basket;pick_up_the_orange_juice_and_place_it_in_the_basket	Pick the tomato sauce and place it in the basket | Pick the butter and place it in the basket | Pick the orange juice and place it in the basket	in(tomato_sauce_1, basket_1_contain_region); in(butter_1, basket_1_contain_region); in(orange_juice_1, basket_1_contain_region)	Unordered triple selected from all C(6,3) object triples in this exact stock layout. | The explicit action plan follows the physical left-to-right/source-region rank; reversed wording is not a new identity. | Object identity has its own original LIBERO-Object pick-to-basket trajectory; its pose in the composite scene may differ. | Object identity has its own original LIBERO-Object pick-to-basket trajectory; its pose in the composite scene may differ. | Object identity has its own original LIBERO-Object pick-to-basket trajectory; its pose in the composite scene may differ.	3	0	5	0.0	0
COMP_425	C11_object_suite_basket_triples	Put the tomato sauce, the butter, and the chocolate pudding in the basket one after another.	libero_object	pick_up_the_tomato_sauce_and_place_it_in_the_basket;pick_up_the_butter_and_place_it_in_the_basket;pick_up_the_chocolate_pudding_and_place_it_in_the_basket	Pick the tomato sauce and place it in the basket | Pick the butter and place it in the basket | Pick the chocolate pudding and place it in the basket	in(tomato_sauce_1, basket_1_contain_region); in(butter_1, basket_1_contain_region); in(chocolate_pudding_1, basket_1_contain_region)	Unordered triple selected from all C(6,3) object triples in this exact stock layout. | The explicit action plan follows the physical left-to-right/source-region rank; reversed wording is not a new identity. | Object identity has its own original LIBERO-Object pick-to-basket trajectory; its pose in the composite scene may differ. | Object identity has its own original LIBERO-Object pick-to-basket trajectory; its pose in the composite scene may differ. | Object identity has its own original LIBERO-Object pick-to-basket trajectory; its pose in the composite scene may differ.	2	0	5	0.0	0
COMP_426	C11_object_suite_basket_triples	Put the tomato sauce, the butter, and the bbq sauce in the basket one after another.	libero_object	pick_up_the_tomato_sauce_and_place_it_in_the_basket;pick_up_the_butter_and_place_it_in_the_basket;pick_up_the_bbq_sauce_and_place_it_in_the_basket	Pick the tomato sauce and place it in the basket | Pick the butter and place it in the basket | Pick the bbq sauce and place it in the basket	in(tomato_sauce_1, basket_1_contain_region); in(butter_1, basket_1_contain_region); in(bbq_sauce_1, basket_1_contain_region)	Unordered triple selected from all C(6,3) object triples in this exact stock layout. | The explicit action plan follows the physical left-to-right/source-region rank; reversed wording is not a new identity. | Object identity has its own original LIBERO-Object pick-to-basket trajectory; its pose in the composite scene may differ. | Object identity has its own original LIBERO-Object pick-to-basket trajectory; its pose in the composite scene may differ. | Object identity has its own original LIBERO-Object pick-to-basket trajectory; its pose in the composite scene may differ.	3	0	5	0.0	0
COMP_427	C11_object_suite_basket_triples	Put the tomato sauce, the orange juice, and the chocolate pudding in the basket one after another.	libero_object	pick_up_the_tomato_sauce_and_place_it_in_the_basket;pick_up_the_orange_juice_and_place_it_in_the_basket;pick_up_the_chocolate_pudding_and_place_it_in_the_basket	Pick the tomato sauce and place it in the basket | Pick the orange juice and place it in the basket | Pick the chocolate pudding and place it in the basket	in(tomato_sauce_1, basket_1_contain_region); in(orange_juice_1, basket_1_contain_region); in(chocolate_pudding_1, basket_1_contain_region)	Unordered triple selected from all C(6,3) object triples in this exact stock layout. | The explicit action plan follows the physical left-to-right/source-region rank; reversed wording is not a new identity. | Object identity has its own original LIBERO-Object pick-to-basket trajectory; its pose in the composite scene may differ. | Object identity has its own original LIBERO-Object pick-to-basket trajectory; its pose in the composite scene may differ. | Object identity has its own original LIBERO-Object pick-to-basket trajectory; its pose in the composite scene may differ.	2	0	5	0.0	0
COMP_428	C11_object_suite_basket_triples	Put the tomato sauce, the orange juice, and the bbq sauce in the basket one after another.	libero_object	pick_up_the_tomato_sauce_and_place_it_in_the_basket;pick_up_the_orange_juice_and_place_it_in_the_basket;pick_up_the_bbq_sauce_and_place_it_in_the_basket	Pick the tomato sauce and place it in the basket | Pick the orange juice and place it in the basket | Pick the bbq sauce and place it in the basket	in(tomato_sauce_1, basket_1_contain_region); in(orange_juice_1, basket_1_contain_region); in(bbq_sauce_1, basket_1_contain_region)	Unordered triple selected from all C(6,3) object triples in this exact stock layout. | The explicit action plan follows the physical left-to-right/source-region rank; reversed wording is not a new identity. | Object identity has its own original LIBERO-Object pick-to-basket trajectory; its pose in the composite scene may differ. | Object identity has its own original LIBERO-Object pick-to-basket trajectory; its pose in the composite scene may differ. | Object identity has its own original LIBERO-Object pick-to-basket trajectory; its pose in the composite scene may differ.	3	0	5	0.0	0
COMP_429	C11_object_suite_basket_triples	Put the tomato sauce, the chocolate pudding, and the bbq sauce in the basket one after another.	libero_object	pick_up_the_tomato_sauce_and_place_it_in_the_basket;pick_up_the_chocolate_pudding_and_place_it_in_the_basket;pick_up_the_bbq_sauce_and_place_it_in_the_basket	Pick the tomato sauce and place it in the basket | Pick the chocolate pudding and place it in the basket | Pick the bbq sauce and place it in the basket	in(tomato_sauce_1, basket_1_contain_region); in(chocolate_pudding_1, basket_1_contain_region); in(bbq_sauce_1, basket_1_contain_region)	Unordered triple selected from all C(6,3) object triples in this exact stock layout. | The explicit action plan follows the physical left-to-right/source-region rank; reversed wording is not a new identity. | Object identity has its own original LIBERO-Object pick-to-basket trajectory; its pose in the composite scene may differ. | Object identity has its own original LIBERO-Object pick-to-basket trajectory; its pose in the composite scene may differ. | Object identity has its own original LIBERO-Object pick-to-basket trajectory; its pose in the composite scene may differ.	2	0	5	0.0	0
COMP_430	C11_object_suite_basket_triples	Put the milk, the butter, and the orange juice in the basket one after another.	libero_object	pick_up_the_milk_and_place_it_in_the_basket;pick_up_the_butter_and_place_it_in_the_basket;pick_up_the_orange_juice_and_place_it_in_the_basket	Pick the milk and place it in the basket | Pick the butter and place it in the basket | Pick the orange juice and place it in the basket	in(milk_1, basket_1_contain_region); in(butter_1, basket_1_contain_region); in(orange_juice_1, basket_1_contain_region)	Unordered triple selected from all C(6,3) object triples in this exact stock layout. | The explicit action plan follows the physical left-to-right/source-region rank; reversed wording is not a new identity. | Object identity has its own original LIBERO-Object pick-to-basket trajectory; its pose in the composite scene may differ. | Object identity has its own original LIBERO-Object pick-to-basket trajectory; its pose in the composite scene may differ. | Object identity has its own original LIBERO-Object pick-to-basket trajectory; its pose in the composite scene may differ.	3	0	5	0.0	0
COMP_431	C11_object_suite_basket_triples	Put the milk, the butter, and the chocolate pudding in the basket one after another.	libero_object	pick_up_the_milk_and_place_it_in_the_basket;pick_up_the_butter_and_place_it_in_the_basket;pick_up_the_chocolate_pudding_and_place_it_in_the_basket	Pick the milk and place it in the basket | Pick the butter and place it in the basket | Pick the chocolate pudding and place it in the basket	in(milk_1, basket_1_contain_region); in(butter_1, basket_1_contain_region); in(chocolate_pudding_1, basket_1_contain_region)	Unordered triple selected from all C(6,3) object triples in this exact stock layout. | The explicit action plan follows the physical left-to-right/source-region rank; reversed wording is not a new identity. | Object identity has its own original LIBERO-Object pick-to-basket trajectory; its pose in the composite scene may differ. | Object identity has its own original LIBERO-Object pick-to-basket trajectory; its pose in the composite scene may differ. | Object identity has its own original LIBERO-Object pick-to-basket trajectory; its pose in the composite scene may differ.	2	0	5	0.0	0
COMP_432	C11_object_suite_basket_triples	Put the milk, the butter, and the bbq sauce in the basket one after another.	libero_object	pick_up_the_milk_and_place_it_in_the_basket;pick_up_the_butter_and_place_it_in_the_basket;pick_up_the_bbq_sauce_and_place_it_in_the_basket	Pick the milk and place it in the basket | Pick the butter and place it in the basket | Pick the bbq sauce and place it in the basket	in(milk_1, basket_1_contain_region); in(butter_1, basket_1_contain_region); in(bbq_sauce_1, basket_1_contain_region)	Unordered triple selected from all C(6,3) object triples in this exact stock layout. | The explicit action plan follows the physical left-to-right/source-region rank; reversed wording is not a new identity. | Object identity has its own original LIBERO-Object pick-to-basket trajectory; its pose in the composite scene may differ. | Object identity has its own original LIBERO-Object pick-to-basket trajectory; its pose in the composite scene may differ. | Object identity has its own original LIBERO-Object pick-to-basket trajectory; its pose in the composite scene may differ.	3	0	5	0.0	0
COMP_433	C11_object_suite_basket_triples	Put the milk, the orange juice, and the chocolate pudding in the basket one after another.	libero_object	pick_up_the_milk_and_place_it_in_the_basket;pick_up_the_orange_juice_and_place_it_in_the_basket;pick_up_the_chocolate_pudding_and_place_it_in_the_basket	Pick the milk and place it in the basket | Pick the orange juice and place it in the basket | Pick the chocolate pudding and place it in the basket	in(milk_1, basket_1_contain_region); in(orange_juice_1, basket_1_contain_region); in(chocolate_pudding_1, basket_1_contain_region)	Unordered triple selected from all C(6,3) object triples in this exact stock layout. | The explicit action plan follows the physical left-to-right/source-region rank; reversed wording is not a new identity. | Object identity has its own original LIBERO-Object pick-to-basket trajectory; its pose in the composite scene may differ. | Object identity has its own original LIBERO-Object pick-to-basket trajectory; its pose in the composite scene may differ. | Object identity has its own original LIBERO-Object pick-to-basket trajectory; its pose in the composite scene may differ.	2	0	5	0.0	0
COMP_434	C11_object_suite_basket_triples	Put the milk, the orange juice, and the bbq sauce in the basket one after another.	libero_object	pick_up_the_milk_and_place_it_in_the_basket;pick_up_the_orange_juice_and_place_it_in_the_basket;pick_up_the_bbq_sauce_and_place_it_in_the_basket	Pick the milk and place it in the basket | Pick the orange juice and place it in the basket | Pick the bbq sauce and place it in the basket	in(milk_1, basket_1_contain_region); in(orange_juice_1, basket_1_contain_region); in(bbq_sauce_1, basket_1_contain_region)	Unordered triple selected from all C(6,3) object triples in this exact stock layout. | The explicit action plan follows the physical left-to-right/source-region rank; reversed wording is not a new identity. | Object identity has its own original LIBERO-Object pick-to-basket trajectory; its pose in the composite scene may differ. | Object identity has its own original LIBERO-Object pick-to-basket trajectory; its pose in the composite scene may differ. | Object identity has its own original LIBERO-Object pick-to-basket trajectory; its pose in the composite scene may differ.	3	0	5	0.0	0
COMP_435	C11_object_suite_basket_triples	Put the milk, the chocolate pudding, and the bbq sauce in the basket one after another.	libero_object	pick_up_the_milk_and_place_it_in_the_basket;pick_up_the_chocolate_pudding_and_place_it_in_the_basket;pick_up_the_bbq_sauce_and_place_it_in_the_basket	Pick the milk and place it in the basket | Pick the chocolate pudding and place it in the basket | Pick the bbq sauce and place it in the basket	in(milk_1, basket_1_contain_region); in(chocolate_pudding_1, basket_1_contain_region); in(bbq_sauce_1, basket_1_contain_region)	Unordered triple selected from all C(6,3) object triples in this exact stock layout. | The explicit action plan follows the physical left-to-right/source-region rank; reversed wording is not a new identity. | Object identity has its own original LIBERO-Object pick-to-basket trajectory; its pose in the composite scene may differ. | Object identity has its own original LIBERO-Object pick-to-basket trajectory; its pose in the composite scene may differ. | Object identity has its own original LIBERO-Object pick-to-basket trajectory; its pose in the composite scene may differ.	2	0	5	0.0	0
COMP_436	C11_object_suite_basket_triples	Put the butter, the orange juice, and the chocolate pudding in the basket one after another.	libero_object	pick_up_the_butter_and_place_it_in_the_basket;pick_up_the_orange_juice_and_place_it_in_the_basket;pick_up_the_chocolate_pudding_and_place_it_in_the_basket	Pick the butter and place it in the basket | Pick the orange juice and place it in the basket | Pick the chocolate pudding and place it in the basket	in(butter_1, basket_1_contain_region); in(orange_juice_1, basket_1_contain_region); in(chocolate_pudding_1, basket_1_contain_region)	Unordered triple selected from all C(6,3) object triples in this exact stock layout. | The explicit action plan follows the physical left-to-right/source-region rank; reversed wording is not a new identity. | Object identity has its own original LIBERO-Object pick-to-basket trajectory; its pose in the composite scene may differ. | Object identity has its own original LIBERO-Object pick-to-basket trajectory; its pose in the composite scene may differ. | Object identity has its own original LIBERO-Object pick-to-basket trajectory; its pose in the composite scene may differ.	3	0	5	0.0	0
COMP_437	C11_object_suite_basket_triples	Put the butter, the orange juice, and the bbq sauce in the basket one after another.	libero_object	pick_up_the_butter_and_place_it_in_the_basket;pick_up_the_orange_juice_and_place_it_in_the_basket;pick_up_the_bbq_sauce_and_place_it_in_the_basket	Pick the butter and place it in the basket | Pick the orange juice and place it in the basket | Pick the bbq sauce and place it in the basket	in(butter_1, basket_1_contain_region); in(orange_juice_1, basket_1_contain_region); in(bbq_sauce_1, basket_1_contain_region)	Unordered triple selected from all C(6,3) object triples in this exact stock layout. | The explicit action plan follows the physical left-to-right/source-region rank; reversed wording is not a new identity. | Object identity has its own original LIBERO-Object pick-to-basket trajectory; its pose in the composite scene may differ. | Object identity has its own original LIBERO-Object pick-to-basket trajectory; its pose in the composite scene may differ. | Object identity has its own original LIBERO-Object pick-to-basket trajectory; its pose in the composite scene may differ.	2	0	5	0.0	0
COMP_438	C11_object_suite_basket_triples	Put the butter, the chocolate pudding, and the bbq sauce in the basket one after another.	libero_object	pick_up_the_butter_and_place_it_in_the_basket;pick_up_the_chocolate_pudding_and_place_it_in_the_basket;pick_up_the_bbq_sauce_and_place_it_in_the_basket	Pick the butter and place it in the basket | Pick the chocolate pudding and place it in the basket | Pick the bbq sauce and place it in the basket	in(butter_1, basket_1_contain_region); in(chocolate_pudding_1, basket_1_contain_region); in(bbq_sauce_1, basket_1_contain_region)	Unordered triple selected from all C(6,3) object triples in this exact stock layout. | The explicit action plan follows the physical left-to-right/source-region rank; reversed wording is not a new identity. | Object identity has its own original LIBERO-Object pick-to-basket trajectory; its pose in the composite scene may differ. | Object identity has its own original LIBERO-Object pick-to-basket trajectory; its pose in the composite scene may differ. | Object identity has its own original LIBERO-Object pick-to-basket trajectory; its pose in the composite scene may differ.	3	0	5	0.0	0
COMP_439	C11_object_suite_basket_triples	Put the orange juice, the chocolate pudding, and the bbq sauce in the basket one after another.	libero_object	pick_up_the_orange_juice_and_place_it_in_the_basket;pick_up_the_chocolate_pudding_and_place_it_in_the_basket;pick_up_the_bbq_sauce_and_place_it_in_the_basket	Pick the orange juice and place it in the basket | Pick the chocolate pudding and place it in the basket | Pick the bbq sauce and place it in the basket	in(orange_juice_1, basket_1_contain_region); in(chocolate_pudding_1, basket_1_contain_region); in(bbq_sauce_1, basket_1_contain_region)	Unordered triple selected from all C(6,3) object triples in this exact stock layout. | The explicit action plan follows the physical left-to-right/source-region rank; reversed wording is not a new identity. | Object identity has its own original LIBERO-Object pick-to-basket trajectory; its pose in the composite scene may differ. | Object identity has its own original LIBERO-Object pick-to-basket trajectory; its pose in the composite scene may differ. | Object identity has its own original LIBERO-Object pick-to-basket trajectory; its pose in the composite scene may differ.	2	0	5	0.0	0
