candidate_id	task_id	source_task_id	original_instruction	original_target	left_object	right_object	left_initial_region	right_initial_region	bucket	pilot_batch	instruction	physical_signature	policy_status	native_sr_percent	strict_composition_sr_percent	simulator_initial_states	definition	strict_successes	native_final_count	native_ordered_count
BDRCENS_001	BDRCOMP_021	LIBERO_OBJECT_01	Pick the alphabet soup and place it in the basket	alphabet_soup_1	alphabet_soup_1	salad_dressing_1	floor_target_object_region	floor_other_object_region_0	original_target_first	extension20	Pick the alphabet soup and place it in the left compartment of the bowl drainer, then pick the salad dressing and place it in the right compartment of the bowl drainer.	9610d988549c9e51e542bbbd555c1e846c70efea8364b099b8c1647b1196b25d	evaluated		40	5	definitions/BDRCENS_001.bddl	2	2	2
BDRCENS_002	BDRCOMP_001	LIBERO_OBJECT_01	Pick the alphabet soup and place it in the basket	alphabet_soup_1	alphabet_soup_1	cream_cheese_1	floor_target_object_region	floor_other_object_region_1	original_target_first	anchor20	Pick the alphabet soup and place it in the left compartment of the bowl drainer, then pick the cream cheese and place it in the right compartment of the bowl drainer.	c3f956a3c23704cfc82ebbd9ea9ae737620c73e58ccaaa912e45a3ffede001cf	evaluated		0	5	definitions/BDRCENS_002.bddl	0	0	0
BDRCENS_003		LIBERO_OBJECT_01	Pick the alphabet soup and place it in the basket	alphabet_soup_1	alphabet_soup_1	milk_1	floor_target_object_region	floor_other_object_region_2	original_target_first		Pick the alphabet soup and place it in the left compartment of the bowl drainer, then pick the milk and place it in the right compartment of the bowl drainer.	29756135569b0f8f20d02ff1d528b1004025add0c43ed678b6b763aefdf21211	not evaluated			0	definitions/BDRCENS_003.bddl			
BDRCENS_004		LIBERO_OBJECT_01	Pick the alphabet soup and place it in the basket	alphabet_soup_1	alphabet_soup_1	tomato_sauce_1	floor_target_object_region	floor_other_object_region_3	original_target_first		Pick the alphabet soup and place it in the left compartment of the bowl drainer, then pick the tomato sauce and place it in the right compartment of the bowl drainer.	2b9e72bdfeb1a00ad6d788172acceda30d6dec3e7dd99f66e84802746048a253	not evaluated			0	definitions/BDRCENS_004.bddl			
BDRCENS_005		LIBERO_OBJECT_01	Pick the alphabet soup and place it in the basket	alphabet_soup_1	alphabet_soup_1	butter_1	floor_target_object_region	floor_other_object_region_4	original_target_first		Pick the alphabet soup and place it in the left compartment of the bowl drainer, then pick the butter and place it in the right compartment of the bowl drainer.	c7835ae176a694f26a3104868d8d6a8da4dba0aee30f91140fb0251e9a398573	not evaluated			0	definitions/BDRCENS_005.bddl			
BDRCENS_006	BDRCOMP_022	LIBERO_OBJECT_01	Pick the alphabet soup and place it in the basket	alphabet_soup_1	salad_dressing_1	alphabet_soup_1	floor_other_object_region_0	floor_target_object_region	original_target_second	extension20	Pick the salad dressing and place it in the left compartment of the bowl drainer, then pick the alphabet soup and place it in the right compartment of the bowl drainer.	80aa83145f5da65eb94e9077177e6b6004a706a251f24a828a7ee5f82cd03a63	evaluated		0	5	definitions/BDRCENS_006.bddl	0	0	0
BDRCENS_007		LIBERO_OBJECT_01	Pick the alphabet soup and place it in the basket	alphabet_soup_1	salad_dressing_1	cream_cheese_1	floor_other_object_region_0	floor_other_object_region_1	two_original_distractors		Pick the salad dressing and place it in the left compartment of the bowl drainer, then pick the cream cheese and place it in the right compartment of the bowl drainer.	9321ec27bb788f09cc494545c97ff5f3729150787ad97c76fc06c3950855d520	not evaluated			0	definitions/BDRCENS_007.bddl			
BDRCENS_008		LIBERO_OBJECT_01	Pick the alphabet soup and place it in the basket	alphabet_soup_1	salad_dressing_1	milk_1	floor_other_object_region_0	floor_other_object_region_2	two_original_distractors		Pick the salad dressing and place it in the left compartment of the bowl drainer, then pick the milk and place it in the right compartment of the bowl drainer.	3c1ce29315c06711c66b689e140cc652510d528a1114c9808b326040e1a21b8a	not evaluated			0	definitions/BDRCENS_008.bddl			
BDRCENS_009		LIBERO_OBJECT_01	Pick the alphabet soup and place it in the basket	alphabet_soup_1	salad_dressing_1	tomato_sauce_1	floor_other_object_region_0	floor_other_object_region_3	two_original_distractors		Pick the salad dressing and place it in the left compartment of the bowl drainer, then pick the tomato sauce and place it in the right compartment of the bowl drainer.	1459cbdcd0d5c2b5a13b24c7c0852bc46134d33309e3b3779043f9d621cf298a	not evaluated			0	definitions/BDRCENS_009.bddl			
BDRCENS_010		LIBERO_OBJECT_01	Pick the alphabet soup and place it in the basket	alphabet_soup_1	salad_dressing_1	butter_1	floor_other_object_region_0	floor_other_object_region_4	two_original_distractors		Pick the salad dressing and place it in the left compartment of the bowl drainer, then pick the butter and place it in the right compartment of the bowl drainer.	5feaf9b52830f11ee4d077d415fb8c8f2a8f4a6c885d7b132b695d7ec2f16d93	not evaluated			0	definitions/BDRCENS_010.bddl			
BDRCENS_011	BDRCOMP_002	LIBERO_OBJECT_01	Pick the alphabet soup and place it in the basket	alphabet_soup_1	cream_cheese_1	alphabet_soup_1	floor_other_object_region_1	floor_target_object_region	original_target_second	anchor20	Pick the cream cheese and place it in the left compartment of the bowl drainer, then pick the alphabet soup and place it in the right compartment of the bowl drainer.	52824af0caff6d9104ea6922953b8fecbcb923c15341c8163892e6abb4fc853e	evaluated		0	5	definitions/BDRCENS_011.bddl	0	0	0
BDRCENS_012		LIBERO_OBJECT_01	Pick the alphabet soup and place it in the basket	alphabet_soup_1	cream_cheese_1	salad_dressing_1	floor_other_object_region_1	floor_other_object_region_0	two_original_distractors		Pick the cream cheese and place it in the left compartment of the bowl drainer, then pick the salad dressing and place it in the right compartment of the bowl drainer.	9ea2c159808e426c807a4cea0d98ad1dd6c5dd527d4333a40b8e0b09e60767b0	not evaluated			0	definitions/BDRCENS_012.bddl			
BDRCENS_013		LIBERO_OBJECT_01	Pick the alphabet soup and place it in the basket	alphabet_soup_1	cream_cheese_1	milk_1	floor_other_object_region_1	floor_other_object_region_2	two_original_distractors		Pick the cream cheese and place it in the left compartment of the bowl drainer, then pick the milk and place it in the right compartment of the bowl drainer.	df21c29353b8e18ab13afe3443f356b589186511d887fb29dc14dcc6e56e360c	not evaluated			0	definitions/BDRCENS_013.bddl			
BDRCENS_014		LIBERO_OBJECT_01	Pick the alphabet soup and place it in the basket	alphabet_soup_1	cream_cheese_1	tomato_sauce_1	floor_other_object_region_1	floor_other_object_region_3	two_original_distractors		Pick the cream cheese and place it in the left compartment of the bowl drainer, then pick the tomato sauce and place it in the right compartment of the bowl drainer.	c0c0ca53b85cce4111275a2ea99ecb52c4a4c6b6a61a7774e5800dec0fa097a0	not evaluated			0	definitions/BDRCENS_014.bddl			
BDRCENS_015		LIBERO_OBJECT_01	Pick the alphabet soup and place it in the basket	alphabet_soup_1	cream_cheese_1	butter_1	floor_other_object_region_1	floor_other_object_region_4	two_original_distractors		Pick the cream cheese and place it in the left compartment of the bowl drainer, then pick the butter and place it in the right compartment of the bowl drainer.	bb7b874258c400c141966f9ba82dea01ef0606e915b07245783bd54ed6df81b1	not evaluated			0	definitions/BDRCENS_015.bddl			
BDRCENS_016		LIBERO_OBJECT_01	Pick the alphabet soup and place it in the basket	alphabet_soup_1	milk_1	alphabet_soup_1	floor_other_object_region_2	floor_target_object_region	original_target_second		Pick the milk and place it in the left compartment of the bowl drainer, then pick the alphabet soup and place it in the right compartment of the bowl drainer.	fc7adf5bd45ba7ab366d9a3eb62ba165994d14dddabdc904ede22d2a56587a29	not evaluated			0	definitions/BDRCENS_016.bddl			
BDRCENS_017		LIBERO_OBJECT_01	Pick the alphabet soup and place it in the basket	alphabet_soup_1	milk_1	salad_dressing_1	floor_other_object_region_2	floor_other_object_region_0	two_original_distractors		Pick the milk and place it in the left compartment of the bowl drainer, then pick the salad dressing and place it in the right compartment of the bowl drainer.	2b2058f9d89ad7ffe9f85d6a631725cab291f6513cdff2fab2795d0489b2bf88	not evaluated			0	definitions/BDRCENS_017.bddl			
BDRCENS_018		LIBERO_OBJECT_01	Pick the alphabet soup and place it in the basket	alphabet_soup_1	milk_1	cream_cheese_1	floor_other_object_region_2	floor_other_object_region_1	two_original_distractors		Pick the milk and place it in the left compartment of the bowl drainer, then pick the cream cheese and place it in the right compartment of the bowl drainer.	a2cf78be95d93a81aede0212bf695b33ad1cbedcc073cf821972e56b64160771	not evaluated			0	definitions/BDRCENS_018.bddl			
BDRCENS_019		LIBERO_OBJECT_01	Pick the alphabet soup and place it in the basket	alphabet_soup_1	milk_1	tomato_sauce_1	floor_other_object_region_2	floor_other_object_region_3	two_original_distractors		Pick the milk and place it in the left compartment of the bowl drainer, then pick the tomato sauce and place it in the right compartment of the bowl drainer.	44074cc35095a70237860eeb543bf4923cb1fecaa6dde92473e11213d692e76a	not evaluated			0	definitions/BDRCENS_019.bddl			
BDRCENS_020		LIBERO_OBJECT_01	Pick the alphabet soup and place it in the basket	alphabet_soup_1	milk_1	butter_1	floor_other_object_region_2	floor_other_object_region_4	two_original_distractors		Pick the milk and place it in the left compartment of the bowl drainer, then pick the butter and place it in the right compartment of the bowl drainer.	dd26cbc5a73067d82147f709e1db32d1134e201b0702bf78d9670d022d1dbea1	not evaluated			0	definitions/BDRCENS_020.bddl			
BDRCENS_021		LIBERO_OBJECT_01	Pick the alphabet soup and place it in the basket	alphabet_soup_1	tomato_sauce_1	alphabet_soup_1	floor_other_object_region_3	floor_target_object_region	original_target_second		Pick the tomato sauce and place it in the left compartment of the bowl drainer, then pick the alphabet soup and place it in the right compartment of the bowl drainer.	d38f7c198ab6d68961dea722ae4887551be209409b97c79a19af162f632ed271	not evaluated			0	definitions/BDRCENS_021.bddl			
BDRCENS_022		LIBERO_OBJECT_01	Pick the alphabet soup and place it in the basket	alphabet_soup_1	tomato_sauce_1	salad_dressing_1	floor_other_object_region_3	floor_other_object_region_0	two_original_distractors		Pick the tomato sauce and place it in the left compartment of the bowl drainer, then pick the salad dressing and place it in the right compartment of the bowl drainer.	28c0bd5509d34a7ae4ea415126b3332b8323ba9c25a0f68853ffed4d1d31f615	not evaluated			0	definitions/BDRCENS_022.bddl			
BDRCENS_023		LIBERO_OBJECT_01	Pick the alphabet soup and place it in the basket	alphabet_soup_1	tomato_sauce_1	cream_cheese_1	floor_other_object_region_3	floor_other_object_region_1	two_original_distractors		Pick the tomato sauce and place it in the left compartment of the bowl drainer, then pick the cream cheese and place it in the right compartment of the bowl drainer.	22995b2ea1c4091feb2823d8b1520f6d13e97e03241c530332ce00234ec00b35	not evaluated			0	definitions/BDRCENS_023.bddl			
BDRCENS_024		LIBERO_OBJECT_01	Pick the alphabet soup and place it in the basket	alphabet_soup_1	tomato_sauce_1	milk_1	floor_other_object_region_3	floor_other_object_region_2	two_original_distractors		Pick the tomato sauce and place it in the left compartment of the bowl drainer, then pick the milk and place it in the right compartment of the bowl drainer.	0d08db369e5ef5ae8484cc462c21ac83c64f8f5ca9d562149e2b7efb39cda4b0	not evaluated			0	definitions/BDRCENS_024.bddl			
BDRCENS_025		LIBERO_OBJECT_01	Pick the alphabet soup and place it in the basket	alphabet_soup_1	tomato_sauce_1	butter_1	floor_other_object_region_3	floor_other_object_region_4	two_original_distractors		Pick the tomato sauce and place it in the left compartment of the bowl drainer, then pick the butter and place it in the right compartment of the bowl drainer.	c231dc9fb53caa669ab7bd4fe65a9914b5ba6ee86ddcd4df22ea50f5cbc18604	not evaluated			0	definitions/BDRCENS_025.bddl			
BDRCENS_026		LIBERO_OBJECT_01	Pick the alphabet soup and place it in the basket	alphabet_soup_1	butter_1	alphabet_soup_1	floor_other_object_region_4	floor_target_object_region	original_target_second		Pick the butter and place it in the left compartment of the bowl drainer, then pick the alphabet soup and place it in the right compartment of the bowl drainer.	fe07ddbb2408baad3ec4434c216693339a73b1a76bd91885ecbff195e38dda92	not evaluated			0	definitions/BDRCENS_026.bddl			
BDRCENS_027		LIBERO_OBJECT_01	Pick the alphabet soup and place it in the basket	alphabet_soup_1	butter_1	salad_dressing_1	floor_other_object_region_4	floor_other_object_region_0	two_original_distractors		Pick the butter and place it in the left compartment of the bowl drainer, then pick the salad dressing and place it in the right compartment of the bowl drainer.	f35678f561878628f27c4ba295422aa7fcbb88c418573bbe4890c4fe0cec340e	not evaluated			0	definitions/BDRCENS_027.bddl			
BDRCENS_028		LIBERO_OBJECT_01	Pick the alphabet soup and place it in the basket	alphabet_soup_1	butter_1	cream_cheese_1	floor_other_object_region_4	floor_other_object_region_1	two_original_distractors		Pick the butter and place it in the left compartment of the bowl drainer, then pick the cream cheese and place it in the right compartment of the bowl drainer.	96216a5a5578e0102d663c490ac92eb453fa773bc0a3e29275eb018cc5ee6952	not evaluated			0	definitions/BDRCENS_028.bddl			
BDRCENS_029		LIBERO_OBJECT_01	Pick the alphabet soup and place it in the basket	alphabet_soup_1	butter_1	milk_1	floor_other_object_region_4	floor_other_object_region_2	two_original_distractors		Pick the butter and place it in the left compartment of the bowl drainer, then pick the milk and place it in the right compartment of the bowl drainer.	b4aec658083442a10de2db8f63fba88229d5dd192839ad479f7abc14b400cb1d	not evaluated			0	definitions/BDRCENS_029.bddl			
BDRCENS_030		LIBERO_OBJECT_01	Pick the alphabet soup and place it in the basket	alphabet_soup_1	butter_1	tomato_sauce_1	floor_other_object_region_4	floor_other_object_region_3	two_original_distractors		Pick the butter and place it in the left compartment of the bowl drainer, then pick the tomato sauce and place it in the right compartment of the bowl drainer.	f77187b0b29ed67368c65986b2eaa516a3ffeca2327ddcda4ef8563c1cb61995	not evaluated			0	definitions/BDRCENS_030.bddl			
BDRCENS_031	BDRCOMP_003	LIBERO_OBJECT_02	Pick the cream cheese and place it in the basket	cream_cheese_1	cream_cheese_1	alphabet_soup_1	floor_target_object_region	floor_other_object_region_0	original_target_first	anchor20	Pick the cream cheese and place it in the left compartment of the bowl drainer, then pick the alphabet soup and place it in the right compartment of the bowl drainer.	3e84a63f92ecfc4d2bbc59ae1f3a398c52057f686f1f58403179a53a5ae31596	evaluated		0	5	definitions/BDRCENS_031.bddl	0	0	0
BDRCENS_032	BDRCOMP_023	LIBERO_OBJECT_02	Pick the cream cheese and place it in the basket	cream_cheese_1	cream_cheese_1	milk_1	floor_target_object_region	floor_other_object_region_1	original_target_first	extension20	Pick the cream cheese and place it in the left compartment of the bowl drainer, then pick the milk and place it in the right compartment of the bowl drainer.	e8d61330d01e38c1233a99786eab23b6f8acbe3fcb558816eb43bce998eb42c4	evaluated		0	5	definitions/BDRCENS_032.bddl	0	0	0
BDRCENS_033		LIBERO_OBJECT_02	Pick the cream cheese and place it in the basket	cream_cheese_1	cream_cheese_1	tomato_sauce_1	floor_target_object_region	floor_other_object_region_2	original_target_first		Pick the cream cheese and place it in the left compartment of the bowl drainer, then pick the tomato sauce and place it in the right compartment of the bowl drainer.	99ef9890e9896e74604ec864fb00572fc7e9fd5689a2bee4a09757de56a25e66	not evaluated			0	definitions/BDRCENS_033.bddl			
BDRCENS_034		LIBERO_OBJECT_02	Pick the cream cheese and place it in the basket	cream_cheese_1	cream_cheese_1	butter_1	floor_target_object_region	floor_other_object_region_3	original_target_first		Pick the cream cheese and place it in the left compartment of the bowl drainer, then pick the butter and place it in the right compartment of the bowl drainer.	6b58c0d8f0cfd6c1fdc74a4e1930e7bcb10c48d0af0ce895c6f3f152bfb31a42	not evaluated			0	definitions/BDRCENS_034.bddl			
BDRCENS_035		LIBERO_OBJECT_02	Pick the cream cheese and place it in the basket	cream_cheese_1	cream_cheese_1	orange_juice_1	floor_target_object_region	floor_other_object_region_4	original_target_first		Pick the cream cheese and place it in the left compartment of the bowl drainer, then pick the orange juice and place it in the right compartment of the bowl drainer.	5c0aa1d5f6f910dd114d7d2732bee969074b29ae1ee522a0f0deb264d327e4a8	not evaluated			0	definitions/BDRCENS_035.bddl			
BDRCENS_036	BDRCOMP_004	LIBERO_OBJECT_02	Pick the cream cheese and place it in the basket	cream_cheese_1	alphabet_soup_1	cream_cheese_1	floor_other_object_region_0	floor_target_object_region	original_target_second	anchor20	Pick the alphabet soup and place it in the left compartment of the bowl drainer, then pick the cream cheese and place it in the right compartment of the bowl drainer.	d1ac770545bfd09f5560fba2f3d1d539384d37e2c2e7aa1aa6e10b3ea735221e	evaluated		20	5	definitions/BDRCENS_036.bddl	1	1	1
BDRCENS_037		LIBERO_OBJECT_02	Pick the cream cheese and place it in the basket	cream_cheese_1	alphabet_soup_1	milk_1	floor_other_object_region_0	floor_other_object_region_1	two_original_distractors		Pick the alphabet soup and place it in the left compartment of the bowl drainer, then pick the milk and place it in the right compartment of the bowl drainer.	5d0b661922cc80f7254523d6ef568ecc5c4ff73848723f03f204d46192d5539e	not evaluated			0	definitions/BDRCENS_037.bddl			
BDRCENS_038		LIBERO_OBJECT_02	Pick the cream cheese and place it in the basket	cream_cheese_1	alphabet_soup_1	tomato_sauce_1	floor_other_object_region_0	floor_other_object_region_2	two_original_distractors		Pick the alphabet soup and place it in the left compartment of the bowl drainer, then pick the tomato sauce and place it in the right compartment of the bowl drainer.	3b5b530703f504e18f86e9f3ab718675f2073ba2535e23a44db8de5cff713a99	not evaluated			0	definitions/BDRCENS_038.bddl			
BDRCENS_039		LIBERO_OBJECT_02	Pick the cream cheese and place it in the basket	cream_cheese_1	alphabet_soup_1	butter_1	floor_other_object_region_0	floor_other_object_region_3	two_original_distractors		Pick the alphabet soup and place it in the left compartment of the bowl drainer, then pick the butter and place it in the right compartment of the bowl drainer.	6b8135a48dea44a970ebf18186d78ab01c0d25892d2e52404ccb055ced4b2047	not evaluated			0	definitions/BDRCENS_039.bddl			
BDRCENS_040		LIBERO_OBJECT_02	Pick the cream cheese and place it in the basket	cream_cheese_1	alphabet_soup_1	orange_juice_1	floor_other_object_region_0	floor_other_object_region_4	two_original_distractors		Pick the alphabet soup and place it in the left compartment of the bowl drainer, then pick the orange juice and place it in the right compartment of the bowl drainer.	4c0ab7f2fd83a5410ffe591d7cb461f8afc8e5d2ecb5eb5626760d48d9c9fdc2	not evaluated			0	definitions/BDRCENS_040.bddl			
BDRCENS_041	BDRCOMP_024	LIBERO_OBJECT_02	Pick the cream cheese and place it in the basket	cream_cheese_1	milk_1	cream_cheese_1	floor_other_object_region_1	floor_target_object_region	original_target_second	extension20	Pick the milk and place it in the left compartment of the bowl drainer, then pick the cream cheese and place it in the right compartment of the bowl drainer.	4f0bb8e29c61b07e55e0d43d5a85b7255656a417410641dcdeca228c90390d30	evaluated		0	5	definitions/BDRCENS_041.bddl	0	0	0
BDRCENS_042		LIBERO_OBJECT_02	Pick the cream cheese and place it in the basket	cream_cheese_1	milk_1	alphabet_soup_1	floor_other_object_region_1	floor_other_object_region_0	two_original_distractors		Pick the milk and place it in the left compartment of the bowl drainer, then pick the alphabet soup and place it in the right compartment of the bowl drainer.	56504d996da0f691e5164328852382bfe9d937a2dcac941cb549a0507b75f9ee	not evaluated			0	definitions/BDRCENS_042.bddl			
BDRCENS_043		LIBERO_OBJECT_02	Pick the cream cheese and place it in the basket	cream_cheese_1	milk_1	tomato_sauce_1	floor_other_object_region_1	floor_other_object_region_2	two_original_distractors		Pick the milk and place it in the left compartment of the bowl drainer, then pick the tomato sauce and place it in the right compartment of the bowl drainer.	9013d8ee9118e6289fbbeff28b70a536afe266fc3e47b52511899bd5c8655cda	not evaluated			0	definitions/BDRCENS_043.bddl			
BDRCENS_044		LIBERO_OBJECT_02	Pick the cream cheese and place it in the basket	cream_cheese_1	milk_1	butter_1	floor_other_object_region_1	floor_other_object_region_3	two_original_distractors		Pick the milk and place it in the left compartment of the bowl drainer, then pick the butter and place it in the right compartment of the bowl drainer.	8fc9bde85c0774f5eff63ac7385d5d74499b271c7eae3088215dbee28a726431	not evaluated			0	definitions/BDRCENS_044.bddl			
BDRCENS_045		LIBERO_OBJECT_02	Pick the cream cheese and place it in the basket	cream_cheese_1	milk_1	orange_juice_1	floor_other_object_region_1	floor_other_object_region_4	two_original_distractors		Pick the milk and place it in the left compartment of the bowl drainer, then pick the orange juice and place it in the right compartment of the bowl drainer.	fb814d59065ca958a3263be64bb3c33f3328af0f82167714f4431e640c0d9b6c	not evaluated			0	definitions/BDRCENS_045.bddl			
BDRCENS_046		LIBERO_OBJECT_02	Pick the cream cheese and place it in the basket	cream_cheese_1	tomato_sauce_1	cream_cheese_1	floor_other_object_region_2	floor_target_object_region	original_target_second		Pick the tomato sauce and place it in the left compartment of the bowl drainer, then pick the cream cheese and place it in the right compartment of the bowl drainer.	ee59414faf3e78d095661a92b7e2e840ff926b0e9b64babdaa94ad29c99905b4	not evaluated			0	definitions/BDRCENS_046.bddl			
BDRCENS_047		LIBERO_OBJECT_02	Pick the cream cheese and place it in the basket	cream_cheese_1	tomato_sauce_1	alphabet_soup_1	floor_other_object_region_2	floor_other_object_region_0	two_original_distractors		Pick the tomato sauce and place it in the left compartment of the bowl drainer, then pick the alphabet soup and place it in the right compartment of the bowl drainer.	1206f007e95d0026e17a2a2c3c254bcb5c0f80795764f1516cdf971bfe1f66e1	not evaluated			0	definitions/BDRCENS_047.bddl			
BDRCENS_048		LIBERO_OBJECT_02	Pick the cream cheese and place it in the basket	cream_cheese_1	tomato_sauce_1	milk_1	floor_other_object_region_2	floor_other_object_region_1	two_original_distractors		Pick the tomato sauce and place it in the left compartment of the bowl drainer, then pick the milk and place it in the right compartment of the bowl drainer.	98a398899a58aa744be0ac58ebd6dca4c7a29dcc8645bcc0640f673c9c97ef00	not evaluated			0	definitions/BDRCENS_048.bddl			
BDRCENS_049		LIBERO_OBJECT_02	Pick the cream cheese and place it in the basket	cream_cheese_1	tomato_sauce_1	butter_1	floor_other_object_region_2	floor_other_object_region_3	two_original_distractors		Pick the tomato sauce and place it in the left compartment of the bowl drainer, then pick the butter and place it in the right compartment of the bowl drainer.	1b4c8159b0eac42480996bdc324dbcb2f6769fba6e6d5074ecf96a17a469a65c	not evaluated			0	definitions/BDRCENS_049.bddl			
BDRCENS_050		LIBERO_OBJECT_02	Pick the cream cheese and place it in the basket	cream_cheese_1	tomato_sauce_1	orange_juice_1	floor_other_object_region_2	floor_other_object_region_4	two_original_distractors		Pick the tomato sauce and place it in the left compartment of the bowl drainer, then pick the orange juice and place it in the right compartment of the bowl drainer.	43eeaf491b33076fe9481da856034ecdd5e41120b25ce0e79eedda54d1ccf5a4	not evaluated			0	definitions/BDRCENS_050.bddl			
BDRCENS_051		LIBERO_OBJECT_02	Pick the cream cheese and place it in the basket	cream_cheese_1	butter_1	cream_cheese_1	floor_other_object_region_3	floor_target_object_region	original_target_second		Pick the butter and place it in the left compartment of the bowl drainer, then pick the cream cheese and place it in the right compartment of the bowl drainer.	fbb4187a5fe5613dd5404308f4a019566d57ed898355a9966a25c825353deb7d	not evaluated			0	definitions/BDRCENS_051.bddl			
BDRCENS_052		LIBERO_OBJECT_02	Pick the cream cheese and place it in the basket	cream_cheese_1	butter_1	alphabet_soup_1	floor_other_object_region_3	floor_other_object_region_0	two_original_distractors		Pick the butter and place it in the left compartment of the bowl drainer, then pick the alphabet soup and place it in the right compartment of the bowl drainer.	f90ac86a3ee04839b71f418af77c523bacb2d51a2b197f6da41e49bee790cd33	not evaluated			0	definitions/BDRCENS_052.bddl			
BDRCENS_053		LIBERO_OBJECT_02	Pick the cream cheese and place it in the basket	cream_cheese_1	butter_1	milk_1	floor_other_object_region_3	floor_other_object_region_1	two_original_distractors		Pick the butter and place it in the left compartment of the bowl drainer, then pick the milk and place it in the right compartment of the bowl drainer.	8769f7413ee5774483cb5db901f539a2796c8274a5f3aadebe5ae24f46754552	not evaluated			0	definitions/BDRCENS_053.bddl			
BDRCENS_054		LIBERO_OBJECT_02	Pick the cream cheese and place it in the basket	cream_cheese_1	butter_1	tomato_sauce_1	floor_other_object_region_3	floor_other_object_region_2	two_original_distractors		Pick the butter and place it in the left compartment of the bowl drainer, then pick the tomato sauce and place it in the right compartment of the bowl drainer.	2a1d8d39a3842a5406bcfe905ed589e7d210ca981b5ff537bef540a6f5b02418	not evaluated			0	definitions/BDRCENS_054.bddl			
BDRCENS_055		LIBERO_OBJECT_02	Pick the cream cheese and place it in the basket	cream_cheese_1	butter_1	orange_juice_1	floor_other_object_region_3	floor_other_object_region_4	two_original_distractors		Pick the butter and place it in the left compartment of the bowl drainer, then pick the orange juice and place it in the right compartment of the bowl drainer.	42d31417414fb475dd335362f4efa3d2d6ebfeca49422a2a5a298f60710e4d99	not evaluated			0	definitions/BDRCENS_055.bddl			
BDRCENS_056		LIBERO_OBJECT_02	Pick the cream cheese and place it in the basket	cream_cheese_1	orange_juice_1	cream_cheese_1	floor_other_object_region_4	floor_target_object_region	original_target_second		Pick the orange juice and place it in the left compartment of the bowl drainer, then pick the cream cheese and place it in the right compartment of the bowl drainer.	38c49f34d792fbaea0906b2a997741aecc942c2fff513f921e1bbc0b3e26a852	not evaluated			0	definitions/BDRCENS_056.bddl			
BDRCENS_057		LIBERO_OBJECT_02	Pick the cream cheese and place it in the basket	cream_cheese_1	orange_juice_1	alphabet_soup_1	floor_other_object_region_4	floor_other_object_region_0	two_original_distractors		Pick the orange juice and place it in the left compartment of the bowl drainer, then pick the alphabet soup and place it in the right compartment of the bowl drainer.	4e1a613646f8ca53a82df15023870bc94a92e557c56e0d70b89cc656497a4a5e	not evaluated			0	definitions/BDRCENS_057.bddl			
BDRCENS_058		LIBERO_OBJECT_02	Pick the cream cheese and place it in the basket	cream_cheese_1	orange_juice_1	milk_1	floor_other_object_region_4	floor_other_object_region_1	two_original_distractors		Pick the orange juice and place it in the left compartment of the bowl drainer, then pick the milk and place it in the right compartment of the bowl drainer.	57dafa75e5d1be94b732de2a2c48d96feee1c46d9e9b92d0e44dad1620679eeb	not evaluated			0	definitions/BDRCENS_058.bddl			
BDRCENS_059		LIBERO_OBJECT_02	Pick the cream cheese and place it in the basket	cream_cheese_1	orange_juice_1	tomato_sauce_1	floor_other_object_region_4	floor_other_object_region_2	two_original_distractors		Pick the orange juice and place it in the left compartment of the bowl drainer, then pick the tomato sauce and place it in the right compartment of the bowl drainer.	cd6ad66b21c73081d215e4556eb8314bb50b0c5fb9fc262ce6c19f0e52359797	not evaluated			0	definitions/BDRCENS_059.bddl			
BDRCENS_060		LIBERO_OBJECT_02	Pick the cream cheese and place it in the basket	cream_cheese_1	orange_juice_1	butter_1	floor_other_object_region_4	floor_other_object_region_3	two_original_distractors		Pick the orange juice and place it in the left compartment of the bowl drainer, then pick the butter and place it in the right compartment of the bowl drainer.	18084f4337be5e3e52bda03e68fe828a0a77cdd8d28f2f48cdbb746ed6f084f7	not evaluated			0	definitions/BDRCENS_060.bddl			
BDRCENS_061		LIBERO_OBJECT_03	Pick the salad dressing and place it in the basket	salad_dressing_1	salad_dressing_1	ketchup_1	floor_target_object_region	floor_other_object_region_0	original_target_first		Pick the salad dressing and place it in the left compartment of the bowl drainer, then pick the ketchup and place it in the right compartment of the bowl drainer.	6ab66cf076c4547344f76f05b134fd269f0830527e388bb0ee610eb4cf336abd	not evaluated			0	definitions/BDRCENS_061.bddl			
BDRCENS_062	BDRCOMP_026	LIBERO_OBJECT_03	Pick the salad dressing and place it in the basket	salad_dressing_1	salad_dressing_1	alphabet_soup_1	floor_target_object_region	floor_other_object_region_1	original_target_first	extension20	Pick the salad dressing and place it in the left compartment of the bowl drainer, then pick the alphabet soup and place it in the right compartment of the bowl drainer.	12db68f970a34c019f77b276526d470538715cb6a0879e6efd821e2f60b921c4	evaluated		0	5	definitions/BDRCENS_062.bddl	0	0	0
BDRCENS_063		LIBERO_OBJECT_03	Pick the salad dressing and place it in the basket	salad_dressing_1	salad_dressing_1	cream_cheese_1	floor_target_object_region	floor_other_object_region_2	original_target_first		Pick the salad dressing and place it in the left compartment of the bowl drainer, then pick the cream cheese and place it in the right compartment of the bowl drainer.	5627a58d04990806b492f40c9186abaeeb657320cb0922576df4adb135ec6f6b	not evaluated			0	definitions/BDRCENS_063.bddl			
BDRCENS_064		LIBERO_OBJECT_03	Pick the salad dressing and place it in the basket	salad_dressing_1	salad_dressing_1	milk_1	floor_target_object_region	floor_other_object_region_3	original_target_first		Pick the salad dressing and place it in the left compartment of the bowl drainer, then pick the milk and place it in the right compartment of the bowl drainer.	9b8a962252b3886d2db4db8bbfdb642ff7aa22d9b40bf919958755f2e66cfb81	not evaluated			0	definitions/BDRCENS_064.bddl			
BDRCENS_065		LIBERO_OBJECT_03	Pick the salad dressing and place it in the basket	salad_dressing_1	salad_dressing_1	tomato_sauce_1	floor_target_object_region	floor_other_object_region_4	original_target_first		Pick the salad dressing and place it in the left compartment of the bowl drainer, then pick the tomato sauce and place it in the right compartment of the bowl drainer.	fe6b6e9e58242b682f702d9357fd834cb8734a9148de63b523801305421cfa9c	not evaluated			0	definitions/BDRCENS_065.bddl			
BDRCENS_066		LIBERO_OBJECT_03	Pick the salad dressing and place it in the basket	salad_dressing_1	ketchup_1	salad_dressing_1	floor_other_object_region_0	floor_target_object_region	original_target_second		Pick the ketchup and place it in the left compartment of the bowl drainer, then pick the salad dressing and place it in the right compartment of the bowl drainer.	23085be70d37450fb4cab19996a74456bd3e31aee3edf8e073f446181dca552b	not evaluated			0	definitions/BDRCENS_066.bddl			
BDRCENS_067		LIBERO_OBJECT_03	Pick the salad dressing and place it in the basket	salad_dressing_1	ketchup_1	alphabet_soup_1	floor_other_object_region_0	floor_other_object_region_1	two_original_distractors		Pick the ketchup and place it in the left compartment of the bowl drainer, then pick the alphabet soup and place it in the right compartment of the bowl drainer.	3d571f7f826182b6ffb9266d4245cf8ccd70c497b8bb7744f993fd4f4440a88c	not evaluated			0	definitions/BDRCENS_067.bddl			
BDRCENS_068		LIBERO_OBJECT_03	Pick the salad dressing and place it in the basket	salad_dressing_1	ketchup_1	cream_cheese_1	floor_other_object_region_0	floor_other_object_region_2	two_original_distractors		Pick the ketchup and place it in the left compartment of the bowl drainer, then pick the cream cheese and place it in the right compartment of the bowl drainer.	6641968965acaa223940367e98b937030b843b47cb0b40c4048cc90f25f5a449	not evaluated			0	definitions/BDRCENS_068.bddl			
BDRCENS_069		LIBERO_OBJECT_03	Pick the salad dressing and place it in the basket	salad_dressing_1	ketchup_1	milk_1	floor_other_object_region_0	floor_other_object_region_3	two_original_distractors		Pick the ketchup and place it in the left compartment of the bowl drainer, then pick the milk and place it in the right compartment of the bowl drainer.	3f3cf93fc3f139b7a893a38f64e605777c9cf53ce96404895e4eaa3787358004	not evaluated			0	definitions/BDRCENS_069.bddl			
BDRCENS_070		LIBERO_OBJECT_03	Pick the salad dressing and place it in the basket	salad_dressing_1	ketchup_1	tomato_sauce_1	floor_other_object_region_0	floor_other_object_region_4	two_original_distractors		Pick the ketchup and place it in the left compartment of the bowl drainer, then pick the tomato sauce and place it in the right compartment of the bowl drainer.	93e15dd3bf562dc0a54efcffe75cb259dcc8e4d844df6e263403ec9cc7f2ea74	not evaluated			0	definitions/BDRCENS_070.bddl			
BDRCENS_071	BDRCOMP_025	LIBERO_OBJECT_03	Pick the salad dressing and place it in the basket	salad_dressing_1	alphabet_soup_1	salad_dressing_1	floor_other_object_region_1	floor_target_object_region	original_target_second	extension20	Pick the alphabet soup and place it in the left compartment of the bowl drainer, then pick the salad dressing and place it in the right compartment of the bowl drainer.	98821642d68d998a5d3fb46e563329d80b12b04d930ef506d10d7e50e1ee85d8	evaluated		0	5	definitions/BDRCENS_071.bddl	0	0	0
BDRCENS_072		LIBERO_OBJECT_03	Pick the salad dressing and place it in the basket	salad_dressing_1	alphabet_soup_1	ketchup_1	floor_other_object_region_1	floor_other_object_region_0	two_original_distractors		Pick the alphabet soup and place it in the left compartment of the bowl drainer, then pick the ketchup and place it in the right compartment of the bowl drainer.	561bb97443e6722296da867a923aa8bc8e7c1dafa69b973259e13d0c3ea891d6	not evaluated			0	definitions/BDRCENS_072.bddl			
BDRCENS_073	BDRCOMP_005	LIBERO_OBJECT_03	Pick the salad dressing and place it in the basket	salad_dressing_1	alphabet_soup_1	cream_cheese_1	floor_other_object_region_1	floor_other_object_region_2	two_original_distractors	anchor20	Pick the alphabet soup and place it in the left compartment of the bowl drainer, then pick the cream cheese and place it in the right compartment of the bowl drainer.	2f0adaade4c9eac6b77949880fa19469519bc1a782f54e37a92b3599a270d47c	evaluated		0	5	definitions/BDRCENS_073.bddl	0	0	0
BDRCENS_074		LIBERO_OBJECT_03	Pick the salad dressing and place it in the basket	salad_dressing_1	alphabet_soup_1	milk_1	floor_other_object_region_1	floor_other_object_region_3	two_original_distractors		Pick the alphabet soup and place it in the left compartment of the bowl drainer, then pick the milk and place it in the right compartment of the bowl drainer.	72f0891ec5f53a37239eaf5a86d6ccb2c1d13638b0f9505dbc3838b0a0d68570	not evaluated			0	definitions/BDRCENS_074.bddl			
BDRCENS_075		LIBERO_OBJECT_03	Pick the salad dressing and place it in the basket	salad_dressing_1	alphabet_soup_1	tomato_sauce_1	floor_other_object_region_1	floor_other_object_region_4	two_original_distractors		Pick the alphabet soup and place it in the left compartment of the bowl drainer, then pick the tomato sauce and place it in the right compartment of the bowl drainer.	e91e988a185c69c250dd36372a4187e11843b7be73db8f227d737f18397e71b7	not evaluated			0	definitions/BDRCENS_075.bddl			
BDRCENS_076		LIBERO_OBJECT_03	Pick the salad dressing and place it in the basket	salad_dressing_1	cream_cheese_1	salad_dressing_1	floor_other_object_region_2	floor_target_object_region	original_target_second		Pick the cream cheese and place it in the left compartment of the bowl drainer, then pick the salad dressing and place it in the right compartment of the bowl drainer.	f8ff042aaf4e25068199e68b117780ec5019dcd6866b1294d996901774efc608	not evaluated			0	definitions/BDRCENS_076.bddl			
BDRCENS_077		LIBERO_OBJECT_03	Pick the salad dressing and place it in the basket	salad_dressing_1	cream_cheese_1	ketchup_1	floor_other_object_region_2	floor_other_object_region_0	two_original_distractors		Pick the cream cheese and place it in the left compartment of the bowl drainer, then pick the ketchup and place it in the right compartment of the bowl drainer.	b7dbd849b874d5e63415797a3d3301fe1caaf94d0ba0657c3f168d2368a04d10	not evaluated			0	definitions/BDRCENS_077.bddl			
BDRCENS_078	BDRCOMP_006	LIBERO_OBJECT_03	Pick the salad dressing and place it in the basket	salad_dressing_1	cream_cheese_1	alphabet_soup_1	floor_other_object_region_2	floor_other_object_region_1	two_original_distractors	anchor20	Pick the cream cheese and place it in the left compartment of the bowl drainer, then pick the alphabet soup and place it in the right compartment of the bowl drainer.	b1b04f36897c366eab053780fc63f291ea40e0102362c504a8d73aeef63c8301	evaluated		0	5	definitions/BDRCENS_078.bddl	0	0	0
BDRCENS_079		LIBERO_OBJECT_03	Pick the salad dressing and place it in the basket	salad_dressing_1	cream_cheese_1	milk_1	floor_other_object_region_2	floor_other_object_region_3	two_original_distractors		Pick the cream cheese and place it in the left compartment of the bowl drainer, then pick the milk and place it in the right compartment of the bowl drainer.	2ccb5849a4224b68b6ddafb3f06f0ef9ca214b21607af1e9baebc48fb58d4d9d	not evaluated			0	definitions/BDRCENS_079.bddl			
BDRCENS_080		LIBERO_OBJECT_03	Pick the salad dressing and place it in the basket	salad_dressing_1	cream_cheese_1	tomato_sauce_1	floor_other_object_region_2	floor_other_object_region_4	two_original_distractors		Pick the cream cheese and place it in the left compartment of the bowl drainer, then pick the tomato sauce and place it in the right compartment of the bowl drainer.	8d2713629ab904c03e7a24a40c122fbae2237bb75204589542f2a1d158e538aa	not evaluated			0	definitions/BDRCENS_080.bddl			
BDRCENS_081		LIBERO_OBJECT_03	Pick the salad dressing and place it in the basket	salad_dressing_1	milk_1	salad_dressing_1	floor_other_object_region_3	floor_target_object_region	original_target_second		Pick the milk and place it in the left compartment of the bowl drainer, then pick the salad dressing and place it in the right compartment of the bowl drainer.	8e8a2535d37b3090759de3ddc9a70ea011e1cf7f607b1c227710975e35a60d6a	not evaluated			0	definitions/BDRCENS_081.bddl			
BDRCENS_082		LIBERO_OBJECT_03	Pick the salad dressing and place it in the basket	salad_dressing_1	milk_1	ketchup_1	floor_other_object_region_3	floor_other_object_region_0	two_original_distractors		Pick the milk and place it in the left compartment of the bowl drainer, then pick the ketchup and place it in the right compartment of the bowl drainer.	d911078207dfdb66eb0717172177c09795a721ee826ed7bb96f9ba59236ca580	not evaluated			0	definitions/BDRCENS_082.bddl			
BDRCENS_083		LIBERO_OBJECT_03	Pick the salad dressing and place it in the basket	salad_dressing_1	milk_1	alphabet_soup_1	floor_other_object_region_3	floor_other_object_region_1	two_original_distractors		Pick the milk and place it in the left compartment of the bowl drainer, then pick the alphabet soup and place it in the right compartment of the bowl drainer.	ad0b24663be115fb46156a1000f2fd0596291c12b2ec789afb8ea762e4b6bd63	not evaluated			0	definitions/BDRCENS_083.bddl			
BDRCENS_084		LIBERO_OBJECT_03	Pick the salad dressing and place it in the basket	salad_dressing_1	milk_1	cream_cheese_1	floor_other_object_region_3	floor_other_object_region_2	two_original_distractors		Pick the milk and place it in the left compartment of the bowl drainer, then pick the cream cheese and place it in the right compartment of the bowl drainer.	c74b4bb48f3ee6afff7b63ca1bd3fb613dca2a699c8ffdd84718b58ecd99b3aa	not evaluated			0	definitions/BDRCENS_084.bddl			
BDRCENS_085		LIBERO_OBJECT_03	Pick the salad dressing and place it in the basket	salad_dressing_1	milk_1	tomato_sauce_1	floor_other_object_region_3	floor_other_object_region_4	two_original_distractors		Pick the milk and place it in the left compartment of the bowl drainer, then pick the tomato sauce and place it in the right compartment of the bowl drainer.	883f0c41b46878325397211503d7fe75a9e8f487cd7bb1acdb3439942d12dba0	not evaluated			0	definitions/BDRCENS_085.bddl			
BDRCENS_086		LIBERO_OBJECT_03	Pick the salad dressing and place it in the basket	salad_dressing_1	tomato_sauce_1	salad_dressing_1	floor_other_object_region_4	floor_target_object_region	original_target_second		Pick the tomato sauce and place it in the left compartment of the bowl drainer, then pick the salad dressing and place it in the right compartment of the bowl drainer.	182817ca1ab77876812c42aebca79be1926b148f8bb9d19d28170a15fa9d18e3	not evaluated			0	definitions/BDRCENS_086.bddl			
BDRCENS_087		LIBERO_OBJECT_03	Pick the salad dressing and place it in the basket	salad_dressing_1	tomato_sauce_1	ketchup_1	floor_other_object_region_4	floor_other_object_region_0	two_original_distractors		Pick the tomato sauce and place it in the left compartment of the bowl drainer, then pick the ketchup and place it in the right compartment of the bowl drainer.	435533ab9b89dec9b9436403319e529c328fb20e81a6699614fe61ecc19e6d6f	not evaluated			0	definitions/BDRCENS_087.bddl			
BDRCENS_088		LIBERO_OBJECT_03	Pick the salad dressing and place it in the basket	salad_dressing_1	tomato_sauce_1	alphabet_soup_1	floor_other_object_region_4	floor_other_object_region_1	two_original_distractors		Pick the tomato sauce and place it in the left compartment of the bowl drainer, then pick the alphabet soup and place it in the right compartment of the bowl drainer.	747d7396b094b6c4b03ddd6d26a08bc7371ee0eeb49b235ca587e1e692fe22e3	not evaluated			0	definitions/BDRCENS_088.bddl			
BDRCENS_089		LIBERO_OBJECT_03	Pick the salad dressing and place it in the basket	salad_dressing_1	tomato_sauce_1	cream_cheese_1	floor_other_object_region_4	floor_other_object_region_2	two_original_distractors		Pick the tomato sauce and place it in the left compartment of the bowl drainer, then pick the cream cheese and place it in the right compartment of the bowl drainer.	e80d6c41253976073f360aaa41a0760dff70e709dcc1c95d6343dd255d89484f	not evaluated			0	definitions/BDRCENS_089.bddl			
BDRCENS_090		LIBERO_OBJECT_03	Pick the salad dressing and place it in the basket	salad_dressing_1	tomato_sauce_1	milk_1	floor_other_object_region_4	floor_other_object_region_3	two_original_distractors		Pick the tomato sauce and place it in the left compartment of the bowl drainer, then pick the milk and place it in the right compartment of the bowl drainer.	9df1887cc49f82670ea992d4fb98bc90033cd625627c3bbb3c8749721c48b477	not evaluated			0	definitions/BDRCENS_090.bddl			
BDRCENS_091	BDRCOMP_028	LIBERO_OBJECT_04	Pick the bbq sauce and place it in the basket	bbq_sauce_1	bbq_sauce_1	chocolate_pudding_1	floor_target_object_region	floor_other_object_region_0	original_target_first	extension20	Pick the bbq sauce and place it in the left compartment of the bowl drainer, then pick the chocolate pudding and place it in the right compartment of the bowl drainer.	a118e4979e1dad856c0e3ad02e57a88a9ecb46b13d51c8d1b3d5e32c4c6d2a53	evaluated		0	5	definitions/BDRCENS_091.bddl	0	0	0
BDRCENS_092		LIBERO_OBJECT_04	Pick the bbq sauce and place it in the basket	bbq_sauce_1	bbq_sauce_1	ketchup_1	floor_target_object_region	floor_other_object_region_1	original_target_first		Pick the bbq sauce and place it in the left compartment of the bowl drainer, then pick the ketchup and place it in the right compartment of the bowl drainer.	9ec44841ecbd1a80e3f649571fbb95c7351ae17c9dfd316ad036a31149de05f8	not evaluated			0	definitions/BDRCENS_092.bddl			
BDRCENS_093		LIBERO_OBJECT_04	Pick the bbq sauce and place it in the basket	bbq_sauce_1	bbq_sauce_1	salad_dressing_1	floor_target_object_region	floor_other_object_region_2	original_target_first		Pick the bbq sauce and place it in the left compartment of the bowl drainer, then pick the salad dressing and place it in the right compartment of the bowl drainer.	4095b46a3b235313d180357d49b996c49ecf02584b5f75b157a87e7134743c99	not evaluated			0	definitions/BDRCENS_093.bddl			
BDRCENS_094		LIBERO_OBJECT_04	Pick the bbq sauce and place it in the basket	bbq_sauce_1	bbq_sauce_1	alphabet_soup_1	floor_target_object_region	floor_other_object_region_3	original_target_first		Pick the bbq sauce and place it in the left compartment of the bowl drainer, then pick the alphabet soup and place it in the right compartment of the bowl drainer.	febbb51414682ac7ecd92ba4e7c6ab2f5d71bdd69d41116564adc703a84649a1	not evaluated			0	definitions/BDRCENS_094.bddl			
BDRCENS_095		LIBERO_OBJECT_04	Pick the bbq sauce and place it in the basket	bbq_sauce_1	bbq_sauce_1	cream_cheese_1	floor_target_object_region	floor_other_object_region_4	original_target_first		Pick the bbq sauce and place it in the left compartment of the bowl drainer, then pick the cream cheese and place it in the right compartment of the bowl drainer.	4b0060d7b8bdcb5c1d3c3feb4b0e7fe3eac7bb6dbcd2b985100393545eb4fedb	not evaluated			0	definitions/BDRCENS_095.bddl			
BDRCENS_096	BDRCOMP_027	LIBERO_OBJECT_04	Pick the bbq sauce and place it in the basket	bbq_sauce_1	chocolate_pudding_1	bbq_sauce_1	floor_other_object_region_0	floor_target_object_region	original_target_second	extension20	Pick the chocolate pudding and place it in the left compartment of the bowl drainer, then pick the bbq sauce and place it in the right compartment of the bowl drainer.	a55caea0746f8572ff8e1eaa118ca35d9f10426f9831d216b3e4c465c1de1544	evaluated		0	5	definitions/BDRCENS_096.bddl	0	0	0
BDRCENS_097		LIBERO_OBJECT_04	Pick the bbq sauce and place it in the basket	bbq_sauce_1	chocolate_pudding_1	ketchup_1	floor_other_object_region_0	floor_other_object_region_1	two_original_distractors		Pick the chocolate pudding and place it in the left compartment of the bowl drainer, then pick the ketchup and place it in the right compartment of the bowl drainer.	00c51b423425b0e566daea3df866628cf75d42dd6d78e2a380ad75d9285eb009	not evaluated			0	definitions/BDRCENS_097.bddl			
BDRCENS_098		LIBERO_OBJECT_04	Pick the bbq sauce and place it in the basket	bbq_sauce_1	chocolate_pudding_1	salad_dressing_1	floor_other_object_region_0	floor_other_object_region_2	two_original_distractors		Pick the chocolate pudding and place it in the left compartment of the bowl drainer, then pick the salad dressing and place it in the right compartment of the bowl drainer.	f4e2e6da3cc80e44c2e07c4c43377dfd452e430396ca5d8b6f5cb3c07e415820	not evaluated			0	definitions/BDRCENS_098.bddl			
BDRCENS_099	BDRCOMP_007	LIBERO_OBJECT_04	Pick the bbq sauce and place it in the basket	bbq_sauce_1	chocolate_pudding_1	alphabet_soup_1	floor_other_object_region_0	floor_other_object_region_3	two_original_distractors	anchor20	Pick the chocolate pudding and place it in the left compartment of the bowl drainer, then pick the alphabet soup and place it in the right compartment of the bowl drainer.	26c0cfd89a4f77c79c5598592d37972b72385415520715bda0cafb9a72975e69	evaluated		20	5	definitions/BDRCENS_099.bddl	1	1	1
BDRCENS_100		LIBERO_OBJECT_04	Pick the bbq sauce and place it in the basket	bbq_sauce_1	chocolate_pudding_1	cream_cheese_1	floor_other_object_region_0	floor_other_object_region_4	two_original_distractors		Pick the chocolate pudding and place it in the left compartment of the bowl drainer, then pick the cream cheese and place it in the right compartment of the bowl drainer.	d606a8f4e46713cb1a3f8c374b764935571b934c99febda0c8ae89ec31720883	not evaluated			0	definitions/BDRCENS_100.bddl			
BDRCENS_101		LIBERO_OBJECT_04	Pick the bbq sauce and place it in the basket	bbq_sauce_1	ketchup_1	bbq_sauce_1	floor_other_object_region_1	floor_target_object_region	original_target_second		Pick the ketchup and place it in the left compartment of the bowl drainer, then pick the bbq sauce and place it in the right compartment of the bowl drainer.	8070b49d36af67dccc72878b5f2a38e55fbe9eb614d1c3919509106269c2913f	not evaluated			0	definitions/BDRCENS_101.bddl			
BDRCENS_102		LIBERO_OBJECT_04	Pick the bbq sauce and place it in the basket	bbq_sauce_1	ketchup_1	chocolate_pudding_1	floor_other_object_region_1	floor_other_object_region_0	two_original_distractors		Pick the ketchup and place it in the left compartment of the bowl drainer, then pick the chocolate pudding and place it in the right compartment of the bowl drainer.	a43eccf677d747ad15b43ed9d37d86a231f0856a3ebe17a0590c1719574e3758	not evaluated			0	definitions/BDRCENS_102.bddl			
BDRCENS_103		LIBERO_OBJECT_04	Pick the bbq sauce and place it in the basket	bbq_sauce_1	ketchup_1	salad_dressing_1	floor_other_object_region_1	floor_other_object_region_2	two_original_distractors		Pick the ketchup and place it in the left compartment of the bowl drainer, then pick the salad dressing and place it in the right compartment of the bowl drainer.	94e4f8e804c1170f3a95792ffcb893e940beab4e295d239b15d91f4cea36b66e	not evaluated			0	definitions/BDRCENS_103.bddl			
BDRCENS_104		LIBERO_OBJECT_04	Pick the bbq sauce and place it in the basket	bbq_sauce_1	ketchup_1	alphabet_soup_1	floor_other_object_region_1	floor_other_object_region_3	two_original_distractors		Pick the ketchup and place it in the left compartment of the bowl drainer, then pick the alphabet soup and place it in the right compartment of the bowl drainer.	1ca8ecb0c7d280c6c638a60205b65753139cbfcf4836031ae87185a40e4ce095	not evaluated			0	definitions/BDRCENS_104.bddl			
BDRCENS_105		LIBERO_OBJECT_04	Pick the bbq sauce and place it in the basket	bbq_sauce_1	ketchup_1	cream_cheese_1	floor_other_object_region_1	floor_other_object_region_4	two_original_distractors		Pick the ketchup and place it in the left compartment of the bowl drainer, then pick the cream cheese and place it in the right compartment of the bowl drainer.	e5e6975b0741183683222b52e174d49748a8a9a0dbf39b81f510e08b8e976f83	not evaluated			0	definitions/BDRCENS_105.bddl			
BDRCENS_106		LIBERO_OBJECT_04	Pick the bbq sauce and place it in the basket	bbq_sauce_1	salad_dressing_1	bbq_sauce_1	floor_other_object_region_2	floor_target_object_region	original_target_second		Pick the salad dressing and place it in the left compartment of the bowl drainer, then pick the bbq sauce and place it in the right compartment of the bowl drainer.	40144348759ee2ab01e1f7c3a5f55434020f66e6793d54285d155baa1c33fe5b	not evaluated			0	definitions/BDRCENS_106.bddl			
BDRCENS_107		LIBERO_OBJECT_04	Pick the bbq sauce and place it in the basket	bbq_sauce_1	salad_dressing_1	chocolate_pudding_1	floor_other_object_region_2	floor_other_object_region_0	two_original_distractors		Pick the salad dressing and place it in the left compartment of the bowl drainer, then pick the chocolate pudding and place it in the right compartment of the bowl drainer.	5a1b321f1a127400ba2cf4d145de93ef99bc0c3290e998408885835431a065cf	not evaluated			0	definitions/BDRCENS_107.bddl			
BDRCENS_108		LIBERO_OBJECT_04	Pick the bbq sauce and place it in the basket	bbq_sauce_1	salad_dressing_1	ketchup_1	floor_other_object_region_2	floor_other_object_region_1	two_original_distractors		Pick the salad dressing and place it in the left compartment of the bowl drainer, then pick the ketchup and place it in the right compartment of the bowl drainer.	86549b76f0cd2b0af6eb1f5ee1ebaf600442679394a437163826337bc01c0169	not evaluated			0	definitions/BDRCENS_108.bddl			
BDRCENS_109		LIBERO_OBJECT_04	Pick the bbq sauce and place it in the basket	bbq_sauce_1	salad_dressing_1	alphabet_soup_1	floor_other_object_region_2	floor_other_object_region_3	two_original_distractors		Pick the salad dressing and place it in the left compartment of the bowl drainer, then pick the alphabet soup and place it in the right compartment of the bowl drainer.	691edb4b5796d30a0a9106da7a4bcaf9368a282030a32ed826aeb7a814f0d1a0	not evaluated			0	definitions/BDRCENS_109.bddl			
BDRCENS_110		LIBERO_OBJECT_04	Pick the bbq sauce and place it in the basket	bbq_sauce_1	salad_dressing_1	cream_cheese_1	floor_other_object_region_2	floor_other_object_region_4	two_original_distractors		Pick the salad dressing and place it in the left compartment of the bowl drainer, then pick the cream cheese and place it in the right compartment of the bowl drainer.	3cdad130558cd9b82633170a0361a26f39bdef78c2f17bb630cc4c907e328ea3	not evaluated			0	definitions/BDRCENS_110.bddl			
BDRCENS_111		LIBERO_OBJECT_04	Pick the bbq sauce and place it in the basket	bbq_sauce_1	alphabet_soup_1	bbq_sauce_1	floor_other_object_region_3	floor_target_object_region	original_target_second		Pick the alphabet soup and place it in the left compartment of the bowl drainer, then pick the bbq sauce and place it in the right compartment of the bowl drainer.	9e5680f8647e27879688d1d4f74f8a63bc8cf4d28fda4ea76ac57dacb89f4dc7	not evaluated			0	definitions/BDRCENS_111.bddl			
BDRCENS_112	BDRCOMP_008	LIBERO_OBJECT_04	Pick the bbq sauce and place it in the basket	bbq_sauce_1	alphabet_soup_1	chocolate_pudding_1	floor_other_object_region_3	floor_other_object_region_0	two_original_distractors	anchor20	Pick the alphabet soup and place it in the left compartment of the bowl drainer, then pick the chocolate pudding and place it in the right compartment of the bowl drainer.	8db28007f519a0680f579c906f8f2c254cb3776bde3580a1cff9f2b25c87fa70	evaluated		0	5	definitions/BDRCENS_112.bddl	0	0	0
BDRCENS_113		LIBERO_OBJECT_04	Pick the bbq sauce and place it in the basket	bbq_sauce_1	alphabet_soup_1	ketchup_1	floor_other_object_region_3	floor_other_object_region_1	two_original_distractors		Pick the alphabet soup and place it in the left compartment of the bowl drainer, then pick the ketchup and place it in the right compartment of the bowl drainer.	ebc49cec16fc0ad149cefdc45984b0b37c03070086bd5c4491f4c81190e7a8e0	not evaluated			0	definitions/BDRCENS_113.bddl			
BDRCENS_114		LIBERO_OBJECT_04	Pick the bbq sauce and place it in the basket	bbq_sauce_1	alphabet_soup_1	salad_dressing_1	floor_other_object_region_3	floor_other_object_region_2	two_original_distractors		Pick the alphabet soup and place it in the left compartment of the bowl drainer, then pick the salad dressing and place it in the right compartment of the bowl drainer.	fe64f0f790bc56d1773356624e849bb66ca9895168e65568e0fcf4ce6d039069	not evaluated			0	definitions/BDRCENS_114.bddl			
BDRCENS_115		LIBERO_OBJECT_04	Pick the bbq sauce and place it in the basket	bbq_sauce_1	alphabet_soup_1	cream_cheese_1	floor_other_object_region_3	floor_other_object_region_4	two_original_distractors		Pick the alphabet soup and place it in the left compartment of the bowl drainer, then pick the cream cheese and place it in the right compartment of the bowl drainer.	a27d604cb6df651ae0aa09a165f591f400043a28cd92279fda8e45273bdb30f0	not evaluated			0	definitions/BDRCENS_115.bddl			
BDRCENS_116		LIBERO_OBJECT_04	Pick the bbq sauce and place it in the basket	bbq_sauce_1	cream_cheese_1	bbq_sauce_1	floor_other_object_region_4	floor_target_object_region	original_target_second		Pick the cream cheese and place it in the left compartment of the bowl drainer, then pick the bbq sauce and place it in the right compartment of the bowl drainer.	e5dda673d3776dd03b7d64b9055368ceb142796d3c533a817f4b63860496ffab	not evaluated			0	definitions/BDRCENS_116.bddl			
BDRCENS_117		LIBERO_OBJECT_04	Pick the bbq sauce and place it in the basket	bbq_sauce_1	cream_cheese_1	chocolate_pudding_1	floor_other_object_region_4	floor_other_object_region_0	two_original_distractors		Pick the cream cheese and place it in the left compartment of the bowl drainer, then pick the chocolate pudding and place it in the right compartment of the bowl drainer.	faa6b51d9c2e0d0d4af8daa6faf633a66facafc9d1e8703fcea5d1e3e08a5077	not evaluated			0	definitions/BDRCENS_117.bddl			
BDRCENS_118		LIBERO_OBJECT_04	Pick the bbq sauce and place it in the basket	bbq_sauce_1	cream_cheese_1	ketchup_1	floor_other_object_region_4	floor_other_object_region_1	two_original_distractors		Pick the cream cheese and place it in the left compartment of the bowl drainer, then pick the ketchup and place it in the right compartment of the bowl drainer.	1353d9a3b67c9eea0ac54c10da9b5c3ab6788a753a9505f786d147431db16b3e	not evaluated			0	definitions/BDRCENS_118.bddl			
BDRCENS_119		LIBERO_OBJECT_04	Pick the bbq sauce and place it in the basket	bbq_sauce_1	cream_cheese_1	salad_dressing_1	floor_other_object_region_4	floor_other_object_region_2	two_original_distractors		Pick the cream cheese and place it in the left compartment of the bowl drainer, then pick the salad dressing and place it in the right compartment of the bowl drainer.	a7c1dbd929f17c9b74d7cc6a2ee971c8bee17727e41ef57ee921e016a9a1f772	not evaluated			0	definitions/BDRCENS_119.bddl			
BDRCENS_120		LIBERO_OBJECT_04	Pick the bbq sauce and place it in the basket	bbq_sauce_1	cream_cheese_1	alphabet_soup_1	floor_other_object_region_4	floor_other_object_region_3	two_original_distractors		Pick the cream cheese and place it in the left compartment of the bowl drainer, then pick the alphabet soup and place it in the right compartment of the bowl drainer.	383db9f9b12ff2afa90ec21e1b97d6cf5b8a0f5668ec9dc0c157b55d4aeb0f7a	not evaluated			0	definitions/BDRCENS_120.bddl			
BDRCENS_121		LIBERO_OBJECT_05	Pick the ketchup and place it in the basket	ketchup_1	ketchup_1	bbq_sauce_1	floor_target_object_region	floor_other_object_region_0	original_target_first		Pick the ketchup and place it in the left compartment of the bowl drainer, then pick the bbq sauce and place it in the right compartment of the bowl drainer.	92778369921c036f400f110db6b35e010c3bc104e0117e1aba7722b0d4d91f1f	not evaluated			0	definitions/BDRCENS_121.bddl			
BDRCENS_122		LIBERO_OBJECT_05	Pick the ketchup and place it in the basket	ketchup_1	ketchup_1	salad_dressing_1	floor_target_object_region	floor_other_object_region_1	original_target_first		Pick the ketchup and place it in the left compartment of the bowl drainer, then pick the salad dressing and place it in the right compartment of the bowl drainer.	a531db1007ca0f038fca3b169980b198607c12fcbd555d90ce56ce6125fe0730	not evaluated			0	definitions/BDRCENS_122.bddl			
BDRCENS_123	BDRCOMP_030	LIBERO_OBJECT_05	Pick the ketchup and place it in the basket	ketchup_1	ketchup_1	alphabet_soup_1	floor_target_object_region	floor_other_object_region_2	original_target_first	extension20	Pick the ketchup and place it in the left compartment of the bowl drainer, then pick the alphabet soup and place it in the right compartment of the bowl drainer.	154a9132fe172090f2ae2783b1307584c08d0857dfb3dd513e43ad2214c5bbec	evaluated		0	5	definitions/BDRCENS_123.bddl	0	0	0
BDRCENS_124		LIBERO_OBJECT_05	Pick the ketchup and place it in the basket	ketchup_1	ketchup_1	cream_cheese_1	floor_target_object_region	floor_other_object_region_3	original_target_first		Pick the ketchup and place it in the left compartment of the bowl drainer, then pick the cream cheese and place it in the right compartment of the bowl drainer.	5f2cccb8b696dc5dbc35c4d9694641e4e9c60f973d079b27cf2bec41cb1cdf63	not evaluated			0	definitions/BDRCENS_124.bddl			
BDRCENS_125		LIBERO_OBJECT_05	Pick the ketchup and place it in the basket	ketchup_1	ketchup_1	milk_1	floor_target_object_region	floor_other_object_region_4	original_target_first		Pick the ketchup and place it in the left compartment of the bowl drainer, then pick the milk and place it in the right compartment of the bowl drainer.	1ccc31ebf4f814b4a8c3fcb39d5000e84bdf28c591504c9f12e8701bb32e1413	not evaluated			0	definitions/BDRCENS_125.bddl			
BDRCENS_126		LIBERO_OBJECT_05	Pick the ketchup and place it in the basket	ketchup_1	bbq_sauce_1	ketchup_1	floor_other_object_region_0	floor_target_object_region	original_target_second		Pick the bbq sauce and place it in the left compartment of the bowl drainer, then pick the ketchup and place it in the right compartment of the bowl drainer.	d6ad7718e6ab474cc856f24dd7e31db6c4cb39e387de2880ae7e40169c94de03	not evaluated			0	definitions/BDRCENS_126.bddl			
BDRCENS_127		LIBERO_OBJECT_05	Pick the ketchup and place it in the basket	ketchup_1	bbq_sauce_1	salad_dressing_1	floor_other_object_region_0	floor_other_object_region_1	two_original_distractors		Pick the bbq sauce and place it in the left compartment of the bowl drainer, then pick the salad dressing and place it in the right compartment of the bowl drainer.	094348f1ab1ea0e1cec4ff0eb469df144a4ae301b1c41abdbf3467b8e98502cc	not evaluated			0	definitions/BDRCENS_127.bddl			
BDRCENS_128		LIBERO_OBJECT_05	Pick the ketchup and place it in the basket	ketchup_1	bbq_sauce_1	alphabet_soup_1	floor_other_object_region_0	floor_other_object_region_2	two_original_distractors		Pick the bbq sauce and place it in the left compartment of the bowl drainer, then pick the alphabet soup and place it in the right compartment of the bowl drainer.	60790ac07d4627a0c4736bdd91dade980ef0cf363be216d819039e4a0ca1f59b	not evaluated			0	definitions/BDRCENS_128.bddl			
BDRCENS_129		LIBERO_OBJECT_05	Pick the ketchup and place it in the basket	ketchup_1	bbq_sauce_1	cream_cheese_1	floor_other_object_region_0	floor_other_object_region_3	two_original_distractors		Pick the bbq sauce and place it in the left compartment of the bowl drainer, then pick the cream cheese and place it in the right compartment of the bowl drainer.	2772a65ba2bde49491e6971beecff6da99f5b8ae74192babe53062049a801c82	not evaluated			0	definitions/BDRCENS_129.bddl			
BDRCENS_130		LIBERO_OBJECT_05	Pick the ketchup and place it in the basket	ketchup_1	bbq_sauce_1	milk_1	floor_other_object_region_0	floor_other_object_region_4	two_original_distractors		Pick the bbq sauce and place it in the left compartment of the bowl drainer, then pick the milk and place it in the right compartment of the bowl drainer.	60d28ac703d32c3ccce5ea31491be608e5f4b04aa1ce8be9f5852407c7fa7efc	not evaluated			0	definitions/BDRCENS_130.bddl			
BDRCENS_131		LIBERO_OBJECT_05	Pick the ketchup and place it in the basket	ketchup_1	salad_dressing_1	ketchup_1	floor_other_object_region_1	floor_target_object_region	original_target_second		Pick the salad dressing and place it in the left compartment of the bowl drainer, then pick the ketchup and place it in the right compartment of the bowl drainer.	479146fad6ce9a60f19dff7cd452184c21e6161e54d19d50e50ddedfcff88f2c	not evaluated			0	definitions/BDRCENS_131.bddl			
BDRCENS_132		LIBERO_OBJECT_05	Pick the ketchup and place it in the basket	ketchup_1	salad_dressing_1	bbq_sauce_1	floor_other_object_region_1	floor_other_object_region_0	two_original_distractors		Pick the salad dressing and place it in the left compartment of the bowl drainer, then pick the bbq sauce and place it in the right compartment of the bowl drainer.	3c2b7133302b93033343bd1612896b42844f3f523dda21ee952baf33b9815c70	not evaluated			0	definitions/BDRCENS_132.bddl			
BDRCENS_133		LIBERO_OBJECT_05	Pick the ketchup and place it in the basket	ketchup_1	salad_dressing_1	alphabet_soup_1	floor_other_object_region_1	floor_other_object_region_2	two_original_distractors		Pick the salad dressing and place it in the left compartment of the bowl drainer, then pick the alphabet soup and place it in the right compartment of the bowl drainer.	07d60e7d58bf772ba3879d7d774a6858f21a4c6c49ee00513d672d85f543f0bd	not evaluated			0	definitions/BDRCENS_133.bddl			
BDRCENS_134		LIBERO_OBJECT_05	Pick the ketchup and place it in the basket	ketchup_1	salad_dressing_1	cream_cheese_1	floor_other_object_region_1	floor_other_object_region_3	two_original_distractors		Pick the salad dressing and place it in the left compartment of the bowl drainer, then pick the cream cheese and place it in the right compartment of the bowl drainer.	3101030a40a43f1feac60623166f4d8918e9690e20d8bd65e6e1a5e641336375	not evaluated			0	definitions/BDRCENS_134.bddl			
BDRCENS_135		LIBERO_OBJECT_05	Pick the ketchup and place it in the basket	ketchup_1	salad_dressing_1	milk_1	floor_other_object_region_1	floor_other_object_region_4	two_original_distractors		Pick the salad dressing and place it in the left compartment of the bowl drainer, then pick the milk and place it in the right compartment of the bowl drainer.	e820e802e7fea0e9217ee28b22530a5057e5e1d964a5305148c061c95df48457	not evaluated			0	definitions/BDRCENS_135.bddl			
BDRCENS_136	BDRCOMP_029	LIBERO_OBJECT_05	Pick the ketchup and place it in the basket	ketchup_1	alphabet_soup_1	ketchup_1	floor_other_object_region_2	floor_target_object_region	original_target_second	extension20	Pick the alphabet soup and place it in the left compartment of the bowl drainer, then pick the ketchup and place it in the right compartment of the bowl drainer.	4719165dd9e5e2dbfffdb46163d26a2afacab6e1e6a52e19d1c3fb6069543208	evaluated		0	5	definitions/BDRCENS_136.bddl	0	0	0
BDRCENS_137		LIBERO_OBJECT_05	Pick the ketchup and place it in the basket	ketchup_1	alphabet_soup_1	bbq_sauce_1	floor_other_object_region_2	floor_other_object_region_0	two_original_distractors		Pick the alphabet soup and place it in the left compartment of the bowl drainer, then pick the bbq sauce and place it in the right compartment of the bowl drainer.	f7ca7c9a4b826acfcad1e2a889ade7fa02ea25b8122e06232cb716140b8e8a8f	not evaluated			0	definitions/BDRCENS_137.bddl			
BDRCENS_138		LIBERO_OBJECT_05	Pick the ketchup and place it in the basket	ketchup_1	alphabet_soup_1	salad_dressing_1	floor_other_object_region_2	floor_other_object_region_1	two_original_distractors		Pick the alphabet soup and place it in the left compartment of the bowl drainer, then pick the salad dressing and place it in the right compartment of the bowl drainer.	227243242419885a6ea4859b0530b766e4971b942db04cca20f51561dc6e414a	not evaluated			0	definitions/BDRCENS_138.bddl			
BDRCENS_139	BDRCOMP_009	LIBERO_OBJECT_05	Pick the ketchup and place it in the basket	ketchup_1	alphabet_soup_1	cream_cheese_1	floor_other_object_region_2	floor_other_object_region_3	two_original_distractors	anchor20	Pick the alphabet soup and place it in the left compartment of the bowl drainer, then pick the cream cheese and place it in the right compartment of the bowl drainer.	442db925a7937ca7add7c89f4336a83aa07c38bda0175fb9c26314c43d66de5c	evaluated		0	5	definitions/BDRCENS_139.bddl	0	0	0
BDRCENS_140		LIBERO_OBJECT_05	Pick the ketchup and place it in the basket	ketchup_1	alphabet_soup_1	milk_1	floor_other_object_region_2	floor_other_object_region_4	two_original_distractors		Pick the alphabet soup and place it in the left compartment of the bowl drainer, then pick the milk and place it in the right compartment of the bowl drainer.	f040f99304b2509b5c54e9f7f9ba8149c792198b77dbfd186be6b34fd9ef048e	not evaluated			0	definitions/BDRCENS_140.bddl			
BDRCENS_141		LIBERO_OBJECT_05	Pick the ketchup and place it in the basket	ketchup_1	cream_cheese_1	ketchup_1	floor_other_object_region_3	floor_target_object_region	original_target_second		Pick the cream cheese and place it in the left compartment of the bowl drainer, then pick the ketchup and place it in the right compartment of the bowl drainer.	132e2bf4a532c58215a0d3d8269338d31e0b30aacf19fd17a25f56530bc9403d	not evaluated			0	definitions/BDRCENS_141.bddl			
BDRCENS_142		LIBERO_OBJECT_05	Pick the ketchup and place it in the basket	ketchup_1	cream_cheese_1	bbq_sauce_1	floor_other_object_region_3	floor_other_object_region_0	two_original_distractors		Pick the cream cheese and place it in the left compartment of the bowl drainer, then pick the bbq sauce and place it in the right compartment of the bowl drainer.	5fd3dc9ed300ffc9da74ed901847a2138acb9313f51138cb4edef6d2beb897a2	not evaluated			0	definitions/BDRCENS_142.bddl			
BDRCENS_143		LIBERO_OBJECT_05	Pick the ketchup and place it in the basket	ketchup_1	cream_cheese_1	salad_dressing_1	floor_other_object_region_3	floor_other_object_region_1	two_original_distractors		Pick the cream cheese and place it in the left compartment of the bowl drainer, then pick the salad dressing and place it in the right compartment of the bowl drainer.	6aae502083ee15172505625c10c1283f673de0df72204c1f515c199a2d1876ff	not evaluated			0	definitions/BDRCENS_143.bddl			
BDRCENS_144	BDRCOMP_010	LIBERO_OBJECT_05	Pick the ketchup and place it in the basket	ketchup_1	cream_cheese_1	alphabet_soup_1	floor_other_object_region_3	floor_other_object_region_2	two_original_distractors	anchor20	Pick the cream cheese and place it in the left compartment of the bowl drainer, then pick the alphabet soup and place it in the right compartment of the bowl drainer.	0985ec3794c3ed22104082dd8c45da69603ccdf578eefeddbe9878cc570bd1b8	evaluated		0	5	definitions/BDRCENS_144.bddl	0	0	0
BDRCENS_145		LIBERO_OBJECT_05	Pick the ketchup and place it in the basket	ketchup_1	cream_cheese_1	milk_1	floor_other_object_region_3	floor_other_object_region_4	two_original_distractors		Pick the cream cheese and place it in the left compartment of the bowl drainer, then pick the milk and place it in the right compartment of the bowl drainer.	553c3ff349091d937f8dce27a9ec65d56f5024a45f205a0c500632ef8d35e1e0	not evaluated			0	definitions/BDRCENS_145.bddl			
BDRCENS_146		LIBERO_OBJECT_05	Pick the ketchup and place it in the basket	ketchup_1	milk_1	ketchup_1	floor_other_object_region_4	floor_target_object_region	original_target_second		Pick the milk and place it in the left compartment of the bowl drainer, then pick the ketchup and place it in the right compartment of the bowl drainer.	10e63ce04184c053dc180ff98a417e52d4926d50c83b485e5ccb0c4f0cb9809d	not evaluated			0	definitions/BDRCENS_146.bddl			
BDRCENS_147		LIBERO_OBJECT_05	Pick the ketchup and place it in the basket	ketchup_1	milk_1	bbq_sauce_1	floor_other_object_region_4	floor_other_object_region_0	two_original_distractors		Pick the milk and place it in the left compartment of the bowl drainer, then pick the bbq sauce and place it in the right compartment of the bowl drainer.	bb156bafe029b124bb41b56bd9a934cde656abbfe4adec74fa6d75d2147cfd56	not evaluated			0	definitions/BDRCENS_147.bddl			
BDRCENS_148		LIBERO_OBJECT_05	Pick the ketchup and place it in the basket	ketchup_1	milk_1	salad_dressing_1	floor_other_object_region_4	floor_other_object_region_1	two_original_distractors		Pick the milk and place it in the left compartment of the bowl drainer, then pick the salad dressing and place it in the right compartment of the bowl drainer.	40d2446914b2aebba5278eaa7833cc1be21ab3bded31ef1212120f6de09c53bf	not evaluated			0	definitions/BDRCENS_148.bddl			
BDRCENS_149		LIBERO_OBJECT_05	Pick the ketchup and place it in the basket	ketchup_1	milk_1	alphabet_soup_1	floor_other_object_region_4	floor_other_object_region_2	two_original_distractors		Pick the milk and place it in the left compartment of the bowl drainer, then pick the alphabet soup and place it in the right compartment of the bowl drainer.	75bc5c46eeaf1791013dab1bf7e459bebb1ed730ce957138a64193bafe764f48	not evaluated			0	definitions/BDRCENS_149.bddl			
BDRCENS_150		LIBERO_OBJECT_05	Pick the ketchup and place it in the basket	ketchup_1	milk_1	cream_cheese_1	floor_other_object_region_4	floor_other_object_region_3	two_original_distractors		Pick the milk and place it in the left compartment of the bowl drainer, then pick the cream cheese and place it in the right compartment of the bowl drainer.	91adde7c290b8c5bffa03896e85c053d22aaf46c5c4b7da78e407aee45a977f6	not evaluated			0	definitions/BDRCENS_150.bddl			
BDRCENS_151	BDRCOMP_031	LIBERO_OBJECT_06	Pick the tomato sauce and place it in the basket	tomato_sauce_1	tomato_sauce_1	milk_1	floor_target_object_region	floor_other_object_region_0	original_target_first	extension20	Pick the tomato sauce and place it in the left compartment of the bowl drainer, then pick the milk and place it in the right compartment of the bowl drainer.	164c1f94a68d83d2ea5cf35acf5535113c42bf7e5bb5e805b48370d55f9e2dd7	evaluated		0	5	definitions/BDRCENS_151.bddl	0	0	0
BDRCENS_152	BDRCOMP_011	LIBERO_OBJECT_06	Pick the tomato sauce and place it in the basket	tomato_sauce_1	tomato_sauce_1	butter_1	floor_target_object_region	floor_other_object_region_1	original_target_first	anchor20	Pick the tomato sauce and place it in the left compartment of the bowl drainer, then pick the butter and place it in the right compartment of the bowl drainer.	1776832bb1601931e25be6c55448bbde116b7afbc644fb54f639d314131b3cf0	evaluated		0	5	definitions/BDRCENS_152.bddl	0	0	0
BDRCENS_153		LIBERO_OBJECT_06	Pick the tomato sauce and place it in the basket	tomato_sauce_1	tomato_sauce_1	orange_juice_1	floor_target_object_region	floor_other_object_region_2	original_target_first		Pick the tomato sauce and place it in the left compartment of the bowl drainer, then pick the orange juice and place it in the right compartment of the bowl drainer.	64c7845cdab107c933c25896adc4dcf46f8d1dc44fe15a2ebf812259fdeaea44	not evaluated			0	definitions/BDRCENS_153.bddl			
BDRCENS_154		LIBERO_OBJECT_06	Pick the tomato sauce and place it in the basket	tomato_sauce_1	tomato_sauce_1	chocolate_pudding_1	floor_target_object_region	floor_other_object_region_3	original_target_first		Pick the tomato sauce and place it in the left compartment of the bowl drainer, then pick the chocolate pudding and place it in the right compartment of the bowl drainer.	5d01bc0f9244ba7b2741f5966fe84c9cfb7b0d8a5fdcecc98094fa1bdb227334	not evaluated			0	definitions/BDRCENS_154.bddl			
BDRCENS_155		LIBERO_OBJECT_06	Pick the tomato sauce and place it in the basket	tomato_sauce_1	tomato_sauce_1	bbq_sauce_1	floor_target_object_region	floor_other_object_region_4	original_target_first		Pick the tomato sauce and place it in the left compartment of the bowl drainer, then pick the bbq sauce and place it in the right compartment of the bowl drainer.	baa04d7ff3e04dc95f8617b184d143686fb1d5b2f7c8bf4c868e22013bae552f	not evaluated			0	definitions/BDRCENS_155.bddl			
BDRCENS_156	BDRCOMP_032	LIBERO_OBJECT_06	Pick the tomato sauce and place it in the basket	tomato_sauce_1	milk_1	tomato_sauce_1	floor_other_object_region_0	floor_target_object_region	original_target_second	extension20	Pick the milk and place it in the left compartment of the bowl drainer, then pick the tomato sauce and place it in the right compartment of the bowl drainer.	307a3c94b527cbbbf49f6ff71223fc8a560820ed13745d0ab138d9312785eb36	evaluated		0	5	definitions/BDRCENS_156.bddl	0	0	0
BDRCENS_157		LIBERO_OBJECT_06	Pick the tomato sauce and place it in the basket	tomato_sauce_1	milk_1	butter_1	floor_other_object_region_0	floor_other_object_region_1	two_original_distractors		Pick the milk and place it in the left compartment of the bowl drainer, then pick the butter and place it in the right compartment of the bowl drainer.	c972eb2744cfe451dce002838bc67f90913dd54bef9f8f9b56a974a702bef8dc	not evaluated			0	definitions/BDRCENS_157.bddl			
BDRCENS_158		LIBERO_OBJECT_06	Pick the tomato sauce and place it in the basket	tomato_sauce_1	milk_1	orange_juice_1	floor_other_object_region_0	floor_other_object_region_2	two_original_distractors		Pick the milk and place it in the left compartment of the bowl drainer, then pick the orange juice and place it in the right compartment of the bowl drainer.	705590b2fad5d8483b4a6fe30636c12f64b375874f21dd817a0c2bbe67f2ec11	not evaluated			0	definitions/BDRCENS_158.bddl			
BDRCENS_159		LIBERO_OBJECT_06	Pick the tomato sauce and place it in the basket	tomato_sauce_1	milk_1	chocolate_pudding_1	floor_other_object_region_0	floor_other_object_region_3	two_original_distractors		Pick the milk and place it in the left compartment of the bowl drainer, then pick the chocolate pudding and place it in the right compartment of the bowl drainer.	ffb5066d33cf04ac4653ff44dc225e8bc9c54c7f1dec3d373813caf7717e9992	not evaluated			0	definitions/BDRCENS_159.bddl			
BDRCENS_160		LIBERO_OBJECT_06	Pick the tomato sauce and place it in the basket	tomato_sauce_1	milk_1	bbq_sauce_1	floor_other_object_region_0	floor_other_object_region_4	two_original_distractors		Pick the milk and place it in the left compartment of the bowl drainer, then pick the bbq sauce and place it in the right compartment of the bowl drainer.	4a083ee57c5f45649602971e1e30dcf98937206bf51d0252be5390317715bc79	not evaluated			0	definitions/BDRCENS_160.bddl			
BDRCENS_161	BDRCOMP_012	LIBERO_OBJECT_06	Pick the tomato sauce and place it in the basket	tomato_sauce_1	butter_1	tomato_sauce_1	floor_other_object_region_1	floor_target_object_region	original_target_second	anchor20	Pick the butter and place it in the left compartment of the bowl drainer, then pick the tomato sauce and place it in the right compartment of the bowl drainer.	c1935dfbb6349ce10fa73af26a7f2d876b0fb00c0494a40e3165d62ccf416214	evaluated		0	5	definitions/BDRCENS_161.bddl	0	0	0
BDRCENS_162		LIBERO_OBJECT_06	Pick the tomato sauce and place it in the basket	tomato_sauce_1	butter_1	milk_1	floor_other_object_region_1	floor_other_object_region_0	two_original_distractors		Pick the butter and place it in the left compartment of the bowl drainer, then pick the milk and place it in the right compartment of the bowl drainer.	8248d708a6185b71abbb7caaaeed32b0fac652c598aff5dcf8f24377dd50d8c4	not evaluated			0	definitions/BDRCENS_162.bddl			
BDRCENS_163		LIBERO_OBJECT_06	Pick the tomato sauce and place it in the basket	tomato_sauce_1	butter_1	orange_juice_1	floor_other_object_region_1	floor_other_object_region_2	two_original_distractors		Pick the butter and place it in the left compartment of the bowl drainer, then pick the orange juice and place it in the right compartment of the bowl drainer.	b0249dcd10535bedebfe73e36008f932b6aedb14ac435ae1609f33d69ae5ab9e	not evaluated			0	definitions/BDRCENS_163.bddl			
BDRCENS_164		LIBERO_OBJECT_06	Pick the tomato sauce and place it in the basket	tomato_sauce_1	butter_1	chocolate_pudding_1	floor_other_object_region_1	floor_other_object_region_3	two_original_distractors		Pick the butter and place it in the left compartment of the bowl drainer, then pick the chocolate pudding and place it in the right compartment of the bowl drainer.	d8f191cbb4a8d69df4860002b26e83d1e6132185b3508485a37d67e44c6c6036	not evaluated			0	definitions/BDRCENS_164.bddl			
BDRCENS_165		LIBERO_OBJECT_06	Pick the tomato sauce and place it in the basket	tomato_sauce_1	butter_1	bbq_sauce_1	floor_other_object_region_1	floor_other_object_region_4	two_original_distractors		Pick the butter and place it in the left compartment of the bowl drainer, then pick the bbq sauce and place it in the right compartment of the bowl drainer.	86043882bc6394e31d38b15135bda45be7f3ce2d7fc7f7357298cab0f351c250	not evaluated			0	definitions/BDRCENS_165.bddl			
BDRCENS_166		LIBERO_OBJECT_06	Pick the tomato sauce and place it in the basket	tomato_sauce_1	orange_juice_1	tomato_sauce_1	floor_other_object_region_2	floor_target_object_region	original_target_second		Pick the orange juice and place it in the left compartment of the bowl drainer, then pick the tomato sauce and place it in the right compartment of the bowl drainer.	31a3c5553c91078e6554867e7c6a7cc007fb7081fc4e09367b815ea62bb25fb4	not evaluated			0	definitions/BDRCENS_166.bddl			
BDRCENS_167		LIBERO_OBJECT_06	Pick the tomato sauce and place it in the basket	tomato_sauce_1	orange_juice_1	milk_1	floor_other_object_region_2	floor_other_object_region_0	two_original_distractors		Pick the orange juice and place it in the left compartment of the bowl drainer, then pick the milk and place it in the right compartment of the bowl drainer.	c21826678ec899226e3aac7976a99b06a1f51357921a074e42ab16dd48b9eda2	not evaluated			0	definitions/BDRCENS_167.bddl			
BDRCENS_168		LIBERO_OBJECT_06	Pick the tomato sauce and place it in the basket	tomato_sauce_1	orange_juice_1	butter_1	floor_other_object_region_2	floor_other_object_region_1	two_original_distractors		Pick the orange juice and place it in the left compartment of the bowl drainer, then pick the butter and place it in the right compartment of the bowl drainer.	a78a16093733a6979da49dc3157236dfdbb2585368a2209f3f8178bbac93acaa	not evaluated			0	definitions/BDRCENS_168.bddl			
BDRCENS_169		LIBERO_OBJECT_06	Pick the tomato sauce and place it in the basket	tomato_sauce_1	orange_juice_1	chocolate_pudding_1	floor_other_object_region_2	floor_other_object_region_3	two_original_distractors		Pick the orange juice and place it in the left compartment of the bowl drainer, then pick the chocolate pudding and place it in the right compartment of the bowl drainer.	a85535a47d4a6378dcf4b760f1920550003173bbcdbf1d220cf51ff1ce3ee92e	not evaluated			0	definitions/BDRCENS_169.bddl			
BDRCENS_170		LIBERO_OBJECT_06	Pick the tomato sauce and place it in the basket	tomato_sauce_1	orange_juice_1	bbq_sauce_1	floor_other_object_region_2	floor_other_object_region_4	two_original_distractors		Pick the orange juice and place it in the left compartment of the bowl drainer, then pick the bbq sauce and place it in the right compartment of the bowl drainer.	aedc8b854be45de658dea12e438e6207fc3f276b8b3e8b1eaf89d7b9e1a6d2ab	not evaluated			0	definitions/BDRCENS_170.bddl			
BDRCENS_171		LIBERO_OBJECT_06	Pick the tomato sauce and place it in the basket	tomato_sauce_1	chocolate_pudding_1	tomato_sauce_1	floor_other_object_region_3	floor_target_object_region	original_target_second		Pick the chocolate pudding and place it in the left compartment of the bowl drainer, then pick the tomato sauce and place it in the right compartment of the bowl drainer.	6ed1381698d22debed3532c058679c870606d4ab4b962e7d7700a05cf8680c28	not evaluated			0	definitions/BDRCENS_171.bddl			
BDRCENS_172		LIBERO_OBJECT_06	Pick the tomato sauce and place it in the basket	tomato_sauce_1	chocolate_pudding_1	milk_1	floor_other_object_region_3	floor_other_object_region_0	two_original_distractors		Pick the chocolate pudding and place it in the left compartment of the bowl drainer, then pick the milk and place it in the right compartment of the bowl drainer.	190c6cb07738191e298a4c07d920982566777a14797185efccc78ed9c96fad63	not evaluated			0	definitions/BDRCENS_172.bddl			
BDRCENS_173		LIBERO_OBJECT_06	Pick the tomato sauce and place it in the basket	tomato_sauce_1	chocolate_pudding_1	butter_1	floor_other_object_region_3	floor_other_object_region_1	two_original_distractors		Pick the chocolate pudding and place it in the left compartment of the bowl drainer, then pick the butter and place it in the right compartment of the bowl drainer.	70d6645df70cf8f76ef256c355f93efcad2500d923da9218184b1edfb81ed057	not evaluated			0	definitions/BDRCENS_173.bddl			
BDRCENS_174		LIBERO_OBJECT_06	Pick the tomato sauce and place it in the basket	tomato_sauce_1	chocolate_pudding_1	orange_juice_1	floor_other_object_region_3	floor_other_object_region_2	two_original_distractors		Pick the chocolate pudding and place it in the left compartment of the bowl drainer, then pick the orange juice and place it in the right compartment of the bowl drainer.	3a5e873d8377bedb3afeecf7d8c542ae70a1a4754487a051771f0a60951ebd1f	not evaluated			0	definitions/BDRCENS_174.bddl			
BDRCENS_175		LIBERO_OBJECT_06	Pick the tomato sauce and place it in the basket	tomato_sauce_1	chocolate_pudding_1	bbq_sauce_1	floor_other_object_region_3	floor_other_object_region_4	two_original_distractors		Pick the chocolate pudding and place it in the left compartment of the bowl drainer, then pick the bbq sauce and place it in the right compartment of the bowl drainer.	db2ea48598cc9dc592d5d3acd2bdeff855f574fa870d195600ace25a82098ebc	not evaluated			0	definitions/BDRCENS_175.bddl			
BDRCENS_176		LIBERO_OBJECT_06	Pick the tomato sauce and place it in the basket	tomato_sauce_1	bbq_sauce_1	tomato_sauce_1	floor_other_object_region_4	floor_target_object_region	original_target_second		Pick the bbq sauce and place it in the left compartment of the bowl drainer, then pick the tomato sauce and place it in the right compartment of the bowl drainer.	6c29813cce97cfa974a1f539ca9f73ab03b47e2eae14e91d1804d3542c9e6f20	not evaluated			0	definitions/BDRCENS_176.bddl			
BDRCENS_177		LIBERO_OBJECT_06	Pick the tomato sauce and place it in the basket	tomato_sauce_1	bbq_sauce_1	milk_1	floor_other_object_region_4	floor_other_object_region_0	two_original_distractors		Pick the bbq sauce and place it in the left compartment of the bowl drainer, then pick the milk and place it in the right compartment of the bowl drainer.	67ad9ba75d35b2397bd7a2f696ed4b3ca689eff80e669b655566782ae04f8ef1	not evaluated			0	definitions/BDRCENS_177.bddl			
BDRCENS_178		LIBERO_OBJECT_06	Pick the tomato sauce and place it in the basket	tomato_sauce_1	bbq_sauce_1	butter_1	floor_other_object_region_4	floor_other_object_region_1	two_original_distractors		Pick the bbq sauce and place it in the left compartment of the bowl drainer, then pick the butter and place it in the right compartment of the bowl drainer.	0d1bc611895530f92d85f9938ed4a736a90fea9765a848dad6ed190eb4345002	not evaluated			0	definitions/BDRCENS_178.bddl			
BDRCENS_179		LIBERO_OBJECT_06	Pick the tomato sauce and place it in the basket	tomato_sauce_1	bbq_sauce_1	orange_juice_1	floor_other_object_region_4	floor_other_object_region_2	two_original_distractors		Pick the bbq sauce and place it in the left compartment of the bowl drainer, then pick the orange juice and place it in the right compartment of the bowl drainer.	099b0e37519fafead4bb7f9ae29af22ad631b965622733e42312380481f09f6c	not evaluated			0	definitions/BDRCENS_179.bddl			
BDRCENS_180		LIBERO_OBJECT_06	Pick the tomato sauce and place it in the basket	tomato_sauce_1	bbq_sauce_1	chocolate_pudding_1	floor_other_object_region_4	floor_other_object_region_3	two_original_distractors		Pick the bbq sauce and place it in the left compartment of the bowl drainer, then pick the chocolate pudding and place it in the right compartment of the bowl drainer.	42deaefa96833544fa70235ed03c249f12d308071b81e1ef36a0c30767aba92b	not evaluated			0	definitions/BDRCENS_180.bddl			
BDRCENS_181	BDRCOMP_013	LIBERO_OBJECT_07	Pick the butter and place it in the basket	butter_1	butter_1	tomato_sauce_1	floor_target_object_region	floor_other_object_region_0	original_target_first	anchor20	Pick the butter and place it in the left compartment of the bowl drainer, then pick the tomato sauce and place it in the right compartment of the bowl drainer.	8a082785c99f7b7c8eaac3c2a27099cf37923dc146d40318c1ae49657dbf730d	evaluated		0	5	definitions/BDRCENS_181.bddl	0	0	0
BDRCENS_182	BDRCOMP_033	LIBERO_OBJECT_07	Pick the butter and place it in the basket	butter_1	butter_1	orange_juice_1	floor_target_object_region	floor_other_object_region_1	original_target_first	extension20	Pick the butter and place it in the left compartment of the bowl drainer, then pick the orange juice and place it in the right compartment of the bowl drainer.	87513b9229c51db91bb3502e5db3f60e7afaf2566aecd5731dc503c67c11adff	evaluated		0	5	definitions/BDRCENS_182.bddl	0	0	0
BDRCENS_183		LIBERO_OBJECT_07	Pick the butter and place it in the basket	butter_1	butter_1	chocolate_pudding_1	floor_target_object_region	floor_other_object_region_2	original_target_first		Pick the butter and place it in the left compartment of the bowl drainer, then pick the chocolate pudding and place it in the right compartment of the bowl drainer.	67ace04869d27779b7b7df95b83bc1da676ad2fe8d4db0b2726e98bc82bfddcb	not evaluated			0	definitions/BDRCENS_183.bddl			
BDRCENS_184		LIBERO_OBJECT_07	Pick the butter and place it in the basket	butter_1	butter_1	bbq_sauce_1	floor_target_object_region	floor_other_object_region_3	original_target_first		Pick the butter and place it in the left compartment of the bowl drainer, then pick the bbq sauce and place it in the right compartment of the bowl drainer.	3d58f9ee668b65ee2b94344b9784bafd03b8f50a91eea70012cd010cecf0d5d9	not evaluated			0	definitions/BDRCENS_184.bddl			
BDRCENS_185		LIBERO_OBJECT_07	Pick the butter and place it in the basket	butter_1	butter_1	ketchup_1	floor_target_object_region	floor_other_object_region_4	original_target_first		Pick the butter and place it in the left compartment of the bowl drainer, then pick the ketchup and place it in the right compartment of the bowl drainer.	03c7608167952ced409127d26f3b4e8cbcd8ca3ca0df4529b7bc83056ef0fff5	not evaluated			0	definitions/BDRCENS_185.bddl			
BDRCENS_186	BDRCOMP_014	LIBERO_OBJECT_07	Pick the butter and place it in the basket	butter_1	tomato_sauce_1	butter_1	floor_other_object_region_0	floor_target_object_region	original_target_second	anchor20	Pick the tomato sauce and place it in the left compartment of the bowl drainer, then pick the butter and place it in the right compartment of the bowl drainer.	012d41d1e48aededc7f05a4e176e1e4dc8fad2d8100c15ec72bbc6d665317bdd	evaluated		0	5	definitions/BDRCENS_186.bddl	0	0	0
BDRCENS_187		LIBERO_OBJECT_07	Pick the butter and place it in the basket	butter_1	tomato_sauce_1	orange_juice_1	floor_other_object_region_0	floor_other_object_region_1	two_original_distractors		Pick the tomato sauce and place it in the left compartment of the bowl drainer, then pick the orange juice and place it in the right compartment of the bowl drainer.	55335d3b77aa8bb3925fea5bc3e3ee1043708afa848ab1db6b8f66d7a3b9435b	not evaluated			0	definitions/BDRCENS_187.bddl			
BDRCENS_188		LIBERO_OBJECT_07	Pick the butter and place it in the basket	butter_1	tomato_sauce_1	chocolate_pudding_1	floor_other_object_region_0	floor_other_object_region_2	two_original_distractors		Pick the tomato sauce and place it in the left compartment of the bowl drainer, then pick the chocolate pudding and place it in the right compartment of the bowl drainer.	a01e25e8bd3f6f6bb742d8eb2cf7b121643e94fbcb41ea9fb67d787a54358df0	not evaluated			0	definitions/BDRCENS_188.bddl			
BDRCENS_189		LIBERO_OBJECT_07	Pick the butter and place it in the basket	butter_1	tomato_sauce_1	bbq_sauce_1	floor_other_object_region_0	floor_other_object_region_3	two_original_distractors		Pick the tomato sauce and place it in the left compartment of the bowl drainer, then pick the bbq sauce and place it in the right compartment of the bowl drainer.	d311ecaf7bb693a01b5e5f3b4c54ef3d1fade13e641c3dcce42c8f5e727aea64	not evaluated			0	definitions/BDRCENS_189.bddl			
BDRCENS_190		LIBERO_OBJECT_07	Pick the butter and place it in the basket	butter_1	tomato_sauce_1	ketchup_1	floor_other_object_region_0	floor_other_object_region_4	two_original_distractors		Pick the tomato sauce and place it in the left compartment of the bowl drainer, then pick the ketchup and place it in the right compartment of the bowl drainer.	92d3e41c72239d84204f2b3c7bc24f44957db11f851ce12128816c49b823c2a4	not evaluated			0	definitions/BDRCENS_190.bddl			
BDRCENS_191	BDRCOMP_034	LIBERO_OBJECT_07	Pick the butter and place it in the basket	butter_1	orange_juice_1	butter_1	floor_other_object_region_1	floor_target_object_region	original_target_second	extension20	Pick the orange juice and place it in the left compartment of the bowl drainer, then pick the butter and place it in the right compartment of the bowl drainer.	48a1fe9bfbb1b64bb45a3d7b6c03768ef90601c87539ade8741fef76704271cc	evaluated		0	5	definitions/BDRCENS_191.bddl	0	0	0
BDRCENS_192		LIBERO_OBJECT_07	Pick the butter and place it in the basket	butter_1	orange_juice_1	tomato_sauce_1	floor_other_object_region_1	floor_other_object_region_0	two_original_distractors		Pick the orange juice and place it in the left compartment of the bowl drainer, then pick the tomato sauce and place it in the right compartment of the bowl drainer.	ce7c316cfb05819d88befd3d1e20268fd9302afd1600c45faaf71a6a396e4f85	not evaluated			0	definitions/BDRCENS_192.bddl			
BDRCENS_193		LIBERO_OBJECT_07	Pick the butter and place it in the basket	butter_1	orange_juice_1	chocolate_pudding_1	floor_other_object_region_1	floor_other_object_region_2	two_original_distractors		Pick the orange juice and place it in the left compartment of the bowl drainer, then pick the chocolate pudding and place it in the right compartment of the bowl drainer.	23deeaf23138d50aad86e52b4801a64568619f847dded5f2af1a94ac36ef8564	not evaluated			0	definitions/BDRCENS_193.bddl			
BDRCENS_194		LIBERO_OBJECT_07	Pick the butter and place it in the basket	butter_1	orange_juice_1	bbq_sauce_1	floor_other_object_region_1	floor_other_object_region_3	two_original_distractors		Pick the orange juice and place it in the left compartment of the bowl drainer, then pick the bbq sauce and place it in the right compartment of the bowl drainer.	e191909e6f5bcb4e8e01c8765ed0cc929ccc7b5043df61115dbdebdf5a8ba31b	not evaluated			0	definitions/BDRCENS_194.bddl			
BDRCENS_195		LIBERO_OBJECT_07	Pick the butter and place it in the basket	butter_1	orange_juice_1	ketchup_1	floor_other_object_region_1	floor_other_object_region_4	two_original_distractors		Pick the orange juice and place it in the left compartment of the bowl drainer, then pick the ketchup and place it in the right compartment of the bowl drainer.	3b3c0521c3411e6847973dcfa897c0fae9407d1292b9357e707a820499d86a22	not evaluated			0	definitions/BDRCENS_195.bddl			
BDRCENS_196		LIBERO_OBJECT_07	Pick the butter and place it in the basket	butter_1	chocolate_pudding_1	butter_1	floor_other_object_region_2	floor_target_object_region	original_target_second		Pick the chocolate pudding and place it in the left compartment of the bowl drainer, then pick the butter and place it in the right compartment of the bowl drainer.	4b5a4edeb4b8978a073c005744d9be86cfd12f5c2fdc59b503675ec72418d04d	not evaluated			0	definitions/BDRCENS_196.bddl			
BDRCENS_197		LIBERO_OBJECT_07	Pick the butter and place it in the basket	butter_1	chocolate_pudding_1	tomato_sauce_1	floor_other_object_region_2	floor_other_object_region_0	two_original_distractors		Pick the chocolate pudding and place it in the left compartment of the bowl drainer, then pick the tomato sauce and place it in the right compartment of the bowl drainer.	4e3dfc3fab10620b2247a6987bf5cdcf9f81afc6d17fdfaf951aa327b7f8f8b7	not evaluated			0	definitions/BDRCENS_197.bddl			
BDRCENS_198		LIBERO_OBJECT_07	Pick the butter and place it in the basket	butter_1	chocolate_pudding_1	orange_juice_1	floor_other_object_region_2	floor_other_object_region_1	two_original_distractors		Pick the chocolate pudding and place it in the left compartment of the bowl drainer, then pick the orange juice and place it in the right compartment of the bowl drainer.	c2e2a2bcc849cfda525896ba7900e0524dc26a5155038ce2b3c09aec7c8db8bc	not evaluated			0	definitions/BDRCENS_198.bddl			
BDRCENS_199		LIBERO_OBJECT_07	Pick the butter and place it in the basket	butter_1	chocolate_pudding_1	bbq_sauce_1	floor_other_object_region_2	floor_other_object_region_3	two_original_distractors		Pick the chocolate pudding and place it in the left compartment of the bowl drainer, then pick the bbq sauce and place it in the right compartment of the bowl drainer.	541ab4a0d9387cf591621a11100b120a762165d6d6f6961a6e666afc295f8f41	not evaluated			0	definitions/BDRCENS_199.bddl			
BDRCENS_200		LIBERO_OBJECT_07	Pick the butter and place it in the basket	butter_1	chocolate_pudding_1	ketchup_1	floor_other_object_region_2	floor_other_object_region_4	two_original_distractors		Pick the chocolate pudding and place it in the left compartment of the bowl drainer, then pick the ketchup and place it in the right compartment of the bowl drainer.	4fc323c9e2653ff7c6526ec05fbf6b0012f9f4c6df1bdebd9360f701b4c30d7b	not evaluated			0	definitions/BDRCENS_200.bddl			
BDRCENS_201		LIBERO_OBJECT_07	Pick the butter and place it in the basket	butter_1	bbq_sauce_1	butter_1	floor_other_object_region_3	floor_target_object_region	original_target_second		Pick the bbq sauce and place it in the left compartment of the bowl drainer, then pick the butter and place it in the right compartment of the bowl drainer.	bcd3495ba36486fbd5b21230c13d32b72e492c154f7b50154484542bbcc75306	not evaluated			0	definitions/BDRCENS_201.bddl			
BDRCENS_202		LIBERO_OBJECT_07	Pick the butter and place it in the basket	butter_1	bbq_sauce_1	tomato_sauce_1	floor_other_object_region_3	floor_other_object_region_0	two_original_distractors		Pick the bbq sauce and place it in the left compartment of the bowl drainer, then pick the tomato sauce and place it in the right compartment of the bowl drainer.	97c422bee83dee9bf225007154cd076532249f32226340c8fbd1df76aebd8670	not evaluated			0	definitions/BDRCENS_202.bddl			
BDRCENS_203		LIBERO_OBJECT_07	Pick the butter and place it in the basket	butter_1	bbq_sauce_1	orange_juice_1	floor_other_object_region_3	floor_other_object_region_1	two_original_distractors		Pick the bbq sauce and place it in the left compartment of the bowl drainer, then pick the orange juice and place it in the right compartment of the bowl drainer.	eb632d51925a1f75d82f723beadd33cdf3cfcbce7b0d8843097f69a061d2ab01	not evaluated			0	definitions/BDRCENS_203.bddl			
BDRCENS_204		LIBERO_OBJECT_07	Pick the butter and place it in the basket	butter_1	bbq_sauce_1	chocolate_pudding_1	floor_other_object_region_3	floor_other_object_region_2	two_original_distractors		Pick the bbq sauce and place it in the left compartment of the bowl drainer, then pick the chocolate pudding and place it in the right compartment of the bowl drainer.	8795803783e71bd4478de9bc7b9981417c5ae76b542813392bb3f53ce45994d9	not evaluated			0	definitions/BDRCENS_204.bddl			
BDRCENS_205		LIBERO_OBJECT_07	Pick the butter and place it in the basket	butter_1	bbq_sauce_1	ketchup_1	floor_other_object_region_3	floor_other_object_region_4	two_original_distractors		Pick the bbq sauce and place it in the left compartment of the bowl drainer, then pick the ketchup and place it in the right compartment of the bowl drainer.	24278eebcfe0a122bfa76d2fad1d41c27c734ecafaf2638babb8c28d305e7811	not evaluated			0	definitions/BDRCENS_205.bddl			
BDRCENS_206		LIBERO_OBJECT_07	Pick the butter and place it in the basket	butter_1	ketchup_1	butter_1	floor_other_object_region_4	floor_target_object_region	original_target_second		Pick the ketchup and place it in the left compartment of the bowl drainer, then pick the butter and place it in the right compartment of the bowl drainer.	5da047d014764127aeacb655335c4339b05539617ad1b94f364634196bec8b0f	not evaluated			0	definitions/BDRCENS_206.bddl			
BDRCENS_207		LIBERO_OBJECT_07	Pick the butter and place it in the basket	butter_1	ketchup_1	tomato_sauce_1	floor_other_object_region_4	floor_other_object_region_0	two_original_distractors		Pick the ketchup and place it in the left compartment of the bowl drainer, then pick the tomato sauce and place it in the right compartment of the bowl drainer.	690f5bdceac3216ef41b518a834d2ca1b296a3ba39da9368f73cc60e92e73b98	not evaluated			0	definitions/BDRCENS_207.bddl			
BDRCENS_208		LIBERO_OBJECT_07	Pick the butter and place it in the basket	butter_1	ketchup_1	orange_juice_1	floor_other_object_region_4	floor_other_object_region_1	two_original_distractors		Pick the ketchup and place it in the left compartment of the bowl drainer, then pick the orange juice and place it in the right compartment of the bowl drainer.	1399cc891779551e2ebeb565eda9ce3ba5c637e9f381eb43a2d8a59697fa8259	not evaluated			0	definitions/BDRCENS_208.bddl			
BDRCENS_209		LIBERO_OBJECT_07	Pick the butter and place it in the basket	butter_1	ketchup_1	chocolate_pudding_1	floor_other_object_region_4	floor_other_object_region_2	two_original_distractors		Pick the ketchup and place it in the left compartment of the bowl drainer, then pick the chocolate pudding and place it in the right compartment of the bowl drainer.	022b302fac594c991721fca1fb6dbdb50580b0f81544423cbe586161ad5d4649	not evaluated			0	definitions/BDRCENS_209.bddl			
BDRCENS_210		LIBERO_OBJECT_07	Pick the butter and place it in the basket	butter_1	ketchup_1	bbq_sauce_1	floor_other_object_region_4	floor_other_object_region_3	two_original_distractors		Pick the ketchup and place it in the left compartment of the bowl drainer, then pick the bbq sauce and place it in the right compartment of the bowl drainer.	6aaecbdde54acf699379af1ef32eafe256fbae08283a7a8c6d9bc5c0589d6360	not evaluated			0	definitions/BDRCENS_210.bddl			
BDRCENS_211	BDRCOMP_036	LIBERO_OBJECT_08	Pick the milk and place it in the basket	milk_1	milk_1	cream_cheese_1	floor_target_object_region	floor_other_object_region_0	original_target_first	extension20	Pick the milk and place it in the left compartment of the bowl drainer, then pick the cream cheese and place it in the right compartment of the bowl drainer.	4475530a4b03458c11377faffb86aa11cfef3cd939b165ae61ce48397c0b75b5	evaluated		20	5	definitions/BDRCENS_211.bddl	1	1	1
BDRCENS_212		LIBERO_OBJECT_08	Pick the milk and place it in the basket	milk_1	milk_1	tomato_sauce_1	floor_target_object_region	floor_other_object_region_1	original_target_first		Pick the milk and place it in the left compartment of the bowl drainer, then pick the tomato sauce and place it in the right compartment of the bowl drainer.	a6019dd58080f7f886b8c1a9250550058cf50f77395675e3bf20c2d2502db02f	not evaluated			0	definitions/BDRCENS_212.bddl			
BDRCENS_213		LIBERO_OBJECT_08	Pick the milk and place it in the basket	milk_1	milk_1	butter_1	floor_target_object_region	floor_other_object_region_2	original_target_first		Pick the milk and place it in the left compartment of the bowl drainer, then pick the butter and place it in the right compartment of the bowl drainer.	478b4a4d3673f57baecaa4981c0b7832b00899b9146040610eec46485362ddc1	not evaluated			0	definitions/BDRCENS_213.bddl			
BDRCENS_214		LIBERO_OBJECT_08	Pick the milk and place it in the basket	milk_1	milk_1	orange_juice_1	floor_target_object_region	floor_other_object_region_3	original_target_first		Pick the milk and place it in the left compartment of the bowl drainer, then pick the orange juice and place it in the right compartment of the bowl drainer.	041b0edcbe8182b7608b28d9ba9d5b166ca8dd458dd7619deb89ad653a6cf83d	not evaluated			0	definitions/BDRCENS_214.bddl			
BDRCENS_215		LIBERO_OBJECT_08	Pick the milk and place it in the basket	milk_1	milk_1	chocolate_pudding_1	floor_target_object_region	floor_other_object_region_4	original_target_first		Pick the milk and place it in the left compartment of the bowl drainer, then pick the chocolate pudding and place it in the right compartment of the bowl drainer.	fe89973b5ecbd26afd0cb3a190b82d37c2d368174c3b1ee6b9c3cd810134275d	not evaluated			0	definitions/BDRCENS_215.bddl			
BDRCENS_216	BDRCOMP_035	LIBERO_OBJECT_08	Pick the milk and place it in the basket	milk_1	cream_cheese_1	milk_1	floor_other_object_region_0	floor_target_object_region	original_target_second	extension20	Pick the cream cheese and place it in the left compartment of the bowl drainer, then pick the milk and place it in the right compartment of the bowl drainer.	6e05375e04b887634514c1b4a20fbdf1ae70933704eeba884a2a8a95339aad23	evaluated		0	5	definitions/BDRCENS_216.bddl	0	0	0
BDRCENS_217	BDRCOMP_015	LIBERO_OBJECT_08	Pick the milk and place it in the basket	milk_1	cream_cheese_1	tomato_sauce_1	floor_other_object_region_0	floor_other_object_region_1	two_original_distractors	anchor20	Pick the cream cheese and place it in the left compartment of the bowl drainer, then pick the tomato sauce and place it in the right compartment of the bowl drainer.	96af5201df97f3875954106d0dbe8f3159571aeeac7a7f31bfd3226767f203a8	evaluated		0	5	definitions/BDRCENS_217.bddl	0	0	0
BDRCENS_218		LIBERO_OBJECT_08	Pick the milk and place it in the basket	milk_1	cream_cheese_1	butter_1	floor_other_object_region_0	floor_other_object_region_2	two_original_distractors		Pick the cream cheese and place it in the left compartment of the bowl drainer, then pick the butter and place it in the right compartment of the bowl drainer.	14d8a4c74345fe96063cc8146c8bf02af2ba25f42c11c496e6cbc89d380b8173	not evaluated			0	definitions/BDRCENS_218.bddl			
BDRCENS_219		LIBERO_OBJECT_08	Pick the milk and place it in the basket	milk_1	cream_cheese_1	orange_juice_1	floor_other_object_region_0	floor_other_object_region_3	two_original_distractors		Pick the cream cheese and place it in the left compartment of the bowl drainer, then pick the orange juice and place it in the right compartment of the bowl drainer.	33d7dfe2f1e51c9e182433def2b0224d18485e823b0da6adc098910d42d1ef43	not evaluated			0	definitions/BDRCENS_219.bddl			
BDRCENS_220		LIBERO_OBJECT_08	Pick the milk and place it in the basket	milk_1	cream_cheese_1	chocolate_pudding_1	floor_other_object_region_0	floor_other_object_region_4	two_original_distractors		Pick the cream cheese and place it in the left compartment of the bowl drainer, then pick the chocolate pudding and place it in the right compartment of the bowl drainer.	dfff6a69644c16242969fe86f4c88e36a0573417e953035dca11100dbbff4818	not evaluated			0	definitions/BDRCENS_220.bddl			
BDRCENS_221		LIBERO_OBJECT_08	Pick the milk and place it in the basket	milk_1	tomato_sauce_1	milk_1	floor_other_object_region_1	floor_target_object_region	original_target_second		Pick the tomato sauce and place it in the left compartment of the bowl drainer, then pick the milk and place it in the right compartment of the bowl drainer.	7d6ec35cb160d88bac6e7dae870a702ade1cac691775b91ab4884ce896fd5b4f	not evaluated			0	definitions/BDRCENS_221.bddl			
BDRCENS_222	BDRCOMP_016	LIBERO_OBJECT_08	Pick the milk and place it in the basket	milk_1	tomato_sauce_1	cream_cheese_1	floor_other_object_region_1	floor_other_object_region_0	two_original_distractors	anchor20	Pick the tomato sauce and place it in the left compartment of the bowl drainer, then pick the cream cheese and place it in the right compartment of the bowl drainer.	1e30818cd3b784a660c11e288bcf35ad131d77f6ce43c5d6d88beaeb18ed16c8	evaluated		0	5	definitions/BDRCENS_222.bddl	0	0	0
BDRCENS_223		LIBERO_OBJECT_08	Pick the milk and place it in the basket	milk_1	tomato_sauce_1	butter_1	floor_other_object_region_1	floor_other_object_region_2	two_original_distractors		Pick the tomato sauce and place it in the left compartment of the bowl drainer, then pick the butter and place it in the right compartment of the bowl drainer.	ed91d18901e0a7b01823aec1452c5d1937076af39e8930602d9b94f23fefe8e4	not evaluated			0	definitions/BDRCENS_223.bddl			
BDRCENS_224		LIBERO_OBJECT_08	Pick the milk and place it in the basket	milk_1	tomato_sauce_1	orange_juice_1	floor_other_object_region_1	floor_other_object_region_3	two_original_distractors		Pick the tomato sauce and place it in the left compartment of the bowl drainer, then pick the orange juice and place it in the right compartment of the bowl drainer.	beeecb9860ee7daadbfe13f82bf4cab2ce4bff2646ae684187f1076d133dc0bd	not evaluated			0	definitions/BDRCENS_224.bddl			
BDRCENS_225		LIBERO_OBJECT_08	Pick the milk and place it in the basket	milk_1	tomato_sauce_1	chocolate_pudding_1	floor_other_object_region_1	floor_other_object_region_4	two_original_distractors		Pick the tomato sauce and place it in the left compartment of the bowl drainer, then pick the chocolate pudding and place it in the right compartment of the bowl drainer.	d46312e353e267459e8506323f252e9e539184a94d54c71c4f70aeda66ac0d5f	not evaluated			0	definitions/BDRCENS_225.bddl			
BDRCENS_226		LIBERO_OBJECT_08	Pick the milk and place it in the basket	milk_1	butter_1	milk_1	floor_other_object_region_2	floor_target_object_region	original_target_second		Pick the butter and place it in the left compartment of the bowl drainer, then pick the milk and place it in the right compartment of the bowl drainer.	208cc69dc2af5510e1214e137d0b6067b91340dd707e2405c89b17d9f443dae8	not evaluated			0	definitions/BDRCENS_226.bddl			
BDRCENS_227		LIBERO_OBJECT_08	Pick the milk and place it in the basket	milk_1	butter_1	cream_cheese_1	floor_other_object_region_2	floor_other_object_region_0	two_original_distractors		Pick the butter and place it in the left compartment of the bowl drainer, then pick the cream cheese and place it in the right compartment of the bowl drainer.	9adfd5ae8f049431e8bf846fab5ff3ec2157617bcd34cc40925679c535d0d7ab	not evaluated			0	definitions/BDRCENS_227.bddl			
BDRCENS_228		LIBERO_OBJECT_08	Pick the milk and place it in the basket	milk_1	butter_1	tomato_sauce_1	floor_other_object_region_2	floor_other_object_region_1	two_original_distractors		Pick the butter and place it in the left compartment of the bowl drainer, then pick the tomato sauce and place it in the right compartment of the bowl drainer.	18ef99ee263e436aefbdce44bf5d112de33fb8fa755daba57faf3e7023c18edf	not evaluated			0	definitions/BDRCENS_228.bddl			
BDRCENS_229		LIBERO_OBJECT_08	Pick the milk and place it in the basket	milk_1	butter_1	orange_juice_1	floor_other_object_region_2	floor_other_object_region_3	two_original_distractors		Pick the butter and place it in the left compartment of the bowl drainer, then pick the orange juice and place it in the right compartment of the bowl drainer.	5059874a1384017151900f07a3118cc259b7757d59ebd9265d8afabe58b56194	not evaluated			0	definitions/BDRCENS_229.bddl			
BDRCENS_230		LIBERO_OBJECT_08	Pick the milk and place it in the basket	milk_1	butter_1	chocolate_pudding_1	floor_other_object_region_2	floor_other_object_region_4	two_original_distractors		Pick the butter and place it in the left compartment of the bowl drainer, then pick the chocolate pudding and place it in the right compartment of the bowl drainer.	9e40906315fb38b414abfc6fc0a729af4372c2e038810655e288a7bb25d9bd33	not evaluated			0	definitions/BDRCENS_230.bddl			
BDRCENS_231		LIBERO_OBJECT_08	Pick the milk and place it in the basket	milk_1	orange_juice_1	milk_1	floor_other_object_region_3	floor_target_object_region	original_target_second		Pick the orange juice and place it in the left compartment of the bowl drainer, then pick the milk and place it in the right compartment of the bowl drainer.	56a3007d01ced721c0b673fc68053fd403c5251788f08bbfba1cbf878a9544bc	not evaluated			0	definitions/BDRCENS_231.bddl			
BDRCENS_232		LIBERO_OBJECT_08	Pick the milk and place it in the basket	milk_1	orange_juice_1	cream_cheese_1	floor_other_object_region_3	floor_other_object_region_0	two_original_distractors		Pick the orange juice and place it in the left compartment of the bowl drainer, then pick the cream cheese and place it in the right compartment of the bowl drainer.	9026a096b716da3e7bf7af9a7067f590956dba786e156f69aa7cf85547011f25	not evaluated			0	definitions/BDRCENS_232.bddl			
BDRCENS_233		LIBERO_OBJECT_08	Pick the milk and place it in the basket	milk_1	orange_juice_1	tomato_sauce_1	floor_other_object_region_3	floor_other_object_region_1	two_original_distractors		Pick the orange juice and place it in the left compartment of the bowl drainer, then pick the tomato sauce and place it in the right compartment of the bowl drainer.	bd191332230aad77d3ec7649fb81f463d868c21e153e7a20796bb89a0676f005	not evaluated			0	definitions/BDRCENS_233.bddl			
BDRCENS_234		LIBERO_OBJECT_08	Pick the milk and place it in the basket	milk_1	orange_juice_1	butter_1	floor_other_object_region_3	floor_other_object_region_2	two_original_distractors		Pick the orange juice and place it in the left compartment of the bowl drainer, then pick the butter and place it in the right compartment of the bowl drainer.	d10cadf000c869e7e2f571e49144aaa6adf1cc2491ae6cba88792090b4d4a185	not evaluated			0	definitions/BDRCENS_234.bddl			
BDRCENS_235		LIBERO_OBJECT_08	Pick the milk and place it in the basket	milk_1	orange_juice_1	chocolate_pudding_1	floor_other_object_region_3	floor_other_object_region_4	two_original_distractors		Pick the orange juice and place it in the left compartment of the bowl drainer, then pick the chocolate pudding and place it in the right compartment of the bowl drainer.	a169df50c4ba592863ec3e3107b84795a1d4b4408e3597e2587a92b59d3be6a7	not evaluated			0	definitions/BDRCENS_235.bddl			
BDRCENS_236		LIBERO_OBJECT_08	Pick the milk and place it in the basket	milk_1	chocolate_pudding_1	milk_1	floor_other_object_region_4	floor_target_object_region	original_target_second		Pick the chocolate pudding and place it in the left compartment of the bowl drainer, then pick the milk and place it in the right compartment of the bowl drainer.	824001fca928a61c32eeb0701885af45f98a348cbc358654f7741d9e06693f41	not evaluated			0	definitions/BDRCENS_236.bddl			
BDRCENS_237		LIBERO_OBJECT_08	Pick the milk and place it in the basket	milk_1	chocolate_pudding_1	cream_cheese_1	floor_other_object_region_4	floor_other_object_region_0	two_original_distractors		Pick the chocolate pudding and place it in the left compartment of the bowl drainer, then pick the cream cheese and place it in the right compartment of the bowl drainer.	17715cc8ba4e3901d9214746f737de1028f2fb6f825719cd5988adb9a49f604d	not evaluated			0	definitions/BDRCENS_237.bddl			
BDRCENS_238		LIBERO_OBJECT_08	Pick the milk and place it in the basket	milk_1	chocolate_pudding_1	tomato_sauce_1	floor_other_object_region_4	floor_other_object_region_1	two_original_distractors		Pick the chocolate pudding and place it in the left compartment of the bowl drainer, then pick the tomato sauce and place it in the right compartment of the bowl drainer.	ad871529319fb92cba3dd7101569ec26b8f6d4040f56af030db0d92558b3beae	not evaluated			0	definitions/BDRCENS_238.bddl			
BDRCENS_239		LIBERO_OBJECT_08	Pick the milk and place it in the basket	milk_1	chocolate_pudding_1	butter_1	floor_other_object_region_4	floor_other_object_region_2	two_original_distractors		Pick the chocolate pudding and place it in the left compartment of the bowl drainer, then pick the butter and place it in the right compartment of the bowl drainer.	b6379dc921f875c51d9a59e7db5292bd994b02fdb1ebc2b8511451285a1e9853	not evaluated			0	definitions/BDRCENS_239.bddl			
BDRCENS_240		LIBERO_OBJECT_08	Pick the milk and place it in the basket	milk_1	chocolate_pudding_1	orange_juice_1	floor_other_object_region_4	floor_other_object_region_3	two_original_distractors		Pick the chocolate pudding and place it in the left compartment of the bowl drainer, then pick the orange juice and place it in the right compartment of the bowl drainer.	70efa86216caf4df68b777cdf89e9152f84191ffb2183375dc5b6211e3a4fb8c	not evaluated			0	definitions/BDRCENS_240.bddl			
BDRCENS_241	BDRCOMP_037	LIBERO_OBJECT_09	Pick the chocolate pudding and place it in the basket	chocolate_pudding_1	chocolate_pudding_1	orange_juice_1	floor_target_object_region	floor_other_object_region_0	original_target_first	extension20	Pick the chocolate pudding and place it in the left compartment of the bowl drainer, then pick the orange juice and place it in the right compartment of the bowl drainer.	3b5bc25f7e191e443871a8e4dfcdc0437d3c2ec835f8e9bc447c089b0a0d6d8f	evaluated		0	5	definitions/BDRCENS_241.bddl	0	0	0
BDRCENS_242		LIBERO_OBJECT_09	Pick the chocolate pudding and place it in the basket	chocolate_pudding_1	chocolate_pudding_1	bbq_sauce_1	floor_target_object_region	floor_other_object_region_1	original_target_first		Pick the chocolate pudding and place it in the left compartment of the bowl drainer, then pick the bbq sauce and place it in the right compartment of the bowl drainer.	22e2eaeb4491d8f85d13221755bc2a05e841c1283413570b2def5ea9b6e73be6	not evaluated			0	definitions/BDRCENS_242.bddl			
BDRCENS_243		LIBERO_OBJECT_09	Pick the chocolate pudding and place it in the basket	chocolate_pudding_1	chocolate_pudding_1	ketchup_1	floor_target_object_region	floor_other_object_region_2	original_target_first		Pick the chocolate pudding and place it in the left compartment of the bowl drainer, then pick the ketchup and place it in the right compartment of the bowl drainer.	19690ba562499c995f4f6b1100948973ebcb8a261de8acc73fa7142727276c77	not evaluated			0	definitions/BDRCENS_243.bddl			
BDRCENS_244		LIBERO_OBJECT_09	Pick the chocolate pudding and place it in the basket	chocolate_pudding_1	chocolate_pudding_1	salad_dressing_1	floor_target_object_region	floor_other_object_region_3	original_target_first		Pick the chocolate pudding and place it in the left compartment of the bowl drainer, then pick the salad dressing and place it in the right compartment of the bowl drainer.	3945cee27577d695ed0cff4da9a8783e1d26094d7e71fb67c5de267696970a72	not evaluated			0	definitions/BDRCENS_244.bddl			
BDRCENS_245	BDRCOMP_017	LIBERO_OBJECT_09	Pick the chocolate pudding and place it in the basket	chocolate_pudding_1	chocolate_pudding_1	alphabet_soup_1	floor_target_object_region	floor_other_object_region_4	original_target_first	anchor20	Pick the chocolate pudding and place it in the left compartment of the bowl drainer, then pick the alphabet soup and place it in the right compartment of the bowl drainer.	139fa07b07cd2b6e89182268542ac57b5bb838304db47fa4b2a900b3af0d8ad7	evaluated		0	5	definitions/BDRCENS_245.bddl	0	0	0
BDRCENS_246	BDRCOMP_038	LIBERO_OBJECT_09	Pick the chocolate pudding and place it in the basket	chocolate_pudding_1	orange_juice_1	chocolate_pudding_1	floor_other_object_region_0	floor_target_object_region	original_target_second	extension20	Pick the orange juice and place it in the left compartment of the bowl drainer, then pick the chocolate pudding and place it in the right compartment of the bowl drainer.	538aad6d06d49ba568be8400c75bd547aa84ee9d74f81680a217c9e912d61ab1	evaluated		0	5	definitions/BDRCENS_246.bddl	0	0	0
BDRCENS_247		LIBERO_OBJECT_09	Pick the chocolate pudding and place it in the basket	chocolate_pudding_1	orange_juice_1	bbq_sauce_1	floor_other_object_region_0	floor_other_object_region_1	two_original_distractors		Pick the orange juice and place it in the left compartment of the bowl drainer, then pick the bbq sauce and place it in the right compartment of the bowl drainer.	3f6122717a085ec942e817dc44423a5326ea3fd77c7cfa3fc18c8abc0b783682	not evaluated			0	definitions/BDRCENS_247.bddl			
BDRCENS_248		LIBERO_OBJECT_09	Pick the chocolate pudding and place it in the basket	chocolate_pudding_1	orange_juice_1	ketchup_1	floor_other_object_region_0	floor_other_object_region_2	two_original_distractors		Pick the orange juice and place it in the left compartment of the bowl drainer, then pick the ketchup and place it in the right compartment of the bowl drainer.	4deb0fad88b970f2c0804762e89832c4b1e7dd9c83d942a0f888830e697177a7	not evaluated			0	definitions/BDRCENS_248.bddl			
BDRCENS_249		LIBERO_OBJECT_09	Pick the chocolate pudding and place it in the basket	chocolate_pudding_1	orange_juice_1	salad_dressing_1	floor_other_object_region_0	floor_other_object_region_3	two_original_distractors		Pick the orange juice and place it in the left compartment of the bowl drainer, then pick the salad dressing and place it in the right compartment of the bowl drainer.	c044d0129df73d0a6e1bfcc75f13d7a6efe09d0140d625e4b5da3605910166ee	not evaluated			0	definitions/BDRCENS_249.bddl			
BDRCENS_250		LIBERO_OBJECT_09	Pick the chocolate pudding and place it in the basket	chocolate_pudding_1	orange_juice_1	alphabet_soup_1	floor_other_object_region_0	floor_other_object_region_4	two_original_distractors		Pick the orange juice and place it in the left compartment of the bowl drainer, then pick the alphabet soup and place it in the right compartment of the bowl drainer.	9512fae1b198dcdfc0130420dd0c9a90429d82e239cbe3a17c12509ba5d0aa4a	not evaluated			0	definitions/BDRCENS_250.bddl			
BDRCENS_251		LIBERO_OBJECT_09	Pick the chocolate pudding and place it in the basket	chocolate_pudding_1	bbq_sauce_1	chocolate_pudding_1	floor_other_object_region_1	floor_target_object_region	original_target_second		Pick the bbq sauce and place it in the left compartment of the bowl drainer, then pick the chocolate pudding and place it in the right compartment of the bowl drainer.	7b7a0ffd6097509964aeb5bb073e4fb763841e9840c4fe954347120344c0fdcf	not evaluated			0	definitions/BDRCENS_251.bddl			
BDRCENS_252		LIBERO_OBJECT_09	Pick the chocolate pudding and place it in the basket	chocolate_pudding_1	bbq_sauce_1	orange_juice_1	floor_other_object_region_1	floor_other_object_region_0	two_original_distractors		Pick the bbq sauce and place it in the left compartment of the bowl drainer, then pick the orange juice and place it in the right compartment of the bowl drainer.	715610197db394c63e14f25d2added9d65186b8a33fd2236840a90334af6f92f	not evaluated			0	definitions/BDRCENS_252.bddl			
BDRCENS_253		LIBERO_OBJECT_09	Pick the chocolate pudding and place it in the basket	chocolate_pudding_1	bbq_sauce_1	ketchup_1	floor_other_object_region_1	floor_other_object_region_2	two_original_distractors		Pick the bbq sauce and place it in the left compartment of the bowl drainer, then pick the ketchup and place it in the right compartment of the bowl drainer.	52dc163639049e49337118b67c13651cf1788a167db23ae0c6faf2b68a9f35be	not evaluated			0	definitions/BDRCENS_253.bddl			
BDRCENS_254		LIBERO_OBJECT_09	Pick the chocolate pudding and place it in the basket	chocolate_pudding_1	bbq_sauce_1	salad_dressing_1	floor_other_object_region_1	floor_other_object_region_3	two_original_distractors		Pick the bbq sauce and place it in the left compartment of the bowl drainer, then pick the salad dressing and place it in the right compartment of the bowl drainer.	ee1a16d7c00e92a0626583b0873160d01e4fc7649bcb407732952ff699ec9683	not evaluated			0	definitions/BDRCENS_254.bddl			
BDRCENS_255		LIBERO_OBJECT_09	Pick the chocolate pudding and place it in the basket	chocolate_pudding_1	bbq_sauce_1	alphabet_soup_1	floor_other_object_region_1	floor_other_object_region_4	two_original_distractors		Pick the bbq sauce and place it in the left compartment of the bowl drainer, then pick the alphabet soup and place it in the right compartment of the bowl drainer.	8120c7ee0f007da38cc000f8e363b8eddc592ac938080c953baba1eff866ab04	not evaluated			0	definitions/BDRCENS_255.bddl			
BDRCENS_256		LIBERO_OBJECT_09	Pick the chocolate pudding and place it in the basket	chocolate_pudding_1	ketchup_1	chocolate_pudding_1	floor_other_object_region_2	floor_target_object_region	original_target_second		Pick the ketchup and place it in the left compartment of the bowl drainer, then pick the chocolate pudding and place it in the right compartment of the bowl drainer.	fbed3f12751f0b5d76849f76d2cd524f7315d06a054a103729e5862ddf2af17c	not evaluated			0	definitions/BDRCENS_256.bddl			
BDRCENS_257		LIBERO_OBJECT_09	Pick the chocolate pudding and place it in the basket	chocolate_pudding_1	ketchup_1	orange_juice_1	floor_other_object_region_2	floor_other_object_region_0	two_original_distractors		Pick the ketchup and place it in the left compartment of the bowl drainer, then pick the orange juice and place it in the right compartment of the bowl drainer.	59237eb712bb98725e3e44a23c7d74c72598188962272d25012dc1feceba7c1a	not evaluated			0	definitions/BDRCENS_257.bddl			
BDRCENS_258		LIBERO_OBJECT_09	Pick the chocolate pudding and place it in the basket	chocolate_pudding_1	ketchup_1	bbq_sauce_1	floor_other_object_region_2	floor_other_object_region_1	two_original_distractors		Pick the ketchup and place it in the left compartment of the bowl drainer, then pick the bbq sauce and place it in the right compartment of the bowl drainer.	4dae34cde5925e8f75263829afc59b0a31100dbcbd900781af6112f8ea043ef1	not evaluated			0	definitions/BDRCENS_258.bddl			
BDRCENS_259		LIBERO_OBJECT_09	Pick the chocolate pudding and place it in the basket	chocolate_pudding_1	ketchup_1	salad_dressing_1	floor_other_object_region_2	floor_other_object_region_3	two_original_distractors		Pick the ketchup and place it in the left compartment of the bowl drainer, then pick the salad dressing and place it in the right compartment of the bowl drainer.	09981959cb1bc7ae98e9294ef24cecbf6e14ea5e74c45085c82d750f05045b00	not evaluated			0	definitions/BDRCENS_259.bddl			
BDRCENS_260		LIBERO_OBJECT_09	Pick the chocolate pudding and place it in the basket	chocolate_pudding_1	ketchup_1	alphabet_soup_1	floor_other_object_region_2	floor_other_object_region_4	two_original_distractors		Pick the ketchup and place it in the left compartment of the bowl drainer, then pick the alphabet soup and place it in the right compartment of the bowl drainer.	f419528376dca2cd85ef0c0ec4b471f2fb931eac0ba13fb4c0621e80082a69d7	not evaluated			0	definitions/BDRCENS_260.bddl			
BDRCENS_261		LIBERO_OBJECT_09	Pick the chocolate pudding and place it in the basket	chocolate_pudding_1	salad_dressing_1	chocolate_pudding_1	floor_other_object_region_3	floor_target_object_region	original_target_second		Pick the salad dressing and place it in the left compartment of the bowl drainer, then pick the chocolate pudding and place it in the right compartment of the bowl drainer.	cabb8f0ae7616496352a5f28920a0e4893331cbff2487b6f158ac55c64a9dc28	not evaluated			0	definitions/BDRCENS_261.bddl			
BDRCENS_262		LIBERO_OBJECT_09	Pick the chocolate pudding and place it in the basket	chocolate_pudding_1	salad_dressing_1	orange_juice_1	floor_other_object_region_3	floor_other_object_region_0	two_original_distractors		Pick the salad dressing and place it in the left compartment of the bowl drainer, then pick the orange juice and place it in the right compartment of the bowl drainer.	6c45f4dfec7e67b4f0275f7dbfcb269a02b7d60b40cfcce630ce017460804146	not evaluated			0	definitions/BDRCENS_262.bddl			
BDRCENS_263		LIBERO_OBJECT_09	Pick the chocolate pudding and place it in the basket	chocolate_pudding_1	salad_dressing_1	bbq_sauce_1	floor_other_object_region_3	floor_other_object_region_1	two_original_distractors		Pick the salad dressing and place it in the left compartment of the bowl drainer, then pick the bbq sauce and place it in the right compartment of the bowl drainer.	115b65c544f073c29bd42f12ea216202fc794d2d610d847401df052c2f99a02c	not evaluated			0	definitions/BDRCENS_263.bddl			
BDRCENS_264		LIBERO_OBJECT_09	Pick the chocolate pudding and place it in the basket	chocolate_pudding_1	salad_dressing_1	ketchup_1	floor_other_object_region_3	floor_other_object_region_2	two_original_distractors		Pick the salad dressing and place it in the left compartment of the bowl drainer, then pick the ketchup and place it in the right compartment of the bowl drainer.	75130a7e74f6de428435a09ba2d20e9635c9c94ce1e56b7e4242e09e7a084944	not evaluated			0	definitions/BDRCENS_264.bddl			
BDRCENS_265		LIBERO_OBJECT_09	Pick the chocolate pudding and place it in the basket	chocolate_pudding_1	salad_dressing_1	alphabet_soup_1	floor_other_object_region_3	floor_other_object_region_4	two_original_distractors		Pick the salad dressing and place it in the left compartment of the bowl drainer, then pick the alphabet soup and place it in the right compartment of the bowl drainer.	0370b7d50800d57f0b249420ee3359dd5ed98cbbf21440fba936fd331de8137c	not evaluated			0	definitions/BDRCENS_265.bddl			
BDRCENS_266	BDRCOMP_018	LIBERO_OBJECT_09	Pick the chocolate pudding and place it in the basket	chocolate_pudding_1	alphabet_soup_1	chocolate_pudding_1	floor_other_object_region_4	floor_target_object_region	original_target_second	anchor20	Pick the alphabet soup and place it in the left compartment of the bowl drainer, then pick the chocolate pudding and place it in the right compartment of the bowl drainer.	0473b5f12a13a33b19c5cf3f3a2f347898d4c0de2c0c9db3e33762828379b0f9	evaluated		0	5	definitions/BDRCENS_266.bddl	0	0	0
BDRCENS_267		LIBERO_OBJECT_09	Pick the chocolate pudding and place it in the basket	chocolate_pudding_1	alphabet_soup_1	orange_juice_1	floor_other_object_region_4	floor_other_object_region_0	two_original_distractors		Pick the alphabet soup and place it in the left compartment of the bowl drainer, then pick the orange juice and place it in the right compartment of the bowl drainer.	f17db8dd2b0babc18060de02ddb2be89d013da34825041f47da93258d684f329	not evaluated			0	definitions/BDRCENS_267.bddl			
BDRCENS_268		LIBERO_OBJECT_09	Pick the chocolate pudding and place it in the basket	chocolate_pudding_1	alphabet_soup_1	bbq_sauce_1	floor_other_object_region_4	floor_other_object_region_1	two_original_distractors		Pick the alphabet soup and place it in the left compartment of the bowl drainer, then pick the bbq sauce and place it in the right compartment of the bowl drainer.	9e9c0dd0ec6d1035b4a2a73cb798582a0d4c77b27670c4d1a5aabdf7be6aaf36	not evaluated			0	definitions/BDRCENS_268.bddl			
BDRCENS_269		LIBERO_OBJECT_09	Pick the chocolate pudding and place it in the basket	chocolate_pudding_1	alphabet_soup_1	ketchup_1	floor_other_object_region_4	floor_other_object_region_2	two_original_distractors		Pick the alphabet soup and place it in the left compartment of the bowl drainer, then pick the ketchup and place it in the right compartment of the bowl drainer.	8bb9fe349aa50145cc84e233ea87c16b20a945eafba18ee336fcd8ace298e032	not evaluated			0	definitions/BDRCENS_269.bddl			
BDRCENS_270		LIBERO_OBJECT_09	Pick the chocolate pudding and place it in the basket	chocolate_pudding_1	alphabet_soup_1	salad_dressing_1	floor_other_object_region_4	floor_other_object_region_3	two_original_distractors		Pick the alphabet soup and place it in the left compartment of the bowl drainer, then pick the salad dressing and place it in the right compartment of the bowl drainer.	73b2bbe49e218fa6d6bbfd78d02be48ac04c783a83a69cbf500abe7b39802bea	not evaluated			0	definitions/BDRCENS_270.bddl			
BDRCENS_271	BDRCOMP_040	LIBERO_OBJECT_10	Pick the orange juice and place it in the basket	orange_juice_1	orange_juice_1	butter_1	floor_target_object_region	floor_other_object_region_0	original_target_first	extension20	Pick the orange juice and place it in the left compartment of the bowl drainer, then pick the butter and place it in the right compartment of the bowl drainer.	7358ed7f00d2a7ba8a0e839ae49b7ae0bec60ea74bc4647a88a0fbfc96083e31	evaluated		0	5	definitions/BDRCENS_271.bddl	0	0	0
BDRCENS_272		LIBERO_OBJECT_10	Pick the orange juice and place it in the basket	orange_juice_1	orange_juice_1	chocolate_pudding_1	floor_target_object_region	floor_other_object_region_1	original_target_first		Pick the orange juice and place it in the left compartment of the bowl drainer, then pick the chocolate pudding and place it in the right compartment of the bowl drainer.	54be4b5467d64d36568bb34155cd2a08532bb0244937db9c8ac6360898835536	not evaluated			0	definitions/BDRCENS_272.bddl			
BDRCENS_273		LIBERO_OBJECT_10	Pick the orange juice and place it in the basket	orange_juice_1	orange_juice_1	bbq_sauce_1	floor_target_object_region	floor_other_object_region_2	original_target_first		Pick the orange juice and place it in the left compartment of the bowl drainer, then pick the bbq sauce and place it in the right compartment of the bowl drainer.	180b853ac977e586d7444bc9f858dc15c27761e7e4af236a6304976044feb641	not evaluated			0	definitions/BDRCENS_273.bddl			
BDRCENS_274		LIBERO_OBJECT_10	Pick the orange juice and place it in the basket	orange_juice_1	orange_juice_1	ketchup_1	floor_target_object_region	floor_other_object_region_3	original_target_first		Pick the orange juice and place it in the left compartment of the bowl drainer, then pick the ketchup and place it in the right compartment of the bowl drainer.	5f7d9fb40cf59e2b1857f85cac360d637fd271c51b2c918743dd299e1375938c	not evaluated			0	definitions/BDRCENS_274.bddl			
BDRCENS_275		LIBERO_OBJECT_10	Pick the orange juice and place it in the basket	orange_juice_1	orange_juice_1	salad_dressing_1	floor_target_object_region	floor_other_object_region_4	original_target_first		Pick the orange juice and place it in the left compartment of the bowl drainer, then pick the salad dressing and place it in the right compartment of the bowl drainer.	abceb11f1722a2b655b1ea7ac32c22f7ede8cc9694df9934804a4240a0d21224	not evaluated			0	definitions/BDRCENS_275.bddl			
BDRCENS_276	BDRCOMP_039	LIBERO_OBJECT_10	Pick the orange juice and place it in the basket	orange_juice_1	butter_1	orange_juice_1	floor_other_object_region_0	floor_target_object_region	original_target_second	extension20	Pick the butter and place it in the left compartment of the bowl drainer, then pick the orange juice and place it in the right compartment of the bowl drainer.	45440d1de573b36ef843c9677b169155aa52f02bbe19a9e89c39aab916e4fb77	evaluated		0	5	definitions/BDRCENS_276.bddl	0	0	0
BDRCENS_277	BDRCOMP_019	LIBERO_OBJECT_10	Pick the orange juice and place it in the basket	orange_juice_1	butter_1	chocolate_pudding_1	floor_other_object_region_0	floor_other_object_region_1	two_original_distractors	anchor20	Pick the butter and place it in the left compartment of the bowl drainer, then pick the chocolate pudding and place it in the right compartment of the bowl drainer.	abf70e7335cc939ce707e917649e0edb4d76b5550b17f8c44887aa54bac1a1db	evaluated		0	5	definitions/BDRCENS_277.bddl	0	0	0
BDRCENS_278		LIBERO_OBJECT_10	Pick the orange juice and place it in the basket	orange_juice_1	butter_1	bbq_sauce_1	floor_other_object_region_0	floor_other_object_region_2	two_original_distractors		Pick the butter and place it in the left compartment of the bowl drainer, then pick the bbq sauce and place it in the right compartment of the bowl drainer.	2d9e6eca3c634340ac61e9e93abe5f0d22fa0b25631e50dc1eadb0d3bf89c5cc	not evaluated			0	definitions/BDRCENS_278.bddl			
BDRCENS_279		LIBERO_OBJECT_10	Pick the orange juice and place it in the basket	orange_juice_1	butter_1	ketchup_1	floor_other_object_region_0	floor_other_object_region_3	two_original_distractors		Pick the butter and place it in the left compartment of the bowl drainer, then pick the ketchup and place it in the right compartment of the bowl drainer.	b55d121b26e6d6050d903906741553376eb46e1bceabb7b78bbeb9ebd1346f32	not evaluated			0	definitions/BDRCENS_279.bddl			
BDRCENS_280		LIBERO_OBJECT_10	Pick the orange juice and place it in the basket	orange_juice_1	butter_1	salad_dressing_1	floor_other_object_region_0	floor_other_object_region_4	two_original_distractors		Pick the butter and place it in the left compartment of the bowl drainer, then pick the salad dressing and place it in the right compartment of the bowl drainer.	ac5486755810511d32c9dd49b581b5c8b95331809b04d95ce78bf2f84081a0be	not evaluated			0	definitions/BDRCENS_280.bddl			
BDRCENS_281		LIBERO_OBJECT_10	Pick the orange juice and place it in the basket	orange_juice_1	chocolate_pudding_1	orange_juice_1	floor_other_object_region_1	floor_target_object_region	original_target_second		Pick the chocolate pudding and place it in the left compartment of the bowl drainer, then pick the orange juice and place it in the right compartment of the bowl drainer.	cad85886c589851050d01d2e126f52ea74b47b11371580e5db43293c86f7cb96	not evaluated			0	definitions/BDRCENS_281.bddl			
BDRCENS_282	BDRCOMP_020	LIBERO_OBJECT_10	Pick the orange juice and place it in the basket	orange_juice_1	chocolate_pudding_1	butter_1	floor_other_object_region_1	floor_other_object_region_0	two_original_distractors	anchor20	Pick the chocolate pudding and place it in the left compartment of the bowl drainer, then pick the butter and place it in the right compartment of the bowl drainer.	d99c9ba77ead38dd95dfab30ad7580db7b4775085ec5160fc4e0373b986f3b6b	evaluated		0	5	definitions/BDRCENS_282.bddl	0	0	0
BDRCENS_283		LIBERO_OBJECT_10	Pick the orange juice and place it in the basket	orange_juice_1	chocolate_pudding_1	bbq_sauce_1	floor_other_object_region_1	floor_other_object_region_2	two_original_distractors		Pick the chocolate pudding and place it in the left compartment of the bowl drainer, then pick the bbq sauce and place it in the right compartment of the bowl drainer.	2f70413dd8d1fa23f445485a307c0ab9cb4406c587b8e49517ab2308a4f54a8c	not evaluated			0	definitions/BDRCENS_283.bddl			
BDRCENS_284		LIBERO_OBJECT_10	Pick the orange juice and place it in the basket	orange_juice_1	chocolate_pudding_1	ketchup_1	floor_other_object_region_1	floor_other_object_region_3	two_original_distractors		Pick the chocolate pudding and place it in the left compartment of the bowl drainer, then pick the ketchup and place it in the right compartment of the bowl drainer.	2f6810df545ca2e6e3e37709206705ca948d7adcab42880fd9c07d4de8c4597e	not evaluated			0	definitions/BDRCENS_284.bddl			
BDRCENS_285		LIBERO_OBJECT_10	Pick the orange juice and place it in the basket	orange_juice_1	chocolate_pudding_1	salad_dressing_1	floor_other_object_region_1	floor_other_object_region_4	two_original_distractors		Pick the chocolate pudding and place it in the left compartment of the bowl drainer, then pick the salad dressing and place it in the right compartment of the bowl drainer.	a034f81cb3b2532f6861ba9aadbe4f178186328c261e99889773c2e9a6415272	not evaluated			0	definitions/BDRCENS_285.bddl			
BDRCENS_286		LIBERO_OBJECT_10	Pick the orange juice and place it in the basket	orange_juice_1	bbq_sauce_1	orange_juice_1	floor_other_object_region_2	floor_target_object_region	original_target_second		Pick the bbq sauce and place it in the left compartment of the bowl drainer, then pick the orange juice and place it in the right compartment of the bowl drainer.	d5c8cfa74f1a9bd2282f7610c90e494c3b0714dd9f8265525c16a88f7c58d34a	not evaluated			0	definitions/BDRCENS_286.bddl			
BDRCENS_287		LIBERO_OBJECT_10	Pick the orange juice and place it in the basket	orange_juice_1	bbq_sauce_1	butter_1	floor_other_object_region_2	floor_other_object_region_0	two_original_distractors		Pick the bbq sauce and place it in the left compartment of the bowl drainer, then pick the butter and place it in the right compartment of the bowl drainer.	bdfee24eda379d908afef016733e018e73bd954733737ff016e071bb66240933	not evaluated			0	definitions/BDRCENS_287.bddl			
BDRCENS_288		LIBERO_OBJECT_10	Pick the orange juice and place it in the basket	orange_juice_1	bbq_sauce_1	chocolate_pudding_1	floor_other_object_region_2	floor_other_object_region_1	two_original_distractors		Pick the bbq sauce and place it in the left compartment of the bowl drainer, then pick the chocolate pudding and place it in the right compartment of the bowl drainer.	161d99080f773a52ce390f9ec6c9bc45a42e73bb5d5c4e5f3da15abf79454ce9	not evaluated			0	definitions/BDRCENS_288.bddl			
BDRCENS_289		LIBERO_OBJECT_10	Pick the orange juice and place it in the basket	orange_juice_1	bbq_sauce_1	ketchup_1	floor_other_object_region_2	floor_other_object_region_3	two_original_distractors		Pick the bbq sauce and place it in the left compartment of the bowl drainer, then pick the ketchup and place it in the right compartment of the bowl drainer.	4ed1e2d275771f79dc931f0d98645c281a01724eb16bd57367b9a296e48fab58	not evaluated			0	definitions/BDRCENS_289.bddl			
BDRCENS_290		LIBERO_OBJECT_10	Pick the orange juice and place it in the basket	orange_juice_1	bbq_sauce_1	salad_dressing_1	floor_other_object_region_2	floor_other_object_region_4	two_original_distractors		Pick the bbq sauce and place it in the left compartment of the bowl drainer, then pick the salad dressing and place it in the right compartment of the bowl drainer.	cc3225b890918f65b755a60d88b79d631a87910ba5442e6d52d5fe452c254ba2	not evaluated			0	definitions/BDRCENS_290.bddl			
BDRCENS_291		LIBERO_OBJECT_10	Pick the orange juice and place it in the basket	orange_juice_1	ketchup_1	orange_juice_1	floor_other_object_region_3	floor_target_object_region	original_target_second		Pick the ketchup and place it in the left compartment of the bowl drainer, then pick the orange juice and place it in the right compartment of the bowl drainer.	737cb2c777e41a0108183f0c93b10756baeb51ac7cf4df6ff65afb1ff3d0cb44	not evaluated			0	definitions/BDRCENS_291.bddl			
BDRCENS_292		LIBERO_OBJECT_10	Pick the orange juice and place it in the basket	orange_juice_1	ketchup_1	butter_1	floor_other_object_region_3	floor_other_object_region_0	two_original_distractors		Pick the ketchup and place it in the left compartment of the bowl drainer, then pick the butter and place it in the right compartment of the bowl drainer.	e83132c724f1eec49666ac21bcfaa5157d799438e93ba2e4715e8c697aeef30f	not evaluated			0	definitions/BDRCENS_292.bddl			
BDRCENS_293		LIBERO_OBJECT_10	Pick the orange juice and place it in the basket	orange_juice_1	ketchup_1	chocolate_pudding_1	floor_other_object_region_3	floor_other_object_region_1	two_original_distractors		Pick the ketchup and place it in the left compartment of the bowl drainer, then pick the chocolate pudding and place it in the right compartment of the bowl drainer.	424be0be4d3d1c7e43bb1f9e277621d0cecdd446b2a7fd9a83ac30831d788f78	not evaluated			0	definitions/BDRCENS_293.bddl			
BDRCENS_294		LIBERO_OBJECT_10	Pick the orange juice and place it in the basket	orange_juice_1	ketchup_1	bbq_sauce_1	floor_other_object_region_3	floor_other_object_region_2	two_original_distractors		Pick the ketchup and place it in the left compartment of the bowl drainer, then pick the bbq sauce and place it in the right compartment of the bowl drainer.	4a0163fd5c97f4acc638af7330a1475449ab5a140678cc021e880c6c9618d3b8	not evaluated			0	definitions/BDRCENS_294.bddl			
BDRCENS_295		LIBERO_OBJECT_10	Pick the orange juice and place it in the basket	orange_juice_1	ketchup_1	salad_dressing_1	floor_other_object_region_3	floor_other_object_region_4	two_original_distractors		Pick the ketchup and place it in the left compartment of the bowl drainer, then pick the salad dressing and place it in the right compartment of the bowl drainer.	cab6e5d21dff005d7323d971029c5c45e6ccbbf613fcea94989aaf104a8e3e13	not evaluated			0	definitions/BDRCENS_295.bddl			
BDRCENS_296		LIBERO_OBJECT_10	Pick the orange juice and place it in the basket	orange_juice_1	salad_dressing_1	orange_juice_1	floor_other_object_region_4	floor_target_object_region	original_target_second		Pick the salad dressing and place it in the left compartment of the bowl drainer, then pick the orange juice and place it in the right compartment of the bowl drainer.	17afe54eca56dcae3f89d119901c254110a134b88a29e1266b1ae84c2e6696f4	not evaluated			0	definitions/BDRCENS_296.bddl			
BDRCENS_297		LIBERO_OBJECT_10	Pick the orange juice and place it in the basket	orange_juice_1	salad_dressing_1	butter_1	floor_other_object_region_4	floor_other_object_region_0	two_original_distractors		Pick the salad dressing and place it in the left compartment of the bowl drainer, then pick the butter and place it in the right compartment of the bowl drainer.	409b2a522c0f6e70c893655bdc9ef9c824f9d921213d1490647f623eab38f5c1	not evaluated			0	definitions/BDRCENS_297.bddl			
BDRCENS_298		LIBERO_OBJECT_10	Pick the orange juice and place it in the basket	orange_juice_1	salad_dressing_1	chocolate_pudding_1	floor_other_object_region_4	floor_other_object_region_1	two_original_distractors		Pick the salad dressing and place it in the left compartment of the bowl drainer, then pick the chocolate pudding and place it in the right compartment of the bowl drainer.	04214761971a0c4beacc4aee9f83deb591ee51e4fee55b85c7fd3d686fe6b269	not evaluated			0	definitions/BDRCENS_298.bddl			
BDRCENS_299		LIBERO_OBJECT_10	Pick the orange juice and place it in the basket	orange_juice_1	salad_dressing_1	bbq_sauce_1	floor_other_object_region_4	floor_other_object_region_2	two_original_distractors		Pick the salad dressing and place it in the left compartment of the bowl drainer, then pick the bbq sauce and place it in the right compartment of the bowl drainer.	4a582a5500568e73d25a9d11fc3daba7cf4eaf3e0ebfd3c49523a7cb04a3c579	not evaluated			0	definitions/BDRCENS_299.bddl			
BDRCENS_300		LIBERO_OBJECT_10	Pick the orange juice and place it in the basket	orange_juice_1	salad_dressing_1	ketchup_1	floor_other_object_region_4	floor_other_object_region_3	two_original_distractors		Pick the salad dressing and place it in the left compartment of the bowl drainer, then pick the ketchup and place it in the right compartment of the bowl drainer.	76d64ea162159f478109741c48a809bd757766d8098a48a46b0bab642fa8197d	not evaluated			0	definitions/BDRCENS_300.bddl			
