candidate_id	task_id	source_task_id	original_instruction	original_target	left_object	right_object	left_initial_region	right_initial_region	bucket	pilot_batch	instruction	physical_signature	policy_status	native_sr_percent	strict_composition_sr_percent	simulator_initial_states	definition	comparison	strict_successes	native_final_count	native_ordered_count	retained_v2_episodes	new_visibility_v3_episodes	strict_sr_percent	videos
BDRCENS_002	BDRCOMP_001	LIBERO_OBJECT_01	Pick the alphabet soup and place it in the basket	alphabet_soup_1	alphabet_soup_1	cream_cheese_1	floor_target_object_region	floor_other_object_region_1	original_target_first	anchor20	Pick the alphabet soup and place it in the left compartment of the bowl drainer, then pick the cream cheese and place it in the right compartment of the bowl drainer.	c3f956a3c23704cfc82ebbd9ea9ae737620c73e58ccaaa912e45a3ffede001cf	evaluated		0	5	definitions/BDRCENS_002.bddl	comparison/BDRCOMP_001.png	0	0	0	5	0	0	[{'task_id': 'BDRCOMP_001', 'episode_index': 0, 'strict_success': False, 'native_final_conjunction': False, 'native_ordered_final_success': False, 'both_native_ever': False, 'left_then_right_supported_steps': [183, None], 'supported_final': [True, False], 'control_steps': 1040, 'audit_generation': 'retained_original_v2', 'active_agent_missing_branch_availability_protocol': None, 'older_wrist_previous_None_causes_retrospectively_verified': False, 'original_episode_video': 'videos/BDRCOMP_001_ep000_fail.mp4', 'url': 'videos/BDRCOMP_001_ep000_fail.mp4', 'title': 'BDRCOMP_001 · ep000 · strict failure'}, {'task_id': 'BDRCOMP_001', 'episode_index': 1, 'strict_success': False, 'native_final_conjunction': False, 'native_ordered_final_success': False, 'both_native_ever': False, 'left_then_right_supported_steps': [207, None], 'supported_final': [True, False], 'control_steps': 1040, 'audit_generation': 'retained_original_v2', 'active_agent_missing_branch_availability_protocol': None, 'older_wrist_previous_None_causes_retrospectively_verified': False, 'original_episode_video': 'videos/BDRCOMP_001_ep001_fail.mp4', 'url': 'videos/BDRCOMP_001_ep001_fail.mp4', 'title': 'BDRCOMP_001 · ep001 · strict failure'}, {'task_id': 'BDRCOMP_001', 'episode_index': 2, 'strict_success': False, 'native_final_conjunction': False, 'native_ordered_final_success': False, 'both_native_ever': False, 'left_then_right_supported_steps': [632, None], 'supported_final': [True, False], 'control_steps': 1040, 'audit_generation': 'retained_original_v2', 'active_agent_missing_branch_availability_protocol': None, 'older_wrist_previous_None_causes_retrospectively_verified': False, 'original_episode_video': 'videos/BDRCOMP_001_ep002_fail.mp4', 'url': 'videos/BDRCOMP_001_ep002_fail.mp4', 'title': 'BDRCOMP_001 · ep002 · strict failure'}, {'task_id': 'BDRCOMP_001', 'episode_index': 3, 'strict_success': False, 'native_final_conjunction': False, 'native_ordered_final_success': False, 'both_native_ever': False, 'left_then_right_supported_steps': [196, None], 'supported_final': [True, False], 'control_steps': 1040, 'audit_generation': 'retained_original_v2', 'active_agent_missing_branch_availability_protocol': None, 'older_wrist_previous_None_causes_retrospectively_verified': False, 'original_episode_video': 'videos/BDRCOMP_001_ep003_fail.mp4', 'url': 'videos/BDRCOMP_001_ep003_fail.mp4', 'title': 'BDRCOMP_001 · ep003 · strict failure'}, {'task_id': 'BDRCOMP_001', 'episode_index': 4, 'strict_success': False, 'native_final_conjunction': False, 'native_ordered_final_success': False, 'both_native_ever': False, 'left_then_right_supported_steps': [199, None], 'supported_final': [True, False], 'control_steps': 1040, 'audit_generation': 'retained_original_v2', 'active_agent_missing_branch_availability_protocol': None, 'older_wrist_previous_None_causes_retrospectively_verified': False, 'original_episode_video': 'videos/BDRCOMP_001_ep004_fail.mp4', 'url': 'videos/BDRCOMP_001_ep004_fail.mp4', 'title': 'BDRCOMP_001 · ep004 · strict failure'}]
BDRCENS_011	BDRCOMP_002	LIBERO_OBJECT_01	Pick the alphabet soup and place it in the basket	alphabet_soup_1	cream_cheese_1	alphabet_soup_1	floor_other_object_region_1	floor_target_object_region	original_target_second	anchor20	Pick the cream cheese and place it in the left compartment of the bowl drainer, then pick the alphabet soup and place it in the right compartment of the bowl drainer.	52824af0caff6d9104ea6922953b8fecbcb923c15341c8163892e6abb4fc853e	evaluated		0	5	definitions/BDRCENS_011.bddl	comparison/BDRCOMP_002.png	0	0	0	5	0	0	[{'task_id': 'BDRCOMP_002', 'episode_index': 0, 'strict_success': False, 'native_final_conjunction': False, 'native_ordered_final_success': False, 'both_native_ever': False, 'left_then_right_supported_steps': [None, None], 'supported_final': [False, False], 'control_steps': 1040, 'audit_generation': 'retained_original_v2', 'active_agent_missing_branch_availability_protocol': None, 'older_wrist_previous_None_causes_retrospectively_verified': False, 'original_episode_video': 'videos/BDRCOMP_002_ep000_fail.mp4', 'url': 'videos/BDRCOMP_002_ep000_fail.mp4', 'title': 'BDRCOMP_002 · ep000 · strict failure'}, {'task_id': 'BDRCOMP_002', 'episode_index': 1, 'strict_success': False, 'native_final_conjunction': False, 'native_ordered_final_success': False, 'both_native_ever': False, 'left_then_right_supported_steps': [None, None], 'supported_final': [False, False], 'control_steps': 1040, 'audit_generation': 'retained_original_v2', 'active_agent_missing_branch_availability_protocol': None, 'older_wrist_previous_None_causes_retrospectively_verified': False, 'original_episode_video': 'videos/BDRCOMP_002_ep001_fail.mp4', 'url': 'videos/BDRCOMP_002_ep001_fail.mp4', 'title': 'BDRCOMP_002 · ep001 · strict failure'}, {'task_id': 'BDRCOMP_002', 'episode_index': 2, 'strict_success': False, 'native_final_conjunction': False, 'native_ordered_final_success': False, 'both_native_ever': False, 'left_then_right_supported_steps': [None, None], 'supported_final': [False, False], 'control_steps': 1040, 'audit_generation': 'retained_original_v2', 'active_agent_missing_branch_availability_protocol': None, 'older_wrist_previous_None_causes_retrospectively_verified': False, 'original_episode_video': 'videos/BDRCOMP_002_ep002_fail.mp4', 'url': 'videos/BDRCOMP_002_ep002_fail.mp4', 'title': 'BDRCOMP_002 · ep002 · strict failure'}, {'task_id': 'BDRCOMP_002', 'episode_index': 3, 'strict_success': False, 'native_final_conjunction': False, 'native_ordered_final_success': False, 'both_native_ever': False, 'left_then_right_supported_steps': [None, None], 'supported_final': [False, False], 'control_steps': 1040, 'audit_generation': 'retained_original_v2', 'active_agent_missing_branch_availability_protocol': None, 'older_wrist_previous_None_causes_retrospectively_verified': False, 'original_episode_video': 'videos/BDRCOMP_002_ep003_fail.mp4', 'url': 'videos/BDRCOMP_002_ep003_fail.mp4', 'title': 'BDRCOMP_002 · ep003 · strict failure'}, {'task_id': 'BDRCOMP_002', 'episode_index': 4, 'strict_success': False, 'native_final_conjunction': False, 'native_ordered_final_success': False, 'both_native_ever': False, 'left_then_right_supported_steps': [None, None], 'supported_final': [False, False], 'control_steps': 1040, 'audit_generation': 'retained_original_v2', 'active_agent_missing_branch_availability_protocol': None, 'older_wrist_previous_None_causes_retrospectively_verified': False, 'original_episode_video': 'videos/BDRCOMP_002_ep004_fail.mp4', 'url': 'videos/BDRCOMP_002_ep004_fail.mp4', 'title': 'BDRCOMP_002 · ep004 · strict failure'}]
BDRCENS_031	BDRCOMP_003	LIBERO_OBJECT_02	Pick the cream cheese and place it in the basket	cream_cheese_1	cream_cheese_1	alphabet_soup_1	floor_target_object_region	floor_other_object_region_0	original_target_first	anchor20	Pick the cream cheese and place it in the left compartment of the bowl drainer, then pick the alphabet soup and place it in the right compartment of the bowl drainer.	3e84a63f92ecfc4d2bbc59ae1f3a398c52057f686f1f58403179a53a5ae31596	evaluated		0	5	definitions/BDRCENS_031.bddl	comparison/BDRCOMP_003.png	0	0	0	5	0	0	[{'task_id': 'BDRCOMP_003', 'episode_index': 0, 'strict_success': False, 'native_final_conjunction': False, 'native_ordered_final_success': False, 'both_native_ever': False, 'left_then_right_supported_steps': [None, None], 'supported_final': [False, False], 'control_steps': 1040, 'audit_generation': 'retained_original_v2', 'active_agent_missing_branch_availability_protocol': None, 'older_wrist_previous_None_causes_retrospectively_verified': False, 'original_episode_video': 'videos/BDRCOMP_003_ep000_fail.mp4', 'url': 'videos/BDRCOMP_003_ep000_fail.mp4', 'title': 'BDRCOMP_003 · ep000 · strict failure'}, {'task_id': 'BDRCOMP_003', 'episode_index': 1, 'strict_success': False, 'native_final_conjunction': False, 'native_ordered_final_success': False, 'both_native_ever': False, 'left_then_right_supported_steps': [None, None], 'supported_final': [False, False], 'control_steps': 1040, 'audit_generation': 'retained_original_v2', 'active_agent_missing_branch_availability_protocol': None, 'older_wrist_previous_None_causes_retrospectively_verified': False, 'original_episode_video': 'videos/BDRCOMP_003_ep001_fail.mp4', 'url': 'videos/BDRCOMP_003_ep001_fail.mp4', 'title': 'BDRCOMP_003 · ep001 · strict failure'}, {'task_id': 'BDRCOMP_003', 'episode_index': 2, 'strict_success': False, 'native_final_conjunction': False, 'native_ordered_final_success': False, 'both_native_ever': False, 'left_then_right_supported_steps': [None, None], 'supported_final': [False, False], 'control_steps': 1040, 'audit_generation': 'retained_original_v2', 'active_agent_missing_branch_availability_protocol': None, 'older_wrist_previous_None_causes_retrospectively_verified': False, 'original_episode_video': 'videos/BDRCOMP_003_ep002_fail.mp4', 'url': 'videos/BDRCOMP_003_ep002_fail.mp4', 'title': 'BDRCOMP_003 · ep002 · strict failure'}, {'task_id': 'BDRCOMP_003', 'episode_index': 3, 'strict_success': False, 'native_final_conjunction': False, 'native_ordered_final_success': False, 'both_native_ever': False, 'left_then_right_supported_steps': [None, None], 'supported_final': [False, False], 'control_steps': 1040, 'audit_generation': 'retained_original_v2', 'active_agent_missing_branch_availability_protocol': None, 'older_wrist_previous_None_causes_retrospectively_verified': False, 'original_episode_video': 'videos/BDRCOMP_003_ep003_fail.mp4', 'url': 'videos/BDRCOMP_003_ep003_fail.mp4', 'title': 'BDRCOMP_003 · ep003 · strict failure'}, {'task_id': 'BDRCOMP_003', 'episode_index': 4, 'strict_success': False, 'native_final_conjunction': False, 'native_ordered_final_success': False, 'both_native_ever': False, 'left_then_right_supported_steps': [None, None], 'supported_final': [False, False], 'control_steps': 1040, 'audit_generation': 'retained_original_v2', 'active_agent_missing_branch_availability_protocol': None, 'older_wrist_previous_None_causes_retrospectively_verified': False, 'original_episode_video': 'videos/BDRCOMP_003_ep004_fail.mp4', 'url': 'videos/BDRCOMP_003_ep004_fail.mp4', 'title': 'BDRCOMP_003 · ep004 · strict failure'}]
BDRCENS_036	BDRCOMP_004	LIBERO_OBJECT_02	Pick the cream cheese and place it in the basket	cream_cheese_1	alphabet_soup_1	cream_cheese_1	floor_other_object_region_0	floor_target_object_region	original_target_second	anchor20	Pick the alphabet soup and place it in the left compartment of the bowl drainer, then pick the cream cheese and place it in the right compartment of the bowl drainer.	d1ac770545bfd09f5560fba2f3d1d539384d37e2c2e7aa1aa6e10b3ea735221e	evaluated		20	5	definitions/BDRCENS_036.bddl	comparison/BDRCOMP_004.png	1	1	1	5	0	20	[{'task_id': 'BDRCOMP_004', 'episode_index': 0, 'strict_success': False, 'native_final_conjunction': False, 'native_ordered_final_success': False, 'both_native_ever': False, 'left_then_right_supported_steps': [628, None], 'supported_final': [True, False], 'control_steps': 1040, 'audit_generation': 'retained_original_v2', 'active_agent_missing_branch_availability_protocol': None, 'older_wrist_previous_None_causes_retrospectively_verified': False, 'original_episode_video': 'videos/BDRCOMP_004_ep000_fail.mp4', 'url': 'videos/BDRCOMP_004_ep000_fail.mp4', 'title': 'BDRCOMP_004 · ep000 · strict failure'}, {'task_id': 'BDRCOMP_004', 'episode_index': 1, 'strict_success': False, 'native_final_conjunction': False, 'native_ordered_final_success': False, 'both_native_ever': False, 'left_then_right_supported_steps': [218, None], 'supported_final': [True, False], 'control_steps': 1040, 'audit_generation': 'retained_original_v2', 'active_agent_missing_branch_availability_protocol': None, 'older_wrist_previous_None_causes_retrospectively_verified': False, 'original_episode_video': 'videos/BDRCOMP_004_ep001_fail.mp4', 'url': 'videos/BDRCOMP_004_ep001_fail.mp4', 'title': 'BDRCOMP_004 · ep001 · strict failure'}, {'task_id': 'BDRCOMP_004', 'episode_index': 2, 'strict_success': True, 'native_final_conjunction': True, 'native_ordered_final_success': True, 'both_native_ever': True, 'left_then_right_supported_steps': [214, 709], 'supported_final': [True, True], 'control_steps': 709, 'audit_generation': 'retained_original_v2', 'active_agent_missing_branch_availability_protocol': None, 'older_wrist_previous_None_causes_retrospectively_verified': False, 'original_episode_video': 'videos/BDRCOMP_004_ep002_ok.mp4', 'url': 'videos/BDRCOMP_004_ep002_ok.mp4', 'title': 'BDRCOMP_004 · ep002 · strict success'}, {'task_id': 'BDRCOMP_004', 'episode_index': 3, 'strict_success': False, 'native_final_conjunction': False, 'native_ordered_final_success': False, 'both_native_ever': False, 'left_then_right_supported_steps': [225, None], 'supported_final': [True, False], 'control_steps': 1040, 'audit_generation': 'retained_original_v2', 'active_agent_missing_branch_availability_protocol': None, 'older_wrist_previous_None_causes_retrospectively_verified': False, 'original_episode_video': 'videos/BDRCOMP_004_ep003_fail.mp4', 'url': 'videos/BDRCOMP_004_ep003_fail.mp4', 'title': 'BDRCOMP_004 · ep003 · strict failure'}, {'task_id': 'BDRCOMP_004', 'episode_index': 4, 'strict_success': False, 'native_final_conjunction': False, 'native_ordered_final_success': False, 'both_native_ever': False, 'left_then_right_supported_steps': [226, None], 'supported_final': [True, False], 'control_steps': 1040, 'audit_generation': 'retained_original_v2', 'active_agent_missing_branch_availability_protocol': None, 'older_wrist_previous_None_causes_retrospectively_verified': False, 'original_episode_video': 'videos/BDRCOMP_004_ep004_fail.mp4', 'url': 'videos/BDRCOMP_004_ep004_fail.mp4', 'title': 'BDRCOMP_004 · ep004 · strict failure'}]
BDRCENS_073	BDRCOMP_005	LIBERO_OBJECT_03	Pick the salad dressing and place it in the basket	salad_dressing_1	alphabet_soup_1	cream_cheese_1	floor_other_object_region_1	floor_other_object_region_2	two_original_distractors	anchor20	Pick the alphabet soup and place it in the left compartment of the bowl drainer, then pick the cream cheese and place it in the right compartment of the bowl drainer.	2f0adaade4c9eac6b77949880fa19469519bc1a782f54e37a92b3599a270d47c	evaluated		0	5	definitions/BDRCENS_073.bddl	comparison/BDRCOMP_005.png	0	0	0	5	0	0	[{'task_id': 'BDRCOMP_005', 'episode_index': 0, 'strict_success': False, 'native_final_conjunction': False, 'native_ordered_final_success': False, 'both_native_ever': False, 'left_then_right_supported_steps': [None, None], 'supported_final': [False, False], 'control_steps': 1040, 'audit_generation': 'retained_original_v2', 'active_agent_missing_branch_availability_protocol': None, 'older_wrist_previous_None_causes_retrospectively_verified': False, 'original_episode_video': 'videos/BDRCOMP_005_ep000_fail.mp4', 'url': 'videos/BDRCOMP_005_ep000_fail.mp4', 'title': 'BDRCOMP_005 · ep000 · strict failure'}, {'task_id': 'BDRCOMP_005', 'episode_index': 1, 'strict_success': False, 'native_final_conjunction': False, 'native_ordered_final_success': False, 'both_native_ever': False, 'left_then_right_supported_steps': [None, None], 'supported_final': [False, False], 'control_steps': 1040, 'audit_generation': 'retained_original_v2', 'active_agent_missing_branch_availability_protocol': None, 'older_wrist_previous_None_causes_retrospectively_verified': False, 'original_episode_video': 'videos/BDRCOMP_005_ep001_fail.mp4', 'url': 'videos/BDRCOMP_005_ep001_fail.mp4', 'title': 'BDRCOMP_005 · ep001 · strict failure'}, {'task_id': 'BDRCOMP_005', 'episode_index': 2, 'strict_success': False, 'native_final_conjunction': False, 'native_ordered_final_success': False, 'both_native_ever': False, 'left_then_right_supported_steps': [None, None], 'supported_final': [False, False], 'control_steps': 1040, 'audit_generation': 'retained_original_v2', 'active_agent_missing_branch_availability_protocol': None, 'older_wrist_previous_None_causes_retrospectively_verified': False, 'original_episode_video': 'videos/BDRCOMP_005_ep002_fail.mp4', 'url': 'videos/BDRCOMP_005_ep002_fail.mp4', 'title': 'BDRCOMP_005 · ep002 · strict failure'}, {'task_id': 'BDRCOMP_005', 'episode_index': 3, 'strict_success': False, 'native_final_conjunction': False, 'native_ordered_final_success': False, 'both_native_ever': False, 'left_then_right_supported_steps': [None, None], 'supported_final': [False, False], 'control_steps': 1040, 'audit_generation': 'retained_original_v2', 'active_agent_missing_branch_availability_protocol': None, 'older_wrist_previous_None_causes_retrospectively_verified': False, 'original_episode_video': 'videos/BDRCOMP_005_ep003_fail.mp4', 'url': 'videos/BDRCOMP_005_ep003_fail.mp4', 'title': 'BDRCOMP_005 · ep003 · strict failure'}, {'task_id': 'BDRCOMP_005', 'episode_index': 4, 'strict_success': False, 'native_final_conjunction': False, 'native_ordered_final_success': False, 'both_native_ever': False, 'left_then_right_supported_steps': [None, None], 'supported_final': [False, False], 'control_steps': 1040, 'audit_generation': 'retained_original_v2', 'active_agent_missing_branch_availability_protocol': None, 'older_wrist_previous_None_causes_retrospectively_verified': False, 'original_episode_video': 'videos/BDRCOMP_005_ep004_fail.mp4', 'url': 'videos/BDRCOMP_005_ep004_fail.mp4', 'title': 'BDRCOMP_005 · ep004 · strict failure'}]
BDRCENS_078	BDRCOMP_006	LIBERO_OBJECT_03	Pick the salad dressing and place it in the basket	salad_dressing_1	cream_cheese_1	alphabet_soup_1	floor_other_object_region_2	floor_other_object_region_1	two_original_distractors	anchor20	Pick the cream cheese and place it in the left compartment of the bowl drainer, then pick the alphabet soup and place it in the right compartment of the bowl drainer.	b1b04f36897c366eab053780fc63f291ea40e0102362c504a8d73aeef63c8301	evaluated		0	5	definitions/BDRCENS_078.bddl	comparison/BDRCOMP_006.png	0	0	0	5	0	0	[{'task_id': 'BDRCOMP_006', 'episode_index': 0, 'strict_success': False, 'native_final_conjunction': False, 'native_ordered_final_success': False, 'both_native_ever': False, 'left_then_right_supported_steps': [None, None], 'supported_final': [False, False], 'control_steps': 1040, 'audit_generation': 'retained_original_v2', 'active_agent_missing_branch_availability_protocol': None, 'older_wrist_previous_None_causes_retrospectively_verified': False, 'original_episode_video': 'videos/BDRCOMP_006_ep000_fail.mp4', 'url': 'videos/BDRCOMP_006_ep000_fail.mp4', 'title': 'BDRCOMP_006 · ep000 · strict failure'}, {'task_id': 'BDRCOMP_006', 'episode_index': 1, 'strict_success': False, 'native_final_conjunction': False, 'native_ordered_final_success': False, 'both_native_ever': False, 'left_then_right_supported_steps': [None, None], 'supported_final': [False, False], 'control_steps': 1040, 'audit_generation': 'retained_original_v2', 'active_agent_missing_branch_availability_protocol': None, 'older_wrist_previous_None_causes_retrospectively_verified': False, 'original_episode_video': 'videos/BDRCOMP_006_ep001_fail.mp4', 'url': 'videos/BDRCOMP_006_ep001_fail.mp4', 'title': 'BDRCOMP_006 · ep001 · strict failure'}, {'task_id': 'BDRCOMP_006', 'episode_index': 2, 'strict_success': False, 'native_final_conjunction': False, 'native_ordered_final_success': False, 'both_native_ever': False, 'left_then_right_supported_steps': [None, None], 'supported_final': [False, False], 'control_steps': 1040, 'audit_generation': 'retained_original_v2', 'active_agent_missing_branch_availability_protocol': None, 'older_wrist_previous_None_causes_retrospectively_verified': False, 'original_episode_video': 'videos/BDRCOMP_006_ep002_fail.mp4', 'url': 'videos/BDRCOMP_006_ep002_fail.mp4', 'title': 'BDRCOMP_006 · ep002 · strict failure'}, {'task_id': 'BDRCOMP_006', 'episode_index': 3, 'strict_success': False, 'native_final_conjunction': False, 'native_ordered_final_success': False, 'both_native_ever': False, 'left_then_right_supported_steps': [None, None], 'supported_final': [False, False], 'control_steps': 1040, 'audit_generation': 'retained_original_v2', 'active_agent_missing_branch_availability_protocol': None, 'older_wrist_previous_None_causes_retrospectively_verified': False, 'original_episode_video': 'videos/BDRCOMP_006_ep003_fail.mp4', 'url': 'videos/BDRCOMP_006_ep003_fail.mp4', 'title': 'BDRCOMP_006 · ep003 · strict failure'}, {'task_id': 'BDRCOMP_006', 'episode_index': 4, 'strict_success': False, 'native_final_conjunction': False, 'native_ordered_final_success': False, 'both_native_ever': False, 'left_then_right_supported_steps': [None, None], 'supported_final': [False, False], 'control_steps': 1040, 'audit_generation': 'retained_original_v2', 'active_agent_missing_branch_availability_protocol': None, 'older_wrist_previous_None_causes_retrospectively_verified': False, 'original_episode_video': 'videos/BDRCOMP_006_ep004_fail.mp4', 'url': 'videos/BDRCOMP_006_ep004_fail.mp4', 'title': 'BDRCOMP_006 · ep004 · strict failure'}]
BDRCENS_099	BDRCOMP_007	LIBERO_OBJECT_04	Pick the bbq sauce and place it in the basket	bbq_sauce_1	chocolate_pudding_1	alphabet_soup_1	floor_other_object_region_0	floor_other_object_region_3	two_original_distractors	anchor20	Pick the chocolate pudding and place it in the left compartment of the bowl drainer, then pick the alphabet soup and place it in the right compartment of the bowl drainer.	26c0cfd89a4f77c79c5598592d37972b72385415520715bda0cafb9a72975e69	evaluated		20	5	definitions/BDRCENS_099.bddl	comparison/BDRCOMP_007.png	1	1	1	5	0	20	[{'task_id': 'BDRCOMP_007', 'episode_index': 0, 'strict_success': False, 'native_final_conjunction': False, 'native_ordered_final_success': False, 'both_native_ever': False, 'left_then_right_supported_steps': [None, None], 'supported_final': [False, False], 'control_steps': 1040, 'audit_generation': 'retained_original_v2', 'active_agent_missing_branch_availability_protocol': None, 'older_wrist_previous_None_causes_retrospectively_verified': False, 'original_episode_video': 'videos/BDRCOMP_007_ep000_fail.mp4', 'url': 'videos/BDRCOMP_007_ep000_fail.mp4', 'title': 'BDRCOMP_007 · ep000 · strict failure'}, {'task_id': 'BDRCOMP_007', 'episode_index': 1, 'strict_success': False, 'native_final_conjunction': False, 'native_ordered_final_success': False, 'both_native_ever': False, 'left_then_right_supported_steps': [254, None], 'supported_final': [True, False], 'control_steps': 1040, 'audit_generation': 'retained_original_v2', 'active_agent_missing_branch_availability_protocol': None, 'older_wrist_previous_None_causes_retrospectively_verified': False, 'original_episode_video': 'videos/BDRCOMP_007_ep001_fail.mp4', 'url': 'videos/BDRCOMP_007_ep001_fail.mp4', 'title': 'BDRCOMP_007 · ep001 · strict failure'}, {'task_id': 'BDRCOMP_007', 'episode_index': 2, 'strict_success': False, 'native_final_conjunction': False, 'native_ordered_final_success': False, 'both_native_ever': False, 'left_then_right_supported_steps': [None, None], 'supported_final': [False, False], 'control_steps': 1040, 'audit_generation': 'retained_original_v2', 'active_agent_missing_branch_availability_protocol': None, 'older_wrist_previous_None_causes_retrospectively_verified': False, 'original_episode_video': 'videos/BDRCOMP_007_ep002_fail.mp4', 'url': 'videos/BDRCOMP_007_ep002_fail.mp4', 'title': 'BDRCOMP_007 · ep002 · strict failure'}, {'task_id': 'BDRCOMP_007', 'episode_index': 3, 'strict_success': False, 'native_final_conjunction': False, 'native_ordered_final_success': False, 'both_native_ever': False, 'left_then_right_supported_steps': [210, None], 'supported_final': [True, False], 'control_steps': 1040, 'audit_generation': 'retained_original_v2', 'active_agent_missing_branch_availability_protocol': None, 'older_wrist_previous_None_causes_retrospectively_verified': False, 'original_episode_video': 'videos/BDRCOMP_007_ep003_fail.mp4', 'url': 'videos/BDRCOMP_007_ep003_fail.mp4', 'title': 'BDRCOMP_007 · ep003 · strict failure'}, {'task_id': 'BDRCOMP_007', 'episode_index': 4, 'strict_success': True, 'native_final_conjunction': True, 'native_ordered_final_success': True, 'both_native_ever': True, 'left_then_right_supported_steps': [196, 514], 'supported_final': [True, True], 'control_steps': 514, 'audit_generation': 'retained_original_v2', 'active_agent_missing_branch_availability_protocol': None, 'older_wrist_previous_None_causes_retrospectively_verified': False, 'original_episode_video': 'videos/BDRCOMP_007_ep004_ok.mp4', 'url': 'videos/BDRCOMP_007_ep004_ok.mp4', 'title': 'BDRCOMP_007 · ep004 · strict success'}]
BDRCENS_112	BDRCOMP_008	LIBERO_OBJECT_04	Pick the bbq sauce and place it in the basket	bbq_sauce_1	alphabet_soup_1	chocolate_pudding_1	floor_other_object_region_3	floor_other_object_region_0	two_original_distractors	anchor20	Pick the alphabet soup and place it in the left compartment of the bowl drainer, then pick the chocolate pudding and place it in the right compartment of the bowl drainer.	8db28007f519a0680f579c906f8f2c254cb3776bde3580a1cff9f2b25c87fa70	evaluated		0	5	definitions/BDRCENS_112.bddl	comparison/BDRCOMP_008.png	0	0	0	5	0	0	[{'task_id': 'BDRCOMP_008', 'episode_index': 0, 'strict_success': False, 'native_final_conjunction': False, 'native_ordered_final_success': False, 'both_native_ever': False, 'left_then_right_supported_steps': [None, None], 'supported_final': [False, False], 'control_steps': 1040, 'audit_generation': 'retained_original_v2', 'active_agent_missing_branch_availability_protocol': None, 'older_wrist_previous_None_causes_retrospectively_verified': False, 'original_episode_video': 'videos/BDRCOMP_008_ep000_fail.mp4', 'url': 'videos/BDRCOMP_008_ep000_fail.mp4', 'title': 'BDRCOMP_008 · ep000 · strict failure'}, {'task_id': 'BDRCOMP_008', 'episode_index': 1, 'strict_success': False, 'native_final_conjunction': False, 'native_ordered_final_success': False, 'both_native_ever': False, 'left_then_right_supported_steps': [None, None], 'supported_final': [False, False], 'control_steps': 1040, 'audit_generation': 'retained_original_v2', 'active_agent_missing_branch_availability_protocol': None, 'older_wrist_previous_None_causes_retrospectively_verified': False, 'original_episode_video': 'videos/BDRCOMP_008_ep001_fail.mp4', 'url': 'videos/BDRCOMP_008_ep001_fail.mp4', 'title': 'BDRCOMP_008 · ep001 · strict failure'}, {'task_id': 'BDRCOMP_008', 'episode_index': 2, 'strict_success': False, 'native_final_conjunction': False, 'native_ordered_final_success': False, 'both_native_ever': False, 'left_then_right_supported_steps': [None, None], 'supported_final': [False, False], 'control_steps': 1040, 'audit_generation': 'retained_original_v2', 'active_agent_missing_branch_availability_protocol': None, 'older_wrist_previous_None_causes_retrospectively_verified': False, 'original_episode_video': 'videos/BDRCOMP_008_ep002_fail.mp4', 'url': 'videos/BDRCOMP_008_ep002_fail.mp4', 'title': 'BDRCOMP_008 · ep002 · strict failure'}, {'task_id': 'BDRCOMP_008', 'episode_index': 3, 'strict_success': False, 'native_final_conjunction': False, 'native_ordered_final_success': False, 'both_native_ever': False, 'left_then_right_supported_steps': [None, None], 'supported_final': [False, False], 'control_steps': 1040, 'audit_generation': 'retained_original_v2', 'active_agent_missing_branch_availability_protocol': None, 'older_wrist_previous_None_causes_retrospectively_verified': False, 'original_episode_video': 'videos/BDRCOMP_008_ep003_fail.mp4', 'url': 'videos/BDRCOMP_008_ep003_fail.mp4', 'title': 'BDRCOMP_008 · ep003 · strict failure'}, {'task_id': 'BDRCOMP_008', 'episode_index': 4, 'strict_success': False, 'native_final_conjunction': False, 'native_ordered_final_success': False, 'both_native_ever': False, 'left_then_right_supported_steps': [None, None], 'supported_final': [False, False], 'control_steps': 1040, 'audit_generation': 'retained_original_v2', 'active_agent_missing_branch_availability_protocol': None, 'older_wrist_previous_None_causes_retrospectively_verified': False, 'original_episode_video': 'videos/BDRCOMP_008_ep004_fail.mp4', 'url': 'videos/BDRCOMP_008_ep004_fail.mp4', 'title': 'BDRCOMP_008 · ep004 · strict failure'}]
BDRCENS_139	BDRCOMP_009	LIBERO_OBJECT_05	Pick the ketchup and place it in the basket	ketchup_1	alphabet_soup_1	cream_cheese_1	floor_other_object_region_2	floor_other_object_region_3	two_original_distractors	anchor20	Pick the alphabet soup and place it in the left compartment of the bowl drainer, then pick the cream cheese and place it in the right compartment of the bowl drainer.	442db925a7937ca7add7c89f4336a83aa07c38bda0175fb9c26314c43d66de5c	evaluated		0	5	definitions/BDRCENS_139.bddl	comparison/BDRCOMP_009.png	0	0	0	5	0	0	[{'task_id': 'BDRCOMP_009', 'episode_index': 0, 'strict_success': False, 'native_final_conjunction': False, 'native_ordered_final_success': False, 'both_native_ever': False, 'left_then_right_supported_steps': [None, None], 'supported_final': [False, False], 'control_steps': 1040, 'audit_generation': 'retained_original_v2', 'active_agent_missing_branch_availability_protocol': None, 'older_wrist_previous_None_causes_retrospectively_verified': False, 'original_episode_video': 'videos/BDRCOMP_009_ep000_fail.mp4', 'url': 'videos/BDRCOMP_009_ep000_fail.mp4', 'title': 'BDRCOMP_009 · ep000 · strict failure'}, {'task_id': 'BDRCOMP_009', 'episode_index': 1, 'strict_success': False, 'native_final_conjunction': False, 'native_ordered_final_success': False, 'both_native_ever': False, 'left_then_right_supported_steps': [None, None], 'supported_final': [False, False], 'control_steps': 1040, 'audit_generation': 'retained_original_v2', 'active_agent_missing_branch_availability_protocol': None, 'older_wrist_previous_None_causes_retrospectively_verified': False, 'original_episode_video': 'videos/BDRCOMP_009_ep001_fail.mp4', 'url': 'videos/BDRCOMP_009_ep001_fail.mp4', 'title': 'BDRCOMP_009 · ep001 · strict failure'}, {'task_id': 'BDRCOMP_009', 'episode_index': 2, 'strict_success': False, 'native_final_conjunction': False, 'native_ordered_final_success': False, 'both_native_ever': False, 'left_then_right_supported_steps': [None, None], 'supported_final': [False, False], 'control_steps': 1040, 'audit_generation': 'retained_original_v2', 'active_agent_missing_branch_availability_protocol': None, 'older_wrist_previous_None_causes_retrospectively_verified': False, 'original_episode_video': 'videos/BDRCOMP_009_ep002_fail.mp4', 'url': 'videos/BDRCOMP_009_ep002_fail.mp4', 'title': 'BDRCOMP_009 · ep002 · strict failure'}, {'task_id': 'BDRCOMP_009', 'episode_index': 3, 'strict_success': False, 'native_final_conjunction': False, 'native_ordered_final_success': False, 'both_native_ever': False, 'left_then_right_supported_steps': [None, None], 'supported_final': [False, False], 'control_steps': 1040, 'audit_generation': 'retained_original_v2', 'active_agent_missing_branch_availability_protocol': None, 'older_wrist_previous_None_causes_retrospectively_verified': False, 'original_episode_video': 'videos/BDRCOMP_009_ep003_fail.mp4', 'url': 'videos/BDRCOMP_009_ep003_fail.mp4', 'title': 'BDRCOMP_009 · ep003 · strict failure'}, {'task_id': 'BDRCOMP_009', 'episode_index': 4, 'strict_success': False, 'native_final_conjunction': False, 'native_ordered_final_success': False, 'both_native_ever': False, 'left_then_right_supported_steps': [None, None], 'supported_final': [False, False], 'control_steps': 1040, 'audit_generation': 'retained_original_v2', 'active_agent_missing_branch_availability_protocol': None, 'older_wrist_previous_None_causes_retrospectively_verified': False, 'original_episode_video': 'videos/BDRCOMP_009_ep004_fail.mp4', 'url': 'videos/BDRCOMP_009_ep004_fail.mp4', 'title': 'BDRCOMP_009 · ep004 · strict failure'}]
BDRCENS_144	BDRCOMP_010	LIBERO_OBJECT_05	Pick the ketchup and place it in the basket	ketchup_1	cream_cheese_1	alphabet_soup_1	floor_other_object_region_3	floor_other_object_region_2	two_original_distractors	anchor20	Pick the cream cheese and place it in the left compartment of the bowl drainer, then pick the alphabet soup and place it in the right compartment of the bowl drainer.	0985ec3794c3ed22104082dd8c45da69603ccdf578eefeddbe9878cc570bd1b8	evaluated		0	5	definitions/BDRCENS_144.bddl	comparison/BDRCOMP_010.png	0	0	0	5	0	0	[{'task_id': 'BDRCOMP_010', 'episode_index': 0, 'strict_success': False, 'native_final_conjunction': False, 'native_ordered_final_success': False, 'both_native_ever': False, 'left_then_right_supported_steps': [None, None], 'supported_final': [False, False], 'control_steps': 1040, 'audit_generation': 'retained_original_v2', 'active_agent_missing_branch_availability_protocol': None, 'older_wrist_previous_None_causes_retrospectively_verified': False, 'original_episode_video': 'videos/BDRCOMP_010_ep000_fail.mp4', 'url': 'videos/BDRCOMP_010_ep000_fail.mp4', 'title': 'BDRCOMP_010 · ep000 · strict failure'}, {'task_id': 'BDRCOMP_010', 'episode_index': 1, 'strict_success': False, 'native_final_conjunction': False, 'native_ordered_final_success': False, 'both_native_ever': False, 'left_then_right_supported_steps': [None, None], 'supported_final': [False, False], 'control_steps': 1040, 'audit_generation': 'retained_original_v2', 'active_agent_missing_branch_availability_protocol': None, 'older_wrist_previous_None_causes_retrospectively_verified': False, 'original_episode_video': 'videos/BDRCOMP_010_ep001_fail.mp4', 'url': 'videos/BDRCOMP_010_ep001_fail.mp4', 'title': 'BDRCOMP_010 · ep001 · strict failure'}, {'task_id': 'BDRCOMP_010', 'episode_index': 2, 'strict_success': False, 'native_final_conjunction': False, 'native_ordered_final_success': False, 'both_native_ever': False, 'left_then_right_supported_steps': [None, None], 'supported_final': [False, False], 'control_steps': 1040, 'audit_generation': 'retained_original_v2', 'active_agent_missing_branch_availability_protocol': None, 'older_wrist_previous_None_causes_retrospectively_verified': False, 'original_episode_video': 'videos/BDRCOMP_010_ep002_fail.mp4', 'url': 'videos/BDRCOMP_010_ep002_fail.mp4', 'title': 'BDRCOMP_010 · ep002 · strict failure'}, {'task_id': 'BDRCOMP_010', 'episode_index': 3, 'strict_success': False, 'native_final_conjunction': False, 'native_ordered_final_success': False, 'both_native_ever': False, 'left_then_right_supported_steps': [None, None], 'supported_final': [False, False], 'control_steps': 1040, 'audit_generation': 'retained_original_v2', 'active_agent_missing_branch_availability_protocol': None, 'older_wrist_previous_None_causes_retrospectively_verified': False, 'original_episode_video': 'videos/BDRCOMP_010_ep003_fail.mp4', 'url': 'videos/BDRCOMP_010_ep003_fail.mp4', 'title': 'BDRCOMP_010 · ep003 · strict failure'}, {'task_id': 'BDRCOMP_010', 'episode_index': 4, 'strict_success': False, 'native_final_conjunction': False, 'native_ordered_final_success': False, 'both_native_ever': False, 'left_then_right_supported_steps': [None, None], 'supported_final': [False, False], 'control_steps': 1040, 'audit_generation': 'retained_original_v2', 'active_agent_missing_branch_availability_protocol': None, 'older_wrist_previous_None_causes_retrospectively_verified': False, 'original_episode_video': 'videos/BDRCOMP_010_ep004_fail.mp4', 'url': 'videos/BDRCOMP_010_ep004_fail.mp4', 'title': 'BDRCOMP_010 · ep004 · strict failure'}]
BDRCENS_152	BDRCOMP_011	LIBERO_OBJECT_06	Pick the tomato sauce and place it in the basket	tomato_sauce_1	tomato_sauce_1	butter_1	floor_target_object_region	floor_other_object_region_1	original_target_first	anchor20	Pick the tomato sauce and place it in the left compartment of the bowl drainer, then pick the butter and place it in the right compartment of the bowl drainer.	1776832bb1601931e25be6c55448bbde116b7afbc644fb54f639d314131b3cf0	evaluated		0	5	definitions/BDRCENS_152.bddl	comparison/BDRCOMP_011.png	0	0	0	5	0	0	[{'task_id': 'BDRCOMP_011', 'episode_index': 0, 'strict_success': False, 'native_final_conjunction': False, 'native_ordered_final_success': False, 'both_native_ever': False, 'left_then_right_supported_steps': [None, None], 'supported_final': [False, False], 'control_steps': 1040, 'audit_generation': 'retained_original_v2', 'active_agent_missing_branch_availability_protocol': None, 'older_wrist_previous_None_causes_retrospectively_verified': False, 'original_episode_video': 'videos/BDRCOMP_011_ep000_fail.mp4', 'url': 'videos/BDRCOMP_011_ep000_fail.mp4', 'title': 'BDRCOMP_011 · ep000 · strict failure'}, {'task_id': 'BDRCOMP_011', 'episode_index': 1, 'strict_success': False, 'native_final_conjunction': False, 'native_ordered_final_success': False, 'both_native_ever': False, 'left_then_right_supported_steps': [None, None], 'supported_final': [False, False], 'control_steps': 1040, 'audit_generation': 'retained_original_v2', 'active_agent_missing_branch_availability_protocol': None, 'older_wrist_previous_None_causes_retrospectively_verified': False, 'original_episode_video': 'videos/BDRCOMP_011_ep001_fail.mp4', 'url': 'videos/BDRCOMP_011_ep001_fail.mp4', 'title': 'BDRCOMP_011 · ep001 · strict failure'}, {'task_id': 'BDRCOMP_011', 'episode_index': 2, 'strict_success': False, 'native_final_conjunction': False, 'native_ordered_final_success': False, 'both_native_ever': False, 'left_then_right_supported_steps': [None, None], 'supported_final': [False, False], 'control_steps': 1040, 'audit_generation': 'retained_original_v2', 'active_agent_missing_branch_availability_protocol': None, 'older_wrist_previous_None_causes_retrospectively_verified': False, 'original_episode_video': 'videos/BDRCOMP_011_ep002_fail.mp4', 'url': 'videos/BDRCOMP_011_ep002_fail.mp4', 'title': 'BDRCOMP_011 · ep002 · strict failure'}, {'task_id': 'BDRCOMP_011', 'episode_index': 3, 'strict_success': False, 'native_final_conjunction': False, 'native_ordered_final_success': False, 'both_native_ever': False, 'left_then_right_supported_steps': [None, None], 'supported_final': [False, False], 'control_steps': 1040, 'audit_generation': 'retained_original_v2', 'active_agent_missing_branch_availability_protocol': None, 'older_wrist_previous_None_causes_retrospectively_verified': False, 'original_episode_video': 'videos/BDRCOMP_011_ep003_fail.mp4', 'url': 'videos/BDRCOMP_011_ep003_fail.mp4', 'title': 'BDRCOMP_011 · ep003 · strict failure'}, {'task_id': 'BDRCOMP_011', 'episode_index': 4, 'strict_success': False, 'native_final_conjunction': False, 'native_ordered_final_success': False, 'both_native_ever': False, 'left_then_right_supported_steps': [None, None], 'supported_final': [False, False], 'control_steps': 1040, 'audit_generation': 'retained_original_v2', 'active_agent_missing_branch_availability_protocol': None, 'older_wrist_previous_None_causes_retrospectively_verified': False, 'original_episode_video': 'videos/BDRCOMP_011_ep004_fail.mp4', 'url': 'videos/BDRCOMP_011_ep004_fail.mp4', 'title': 'BDRCOMP_011 · ep004 · strict failure'}]
BDRCENS_161	BDRCOMP_012	LIBERO_OBJECT_06	Pick the tomato sauce and place it in the basket	tomato_sauce_1	butter_1	tomato_sauce_1	floor_other_object_region_1	floor_target_object_region	original_target_second	anchor20	Pick the butter and place it in the left compartment of the bowl drainer, then pick the tomato sauce and place it in the right compartment of the bowl drainer.	c1935dfbb6349ce10fa73af26a7f2d876b0fb00c0494a40e3165d62ccf416214	evaluated		0	5	definitions/BDRCENS_161.bddl	comparison/BDRCOMP_012.png	0	0	0	5	0	0	[{'task_id': 'BDRCOMP_012', 'episode_index': 0, 'strict_success': False, 'native_final_conjunction': False, 'native_ordered_final_success': False, 'both_native_ever': False, 'left_then_right_supported_steps': [None, None], 'supported_final': [False, False], 'control_steps': 1040, 'audit_generation': 'retained_original_v2', 'active_agent_missing_branch_availability_protocol': None, 'older_wrist_previous_None_causes_retrospectively_verified': False, 'original_episode_video': 'videos/BDRCOMP_012_ep000_fail.mp4', 'url': 'videos/BDRCOMP_012_ep000_fail.mp4', 'title': 'BDRCOMP_012 · ep000 · strict failure'}, {'task_id': 'BDRCOMP_012', 'episode_index': 1, 'strict_success': False, 'native_final_conjunction': False, 'native_ordered_final_success': False, 'both_native_ever': False, 'left_then_right_supported_steps': [None, None], 'supported_final': [False, False], 'control_steps': 1040, 'audit_generation': 'retained_original_v2', 'active_agent_missing_branch_availability_protocol': None, 'older_wrist_previous_None_causes_retrospectively_verified': False, 'original_episode_video': 'videos/BDRCOMP_012_ep001_fail.mp4', 'url': 'videos/BDRCOMP_012_ep001_fail.mp4', 'title': 'BDRCOMP_012 · ep001 · strict failure'}, {'task_id': 'BDRCOMP_012', 'episode_index': 2, 'strict_success': False, 'native_final_conjunction': False, 'native_ordered_final_success': False, 'both_native_ever': False, 'left_then_right_supported_steps': [None, None], 'supported_final': [False, True], 'control_steps': 306, 'audit_generation': 'retained_original_v2', 'active_agent_missing_branch_availability_protocol': None, 'older_wrist_previous_None_causes_retrospectively_verified': False, 'original_episode_video': 'videos/BDRCOMP_012_ep002_fail.mp4', 'url': 'videos/BDRCOMP_012_ep002_fail.mp4', 'title': 'BDRCOMP_012 · ep002 · strict failure'}, {'task_id': 'BDRCOMP_012', 'episode_index': 3, 'strict_success': False, 'native_final_conjunction': False, 'native_ordered_final_success': False, 'both_native_ever': False, 'left_then_right_supported_steps': [None, None], 'supported_final': [False, False], 'control_steps': 1040, 'audit_generation': 'retained_original_v2', 'active_agent_missing_branch_availability_protocol': None, 'older_wrist_previous_None_causes_retrospectively_verified': False, 'original_episode_video': 'videos/BDRCOMP_012_ep003_fail.mp4', 'url': 'videos/BDRCOMP_012_ep003_fail.mp4', 'title': 'BDRCOMP_012 · ep003 · strict failure'}, {'task_id': 'BDRCOMP_012', 'episode_index': 4, 'strict_success': False, 'native_final_conjunction': False, 'native_ordered_final_success': False, 'both_native_ever': False, 'left_then_right_supported_steps': [None, None], 'supported_final': [False, False], 'control_steps': 1040, 'audit_generation': 'retained_original_v2', 'active_agent_missing_branch_availability_protocol': None, 'older_wrist_previous_None_causes_retrospectively_verified': False, 'original_episode_video': 'videos/BDRCOMP_012_ep004_fail.mp4', 'url': 'videos/BDRCOMP_012_ep004_fail.mp4', 'title': 'BDRCOMP_012 · ep004 · strict failure'}]
BDRCENS_181	BDRCOMP_013	LIBERO_OBJECT_07	Pick the butter and place it in the basket	butter_1	butter_1	tomato_sauce_1	floor_target_object_region	floor_other_object_region_0	original_target_first	anchor20	Pick the butter and place it in the left compartment of the bowl drainer, then pick the tomato sauce and place it in the right compartment of the bowl drainer.	8a082785c99f7b7c8eaac3c2a27099cf37923dc146d40318c1ae49657dbf730d	evaluated		0	5	definitions/BDRCENS_181.bddl	comparison/BDRCOMP_013.png	0	0	0	5	0	0	[{'task_id': 'BDRCOMP_013', 'episode_index': 0, 'strict_success': False, 'native_final_conjunction': False, 'native_ordered_final_success': False, 'both_native_ever': False, 'left_then_right_supported_steps': [208, None], 'supported_final': [True, False], 'control_steps': 1040, 'audit_generation': 'retained_original_v2', 'active_agent_missing_branch_availability_protocol': None, 'older_wrist_previous_None_causes_retrospectively_verified': False, 'original_episode_video': 'videos/BDRCOMP_013_ep000_fail.mp4', 'url': 'videos/BDRCOMP_013_ep000_fail.mp4', 'title': 'BDRCOMP_013 · ep000 · strict failure'}, {'task_id': 'BDRCOMP_013', 'episode_index': 1, 'strict_success': False, 'native_final_conjunction': False, 'native_ordered_final_success': False, 'both_native_ever': False, 'left_then_right_supported_steps': [249, None], 'supported_final': [True, False], 'control_steps': 1040, 'audit_generation': 'retained_original_v2', 'active_agent_missing_branch_availability_protocol': None, 'older_wrist_previous_None_causes_retrospectively_verified': False, 'original_episode_video': 'videos/BDRCOMP_013_ep001_fail.mp4', 'url': 'videos/BDRCOMP_013_ep001_fail.mp4', 'title': 'BDRCOMP_013 · ep001 · strict failure'}, {'task_id': 'BDRCOMP_013', 'episode_index': 2, 'strict_success': False, 'native_final_conjunction': False, 'native_ordered_final_success': False, 'both_native_ever': False, 'left_then_right_supported_steps': [226, None], 'supported_final': [True, False], 'control_steps': 1040, 'audit_generation': 'retained_original_v2', 'active_agent_missing_branch_availability_protocol': None, 'older_wrist_previous_None_causes_retrospectively_verified': False, 'original_episode_video': 'videos/BDRCOMP_013_ep002_fail.mp4', 'url': 'videos/BDRCOMP_013_ep002_fail.mp4', 'title': 'BDRCOMP_013 · ep002 · strict failure'}, {'task_id': 'BDRCOMP_013', 'episode_index': 3, 'strict_success': False, 'native_final_conjunction': False, 'native_ordered_final_success': False, 'both_native_ever': False, 'left_then_right_supported_steps': [194, None], 'supported_final': [True, False], 'control_steps': 1040, 'audit_generation': 'retained_original_v2', 'active_agent_missing_branch_availability_protocol': None, 'older_wrist_previous_None_causes_retrospectively_verified': False, 'original_episode_video': 'videos/BDRCOMP_013_ep003_fail.mp4', 'url': 'videos/BDRCOMP_013_ep003_fail.mp4', 'title': 'BDRCOMP_013 · ep003 · strict failure'}, {'task_id': 'BDRCOMP_013', 'episode_index': 4, 'strict_success': False, 'native_final_conjunction': False, 'native_ordered_final_success': False, 'both_native_ever': False, 'left_then_right_supported_steps': [195, None], 'supported_final': [True, False], 'control_steps': 1040, 'audit_generation': 'retained_original_v2', 'active_agent_missing_branch_availability_protocol': None, 'older_wrist_previous_None_causes_retrospectively_verified': False, 'original_episode_video': 'videos/BDRCOMP_013_ep004_fail.mp4', 'url': 'videos/BDRCOMP_013_ep004_fail.mp4', 'title': 'BDRCOMP_013 · ep004 · strict failure'}]
BDRCENS_186	BDRCOMP_014	LIBERO_OBJECT_07	Pick the butter and place it in the basket	butter_1	tomato_sauce_1	butter_1	floor_other_object_region_0	floor_target_object_region	original_target_second	anchor20	Pick the tomato sauce and place it in the left compartment of the bowl drainer, then pick the butter and place it in the right compartment of the bowl drainer.	012d41d1e48aededc7f05a4e176e1e4dc8fad2d8100c15ec72bbc6d665317bdd	evaluated		0	5	definitions/BDRCENS_186.bddl	comparison/BDRCOMP_014.png	0	0	0	5	0	0	[{'task_id': 'BDRCOMP_014', 'episode_index': 0, 'strict_success': False, 'native_final_conjunction': False, 'native_ordered_final_success': False, 'both_native_ever': False, 'left_then_right_supported_steps': [359, None], 'supported_final': [True, False], 'control_steps': 1040, 'audit_generation': 'retained_original_v2', 'active_agent_missing_branch_availability_protocol': None, 'older_wrist_previous_None_causes_retrospectively_verified': False, 'original_episode_video': 'videos/BDRCOMP_014_ep000_fail.mp4', 'url': 'videos/BDRCOMP_014_ep000_fail.mp4', 'title': 'BDRCOMP_014 · ep000 · strict failure'}, {'task_id': 'BDRCOMP_014', 'episode_index': 1, 'strict_success': False, 'native_final_conjunction': False, 'native_ordered_final_success': False, 'both_native_ever': False, 'left_then_right_supported_steps': [None, None], 'supported_final': [False, False], 'control_steps': 1040, 'audit_generation': 'retained_original_v2', 'active_agent_missing_branch_availability_protocol': None, 'older_wrist_previous_None_causes_retrospectively_verified': False, 'original_episode_video': 'videos/BDRCOMP_014_ep001_fail.mp4', 'url': 'videos/BDRCOMP_014_ep001_fail.mp4', 'title': 'BDRCOMP_014 · ep001 · strict failure'}, {'task_id': 'BDRCOMP_014', 'episode_index': 2, 'strict_success': False, 'native_final_conjunction': False, 'native_ordered_final_success': False, 'both_native_ever': False, 'left_then_right_supported_steps': [None, None], 'supported_final': [False, False], 'control_steps': 1040, 'audit_generation': 'retained_original_v2', 'active_agent_missing_branch_availability_protocol': None, 'older_wrist_previous_None_causes_retrospectively_verified': False, 'original_episode_video': 'videos/BDRCOMP_014_ep002_fail.mp4', 'url': 'videos/BDRCOMP_014_ep002_fail.mp4', 'title': 'BDRCOMP_014 · ep002 · strict failure'}, {'task_id': 'BDRCOMP_014', 'episode_index': 3, 'strict_success': False, 'native_final_conjunction': False, 'native_ordered_final_success': False, 'both_native_ever': False, 'left_then_right_supported_steps': [279, None], 'supported_final': [True, False], 'control_steps': 1040, 'audit_generation': 'retained_original_v2', 'active_agent_missing_branch_availability_protocol': None, 'older_wrist_previous_None_causes_retrospectively_verified': False, 'original_episode_video': 'videos/BDRCOMP_014_ep003_fail.mp4', 'url': 'videos/BDRCOMP_014_ep003_fail.mp4', 'title': 'BDRCOMP_014 · ep003 · strict failure'}, {'task_id': 'BDRCOMP_014', 'episode_index': 4, 'strict_success': False, 'native_final_conjunction': False, 'native_ordered_final_success': False, 'both_native_ever': False, 'left_then_right_supported_steps': [196, None], 'supported_final': [True, False], 'control_steps': 1040, 'audit_generation': 'retained_original_v2', 'active_agent_missing_branch_availability_protocol': None, 'older_wrist_previous_None_causes_retrospectively_verified': False, 'original_episode_video': 'videos/BDRCOMP_014_ep004_fail.mp4', 'url': 'videos/BDRCOMP_014_ep004_fail.mp4', 'title': 'BDRCOMP_014 · ep004 · strict failure'}]
BDRCENS_217	BDRCOMP_015	LIBERO_OBJECT_08	Pick the milk and place it in the basket	milk_1	cream_cheese_1	tomato_sauce_1	floor_other_object_region_0	floor_other_object_region_1	two_original_distractors	anchor20	Pick the cream cheese and place it in the left compartment of the bowl drainer, then pick the tomato sauce and place it in the right compartment of the bowl drainer.	96af5201df97f3875954106d0dbe8f3159571aeeac7a7f31bfd3226767f203a8	evaluated		0	5	definitions/BDRCENS_217.bddl	comparison/BDRCOMP_015.png	0	0	0	5	0	0	[{'task_id': 'BDRCOMP_015', 'episode_index': 0, 'strict_success': False, 'native_final_conjunction': False, 'native_ordered_final_success': False, 'both_native_ever': False, 'left_then_right_supported_steps': [None, None], 'supported_final': [False, False], 'control_steps': 1040, 'audit_generation': 'retained_original_v2', 'active_agent_missing_branch_availability_protocol': None, 'older_wrist_previous_None_causes_retrospectively_verified': False, 'original_episode_video': 'videos/BDRCOMP_015_ep000_fail.mp4', 'url': 'videos/BDRCOMP_015_ep000_fail.mp4', 'title': 'BDRCOMP_015 · ep000 · strict failure'}, {'task_id': 'BDRCOMP_015', 'episode_index': 1, 'strict_success': False, 'native_final_conjunction': False, 'native_ordered_final_success': False, 'both_native_ever': False, 'left_then_right_supported_steps': [None, None], 'supported_final': [False, False], 'control_steps': 1040, 'audit_generation': 'retained_original_v2', 'active_agent_missing_branch_availability_protocol': None, 'older_wrist_previous_None_causes_retrospectively_verified': False, 'original_episode_video': 'videos/BDRCOMP_015_ep001_fail.mp4', 'url': 'videos/BDRCOMP_015_ep001_fail.mp4', 'title': 'BDRCOMP_015 · ep001 · strict failure'}, {'task_id': 'BDRCOMP_015', 'episode_index': 2, 'strict_success': False, 'native_final_conjunction': False, 'native_ordered_final_success': False, 'both_native_ever': False, 'left_then_right_supported_steps': [None, None], 'supported_final': [False, False], 'control_steps': 1040, 'audit_generation': 'retained_original_v2', 'active_agent_missing_branch_availability_protocol': None, 'older_wrist_previous_None_causes_retrospectively_verified': False, 'original_episode_video': 'videos/BDRCOMP_015_ep002_fail.mp4', 'url': 'videos/BDRCOMP_015_ep002_fail.mp4', 'title': 'BDRCOMP_015 · ep002 · strict failure'}, {'task_id': 'BDRCOMP_015', 'episode_index': 3, 'strict_success': False, 'native_final_conjunction': False, 'native_ordered_final_success': False, 'both_native_ever': False, 'left_then_right_supported_steps': [None, None], 'supported_final': [False, False], 'control_steps': 1040, 'audit_generation': 'retained_original_v2', 'active_agent_missing_branch_availability_protocol': None, 'older_wrist_previous_None_causes_retrospectively_verified': False, 'original_episode_video': 'videos/BDRCOMP_015_ep003_fail.mp4', 'url': 'videos/BDRCOMP_015_ep003_fail.mp4', 'title': 'BDRCOMP_015 · ep003 · strict failure'}, {'task_id': 'BDRCOMP_015', 'episode_index': 4, 'strict_success': False, 'native_final_conjunction': False, 'native_ordered_final_success': False, 'both_native_ever': False, 'left_then_right_supported_steps': [None, None], 'supported_final': [False, False], 'control_steps': 1040, 'audit_generation': 'retained_original_v2', 'active_agent_missing_branch_availability_protocol': None, 'older_wrist_previous_None_causes_retrospectively_verified': False, 'original_episode_video': 'videos/BDRCOMP_015_ep004_fail.mp4', 'url': 'videos/BDRCOMP_015_ep004_fail.mp4', 'title': 'BDRCOMP_015 · ep004 · strict failure'}]
BDRCENS_222	BDRCOMP_016	LIBERO_OBJECT_08	Pick the milk and place it in the basket	milk_1	tomato_sauce_1	cream_cheese_1	floor_other_object_region_1	floor_other_object_region_0	two_original_distractors	anchor20	Pick the tomato sauce and place it in the left compartment of the bowl drainer, then pick the cream cheese and place it in the right compartment of the bowl drainer.	1e30818cd3b784a660c11e288bcf35ad131d77f6ce43c5d6d88beaeb18ed16c8	evaluated		0	5	definitions/BDRCENS_222.bddl	comparison/BDRCOMP_016.png	0	0	0	5	0	0	[{'task_id': 'BDRCOMP_016', 'episode_index': 0, 'strict_success': False, 'native_final_conjunction': False, 'native_ordered_final_success': False, 'both_native_ever': False, 'left_then_right_supported_steps': [None, None], 'supported_final': [False, False], 'control_steps': 1040, 'audit_generation': 'retained_original_v2', 'active_agent_missing_branch_availability_protocol': None, 'older_wrist_previous_None_causes_retrospectively_verified': False, 'original_episode_video': 'videos/BDRCOMP_016_ep000_fail.mp4', 'url': 'videos/BDRCOMP_016_ep000_fail.mp4', 'title': 'BDRCOMP_016 · ep000 · strict failure'}, {'task_id': 'BDRCOMP_016', 'episode_index': 1, 'strict_success': False, 'native_final_conjunction': False, 'native_ordered_final_success': False, 'both_native_ever': False, 'left_then_right_supported_steps': [None, None], 'supported_final': [False, False], 'control_steps': 1040, 'audit_generation': 'retained_original_v2', 'active_agent_missing_branch_availability_protocol': None, 'older_wrist_previous_None_causes_retrospectively_verified': False, 'original_episode_video': 'videos/BDRCOMP_016_ep001_fail.mp4', 'url': 'videos/BDRCOMP_016_ep001_fail.mp4', 'title': 'BDRCOMP_016 · ep001 · strict failure'}, {'task_id': 'BDRCOMP_016', 'episode_index': 2, 'strict_success': False, 'native_final_conjunction': False, 'native_ordered_final_success': False, 'both_native_ever': False, 'left_then_right_supported_steps': [None, None], 'supported_final': [False, False], 'control_steps': 1040, 'audit_generation': 'retained_original_v2', 'active_agent_missing_branch_availability_protocol': None, 'older_wrist_previous_None_causes_retrospectively_verified': False, 'original_episode_video': 'videos/BDRCOMP_016_ep002_fail.mp4', 'url': 'videos/BDRCOMP_016_ep002_fail.mp4', 'title': 'BDRCOMP_016 · ep002 · strict failure'}, {'task_id': 'BDRCOMP_016', 'episode_index': 3, 'strict_success': False, 'native_final_conjunction': False, 'native_ordered_final_success': False, 'both_native_ever': False, 'left_then_right_supported_steps': [None, None], 'supported_final': [False, False], 'control_steps': 1040, 'audit_generation': 'retained_original_v2', 'active_agent_missing_branch_availability_protocol': None, 'older_wrist_previous_None_causes_retrospectively_verified': False, 'original_episode_video': 'videos/BDRCOMP_016_ep003_fail.mp4', 'url': 'videos/BDRCOMP_016_ep003_fail.mp4', 'title': 'BDRCOMP_016 · ep003 · strict failure'}, {'task_id': 'BDRCOMP_016', 'episode_index': 4, 'strict_success': False, 'native_final_conjunction': False, 'native_ordered_final_success': False, 'both_native_ever': False, 'left_then_right_supported_steps': [None, None], 'supported_final': [False, False], 'control_steps': 1040, 'audit_generation': 'retained_original_v2', 'active_agent_missing_branch_availability_protocol': None, 'older_wrist_previous_None_causes_retrospectively_verified': False, 'original_episode_video': 'videos/BDRCOMP_016_ep004_fail.mp4', 'url': 'videos/BDRCOMP_016_ep004_fail.mp4', 'title': 'BDRCOMP_016 · ep004 · strict failure'}]
BDRCENS_245	BDRCOMP_017	LIBERO_OBJECT_09	Pick the chocolate pudding and place it in the basket	chocolate_pudding_1	chocolate_pudding_1	alphabet_soup_1	floor_target_object_region	floor_other_object_region_4	original_target_first	anchor20	Pick the chocolate pudding and place it in the left compartment of the bowl drainer, then pick the alphabet soup and place it in the right compartment of the bowl drainer.	139fa07b07cd2b6e89182268542ac57b5bb838304db47fa4b2a900b3af0d8ad7	evaluated		0	5	definitions/BDRCENS_245.bddl	comparison/BDRCOMP_017.png	0	0	0	0	5	0	[{'task_id': 'BDRCOMP_017', 'episode_index': 0, 'strict_success': False, 'native_final_conjunction': False, 'native_ordered_final_success': False, 'both_native_ever': False, 'left_then_right_supported_steps': [None, None], 'supported_final': [False, False], 'control_steps': 1040, 'audit_generation': 'fresh_visibility_v3', 'active_agent_missing_branch_availability_protocol': 'drainer_compose_visible_empty_gt_v3', 'older_wrist_previous_None_causes_retrospectively_verified': False, 'original_episode_video': 'videos/BDRCOMP_017_ep000_fail.mp4', 'url': 'videos/BDRCOMP_017_ep000_fail.mp4', 'title': 'BDRCOMP_017 · ep000 · strict failure'}, {'task_id': 'BDRCOMP_017', 'episode_index': 1, 'strict_success': False, 'native_final_conjunction': False, 'native_ordered_final_success': False, 'both_native_ever': False, 'left_then_right_supported_steps': [602, None], 'supported_final': [True, False], 'control_steps': 1040, 'audit_generation': 'fresh_visibility_v3', 'active_agent_missing_branch_availability_protocol': 'drainer_compose_visible_empty_gt_v3', 'older_wrist_previous_None_causes_retrospectively_verified': False, 'original_episode_video': 'videos/BDRCOMP_017_ep001_fail.mp4', 'url': 'videos/BDRCOMP_017_ep001_fail.mp4', 'title': 'BDRCOMP_017 · ep001 · strict failure'}, {'task_id': 'BDRCOMP_017', 'episode_index': 2, 'strict_success': False, 'native_final_conjunction': False, 'native_ordered_final_success': False, 'both_native_ever': False, 'left_then_right_supported_steps': [None, None], 'supported_final': [False, False], 'control_steps': 1040, 'audit_generation': 'fresh_visibility_v3', 'active_agent_missing_branch_availability_protocol': 'drainer_compose_visible_empty_gt_v3', 'older_wrist_previous_None_causes_retrospectively_verified': False, 'original_episode_video': 'videos/BDRCOMP_017_ep002_fail.mp4', 'url': 'videos/BDRCOMP_017_ep002_fail.mp4', 'title': 'BDRCOMP_017 · ep002 · strict failure'}, {'task_id': 'BDRCOMP_017', 'episode_index': 3, 'strict_success': False, 'native_final_conjunction': False, 'native_ordered_final_success': False, 'both_native_ever': False, 'left_then_right_supported_steps': [None, None], 'supported_final': [False, False], 'control_steps': 1040, 'audit_generation': 'fresh_visibility_v3', 'active_agent_missing_branch_availability_protocol': 'drainer_compose_visible_empty_gt_v3', 'older_wrist_previous_None_causes_retrospectively_verified': False, 'original_episode_video': 'videos/BDRCOMP_017_ep003_fail.mp4', 'url': 'videos/BDRCOMP_017_ep003_fail.mp4', 'title': 'BDRCOMP_017 · ep003 · strict failure'}, {'task_id': 'BDRCOMP_017', 'episode_index': 4, 'strict_success': False, 'native_final_conjunction': False, 'native_ordered_final_success': False, 'both_native_ever': False, 'left_then_right_supported_steps': [178, None], 'supported_final': [True, False], 'control_steps': 1040, 'audit_generation': 'fresh_visibility_v3', 'active_agent_missing_branch_availability_protocol': 'drainer_compose_visible_empty_gt_v3', 'older_wrist_previous_None_causes_retrospectively_verified': False, 'original_episode_video': 'videos/BDRCOMP_017_ep004_fail.mp4', 'url': 'videos/BDRCOMP_017_ep004_fail.mp4', 'title': 'BDRCOMP_017 · ep004 · strict failure'}]
BDRCENS_266	BDRCOMP_018	LIBERO_OBJECT_09	Pick the chocolate pudding and place it in the basket	chocolate_pudding_1	alphabet_soup_1	chocolate_pudding_1	floor_other_object_region_4	floor_target_object_region	original_target_second	anchor20	Pick the alphabet soup and place it in the left compartment of the bowl drainer, then pick the chocolate pudding and place it in the right compartment of the bowl drainer.	0473b5f12a13a33b19c5cf3f3a2f347898d4c0de2c0c9db3e33762828379b0f9	evaluated		0	5	definitions/BDRCENS_266.bddl	comparison/BDRCOMP_018.png	0	0	0	5	0	0	[{'task_id': 'BDRCOMP_018', 'episode_index': 0, 'strict_success': False, 'native_final_conjunction': False, 'native_ordered_final_success': False, 'both_native_ever': False, 'left_then_right_supported_steps': [None, None], 'supported_final': [False, False], 'control_steps': 1040, 'audit_generation': 'retained_original_v2', 'active_agent_missing_branch_availability_protocol': None, 'older_wrist_previous_None_causes_retrospectively_verified': False, 'original_episode_video': 'videos/BDRCOMP_018_ep000_fail.mp4', 'url': 'videos/BDRCOMP_018_ep000_fail.mp4', 'title': 'BDRCOMP_018 · ep000 · strict failure'}, {'task_id': 'BDRCOMP_018', 'episode_index': 1, 'strict_success': False, 'native_final_conjunction': False, 'native_ordered_final_success': False, 'both_native_ever': False, 'left_then_right_supported_steps': [None, None], 'supported_final': [False, True], 'control_steps': 193, 'audit_generation': 'retained_original_v2', 'active_agent_missing_branch_availability_protocol': None, 'older_wrist_previous_None_causes_retrospectively_verified': False, 'original_episode_video': 'videos/BDRCOMP_018_ep001_fail.mp4', 'url': 'videos/BDRCOMP_018_ep001_fail.mp4', 'title': 'BDRCOMP_018 · ep001 · strict failure'}, {'task_id': 'BDRCOMP_018', 'episode_index': 2, 'strict_success': False, 'native_final_conjunction': False, 'native_ordered_final_success': False, 'both_native_ever': False, 'left_then_right_supported_steps': [None, None], 'supported_final': [False, True], 'control_steps': 187, 'audit_generation': 'retained_original_v2', 'active_agent_missing_branch_availability_protocol': None, 'older_wrist_previous_None_causes_retrospectively_verified': False, 'original_episode_video': 'videos/BDRCOMP_018_ep002_fail.mp4', 'url': 'videos/BDRCOMP_018_ep002_fail.mp4', 'title': 'BDRCOMP_018 · ep002 · strict failure'}, {'task_id': 'BDRCOMP_018', 'episode_index': 3, 'strict_success': False, 'native_final_conjunction': False, 'native_ordered_final_success': False, 'both_native_ever': False, 'left_then_right_supported_steps': [None, None], 'supported_final': [False, False], 'control_steps': 1040, 'audit_generation': 'retained_original_v2', 'active_agent_missing_branch_availability_protocol': None, 'older_wrist_previous_None_causes_retrospectively_verified': False, 'original_episode_video': 'videos/BDRCOMP_018_ep003_fail.mp4', 'url': 'videos/BDRCOMP_018_ep003_fail.mp4', 'title': 'BDRCOMP_018 · ep003 · strict failure'}, {'task_id': 'BDRCOMP_018', 'episode_index': 4, 'strict_success': False, 'native_final_conjunction': False, 'native_ordered_final_success': False, 'both_native_ever': False, 'left_then_right_supported_steps': [None, None], 'supported_final': [False, False], 'control_steps': 1040, 'audit_generation': 'retained_original_v2', 'active_agent_missing_branch_availability_protocol': None, 'older_wrist_previous_None_causes_retrospectively_verified': False, 'original_episode_video': 'videos/BDRCOMP_018_ep004_fail.mp4', 'url': 'videos/BDRCOMP_018_ep004_fail.mp4', 'title': 'BDRCOMP_018 · ep004 · strict failure'}]
BDRCENS_277	BDRCOMP_019	LIBERO_OBJECT_10	Pick the orange juice and place it in the basket	orange_juice_1	butter_1	chocolate_pudding_1	floor_other_object_region_0	floor_other_object_region_1	two_original_distractors	anchor20	Pick the butter and place it in the left compartment of the bowl drainer, then pick the chocolate pudding and place it in the right compartment of the bowl drainer.	abf70e7335cc939ce707e917649e0edb4d76b5550b17f8c44887aa54bac1a1db	evaluated		0	5	definitions/BDRCENS_277.bddl	comparison/BDRCOMP_019.png	0	0	0	1	4	0	[{'task_id': 'BDRCOMP_019', 'episode_index': 0, 'strict_success': False, 'native_final_conjunction': False, 'native_ordered_final_success': False, 'both_native_ever': False, 'left_then_right_supported_steps': [874, None], 'supported_final': [True, False], 'control_steps': 1040, 'audit_generation': 'retained_original_v2', 'active_agent_missing_branch_availability_protocol': None, 'older_wrist_previous_None_causes_retrospectively_verified': False, 'original_episode_video': 'videos/BDRCOMP_019_ep000_fail.mp4', 'url': 'videos/BDRCOMP_019_ep000_fail.mp4', 'title': 'BDRCOMP_019 · ep000 · strict failure'}, {'task_id': 'BDRCOMP_019', 'episode_index': 1, 'strict_success': False, 'native_final_conjunction': False, 'native_ordered_final_success': False, 'both_native_ever': False, 'left_then_right_supported_steps': [245, None], 'supported_final': [True, False], 'control_steps': 1040, 'audit_generation': 'fresh_visibility_v3', 'active_agent_missing_branch_availability_protocol': 'drainer_compose_visible_empty_gt_v3', 'older_wrist_previous_None_causes_retrospectively_verified': False, 'original_episode_video': 'videos/BDRCOMP_019_ep001_fail.mp4', 'url': 'videos/BDRCOMP_019_ep001_fail.mp4', 'title': 'BDRCOMP_019 · ep001 · strict failure'}, {'task_id': 'BDRCOMP_019', 'episode_index': 2, 'strict_success': False, 'native_final_conjunction': False, 'native_ordered_final_success': False, 'both_native_ever': False, 'left_then_right_supported_steps': [None, None], 'supported_final': [False, False], 'control_steps': 1040, 'audit_generation': 'fresh_visibility_v3', 'active_agent_missing_branch_availability_protocol': 'drainer_compose_visible_empty_gt_v3', 'older_wrist_previous_None_causes_retrospectively_verified': False, 'original_episode_video': 'videos/BDRCOMP_019_ep002_fail.mp4', 'url': 'videos/BDRCOMP_019_ep002_fail.mp4', 'title': 'BDRCOMP_019 · ep002 · strict failure'}, {'task_id': 'BDRCOMP_019', 'episode_index': 3, 'strict_success': False, 'native_final_conjunction': False, 'native_ordered_final_success': False, 'both_native_ever': False, 'left_then_right_supported_steps': [None, None], 'supported_final': [False, False], 'control_steps': 1040, 'audit_generation': 'fresh_visibility_v3', 'active_agent_missing_branch_availability_protocol': 'drainer_compose_visible_empty_gt_v3', 'older_wrist_previous_None_causes_retrospectively_verified': False, 'original_episode_video': 'videos/BDRCOMP_019_ep003_fail.mp4', 'url': 'videos/BDRCOMP_019_ep003_fail.mp4', 'title': 'BDRCOMP_019 · ep003 · strict failure'}, {'task_id': 'BDRCOMP_019', 'episode_index': 4, 'strict_success': False, 'native_final_conjunction': False, 'native_ordered_final_success': False, 'both_native_ever': False, 'left_then_right_supported_steps': [461, None], 'supported_final': [True, False], 'control_steps': 1040, 'audit_generation': 'fresh_visibility_v3', 'active_agent_missing_branch_availability_protocol': 'drainer_compose_visible_empty_gt_v3', 'older_wrist_previous_None_causes_retrospectively_verified': False, 'original_episode_video': 'videos/BDRCOMP_019_ep004_fail.mp4', 'url': 'videos/BDRCOMP_019_ep004_fail.mp4', 'title': 'BDRCOMP_019 · ep004 · strict failure'}]
BDRCENS_282	BDRCOMP_020	LIBERO_OBJECT_10	Pick the orange juice and place it in the basket	orange_juice_1	chocolate_pudding_1	butter_1	floor_other_object_region_1	floor_other_object_region_0	two_original_distractors	anchor20	Pick the chocolate pudding and place it in the left compartment of the bowl drainer, then pick the butter and place it in the right compartment of the bowl drainer.	d99c9ba77ead38dd95dfab30ad7580db7b4775085ec5160fc4e0373b986f3b6b	evaluated		0	5	definitions/BDRCENS_282.bddl	comparison/BDRCOMP_020.png	0	0	0	0	5	0	[{'task_id': 'BDRCOMP_020', 'episode_index': 0, 'strict_success': False, 'native_final_conjunction': False, 'native_ordered_final_success': False, 'both_native_ever': False, 'left_then_right_supported_steps': [None, None], 'supported_final': [False, False], 'control_steps': 1040, 'audit_generation': 'fresh_visibility_v3', 'active_agent_missing_branch_availability_protocol': 'drainer_compose_visible_empty_gt_v3', 'older_wrist_previous_None_causes_retrospectively_verified': False, 'original_episode_video': 'videos/BDRCOMP_020_ep000_fail.mp4', 'url': 'videos/BDRCOMP_020_ep000_fail.mp4', 'title': 'BDRCOMP_020 · ep000 · strict failure'}, {'task_id': 'BDRCOMP_020', 'episode_index': 1, 'strict_success': False, 'native_final_conjunction': False, 'native_ordered_final_success': False, 'both_native_ever': False, 'left_then_right_supported_steps': [None, None], 'supported_final': [False, False], 'control_steps': 1040, 'audit_generation': 'fresh_visibility_v3', 'active_agent_missing_branch_availability_protocol': 'drainer_compose_visible_empty_gt_v3', 'older_wrist_previous_None_causes_retrospectively_verified': False, 'original_episode_video': 'videos/BDRCOMP_020_ep001_fail.mp4', 'url': 'videos/BDRCOMP_020_ep001_fail.mp4', 'title': 'BDRCOMP_020 · ep001 · strict failure'}, {'task_id': 'BDRCOMP_020', 'episode_index': 2, 'strict_success': False, 'native_final_conjunction': False, 'native_ordered_final_success': False, 'both_native_ever': False, 'left_then_right_supported_steps': [None, None], 'supported_final': [False, False], 'control_steps': 1040, 'audit_generation': 'fresh_visibility_v3', 'active_agent_missing_branch_availability_protocol': 'drainer_compose_visible_empty_gt_v3', 'older_wrist_previous_None_causes_retrospectively_verified': False, 'original_episode_video': 'videos/BDRCOMP_020_ep002_fail.mp4', 'url': 'videos/BDRCOMP_020_ep002_fail.mp4', 'title': 'BDRCOMP_020 · ep002 · strict failure'}, {'task_id': 'BDRCOMP_020', 'episode_index': 3, 'strict_success': False, 'native_final_conjunction': False, 'native_ordered_final_success': False, 'both_native_ever': False, 'left_then_right_supported_steps': [None, None], 'supported_final': [False, False], 'control_steps': 1040, 'audit_generation': 'fresh_visibility_v3', 'active_agent_missing_branch_availability_protocol': 'drainer_compose_visible_empty_gt_v3', 'older_wrist_previous_None_causes_retrospectively_verified': False, 'original_episode_video': 'videos/BDRCOMP_020_ep003_fail.mp4', 'url': 'videos/BDRCOMP_020_ep003_fail.mp4', 'title': 'BDRCOMP_020 · ep003 · strict failure'}, {'task_id': 'BDRCOMP_020', 'episode_index': 4, 'strict_success': False, 'native_final_conjunction': False, 'native_ordered_final_success': False, 'both_native_ever': False, 'left_then_right_supported_steps': [None, None], 'supported_final': [False, False], 'control_steps': 1040, 'audit_generation': 'fresh_visibility_v3', 'active_agent_missing_branch_availability_protocol': 'drainer_compose_visible_empty_gt_v3', 'older_wrist_previous_None_causes_retrospectively_verified': False, 'original_episode_video': 'videos/BDRCOMP_020_ep004_fail.mp4', 'url': 'videos/BDRCOMP_020_ep004_fail.mp4', 'title': 'BDRCOMP_020 · ep004 · strict failure'}]
BDRCENS_001	BDRCOMP_021	LIBERO_OBJECT_01	Pick the alphabet soup and place it in the basket	alphabet_soup_1	alphabet_soup_1	salad_dressing_1	floor_target_object_region	floor_other_object_region_0	original_target_first	extension20	Pick the alphabet soup and place it in the left compartment of the bowl drainer, then pick the salad dressing and place it in the right compartment of the bowl drainer.	9610d988549c9e51e542bbbd555c1e846c70efea8364b099b8c1647b1196b25d	evaluated		40	5	definitions/BDRCENS_001.bddl	comparison/BDRCOMP_021.png	2	2	2	0	5	40	[{'task_id': 'BDRCOMP_021', 'episode_index': 0, 'strict_success': True, 'native_final_conjunction': True, 'native_ordered_final_success': True, 'both_native_ever': True, 'left_then_right_supported_steps': [182, 736], 'supported_final': [True, True], 'control_steps': 736, 'audit_generation': 'fresh_visibility_v3', 'active_agent_missing_branch_availability_protocol': 'drainer_compose_visible_empty_gt_v3', 'older_wrist_previous_None_causes_retrospectively_verified': False, 'original_episode_video': 'videos/BDRCOMP_021_ep000_ok.mp4', 'url': 'videos/BDRCOMP_021_ep000_ok.mp4', 'title': 'BDRCOMP_021 · ep000 · strict success'}, {'task_id': 'BDRCOMP_021', 'episode_index': 1, 'strict_success': False, 'native_final_conjunction': False, 'native_ordered_final_success': False, 'both_native_ever': False, 'left_then_right_supported_steps': [233, None], 'supported_final': [True, False], 'control_steps': 1040, 'audit_generation': 'fresh_visibility_v3', 'active_agent_missing_branch_availability_protocol': 'drainer_compose_visible_empty_gt_v3', 'older_wrist_previous_None_causes_retrospectively_verified': False, 'original_episode_video': 'videos/BDRCOMP_021_ep001_fail.mp4', 'url': 'videos/BDRCOMP_021_ep001_fail.mp4', 'title': 'BDRCOMP_021 · ep001 · strict failure'}, {'task_id': 'BDRCOMP_021', 'episode_index': 2, 'strict_success': True, 'native_final_conjunction': True, 'native_ordered_final_success': True, 'both_native_ever': True, 'left_then_right_supported_steps': [272, 464], 'supported_final': [True, True], 'control_steps': 464, 'audit_generation': 'fresh_visibility_v3', 'active_agent_missing_branch_availability_protocol': 'drainer_compose_visible_empty_gt_v3', 'older_wrist_previous_None_causes_retrospectively_verified': False, 'original_episode_video': 'videos/BDRCOMP_021_ep002_ok.mp4', 'url': 'videos/BDRCOMP_021_ep002_ok.mp4', 'title': 'BDRCOMP_021 · ep002 · strict success'}, {'task_id': 'BDRCOMP_021', 'episode_index': 3, 'strict_success': False, 'native_final_conjunction': False, 'native_ordered_final_success': False, 'both_native_ever': False, 'left_then_right_supported_steps': [None, None], 'supported_final': [False, False], 'control_steps': 1040, 'audit_generation': 'fresh_visibility_v3', 'active_agent_missing_branch_availability_protocol': 'drainer_compose_visible_empty_gt_v3', 'older_wrist_previous_None_causes_retrospectively_verified': False, 'original_episode_video': 'videos/BDRCOMP_021_ep003_fail.mp4', 'url': 'videos/BDRCOMP_021_ep003_fail.mp4', 'title': 'BDRCOMP_021 · ep003 · strict failure'}, {'task_id': 'BDRCOMP_021', 'episode_index': 4, 'strict_success': False, 'native_final_conjunction': False, 'native_ordered_final_success': False, 'both_native_ever': False, 'left_then_right_supported_steps': [179, None], 'supported_final': [True, False], 'control_steps': 1040, 'audit_generation': 'fresh_visibility_v3', 'active_agent_missing_branch_availability_protocol': 'drainer_compose_visible_empty_gt_v3', 'older_wrist_previous_None_causes_retrospectively_verified': False, 'original_episode_video': 'videos/BDRCOMP_021_ep004_fail.mp4', 'url': 'videos/BDRCOMP_021_ep004_fail.mp4', 'title': 'BDRCOMP_021 · ep004 · strict failure'}]
BDRCENS_006	BDRCOMP_022	LIBERO_OBJECT_01	Pick the alphabet soup and place it in the basket	alphabet_soup_1	salad_dressing_1	alphabet_soup_1	floor_other_object_region_0	floor_target_object_region	original_target_second	extension20	Pick the salad dressing and place it in the left compartment of the bowl drainer, then pick the alphabet soup and place it in the right compartment of the bowl drainer.	80aa83145f5da65eb94e9077177e6b6004a706a251f24a828a7ee5f82cd03a63	evaluated		0	5	definitions/BDRCENS_006.bddl	comparison/BDRCOMP_022.png	0	0	0	0	5	0	[{'task_id': 'BDRCOMP_022', 'episode_index': 0, 'strict_success': False, 'native_final_conjunction': False, 'native_ordered_final_success': False, 'both_native_ever': False, 'left_then_right_supported_steps': [None, None], 'supported_final': [False, False], 'control_steps': 1040, 'audit_generation': 'fresh_visibility_v3', 'active_agent_missing_branch_availability_protocol': 'drainer_compose_visible_empty_gt_v3', 'older_wrist_previous_None_causes_retrospectively_verified': False, 'original_episode_video': 'videos/BDRCOMP_022_ep000_fail.mp4', 'url': 'videos/BDRCOMP_022_ep000_fail.mp4', 'title': 'BDRCOMP_022 · ep000 · strict failure'}, {'task_id': 'BDRCOMP_022', 'episode_index': 1, 'strict_success': False, 'native_final_conjunction': False, 'native_ordered_final_success': False, 'both_native_ever': False, 'left_then_right_supported_steps': [None, None], 'supported_final': [False, False], 'control_steps': 1040, 'audit_generation': 'fresh_visibility_v3', 'active_agent_missing_branch_availability_protocol': 'drainer_compose_visible_empty_gt_v3', 'older_wrist_previous_None_causes_retrospectively_verified': False, 'original_episode_video': 'videos/BDRCOMP_022_ep001_fail.mp4', 'url': 'videos/BDRCOMP_022_ep001_fail.mp4', 'title': 'BDRCOMP_022 · ep001 · strict failure'}, {'task_id': 'BDRCOMP_022', 'episode_index': 2, 'strict_success': False, 'native_final_conjunction': False, 'native_ordered_final_success': False, 'both_native_ever': False, 'left_then_right_supported_steps': [None, None], 'supported_final': [False, False], 'control_steps': 1040, 'audit_generation': 'fresh_visibility_v3', 'active_agent_missing_branch_availability_protocol': 'drainer_compose_visible_empty_gt_v3', 'older_wrist_previous_None_causes_retrospectively_verified': False, 'original_episode_video': 'videos/BDRCOMP_022_ep002_fail.mp4', 'url': 'videos/BDRCOMP_022_ep002_fail.mp4', 'title': 'BDRCOMP_022 · ep002 · strict failure'}, {'task_id': 'BDRCOMP_022', 'episode_index': 3, 'strict_success': False, 'native_final_conjunction': False, 'native_ordered_final_success': False, 'both_native_ever': False, 'left_then_right_supported_steps': [None, None], 'supported_final': [False, False], 'control_steps': 1040, 'audit_generation': 'fresh_visibility_v3', 'active_agent_missing_branch_availability_protocol': 'drainer_compose_visible_empty_gt_v3', 'older_wrist_previous_None_causes_retrospectively_verified': False, 'original_episode_video': 'videos/BDRCOMP_022_ep003_fail.mp4', 'url': 'videos/BDRCOMP_022_ep003_fail.mp4', 'title': 'BDRCOMP_022 · ep003 · strict failure'}, {'task_id': 'BDRCOMP_022', 'episode_index': 4, 'strict_success': False, 'native_final_conjunction': False, 'native_ordered_final_success': False, 'both_native_ever': False, 'left_then_right_supported_steps': [None, None], 'supported_final': [False, False], 'control_steps': 1040, 'audit_generation': 'fresh_visibility_v3', 'active_agent_missing_branch_availability_protocol': 'drainer_compose_visible_empty_gt_v3', 'older_wrist_previous_None_causes_retrospectively_verified': False, 'original_episode_video': 'videos/BDRCOMP_022_ep004_fail.mp4', 'url': 'videos/BDRCOMP_022_ep004_fail.mp4', 'title': 'BDRCOMP_022 · ep004 · strict failure'}]
BDRCENS_032	BDRCOMP_023	LIBERO_OBJECT_02	Pick the cream cheese and place it in the basket	cream_cheese_1	cream_cheese_1	milk_1	floor_target_object_region	floor_other_object_region_1	original_target_first	extension20	Pick the cream cheese and place it in the left compartment of the bowl drainer, then pick the milk and place it in the right compartment of the bowl drainer.	e8d61330d01e38c1233a99786eab23b6f8acbe3fcb558816eb43bce998eb42c4	evaluated		0	5	definitions/BDRCENS_032.bddl	comparison/BDRCOMP_023.png	0	0	0	0	5	0	[{'task_id': 'BDRCOMP_023', 'episode_index': 0, 'strict_success': False, 'native_final_conjunction': False, 'native_ordered_final_success': False, 'both_native_ever': False, 'left_then_right_supported_steps': [None, None], 'supported_final': [False, False], 'control_steps': 1040, 'audit_generation': 'fresh_visibility_v3', 'active_agent_missing_branch_availability_protocol': 'drainer_compose_visible_empty_gt_v3', 'older_wrist_previous_None_causes_retrospectively_verified': False, 'original_episode_video': 'videos/BDRCOMP_023_ep000_fail.mp4', 'url': 'videos/BDRCOMP_023_ep000_fail.mp4', 'title': 'BDRCOMP_023 · ep000 · strict failure'}, {'task_id': 'BDRCOMP_023', 'episode_index': 1, 'strict_success': False, 'native_final_conjunction': False, 'native_ordered_final_success': False, 'both_native_ever': False, 'left_then_right_supported_steps': [None, None], 'supported_final': [False, False], 'control_steps': 1040, 'audit_generation': 'fresh_visibility_v3', 'active_agent_missing_branch_availability_protocol': 'drainer_compose_visible_empty_gt_v3', 'older_wrist_previous_None_causes_retrospectively_verified': False, 'original_episode_video': 'videos/BDRCOMP_023_ep001_fail.mp4', 'url': 'videos/BDRCOMP_023_ep001_fail.mp4', 'title': 'BDRCOMP_023 · ep001 · strict failure'}, {'task_id': 'BDRCOMP_023', 'episode_index': 2, 'strict_success': False, 'native_final_conjunction': False, 'native_ordered_final_success': False, 'both_native_ever': False, 'left_then_right_supported_steps': [None, None], 'supported_final': [False, False], 'control_steps': 1040, 'audit_generation': 'fresh_visibility_v3', 'active_agent_missing_branch_availability_protocol': 'drainer_compose_visible_empty_gt_v3', 'older_wrist_previous_None_causes_retrospectively_verified': False, 'original_episode_video': 'videos/BDRCOMP_023_ep002_fail.mp4', 'url': 'videos/BDRCOMP_023_ep002_fail.mp4', 'title': 'BDRCOMP_023 · ep002 · strict failure'}, {'task_id': 'BDRCOMP_023', 'episode_index': 3, 'strict_success': False, 'native_final_conjunction': False, 'native_ordered_final_success': False, 'both_native_ever': False, 'left_then_right_supported_steps': [None, None], 'supported_final': [False, False], 'control_steps': 1040, 'audit_generation': 'fresh_visibility_v3', 'active_agent_missing_branch_availability_protocol': 'drainer_compose_visible_empty_gt_v3', 'older_wrist_previous_None_causes_retrospectively_verified': False, 'original_episode_video': 'videos/BDRCOMP_023_ep003_fail.mp4', 'url': 'videos/BDRCOMP_023_ep003_fail.mp4', 'title': 'BDRCOMP_023 · ep003 · strict failure'}, {'task_id': 'BDRCOMP_023', 'episode_index': 4, 'strict_success': False, 'native_final_conjunction': False, 'native_ordered_final_success': False, 'both_native_ever': False, 'left_then_right_supported_steps': [None, None], 'supported_final': [False, False], 'control_steps': 1040, 'audit_generation': 'fresh_visibility_v3', 'active_agent_missing_branch_availability_protocol': 'drainer_compose_visible_empty_gt_v3', 'older_wrist_previous_None_causes_retrospectively_verified': False, 'original_episode_video': 'videos/BDRCOMP_023_ep004_fail.mp4', 'url': 'videos/BDRCOMP_023_ep004_fail.mp4', 'title': 'BDRCOMP_023 · ep004 · strict failure'}]
BDRCENS_041	BDRCOMP_024	LIBERO_OBJECT_02	Pick the cream cheese and place it in the basket	cream_cheese_1	milk_1	cream_cheese_1	floor_other_object_region_1	floor_target_object_region	original_target_second	extension20	Pick the milk and place it in the left compartment of the bowl drainer, then pick the cream cheese and place it in the right compartment of the bowl drainer.	4f0bb8e29c61b07e55e0d43d5a85b7255656a417410641dcdeca228c90390d30	evaluated		0	5	definitions/BDRCENS_041.bddl	comparison/BDRCOMP_024.png	0	0	0	0	5	0	[{'task_id': 'BDRCOMP_024', 'episode_index': 0, 'strict_success': False, 'native_final_conjunction': False, 'native_ordered_final_success': False, 'both_native_ever': False, 'left_then_right_supported_steps': [None, None], 'supported_final': [False, False], 'control_steps': 1040, 'audit_generation': 'fresh_visibility_v3', 'active_agent_missing_branch_availability_protocol': 'drainer_compose_visible_empty_gt_v3', 'older_wrist_previous_None_causes_retrospectively_verified': False, 'original_episode_video': 'videos/BDRCOMP_024_ep000_fail.mp4', 'url': 'videos/BDRCOMP_024_ep000_fail.mp4', 'title': 'BDRCOMP_024 · ep000 · strict failure'}, {'task_id': 'BDRCOMP_024', 'episode_index': 1, 'strict_success': False, 'native_final_conjunction': False, 'native_ordered_final_success': False, 'both_native_ever': False, 'left_then_right_supported_steps': [None, None], 'supported_final': [False, False], 'control_steps': 1040, 'audit_generation': 'fresh_visibility_v3', 'active_agent_missing_branch_availability_protocol': 'drainer_compose_visible_empty_gt_v3', 'older_wrist_previous_None_causes_retrospectively_verified': False, 'original_episode_video': 'videos/BDRCOMP_024_ep001_fail.mp4', 'url': 'videos/BDRCOMP_024_ep001_fail.mp4', 'title': 'BDRCOMP_024 · ep001 · strict failure'}, {'task_id': 'BDRCOMP_024', 'episode_index': 2, 'strict_success': False, 'native_final_conjunction': False, 'native_ordered_final_success': False, 'both_native_ever': False, 'left_then_right_supported_steps': [None, None], 'supported_final': [False, False], 'control_steps': 1040, 'audit_generation': 'fresh_visibility_v3', 'active_agent_missing_branch_availability_protocol': 'drainer_compose_visible_empty_gt_v3', 'older_wrist_previous_None_causes_retrospectively_verified': False, 'original_episode_video': 'videos/BDRCOMP_024_ep002_fail.mp4', 'url': 'videos/BDRCOMP_024_ep002_fail.mp4', 'title': 'BDRCOMP_024 · ep002 · strict failure'}, {'task_id': 'BDRCOMP_024', 'episode_index': 3, 'strict_success': False, 'native_final_conjunction': False, 'native_ordered_final_success': False, 'both_native_ever': False, 'left_then_right_supported_steps': [None, None], 'supported_final': [False, False], 'control_steps': 1040, 'audit_generation': 'fresh_visibility_v3', 'active_agent_missing_branch_availability_protocol': 'drainer_compose_visible_empty_gt_v3', 'older_wrist_previous_None_causes_retrospectively_verified': False, 'original_episode_video': 'videos/BDRCOMP_024_ep003_fail.mp4', 'url': 'videos/BDRCOMP_024_ep003_fail.mp4', 'title': 'BDRCOMP_024 · ep003 · strict failure'}, {'task_id': 'BDRCOMP_024', 'episode_index': 4, 'strict_success': False, 'native_final_conjunction': False, 'native_ordered_final_success': False, 'both_native_ever': False, 'left_then_right_supported_steps': [None, None], 'supported_final': [False, False], 'control_steps': 1040, 'audit_generation': 'fresh_visibility_v3', 'active_agent_missing_branch_availability_protocol': 'drainer_compose_visible_empty_gt_v3', 'older_wrist_previous_None_causes_retrospectively_verified': False, 'original_episode_video': 'videos/BDRCOMP_024_ep004_fail.mp4', 'url': 'videos/BDRCOMP_024_ep004_fail.mp4', 'title': 'BDRCOMP_024 · ep004 · strict failure'}]
BDRCENS_071	BDRCOMP_025	LIBERO_OBJECT_03	Pick the salad dressing and place it in the basket	salad_dressing_1	alphabet_soup_1	salad_dressing_1	floor_other_object_region_1	floor_target_object_region	original_target_second	extension20	Pick the alphabet soup and place it in the left compartment of the bowl drainer, then pick the salad dressing and place it in the right compartment of the bowl drainer.	98821642d68d998a5d3fb46e563329d80b12b04d930ef506d10d7e50e1ee85d8	evaluated		0	5	definitions/BDRCENS_071.bddl	comparison/BDRCOMP_025.png	0	0	0	0	5	0	[{'task_id': 'BDRCOMP_025', 'episode_index': 0, 'strict_success': False, 'native_final_conjunction': False, 'native_ordered_final_success': False, 'both_native_ever': False, 'left_then_right_supported_steps': [None, None], 'supported_final': [False, False], 'control_steps': 1040, 'audit_generation': 'fresh_visibility_v3', 'active_agent_missing_branch_availability_protocol': 'drainer_compose_visible_empty_gt_v3', 'older_wrist_previous_None_causes_retrospectively_verified': False, 'original_episode_video': 'videos/BDRCOMP_025_ep000_fail.mp4', 'url': 'videos/BDRCOMP_025_ep000_fail.mp4', 'title': 'BDRCOMP_025 · ep000 · strict failure'}, {'task_id': 'BDRCOMP_025', 'episode_index': 1, 'strict_success': False, 'native_final_conjunction': False, 'native_ordered_final_success': False, 'both_native_ever': False, 'left_then_right_supported_steps': [None, None], 'supported_final': [False, True], 'control_steps': 388, 'audit_generation': 'fresh_visibility_v3', 'active_agent_missing_branch_availability_protocol': 'drainer_compose_visible_empty_gt_v3', 'older_wrist_previous_None_causes_retrospectively_verified': False, 'original_episode_video': 'videos/BDRCOMP_025_ep001_fail.mp4', 'url': 'videos/BDRCOMP_025_ep001_fail.mp4', 'title': 'BDRCOMP_025 · ep001 · strict failure'}, {'task_id': 'BDRCOMP_025', 'episode_index': 2, 'strict_success': False, 'native_final_conjunction': False, 'native_ordered_final_success': False, 'both_native_ever': False, 'left_then_right_supported_steps': [None, None], 'supported_final': [False, True], 'control_steps': 862, 'audit_generation': 'fresh_visibility_v3', 'active_agent_missing_branch_availability_protocol': 'drainer_compose_visible_empty_gt_v3', 'older_wrist_previous_None_causes_retrospectively_verified': False, 'original_episode_video': 'videos/BDRCOMP_025_ep002_fail.mp4', 'url': 'videos/BDRCOMP_025_ep002_fail.mp4', 'title': 'BDRCOMP_025 · ep002 · strict failure'}, {'task_id': 'BDRCOMP_025', 'episode_index': 3, 'strict_success': False, 'native_final_conjunction': False, 'native_ordered_final_success': False, 'both_native_ever': False, 'left_then_right_supported_steps': [None, None], 'supported_final': [False, False], 'control_steps': 1040, 'audit_generation': 'fresh_visibility_v3', 'active_agent_missing_branch_availability_protocol': 'drainer_compose_visible_empty_gt_v3', 'older_wrist_previous_None_causes_retrospectively_verified': False, 'original_episode_video': 'videos/BDRCOMP_025_ep003_fail.mp4', 'url': 'videos/BDRCOMP_025_ep003_fail.mp4', 'title': 'BDRCOMP_025 · ep003 · strict failure'}, {'task_id': 'BDRCOMP_025', 'episode_index': 4, 'strict_success': False, 'native_final_conjunction': False, 'native_ordered_final_success': False, 'both_native_ever': False, 'left_then_right_supported_steps': [None, None], 'supported_final': [False, False], 'control_steps': 1040, 'audit_generation': 'fresh_visibility_v3', 'active_agent_missing_branch_availability_protocol': 'drainer_compose_visible_empty_gt_v3', 'older_wrist_previous_None_causes_retrospectively_verified': False, 'original_episode_video': 'videos/BDRCOMP_025_ep004_fail.mp4', 'url': 'videos/BDRCOMP_025_ep004_fail.mp4', 'title': 'BDRCOMP_025 · ep004 · strict failure'}]
BDRCENS_062	BDRCOMP_026	LIBERO_OBJECT_03	Pick the salad dressing and place it in the basket	salad_dressing_1	salad_dressing_1	alphabet_soup_1	floor_target_object_region	floor_other_object_region_1	original_target_first	extension20	Pick the salad dressing and place it in the left compartment of the bowl drainer, then pick the alphabet soup and place it in the right compartment of the bowl drainer.	12db68f970a34c019f77b276526d470538715cb6a0879e6efd821e2f60b921c4	evaluated		0	5	definitions/BDRCENS_062.bddl	comparison/BDRCOMP_026.png	0	0	0	0	5	0	[{'task_id': 'BDRCOMP_026', 'episode_index': 0, 'strict_success': False, 'native_final_conjunction': False, 'native_ordered_final_success': False, 'both_native_ever': False, 'left_then_right_supported_steps': [None, None], 'supported_final': [False, False], 'control_steps': 1040, 'audit_generation': 'fresh_visibility_v3', 'active_agent_missing_branch_availability_protocol': 'drainer_compose_visible_empty_gt_v3', 'older_wrist_previous_None_causes_retrospectively_verified': False, 'original_episode_video': 'videos/BDRCOMP_026_ep000_fail.mp4', 'url': 'videos/BDRCOMP_026_ep000_fail.mp4', 'title': 'BDRCOMP_026 · ep000 · strict failure'}, {'task_id': 'BDRCOMP_026', 'episode_index': 1, 'strict_success': False, 'native_final_conjunction': False, 'native_ordered_final_success': False, 'both_native_ever': False, 'left_then_right_supported_steps': [347, None], 'supported_final': [True, False], 'control_steps': 1040, 'audit_generation': 'fresh_visibility_v3', 'active_agent_missing_branch_availability_protocol': 'drainer_compose_visible_empty_gt_v3', 'older_wrist_previous_None_causes_retrospectively_verified': False, 'original_episode_video': 'videos/BDRCOMP_026_ep001_fail.mp4', 'url': 'videos/BDRCOMP_026_ep001_fail.mp4', 'title': 'BDRCOMP_026 · ep001 · strict failure'}, {'task_id': 'BDRCOMP_026', 'episode_index': 2, 'strict_success': False, 'native_final_conjunction': False, 'native_ordered_final_success': False, 'both_native_ever': False, 'left_then_right_supported_steps': [None, None], 'supported_final': [False, False], 'control_steps': 1040, 'audit_generation': 'fresh_visibility_v3', 'active_agent_missing_branch_availability_protocol': 'drainer_compose_visible_empty_gt_v3', 'older_wrist_previous_None_causes_retrospectively_verified': False, 'original_episode_video': 'videos/BDRCOMP_026_ep002_fail.mp4', 'url': 'videos/BDRCOMP_026_ep002_fail.mp4', 'title': 'BDRCOMP_026 · ep002 · strict failure'}, {'task_id': 'BDRCOMP_026', 'episode_index': 3, 'strict_success': False, 'native_final_conjunction': False, 'native_ordered_final_success': False, 'both_native_ever': False, 'left_then_right_supported_steps': [None, None], 'supported_final': [False, False], 'control_steps': 1040, 'audit_generation': 'fresh_visibility_v3', 'active_agent_missing_branch_availability_protocol': 'drainer_compose_visible_empty_gt_v3', 'older_wrist_previous_None_causes_retrospectively_verified': False, 'original_episode_video': 'videos/BDRCOMP_026_ep003_fail.mp4', 'url': 'videos/BDRCOMP_026_ep003_fail.mp4', 'title': 'BDRCOMP_026 · ep003 · strict failure'}, {'task_id': 'BDRCOMP_026', 'episode_index': 4, 'strict_success': False, 'native_final_conjunction': False, 'native_ordered_final_success': False, 'both_native_ever': False, 'left_then_right_supported_steps': [862, None], 'supported_final': [True, False], 'control_steps': 1040, 'audit_generation': 'fresh_visibility_v3', 'active_agent_missing_branch_availability_protocol': 'drainer_compose_visible_empty_gt_v3', 'older_wrist_previous_None_causes_retrospectively_verified': False, 'original_episode_video': 'videos/BDRCOMP_026_ep004_fail.mp4', 'url': 'videos/BDRCOMP_026_ep004_fail.mp4', 'title': 'BDRCOMP_026 · ep004 · strict failure'}]
BDRCENS_096	BDRCOMP_027	LIBERO_OBJECT_04	Pick the bbq sauce and place it in the basket	bbq_sauce_1	chocolate_pudding_1	bbq_sauce_1	floor_other_object_region_0	floor_target_object_region	original_target_second	extension20	Pick the chocolate pudding and place it in the left compartment of the bowl drainer, then pick the bbq sauce and place it in the right compartment of the bowl drainer.	a55caea0746f8572ff8e1eaa118ca35d9f10426f9831d216b3e4c465c1de1544	evaluated		0	5	definitions/BDRCENS_096.bddl	comparison/BDRCOMP_027.png	0	0	0	0	5	0	[{'task_id': 'BDRCOMP_027', 'episode_index': 0, 'strict_success': False, 'native_final_conjunction': False, 'native_ordered_final_success': False, 'both_native_ever': False, 'left_then_right_supported_steps': [None, None], 'supported_final': [False, False], 'control_steps': 1040, 'audit_generation': 'fresh_visibility_v3', 'active_agent_missing_branch_availability_protocol': 'drainer_compose_visible_empty_gt_v3', 'older_wrist_previous_None_causes_retrospectively_verified': False, 'original_episode_video': 'videos/BDRCOMP_027_ep000_fail.mp4', 'url': 'videos/BDRCOMP_027_ep000_fail.mp4', 'title': 'BDRCOMP_027 · ep000 · strict failure'}, {'task_id': 'BDRCOMP_027', 'episode_index': 1, 'strict_success': False, 'native_final_conjunction': False, 'native_ordered_final_success': False, 'both_native_ever': False, 'left_then_right_supported_steps': [None, None], 'supported_final': [False, False], 'control_steps': 1040, 'audit_generation': 'fresh_visibility_v3', 'active_agent_missing_branch_availability_protocol': 'drainer_compose_visible_empty_gt_v3', 'older_wrist_previous_None_causes_retrospectively_verified': False, 'original_episode_video': 'videos/BDRCOMP_027_ep001_fail.mp4', 'url': 'videos/BDRCOMP_027_ep001_fail.mp4', 'title': 'BDRCOMP_027 · ep001 · strict failure'}, {'task_id': 'BDRCOMP_027', 'episode_index': 2, 'strict_success': False, 'native_final_conjunction': False, 'native_ordered_final_success': False, 'both_native_ever': False, 'left_then_right_supported_steps': [None, None], 'supported_final': [False, False], 'control_steps': 1040, 'audit_generation': 'fresh_visibility_v3', 'active_agent_missing_branch_availability_protocol': 'drainer_compose_visible_empty_gt_v3', 'older_wrist_previous_None_causes_retrospectively_verified': False, 'original_episode_video': 'videos/BDRCOMP_027_ep002_fail.mp4', 'url': 'videos/BDRCOMP_027_ep002_fail.mp4', 'title': 'BDRCOMP_027 · ep002 · strict failure'}, {'task_id': 'BDRCOMP_027', 'episode_index': 3, 'strict_success': False, 'native_final_conjunction': False, 'native_ordered_final_success': False, 'both_native_ever': False, 'left_then_right_supported_steps': [957, None], 'supported_final': [True, False], 'control_steps': 1040, 'audit_generation': 'fresh_visibility_v3', 'active_agent_missing_branch_availability_protocol': 'drainer_compose_visible_empty_gt_v3', 'older_wrist_previous_None_causes_retrospectively_verified': False, 'original_episode_video': 'videos/BDRCOMP_027_ep003_fail.mp4', 'url': 'videos/BDRCOMP_027_ep003_fail.mp4', 'title': 'BDRCOMP_027 · ep003 · strict failure'}, {'task_id': 'BDRCOMP_027', 'episode_index': 4, 'strict_success': False, 'native_final_conjunction': False, 'native_ordered_final_success': False, 'both_native_ever': False, 'left_then_right_supported_steps': [236, None], 'supported_final': [True, False], 'control_steps': 1040, 'audit_generation': 'fresh_visibility_v3', 'active_agent_missing_branch_availability_protocol': 'drainer_compose_visible_empty_gt_v3', 'older_wrist_previous_None_causes_retrospectively_verified': False, 'original_episode_video': 'videos/BDRCOMP_027_ep004_fail.mp4', 'url': 'videos/BDRCOMP_027_ep004_fail.mp4', 'title': 'BDRCOMP_027 · ep004 · strict failure'}]
BDRCENS_091	BDRCOMP_028	LIBERO_OBJECT_04	Pick the bbq sauce and place it in the basket	bbq_sauce_1	bbq_sauce_1	chocolate_pudding_1	floor_target_object_region	floor_other_object_region_0	original_target_first	extension20	Pick the bbq sauce and place it in the left compartment of the bowl drainer, then pick the chocolate pudding and place it in the right compartment of the bowl drainer.	a118e4979e1dad856c0e3ad02e57a88a9ecb46b13d51c8d1b3d5e32c4c6d2a53	evaluated		0	5	definitions/BDRCENS_091.bddl	comparison/BDRCOMP_028.png	0	0	0	0	5	0	[{'task_id': 'BDRCOMP_028', 'episode_index': 0, 'strict_success': False, 'native_final_conjunction': False, 'native_ordered_final_success': False, 'both_native_ever': False, 'left_then_right_supported_steps': [None, None], 'supported_final': [False, False], 'control_steps': 1040, 'audit_generation': 'fresh_visibility_v3', 'active_agent_missing_branch_availability_protocol': 'drainer_compose_visible_empty_gt_v3', 'older_wrist_previous_None_causes_retrospectively_verified': False, 'original_episode_video': 'videos/BDRCOMP_028_ep000_fail.mp4', 'url': 'videos/BDRCOMP_028_ep000_fail.mp4', 'title': 'BDRCOMP_028 · ep000 · strict failure'}, {'task_id': 'BDRCOMP_028', 'episode_index': 1, 'strict_success': False, 'native_final_conjunction': False, 'native_ordered_final_success': False, 'both_native_ever': False, 'left_then_right_supported_steps': [None, None], 'supported_final': [False, False], 'control_steps': 1040, 'audit_generation': 'fresh_visibility_v3', 'active_agent_missing_branch_availability_protocol': 'drainer_compose_visible_empty_gt_v3', 'older_wrist_previous_None_causes_retrospectively_verified': False, 'original_episode_video': 'videos/BDRCOMP_028_ep001_fail.mp4', 'url': 'videos/BDRCOMP_028_ep001_fail.mp4', 'title': 'BDRCOMP_028 · ep001 · strict failure'}, {'task_id': 'BDRCOMP_028', 'episode_index': 2, 'strict_success': False, 'native_final_conjunction': False, 'native_ordered_final_success': False, 'both_native_ever': False, 'left_then_right_supported_steps': [368, None], 'supported_final': [True, False], 'control_steps': 1040, 'audit_generation': 'fresh_visibility_v3', 'active_agent_missing_branch_availability_protocol': 'drainer_compose_visible_empty_gt_v3', 'older_wrist_previous_None_causes_retrospectively_verified': False, 'original_episode_video': 'videos/BDRCOMP_028_ep002_fail.mp4', 'url': 'videos/BDRCOMP_028_ep002_fail.mp4', 'title': 'BDRCOMP_028 · ep002 · strict failure'}, {'task_id': 'BDRCOMP_028', 'episode_index': 3, 'strict_success': False, 'native_final_conjunction': False, 'native_ordered_final_success': False, 'both_native_ever': False, 'left_then_right_supported_steps': [None, None], 'supported_final': [False, False], 'control_steps': 1040, 'audit_generation': 'fresh_visibility_v3', 'active_agent_missing_branch_availability_protocol': 'drainer_compose_visible_empty_gt_v3', 'older_wrist_previous_None_causes_retrospectively_verified': False, 'original_episode_video': 'videos/BDRCOMP_028_ep003_fail.mp4', 'url': 'videos/BDRCOMP_028_ep003_fail.mp4', 'title': 'BDRCOMP_028 · ep003 · strict failure'}, {'task_id': 'BDRCOMP_028', 'episode_index': 4, 'strict_success': False, 'native_final_conjunction': False, 'native_ordered_final_success': False, 'both_native_ever': False, 'left_then_right_supported_steps': [None, None], 'supported_final': [False, False], 'control_steps': 1040, 'audit_generation': 'fresh_visibility_v3', 'active_agent_missing_branch_availability_protocol': 'drainer_compose_visible_empty_gt_v3', 'older_wrist_previous_None_causes_retrospectively_verified': False, 'original_episode_video': 'videos/BDRCOMP_028_ep004_fail.mp4', 'url': 'videos/BDRCOMP_028_ep004_fail.mp4', 'title': 'BDRCOMP_028 · ep004 · strict failure'}]
BDRCENS_136	BDRCOMP_029	LIBERO_OBJECT_05	Pick the ketchup and place it in the basket	ketchup_1	alphabet_soup_1	ketchup_1	floor_other_object_region_2	floor_target_object_region	original_target_second	extension20	Pick the alphabet soup and place it in the left compartment of the bowl drainer, then pick the ketchup and place it in the right compartment of the bowl drainer.	4719165dd9e5e2dbfffdb46163d26a2afacab6e1e6a52e19d1c3fb6069543208	evaluated		0	5	definitions/BDRCENS_136.bddl	comparison/BDRCOMP_029.png	0	0	0	0	5	0	[{'task_id': 'BDRCOMP_029', 'episode_index': 0, 'strict_success': False, 'native_final_conjunction': False, 'native_ordered_final_success': False, 'both_native_ever': False, 'left_then_right_supported_steps': [None, None], 'supported_final': [False, False], 'control_steps': 1040, 'audit_generation': 'fresh_visibility_v3', 'active_agent_missing_branch_availability_protocol': 'drainer_compose_visible_empty_gt_v3', 'older_wrist_previous_None_causes_retrospectively_verified': False, 'original_episode_video': 'videos/BDRCOMP_029_ep000_fail.mp4', 'url': 'videos/BDRCOMP_029_ep000_fail.mp4', 'title': 'BDRCOMP_029 · ep000 · strict failure'}, {'task_id': 'BDRCOMP_029', 'episode_index': 1, 'strict_success': False, 'native_final_conjunction': False, 'native_ordered_final_success': False, 'both_native_ever': False, 'left_then_right_supported_steps': [None, None], 'supported_final': [False, False], 'control_steps': 1040, 'audit_generation': 'fresh_visibility_v3', 'active_agent_missing_branch_availability_protocol': 'drainer_compose_visible_empty_gt_v3', 'older_wrist_previous_None_causes_retrospectively_verified': False, 'original_episode_video': 'videos/BDRCOMP_029_ep001_fail.mp4', 'url': 'videos/BDRCOMP_029_ep001_fail.mp4', 'title': 'BDRCOMP_029 · ep001 · strict failure'}, {'task_id': 'BDRCOMP_029', 'episode_index': 2, 'strict_success': False, 'native_final_conjunction': False, 'native_ordered_final_success': False, 'both_native_ever': False, 'left_then_right_supported_steps': [None, None], 'supported_final': [False, False], 'control_steps': 1040, 'audit_generation': 'fresh_visibility_v3', 'active_agent_missing_branch_availability_protocol': 'drainer_compose_visible_empty_gt_v3', 'older_wrist_previous_None_causes_retrospectively_verified': False, 'original_episode_video': 'videos/BDRCOMP_029_ep002_fail.mp4', 'url': 'videos/BDRCOMP_029_ep002_fail.mp4', 'title': 'BDRCOMP_029 · ep002 · strict failure'}, {'task_id': 'BDRCOMP_029', 'episode_index': 3, 'strict_success': False, 'native_final_conjunction': False, 'native_ordered_final_success': False, 'both_native_ever': False, 'left_then_right_supported_steps': [None, None], 'supported_final': [False, False], 'control_steps': 1040, 'audit_generation': 'fresh_visibility_v3', 'active_agent_missing_branch_availability_protocol': 'drainer_compose_visible_empty_gt_v3', 'older_wrist_previous_None_causes_retrospectively_verified': False, 'original_episode_video': 'videos/BDRCOMP_029_ep003_fail.mp4', 'url': 'videos/BDRCOMP_029_ep003_fail.mp4', 'title': 'BDRCOMP_029 · ep003 · strict failure'}, {'task_id': 'BDRCOMP_029', 'episode_index': 4, 'strict_success': False, 'native_final_conjunction': False, 'native_ordered_final_success': False, 'both_native_ever': False, 'left_then_right_supported_steps': [None, None], 'supported_final': [False, False], 'control_steps': 1040, 'audit_generation': 'fresh_visibility_v3', 'active_agent_missing_branch_availability_protocol': 'drainer_compose_visible_empty_gt_v3', 'older_wrist_previous_None_causes_retrospectively_verified': False, 'original_episode_video': 'videos/BDRCOMP_029_ep004_fail.mp4', 'url': 'videos/BDRCOMP_029_ep004_fail.mp4', 'title': 'BDRCOMP_029 · ep004 · strict failure'}]
BDRCENS_123	BDRCOMP_030	LIBERO_OBJECT_05	Pick the ketchup and place it in the basket	ketchup_1	ketchup_1	alphabet_soup_1	floor_target_object_region	floor_other_object_region_2	original_target_first	extension20	Pick the ketchup and place it in the left compartment of the bowl drainer, then pick the alphabet soup and place it in the right compartment of the bowl drainer.	154a9132fe172090f2ae2783b1307584c08d0857dfb3dd513e43ad2214c5bbec	evaluated		0	5	definitions/BDRCENS_123.bddl	comparison/BDRCOMP_030.png	0	0	0	0	5	0	[{'task_id': 'BDRCOMP_030', 'episode_index': 0, 'strict_success': False, 'native_final_conjunction': False, 'native_ordered_final_success': False, 'both_native_ever': False, 'left_then_right_supported_steps': [355, None], 'supported_final': [True, False], 'control_steps': 1040, 'audit_generation': 'fresh_visibility_v3', 'active_agent_missing_branch_availability_protocol': 'drainer_compose_visible_empty_gt_v3', 'older_wrist_previous_None_causes_retrospectively_verified': False, 'original_episode_video': 'videos/BDRCOMP_030_ep000_fail.mp4', 'url': 'videos/BDRCOMP_030_ep000_fail.mp4', 'title': 'BDRCOMP_030 · ep000 · strict failure'}, {'task_id': 'BDRCOMP_030', 'episode_index': 1, 'strict_success': False, 'native_final_conjunction': False, 'native_ordered_final_success': False, 'both_native_ever': False, 'left_then_right_supported_steps': [294, None], 'supported_final': [True, False], 'control_steps': 1040, 'audit_generation': 'fresh_visibility_v3', 'active_agent_missing_branch_availability_protocol': 'drainer_compose_visible_empty_gt_v3', 'older_wrist_previous_None_causes_retrospectively_verified': False, 'original_episode_video': 'videos/BDRCOMP_030_ep001_fail.mp4', 'url': 'videos/BDRCOMP_030_ep001_fail.mp4', 'title': 'BDRCOMP_030 · ep001 · strict failure'}, {'task_id': 'BDRCOMP_030', 'episode_index': 2, 'strict_success': False, 'native_final_conjunction': False, 'native_ordered_final_success': False, 'both_native_ever': False, 'left_then_right_supported_steps': [276, None], 'supported_final': [True, False], 'control_steps': 1040, 'audit_generation': 'fresh_visibility_v3', 'active_agent_missing_branch_availability_protocol': 'drainer_compose_visible_empty_gt_v3', 'older_wrist_previous_None_causes_retrospectively_verified': False, 'original_episode_video': 'videos/BDRCOMP_030_ep002_fail.mp4', 'url': 'videos/BDRCOMP_030_ep002_fail.mp4', 'title': 'BDRCOMP_030 · ep002 · strict failure'}, {'task_id': 'BDRCOMP_030', 'episode_index': 3, 'strict_success': False, 'native_final_conjunction': False, 'native_ordered_final_success': False, 'both_native_ever': False, 'left_then_right_supported_steps': [307, None], 'supported_final': [True, False], 'control_steps': 1040, 'audit_generation': 'fresh_visibility_v3', 'active_agent_missing_branch_availability_protocol': 'drainer_compose_visible_empty_gt_v3', 'older_wrist_previous_None_causes_retrospectively_verified': False, 'original_episode_video': 'videos/BDRCOMP_030_ep003_fail.mp4', 'url': 'videos/BDRCOMP_030_ep003_fail.mp4', 'title': 'BDRCOMP_030 · ep003 · strict failure'}, {'task_id': 'BDRCOMP_030', 'episode_index': 4, 'strict_success': False, 'native_final_conjunction': False, 'native_ordered_final_success': False, 'both_native_ever': False, 'left_then_right_supported_steps': [275, None], 'supported_final': [True, False], 'control_steps': 1040, 'audit_generation': 'fresh_visibility_v3', 'active_agent_missing_branch_availability_protocol': 'drainer_compose_visible_empty_gt_v3', 'older_wrist_previous_None_causes_retrospectively_verified': False, 'original_episode_video': 'videos/BDRCOMP_030_ep004_fail.mp4', 'url': 'videos/BDRCOMP_030_ep004_fail.mp4', 'title': 'BDRCOMP_030 · ep004 · strict failure'}]
BDRCENS_151	BDRCOMP_031	LIBERO_OBJECT_06	Pick the tomato sauce and place it in the basket	tomato_sauce_1	tomato_sauce_1	milk_1	floor_target_object_region	floor_other_object_region_0	original_target_first	extension20	Pick the tomato sauce and place it in the left compartment of the bowl drainer, then pick the milk and place it in the right compartment of the bowl drainer.	164c1f94a68d83d2ea5cf35acf5535113c42bf7e5bb5e805b48370d55f9e2dd7	evaluated		0	5	definitions/BDRCENS_151.bddl	comparison/BDRCOMP_031.png	0	0	0	0	5	0	[{'task_id': 'BDRCOMP_031', 'episode_index': 0, 'strict_success': False, 'native_final_conjunction': False, 'native_ordered_final_success': False, 'both_native_ever': False, 'left_then_right_supported_steps': [None, None], 'supported_final': [False, False], 'control_steps': 1040, 'audit_generation': 'fresh_visibility_v3', 'active_agent_missing_branch_availability_protocol': 'drainer_compose_visible_empty_gt_v3', 'older_wrist_previous_None_causes_retrospectively_verified': False, 'original_episode_video': 'videos/BDRCOMP_031_ep000_fail.mp4', 'url': 'videos/BDRCOMP_031_ep000_fail.mp4', 'title': 'BDRCOMP_031 · ep000 · strict failure'}, {'task_id': 'BDRCOMP_031', 'episode_index': 1, 'strict_success': False, 'native_final_conjunction': False, 'native_ordered_final_success': False, 'both_native_ever': False, 'left_then_right_supported_steps': [485, None], 'supported_final': [True, False], 'control_steps': 1040, 'audit_generation': 'fresh_visibility_v3', 'active_agent_missing_branch_availability_protocol': 'drainer_compose_visible_empty_gt_v3', 'older_wrist_previous_None_causes_retrospectively_verified': False, 'original_episode_video': 'videos/BDRCOMP_031_ep001_fail.mp4', 'url': 'videos/BDRCOMP_031_ep001_fail.mp4', 'title': 'BDRCOMP_031 · ep001 · strict failure'}, {'task_id': 'BDRCOMP_031', 'episode_index': 2, 'strict_success': False, 'native_final_conjunction': False, 'native_ordered_final_success': False, 'both_native_ever': False, 'left_then_right_supported_steps': [785, None], 'supported_final': [True, False], 'control_steps': 1040, 'audit_generation': 'fresh_visibility_v3', 'active_agent_missing_branch_availability_protocol': 'drainer_compose_visible_empty_gt_v3', 'older_wrist_previous_None_causes_retrospectively_verified': False, 'original_episode_video': 'videos/BDRCOMP_031_ep002_fail.mp4', 'url': 'videos/BDRCOMP_031_ep002_fail.mp4', 'title': 'BDRCOMP_031 · ep002 · strict failure'}, {'task_id': 'BDRCOMP_031', 'episode_index': 3, 'strict_success': False, 'native_final_conjunction': False, 'native_ordered_final_success': False, 'both_native_ever': False, 'left_then_right_supported_steps': [None, None], 'supported_final': [False, False], 'control_steps': 1040, 'audit_generation': 'fresh_visibility_v3', 'active_agent_missing_branch_availability_protocol': 'drainer_compose_visible_empty_gt_v3', 'older_wrist_previous_None_causes_retrospectively_verified': False, 'original_episode_video': 'videos/BDRCOMP_031_ep003_fail.mp4', 'url': 'videos/BDRCOMP_031_ep003_fail.mp4', 'title': 'BDRCOMP_031 · ep003 · strict failure'}, {'task_id': 'BDRCOMP_031', 'episode_index': 4, 'strict_success': False, 'native_final_conjunction': False, 'native_ordered_final_success': False, 'both_native_ever': False, 'left_then_right_supported_steps': [None, None], 'supported_final': [False, False], 'control_steps': 1040, 'audit_generation': 'fresh_visibility_v3', 'active_agent_missing_branch_availability_protocol': 'drainer_compose_visible_empty_gt_v3', 'older_wrist_previous_None_causes_retrospectively_verified': False, 'original_episode_video': 'videos/BDRCOMP_031_ep004_fail.mp4', 'url': 'videos/BDRCOMP_031_ep004_fail.mp4', 'title': 'BDRCOMP_031 · ep004 · strict failure'}]
BDRCENS_156	BDRCOMP_032	LIBERO_OBJECT_06	Pick the tomato sauce and place it in the basket	tomato_sauce_1	milk_1	tomato_sauce_1	floor_other_object_region_0	floor_target_object_region	original_target_second	extension20	Pick the milk and place it in the left compartment of the bowl drainer, then pick the tomato sauce and place it in the right compartment of the bowl drainer.	307a3c94b527cbbbf49f6ff71223fc8a560820ed13745d0ab138d9312785eb36	evaluated		0	5	definitions/BDRCENS_156.bddl	comparison/BDRCOMP_032.png	0	0	0	0	5	0	[{'task_id': 'BDRCOMP_032', 'episode_index': 0, 'strict_success': False, 'native_final_conjunction': False, 'native_ordered_final_success': False, 'both_native_ever': False, 'left_then_right_supported_steps': [None, None], 'supported_final': [False, False], 'control_steps': 1040, 'audit_generation': 'fresh_visibility_v3', 'active_agent_missing_branch_availability_protocol': 'drainer_compose_visible_empty_gt_v3', 'older_wrist_previous_None_causes_retrospectively_verified': False, 'original_episode_video': 'videos/BDRCOMP_032_ep000_fail.mp4', 'url': 'videos/BDRCOMP_032_ep000_fail.mp4', 'title': 'BDRCOMP_032 · ep000 · strict failure'}, {'task_id': 'BDRCOMP_032', 'episode_index': 1, 'strict_success': False, 'native_final_conjunction': False, 'native_ordered_final_success': False, 'both_native_ever': False, 'left_then_right_supported_steps': [536, None], 'supported_final': [True, False], 'control_steps': 1040, 'audit_generation': 'fresh_visibility_v3', 'active_agent_missing_branch_availability_protocol': 'drainer_compose_visible_empty_gt_v3', 'older_wrist_previous_None_causes_retrospectively_verified': False, 'original_episode_video': 'videos/BDRCOMP_032_ep001_fail.mp4', 'url': 'videos/BDRCOMP_032_ep001_fail.mp4', 'title': 'BDRCOMP_032 · ep001 · strict failure'}, {'task_id': 'BDRCOMP_032', 'episode_index': 2, 'strict_success': False, 'native_final_conjunction': False, 'native_ordered_final_success': False, 'both_native_ever': False, 'left_then_right_supported_steps': [None, None], 'supported_final': [False, True], 'control_steps': 176, 'audit_generation': 'fresh_visibility_v3', 'active_agent_missing_branch_availability_protocol': 'drainer_compose_visible_empty_gt_v3', 'older_wrist_previous_None_causes_retrospectively_verified': False, 'original_episode_video': 'videos/BDRCOMP_032_ep002_fail.mp4', 'url': 'videos/BDRCOMP_032_ep002_fail.mp4', 'title': 'BDRCOMP_032 · ep002 · strict failure'}, {'task_id': 'BDRCOMP_032', 'episode_index': 3, 'strict_success': False, 'native_final_conjunction': False, 'native_ordered_final_success': False, 'both_native_ever': False, 'left_then_right_supported_steps': [338, None], 'supported_final': [True, False], 'control_steps': 1040, 'audit_generation': 'fresh_visibility_v3', 'active_agent_missing_branch_availability_protocol': 'drainer_compose_visible_empty_gt_v3', 'older_wrist_previous_None_causes_retrospectively_verified': False, 'original_episode_video': 'videos/BDRCOMP_032_ep003_fail.mp4', 'url': 'videos/BDRCOMP_032_ep003_fail.mp4', 'title': 'BDRCOMP_032 · ep003 · strict failure'}, {'task_id': 'BDRCOMP_032', 'episode_index': 4, 'strict_success': False, 'native_final_conjunction': False, 'native_ordered_final_success': False, 'both_native_ever': False, 'left_then_right_supported_steps': [None, None], 'supported_final': [False, False], 'control_steps': 1040, 'audit_generation': 'fresh_visibility_v3', 'active_agent_missing_branch_availability_protocol': 'drainer_compose_visible_empty_gt_v3', 'older_wrist_previous_None_causes_retrospectively_verified': False, 'original_episode_video': 'videos/BDRCOMP_032_ep004_fail.mp4', 'url': 'videos/BDRCOMP_032_ep004_fail.mp4', 'title': 'BDRCOMP_032 · ep004 · strict failure'}]
BDRCENS_182	BDRCOMP_033	LIBERO_OBJECT_07	Pick the butter and place it in the basket	butter_1	butter_1	orange_juice_1	floor_target_object_region	floor_other_object_region_1	original_target_first	extension20	Pick the butter and place it in the left compartment of the bowl drainer, then pick the orange juice and place it in the right compartment of the bowl drainer.	87513b9229c51db91bb3502e5db3f60e7afaf2566aecd5731dc503c67c11adff	evaluated		0	5	definitions/BDRCENS_182.bddl	comparison/BDRCOMP_033.png	0	0	0	0	5	0	[{'task_id': 'BDRCOMP_033', 'episode_index': 0, 'strict_success': False, 'native_final_conjunction': False, 'native_ordered_final_success': False, 'both_native_ever': False, 'left_then_right_supported_steps': [193, None], 'supported_final': [True, False], 'control_steps': 1040, 'audit_generation': 'fresh_visibility_v3', 'active_agent_missing_branch_availability_protocol': 'drainer_compose_visible_empty_gt_v3', 'older_wrist_previous_None_causes_retrospectively_verified': False, 'original_episode_video': 'videos/BDRCOMP_033_ep000_fail.mp4', 'url': 'videos/BDRCOMP_033_ep000_fail.mp4', 'title': 'BDRCOMP_033 · ep000 · strict failure'}, {'task_id': 'BDRCOMP_033', 'episode_index': 1, 'strict_success': False, 'native_final_conjunction': False, 'native_ordered_final_success': False, 'both_native_ever': False, 'left_then_right_supported_steps': [207, None], 'supported_final': [True, False], 'control_steps': 1040, 'audit_generation': 'fresh_visibility_v3', 'active_agent_missing_branch_availability_protocol': 'drainer_compose_visible_empty_gt_v3', 'older_wrist_previous_None_causes_retrospectively_verified': False, 'original_episode_video': 'videos/BDRCOMP_033_ep001_fail.mp4', 'url': 'videos/BDRCOMP_033_ep001_fail.mp4', 'title': 'BDRCOMP_033 · ep001 · strict failure'}, {'task_id': 'BDRCOMP_033', 'episode_index': 2, 'strict_success': False, 'native_final_conjunction': False, 'native_ordered_final_success': False, 'both_native_ever': False, 'left_then_right_supported_steps': [209, None], 'supported_final': [True, False], 'control_steps': 1040, 'audit_generation': 'fresh_visibility_v3', 'active_agent_missing_branch_availability_protocol': 'drainer_compose_visible_empty_gt_v3', 'older_wrist_previous_None_causes_retrospectively_verified': False, 'original_episode_video': 'videos/BDRCOMP_033_ep002_fail.mp4', 'url': 'videos/BDRCOMP_033_ep002_fail.mp4', 'title': 'BDRCOMP_033 · ep002 · strict failure'}, {'task_id': 'BDRCOMP_033', 'episode_index': 3, 'strict_success': False, 'native_final_conjunction': False, 'native_ordered_final_success': False, 'both_native_ever': False, 'left_then_right_supported_steps': [973, None], 'supported_final': [True, False], 'control_steps': 1040, 'audit_generation': 'fresh_visibility_v3', 'active_agent_missing_branch_availability_protocol': 'drainer_compose_visible_empty_gt_v3', 'older_wrist_previous_None_causes_retrospectively_verified': False, 'original_episode_video': 'videos/BDRCOMP_033_ep003_fail.mp4', 'url': 'videos/BDRCOMP_033_ep003_fail.mp4', 'title': 'BDRCOMP_033 · ep003 · strict failure'}, {'task_id': 'BDRCOMP_033', 'episode_index': 4, 'strict_success': False, 'native_final_conjunction': False, 'native_ordered_final_success': False, 'both_native_ever': False, 'left_then_right_supported_steps': [200, None], 'supported_final': [True, False], 'control_steps': 1040, 'audit_generation': 'fresh_visibility_v3', 'active_agent_missing_branch_availability_protocol': 'drainer_compose_visible_empty_gt_v3', 'older_wrist_previous_None_causes_retrospectively_verified': False, 'original_episode_video': 'videos/BDRCOMP_033_ep004_fail.mp4', 'url': 'videos/BDRCOMP_033_ep004_fail.mp4', 'title': 'BDRCOMP_033 · ep004 · strict failure'}]
BDRCENS_191	BDRCOMP_034	LIBERO_OBJECT_07	Pick the butter and place it in the basket	butter_1	orange_juice_1	butter_1	floor_other_object_region_1	floor_target_object_region	original_target_second	extension20	Pick the orange juice and place it in the left compartment of the bowl drainer, then pick the butter and place it in the right compartment of the bowl drainer.	48a1fe9bfbb1b64bb45a3d7b6c03768ef90601c87539ade8741fef76704271cc	evaluated		0	5	definitions/BDRCENS_191.bddl	comparison/BDRCOMP_034.png	0	0	0	0	5	0	[{'task_id': 'BDRCOMP_034', 'episode_index': 0, 'strict_success': False, 'native_final_conjunction': False, 'native_ordered_final_success': False, 'both_native_ever': False, 'left_then_right_supported_steps': [None, None], 'supported_final': [False, False], 'control_steps': 1040, 'audit_generation': 'fresh_visibility_v3', 'active_agent_missing_branch_availability_protocol': 'drainer_compose_visible_empty_gt_v3', 'older_wrist_previous_None_causes_retrospectively_verified': False, 'original_episode_video': 'videos/BDRCOMP_034_ep000_fail.mp4', 'url': 'videos/BDRCOMP_034_ep000_fail.mp4', 'title': 'BDRCOMP_034 · ep000 · strict failure'}, {'task_id': 'BDRCOMP_034', 'episode_index': 1, 'strict_success': False, 'native_final_conjunction': False, 'native_ordered_final_success': False, 'both_native_ever': False, 'left_then_right_supported_steps': [None, None], 'supported_final': [False, False], 'control_steps': 1040, 'audit_generation': 'fresh_visibility_v3', 'active_agent_missing_branch_availability_protocol': 'drainer_compose_visible_empty_gt_v3', 'older_wrist_previous_None_causes_retrospectively_verified': False, 'original_episode_video': 'videos/BDRCOMP_034_ep001_fail.mp4', 'url': 'videos/BDRCOMP_034_ep001_fail.mp4', 'title': 'BDRCOMP_034 · ep001 · strict failure'}, {'task_id': 'BDRCOMP_034', 'episode_index': 2, 'strict_success': False, 'native_final_conjunction': False, 'native_ordered_final_success': False, 'both_native_ever': False, 'left_then_right_supported_steps': [None, None], 'supported_final': [False, False], 'control_steps': 1040, 'audit_generation': 'fresh_visibility_v3', 'active_agent_missing_branch_availability_protocol': 'drainer_compose_visible_empty_gt_v3', 'older_wrist_previous_None_causes_retrospectively_verified': False, 'original_episode_video': 'videos/BDRCOMP_034_ep002_fail.mp4', 'url': 'videos/BDRCOMP_034_ep002_fail.mp4', 'title': 'BDRCOMP_034 · ep002 · strict failure'}, {'task_id': 'BDRCOMP_034', 'episode_index': 3, 'strict_success': False, 'native_final_conjunction': False, 'native_ordered_final_success': False, 'both_native_ever': False, 'left_then_right_supported_steps': [None, None], 'supported_final': [False, True], 'control_steps': 304, 'audit_generation': 'fresh_visibility_v3', 'active_agent_missing_branch_availability_protocol': 'drainer_compose_visible_empty_gt_v3', 'older_wrist_previous_None_causes_retrospectively_verified': False, 'original_episode_video': 'videos/BDRCOMP_034_ep003_fail.mp4', 'url': 'videos/BDRCOMP_034_ep003_fail.mp4', 'title': 'BDRCOMP_034 · ep003 · strict failure'}, {'task_id': 'BDRCOMP_034', 'episode_index': 4, 'strict_success': False, 'native_final_conjunction': False, 'native_ordered_final_success': False, 'both_native_ever': False, 'left_then_right_supported_steps': [None, None], 'supported_final': [False, False], 'control_steps': 1040, 'audit_generation': 'fresh_visibility_v3', 'active_agent_missing_branch_availability_protocol': 'drainer_compose_visible_empty_gt_v3', 'older_wrist_previous_None_causes_retrospectively_verified': False, 'original_episode_video': 'videos/BDRCOMP_034_ep004_fail.mp4', 'url': 'videos/BDRCOMP_034_ep004_fail.mp4', 'title': 'BDRCOMP_034 · ep004 · strict failure'}]
BDRCENS_216	BDRCOMP_035	LIBERO_OBJECT_08	Pick the milk and place it in the basket	milk_1	cream_cheese_1	milk_1	floor_other_object_region_0	floor_target_object_region	original_target_second	extension20	Pick the cream cheese and place it in the left compartment of the bowl drainer, then pick the milk and place it in the right compartment of the bowl drainer.	6e05375e04b887634514c1b4a20fbdf1ae70933704eeba884a2a8a95339aad23	evaluated		0	5	definitions/BDRCENS_216.bddl	comparison/BDRCOMP_035.png	0	0	0	0	5	0	[{'task_id': 'BDRCOMP_035', 'episode_index': 0, 'strict_success': False, 'native_final_conjunction': False, 'native_ordered_final_success': False, 'both_native_ever': False, 'left_then_right_supported_steps': [None, None], 'supported_final': [False, False], 'control_steps': 1040, 'audit_generation': 'fresh_visibility_v3', 'active_agent_missing_branch_availability_protocol': 'drainer_compose_visible_empty_gt_v3', 'older_wrist_previous_None_causes_retrospectively_verified': False, 'original_episode_video': 'videos/BDRCOMP_035_ep000_fail.mp4', 'url': 'videos/BDRCOMP_035_ep000_fail.mp4', 'title': 'BDRCOMP_035 · ep000 · strict failure'}, {'task_id': 'BDRCOMP_035', 'episode_index': 1, 'strict_success': False, 'native_final_conjunction': False, 'native_ordered_final_success': False, 'both_native_ever': False, 'left_then_right_supported_steps': [None, None], 'supported_final': [False, False], 'control_steps': 1040, 'audit_generation': 'fresh_visibility_v3', 'active_agent_missing_branch_availability_protocol': 'drainer_compose_visible_empty_gt_v3', 'older_wrist_previous_None_causes_retrospectively_verified': False, 'original_episode_video': 'videos/BDRCOMP_035_ep001_fail.mp4', 'url': 'videos/BDRCOMP_035_ep001_fail.mp4', 'title': 'BDRCOMP_035 · ep001 · strict failure'}, {'task_id': 'BDRCOMP_035', 'episode_index': 2, 'strict_success': False, 'native_final_conjunction': False, 'native_ordered_final_success': False, 'both_native_ever': False, 'left_then_right_supported_steps': [None, None], 'supported_final': [False, False], 'control_steps': 1040, 'audit_generation': 'fresh_visibility_v3', 'active_agent_missing_branch_availability_protocol': 'drainer_compose_visible_empty_gt_v3', 'older_wrist_previous_None_causes_retrospectively_verified': False, 'original_episode_video': 'videos/BDRCOMP_035_ep002_fail.mp4', 'url': 'videos/BDRCOMP_035_ep002_fail.mp4', 'title': 'BDRCOMP_035 · ep002 · strict failure'}, {'task_id': 'BDRCOMP_035', 'episode_index': 3, 'strict_success': False, 'native_final_conjunction': False, 'native_ordered_final_success': False, 'both_native_ever': False, 'left_then_right_supported_steps': [None, None], 'supported_final': [False, False], 'control_steps': 1040, 'audit_generation': 'fresh_visibility_v3', 'active_agent_missing_branch_availability_protocol': 'drainer_compose_visible_empty_gt_v3', 'older_wrist_previous_None_causes_retrospectively_verified': False, 'original_episode_video': 'videos/BDRCOMP_035_ep003_fail.mp4', 'url': 'videos/BDRCOMP_035_ep003_fail.mp4', 'title': 'BDRCOMP_035 · ep003 · strict failure'}, {'task_id': 'BDRCOMP_035', 'episode_index': 4, 'strict_success': False, 'native_final_conjunction': False, 'native_ordered_final_success': False, 'both_native_ever': False, 'left_then_right_supported_steps': [None, None], 'supported_final': [False, False], 'control_steps': 1040, 'audit_generation': 'fresh_visibility_v3', 'active_agent_missing_branch_availability_protocol': 'drainer_compose_visible_empty_gt_v3', 'older_wrist_previous_None_causes_retrospectively_verified': False, 'original_episode_video': 'videos/BDRCOMP_035_ep004_fail.mp4', 'url': 'videos/BDRCOMP_035_ep004_fail.mp4', 'title': 'BDRCOMP_035 · ep004 · strict failure'}]
BDRCENS_211	BDRCOMP_036	LIBERO_OBJECT_08	Pick the milk and place it in the basket	milk_1	milk_1	cream_cheese_1	floor_target_object_region	floor_other_object_region_0	original_target_first	extension20	Pick the milk and place it in the left compartment of the bowl drainer, then pick the cream cheese and place it in the right compartment of the bowl drainer.	4475530a4b03458c11377faffb86aa11cfef3cd939b165ae61ce48397c0b75b5	evaluated		20	5	definitions/BDRCENS_211.bddl	comparison/BDRCOMP_036.png	1	1	1	0	5	20	[{'task_id': 'BDRCOMP_036', 'episode_index': 0, 'strict_success': False, 'native_final_conjunction': False, 'native_ordered_final_success': False, 'both_native_ever': False, 'left_then_right_supported_steps': [None, None], 'supported_final': [False, False], 'control_steps': 1040, 'audit_generation': 'fresh_visibility_v3', 'active_agent_missing_branch_availability_protocol': 'drainer_compose_visible_empty_gt_v3', 'older_wrist_previous_None_causes_retrospectively_verified': False, 'original_episode_video': 'videos/BDRCOMP_036_ep000_fail.mp4', 'url': 'videos/BDRCOMP_036_ep000_fail.mp4', 'title': 'BDRCOMP_036 · ep000 · strict failure'}, {'task_id': 'BDRCOMP_036', 'episode_index': 1, 'strict_success': False, 'native_final_conjunction': False, 'native_ordered_final_success': False, 'both_native_ever': False, 'left_then_right_supported_steps': [363, None], 'supported_final': [True, False], 'control_steps': 1040, 'audit_generation': 'fresh_visibility_v3', 'active_agent_missing_branch_availability_protocol': 'drainer_compose_visible_empty_gt_v3', 'older_wrist_previous_None_causes_retrospectively_verified': False, 'original_episode_video': 'videos/BDRCOMP_036_ep001_fail.mp4', 'url': 'videos/BDRCOMP_036_ep001_fail.mp4', 'title': 'BDRCOMP_036 · ep001 · strict failure'}, {'task_id': 'BDRCOMP_036', 'episode_index': 2, 'strict_success': False, 'native_final_conjunction': False, 'native_ordered_final_success': False, 'both_native_ever': False, 'left_then_right_supported_steps': [335, None], 'supported_final': [True, False], 'control_steps': 1040, 'audit_generation': 'fresh_visibility_v3', 'active_agent_missing_branch_availability_protocol': 'drainer_compose_visible_empty_gt_v3', 'older_wrist_previous_None_causes_retrospectively_verified': False, 'original_episode_video': 'videos/BDRCOMP_036_ep002_fail.mp4', 'url': 'videos/BDRCOMP_036_ep002_fail.mp4', 'title': 'BDRCOMP_036 · ep002 · strict failure'}, {'task_id': 'BDRCOMP_036', 'episode_index': 3, 'strict_success': True, 'native_final_conjunction': True, 'native_ordered_final_success': True, 'both_native_ever': True, 'left_then_right_supported_steps': [390, 676], 'supported_final': [True, True], 'control_steps': 676, 'audit_generation': 'fresh_visibility_v3', 'active_agent_missing_branch_availability_protocol': 'drainer_compose_visible_empty_gt_v3', 'older_wrist_previous_None_causes_retrospectively_verified': False, 'original_episode_video': 'videos/BDRCOMP_036_ep003_ok.mp4', 'url': 'videos/BDRCOMP_036_ep003_ok.mp4', 'title': 'BDRCOMP_036 · ep003 · strict success'}, {'task_id': 'BDRCOMP_036', 'episode_index': 4, 'strict_success': False, 'native_final_conjunction': False, 'native_ordered_final_success': False, 'both_native_ever': False, 'left_then_right_supported_steps': [969, None], 'supported_final': [True, False], 'control_steps': 1040, 'audit_generation': 'fresh_visibility_v3', 'active_agent_missing_branch_availability_protocol': 'drainer_compose_visible_empty_gt_v3', 'older_wrist_previous_None_causes_retrospectively_verified': False, 'original_episode_video': 'videos/BDRCOMP_036_ep004_fail.mp4', 'url': 'videos/BDRCOMP_036_ep004_fail.mp4', 'title': 'BDRCOMP_036 · ep004 · strict failure'}]
BDRCENS_241	BDRCOMP_037	LIBERO_OBJECT_09	Pick the chocolate pudding and place it in the basket	chocolate_pudding_1	chocolate_pudding_1	orange_juice_1	floor_target_object_region	floor_other_object_region_0	original_target_first	extension20	Pick the chocolate pudding and place it in the left compartment of the bowl drainer, then pick the orange juice and place it in the right compartment of the bowl drainer.	3b5bc25f7e191e443871a8e4dfcdc0437d3c2ec835f8e9bc447c089b0a0d6d8f	evaluated		0	5	definitions/BDRCENS_241.bddl	comparison/BDRCOMP_037.png	0	0	0	0	5	0	[{'task_id': 'BDRCOMP_037', 'episode_index': 0, 'strict_success': False, 'native_final_conjunction': False, 'native_ordered_final_success': False, 'both_native_ever': False, 'left_then_right_supported_steps': [180, None], 'supported_final': [True, False], 'control_steps': 1040, 'audit_generation': 'fresh_visibility_v3', 'active_agent_missing_branch_availability_protocol': 'drainer_compose_visible_empty_gt_v3', 'older_wrist_previous_None_causes_retrospectively_verified': False, 'original_episode_video': 'videos/BDRCOMP_037_ep000_fail.mp4', 'url': 'videos/BDRCOMP_037_ep000_fail.mp4', 'title': 'BDRCOMP_037 · ep000 · strict failure'}, {'task_id': 'BDRCOMP_037', 'episode_index': 1, 'strict_success': False, 'native_final_conjunction': False, 'native_ordered_final_success': False, 'both_native_ever': False, 'left_then_right_supported_steps': [None, None], 'supported_final': [False, False], 'control_steps': 1040, 'audit_generation': 'fresh_visibility_v3', 'active_agent_missing_branch_availability_protocol': 'drainer_compose_visible_empty_gt_v3', 'older_wrist_previous_None_causes_retrospectively_verified': False, 'original_episode_video': 'videos/BDRCOMP_037_ep001_fail.mp4', 'url': 'videos/BDRCOMP_037_ep001_fail.mp4', 'title': 'BDRCOMP_037 · ep001 · strict failure'}, {'task_id': 'BDRCOMP_037', 'episode_index': 2, 'strict_success': False, 'native_final_conjunction': False, 'native_ordered_final_success': False, 'both_native_ever': False, 'left_then_right_supported_steps': [604, None], 'supported_final': [True, False], 'control_steps': 1040, 'audit_generation': 'fresh_visibility_v3', 'active_agent_missing_branch_availability_protocol': 'drainer_compose_visible_empty_gt_v3', 'older_wrist_previous_None_causes_retrospectively_verified': False, 'original_episode_video': 'videos/BDRCOMP_037_ep002_fail.mp4', 'url': 'videos/BDRCOMP_037_ep002_fail.mp4', 'title': 'BDRCOMP_037 · ep002 · strict failure'}, {'task_id': 'BDRCOMP_037', 'episode_index': 3, 'strict_success': False, 'native_final_conjunction': False, 'native_ordered_final_success': False, 'both_native_ever': False, 'left_then_right_supported_steps': [None, None], 'supported_final': [False, False], 'control_steps': 1040, 'audit_generation': 'fresh_visibility_v3', 'active_agent_missing_branch_availability_protocol': 'drainer_compose_visible_empty_gt_v3', 'older_wrist_previous_None_causes_retrospectively_verified': False, 'original_episode_video': 'videos/BDRCOMP_037_ep003_fail.mp4', 'url': 'videos/BDRCOMP_037_ep003_fail.mp4', 'title': 'BDRCOMP_037 · ep003 · strict failure'}, {'task_id': 'BDRCOMP_037', 'episode_index': 4, 'strict_success': False, 'native_final_conjunction': False, 'native_ordered_final_success': False, 'both_native_ever': False, 'left_then_right_supported_steps': [None, None], 'supported_final': [False, False], 'control_steps': 1040, 'audit_generation': 'fresh_visibility_v3', 'active_agent_missing_branch_availability_protocol': 'drainer_compose_visible_empty_gt_v3', 'older_wrist_previous_None_causes_retrospectively_verified': False, 'original_episode_video': 'videos/BDRCOMP_037_ep004_fail.mp4', 'url': 'videos/BDRCOMP_037_ep004_fail.mp4', 'title': 'BDRCOMP_037 · ep004 · strict failure'}]
BDRCENS_246	BDRCOMP_038	LIBERO_OBJECT_09	Pick the chocolate pudding and place it in the basket	chocolate_pudding_1	orange_juice_1	chocolate_pudding_1	floor_other_object_region_0	floor_target_object_region	original_target_second	extension20	Pick the orange juice and place it in the left compartment of the bowl drainer, then pick the chocolate pudding and place it in the right compartment of the bowl drainer.	538aad6d06d49ba568be8400c75bd547aa84ee9d74f81680a217c9e912d61ab1	evaluated		0	5	definitions/BDRCENS_246.bddl	comparison/BDRCOMP_038.png	0	0	0	0	5	0	[{'task_id': 'BDRCOMP_038', 'episode_index': 0, 'strict_success': False, 'native_final_conjunction': False, 'native_ordered_final_success': False, 'both_native_ever': False, 'left_then_right_supported_steps': [None, None], 'supported_final': [False, False], 'control_steps': 1040, 'audit_generation': 'fresh_visibility_v3', 'active_agent_missing_branch_availability_protocol': 'drainer_compose_visible_empty_gt_v3', 'older_wrist_previous_None_causes_retrospectively_verified': False, 'original_episode_video': 'videos/BDRCOMP_038_ep000_fail.mp4', 'url': 'videos/BDRCOMP_038_ep000_fail.mp4', 'title': 'BDRCOMP_038 · ep000 · strict failure'}, {'task_id': 'BDRCOMP_038', 'episode_index': 1, 'strict_success': False, 'native_final_conjunction': False, 'native_ordered_final_success': False, 'both_native_ever': False, 'left_then_right_supported_steps': [None, None], 'supported_final': [False, False], 'control_steps': 1040, 'audit_generation': 'fresh_visibility_v3', 'active_agent_missing_branch_availability_protocol': 'drainer_compose_visible_empty_gt_v3', 'older_wrist_previous_None_causes_retrospectively_verified': False, 'original_episode_video': 'videos/BDRCOMP_038_ep001_fail.mp4', 'url': 'videos/BDRCOMP_038_ep001_fail.mp4', 'title': 'BDRCOMP_038 · ep001 · strict failure'}, {'task_id': 'BDRCOMP_038', 'episode_index': 2, 'strict_success': False, 'native_final_conjunction': False, 'native_ordered_final_success': False, 'both_native_ever': False, 'left_then_right_supported_steps': [None, None], 'supported_final': [False, False], 'control_steps': 1040, 'audit_generation': 'fresh_visibility_v3', 'active_agent_missing_branch_availability_protocol': 'drainer_compose_visible_empty_gt_v3', 'older_wrist_previous_None_causes_retrospectively_verified': False, 'original_episode_video': 'videos/BDRCOMP_038_ep002_fail.mp4', 'url': 'videos/BDRCOMP_038_ep002_fail.mp4', 'title': 'BDRCOMP_038 · ep002 · strict failure'}, {'task_id': 'BDRCOMP_038', 'episode_index': 3, 'strict_success': False, 'native_final_conjunction': False, 'native_ordered_final_success': False, 'both_native_ever': False, 'left_then_right_supported_steps': [None, None], 'supported_final': [False, False], 'control_steps': 1040, 'audit_generation': 'fresh_visibility_v3', 'active_agent_missing_branch_availability_protocol': 'drainer_compose_visible_empty_gt_v3', 'older_wrist_previous_None_causes_retrospectively_verified': False, 'original_episode_video': 'videos/BDRCOMP_038_ep003_fail.mp4', 'url': 'videos/BDRCOMP_038_ep003_fail.mp4', 'title': 'BDRCOMP_038 · ep003 · strict failure'}, {'task_id': 'BDRCOMP_038', 'episode_index': 4, 'strict_success': False, 'native_final_conjunction': False, 'native_ordered_final_success': False, 'both_native_ever': False, 'left_then_right_supported_steps': [None, None], 'supported_final': [False, False], 'control_steps': 1040, 'audit_generation': 'fresh_visibility_v3', 'active_agent_missing_branch_availability_protocol': 'drainer_compose_visible_empty_gt_v3', 'older_wrist_previous_None_causes_retrospectively_verified': False, 'original_episode_video': 'videos/BDRCOMP_038_ep004_fail.mp4', 'url': 'videos/BDRCOMP_038_ep004_fail.mp4', 'title': 'BDRCOMP_038 · ep004 · strict failure'}]
BDRCENS_276	BDRCOMP_039	LIBERO_OBJECT_10	Pick the orange juice and place it in the basket	orange_juice_1	butter_1	orange_juice_1	floor_other_object_region_0	floor_target_object_region	original_target_second	extension20	Pick the butter and place it in the left compartment of the bowl drainer, then pick the orange juice and place it in the right compartment of the bowl drainer.	45440d1de573b36ef843c9677b169155aa52f02bbe19a9e89c39aab916e4fb77	evaluated		0	5	definitions/BDRCENS_276.bddl	comparison/BDRCOMP_039.png	0	0	0	0	5	0	[{'task_id': 'BDRCOMP_039', 'episode_index': 0, 'strict_success': False, 'native_final_conjunction': False, 'native_ordered_final_success': False, 'both_native_ever': False, 'left_then_right_supported_steps': [206, None], 'supported_final': [True, False], 'control_steps': 1040, 'audit_generation': 'fresh_visibility_v3', 'active_agent_missing_branch_availability_protocol': 'drainer_compose_visible_empty_gt_v3', 'older_wrist_previous_None_causes_retrospectively_verified': False, 'original_episode_video': 'videos/BDRCOMP_039_ep000_fail.mp4', 'url': 'videos/BDRCOMP_039_ep000_fail.mp4', 'title': 'BDRCOMP_039 · ep000 · strict failure'}, {'task_id': 'BDRCOMP_039', 'episode_index': 1, 'strict_success': False, 'native_final_conjunction': False, 'native_ordered_final_success': False, 'both_native_ever': False, 'left_then_right_supported_steps': [248, None], 'supported_final': [True, False], 'control_steps': 1040, 'audit_generation': 'fresh_visibility_v3', 'active_agent_missing_branch_availability_protocol': 'drainer_compose_visible_empty_gt_v3', 'older_wrist_previous_None_causes_retrospectively_verified': False, 'original_episode_video': 'videos/BDRCOMP_039_ep001_fail.mp4', 'url': 'videos/BDRCOMP_039_ep001_fail.mp4', 'title': 'BDRCOMP_039 · ep001 · strict failure'}, {'task_id': 'BDRCOMP_039', 'episode_index': 2, 'strict_success': False, 'native_final_conjunction': False, 'native_ordered_final_success': False, 'both_native_ever': False, 'left_then_right_supported_steps': [None, None], 'supported_final': [False, False], 'control_steps': 1040, 'audit_generation': 'fresh_visibility_v3', 'active_agent_missing_branch_availability_protocol': 'drainer_compose_visible_empty_gt_v3', 'older_wrist_previous_None_causes_retrospectively_verified': False, 'original_episode_video': 'videos/BDRCOMP_039_ep002_fail.mp4', 'url': 'videos/BDRCOMP_039_ep002_fail.mp4', 'title': 'BDRCOMP_039 · ep002 · strict failure'}, {'task_id': 'BDRCOMP_039', 'episode_index': 3, 'strict_success': False, 'native_final_conjunction': False, 'native_ordered_final_success': False, 'both_native_ever': False, 'left_then_right_supported_steps': [256, None], 'supported_final': [True, False], 'control_steps': 1040, 'audit_generation': 'fresh_visibility_v3', 'active_agent_missing_branch_availability_protocol': 'drainer_compose_visible_empty_gt_v3', 'older_wrist_previous_None_causes_retrospectively_verified': False, 'original_episode_video': 'videos/BDRCOMP_039_ep003_fail.mp4', 'url': 'videos/BDRCOMP_039_ep003_fail.mp4', 'title': 'BDRCOMP_039 · ep003 · strict failure'}, {'task_id': 'BDRCOMP_039', 'episode_index': 4, 'strict_success': False, 'native_final_conjunction': False, 'native_ordered_final_success': False, 'both_native_ever': False, 'left_then_right_supported_steps': [284, None], 'supported_final': [True, False], 'control_steps': 1040, 'audit_generation': 'fresh_visibility_v3', 'active_agent_missing_branch_availability_protocol': 'drainer_compose_visible_empty_gt_v3', 'older_wrist_previous_None_causes_retrospectively_verified': False, 'original_episode_video': 'videos/BDRCOMP_039_ep004_fail.mp4', 'url': 'videos/BDRCOMP_039_ep004_fail.mp4', 'title': 'BDRCOMP_039 · ep004 · strict failure'}]
BDRCENS_271	BDRCOMP_040	LIBERO_OBJECT_10	Pick the orange juice and place it in the basket	orange_juice_1	orange_juice_1	butter_1	floor_target_object_region	floor_other_object_region_0	original_target_first	extension20	Pick the orange juice and place it in the left compartment of the bowl drainer, then pick the butter and place it in the right compartment of the bowl drainer.	7358ed7f00d2a7ba8a0e839ae49b7ae0bec60ea74bc4647a88a0fbfc96083e31	evaluated		0	5	definitions/BDRCENS_271.bddl	comparison/BDRCOMP_040.png	0	0	0	0	5	0	[{'task_id': 'BDRCOMP_040', 'episode_index': 0, 'strict_success': False, 'native_final_conjunction': False, 'native_ordered_final_success': False, 'both_native_ever': False, 'left_then_right_supported_steps': [None, None], 'supported_final': [False, False], 'control_steps': 1040, 'audit_generation': 'fresh_visibility_v3', 'active_agent_missing_branch_availability_protocol': 'drainer_compose_visible_empty_gt_v3', 'older_wrist_previous_None_causes_retrospectively_verified': False, 'original_episode_video': 'videos/BDRCOMP_040_ep000_fail.mp4', 'url': 'videos/BDRCOMP_040_ep000_fail.mp4', 'title': 'BDRCOMP_040 · ep000 · strict failure'}, {'task_id': 'BDRCOMP_040', 'episode_index': 1, 'strict_success': False, 'native_final_conjunction': False, 'native_ordered_final_success': False, 'both_native_ever': False, 'left_then_right_supported_steps': [None, None], 'supported_final': [False, False], 'control_steps': 1040, 'audit_generation': 'fresh_visibility_v3', 'active_agent_missing_branch_availability_protocol': 'drainer_compose_visible_empty_gt_v3', 'older_wrist_previous_None_causes_retrospectively_verified': False, 'original_episode_video': 'videos/BDRCOMP_040_ep001_fail.mp4', 'url': 'videos/BDRCOMP_040_ep001_fail.mp4', 'title': 'BDRCOMP_040 · ep001 · strict failure'}, {'task_id': 'BDRCOMP_040', 'episode_index': 2, 'strict_success': False, 'native_final_conjunction': False, 'native_ordered_final_success': False, 'both_native_ever': False, 'left_then_right_supported_steps': [None, None], 'supported_final': [False, False], 'control_steps': 1040, 'audit_generation': 'fresh_visibility_v3', 'active_agent_missing_branch_availability_protocol': 'drainer_compose_visible_empty_gt_v3', 'older_wrist_previous_None_causes_retrospectively_verified': False, 'original_episode_video': 'videos/BDRCOMP_040_ep002_fail.mp4', 'url': 'videos/BDRCOMP_040_ep002_fail.mp4', 'title': 'BDRCOMP_040 · ep002 · strict failure'}, {'task_id': 'BDRCOMP_040', 'episode_index': 3, 'strict_success': False, 'native_final_conjunction': False, 'native_ordered_final_success': False, 'both_native_ever': False, 'left_then_right_supported_steps': [None, None], 'supported_final': [False, False], 'control_steps': 1040, 'audit_generation': 'fresh_visibility_v3', 'active_agent_missing_branch_availability_protocol': 'drainer_compose_visible_empty_gt_v3', 'older_wrist_previous_None_causes_retrospectively_verified': False, 'original_episode_video': 'videos/BDRCOMP_040_ep003_fail.mp4', 'url': 'videos/BDRCOMP_040_ep003_fail.mp4', 'title': 'BDRCOMP_040 · ep003 · strict failure'}, {'task_id': 'BDRCOMP_040', 'episode_index': 4, 'strict_success': False, 'native_final_conjunction': False, 'native_ordered_final_success': False, 'both_native_ever': False, 'left_then_right_supported_steps': [None, None], 'supported_final': [False, False], 'control_steps': 1040, 'audit_generation': 'fresh_visibility_v3', 'active_agent_missing_branch_availability_protocol': 'drainer_compose_visible_empty_gt_v3', 'older_wrist_previous_None_causes_retrospectively_verified': False, 'original_episode_video': 'videos/BDRCOMP_040_ep004_fail.mp4', 'url': 'videos/BDRCOMP_040_ep004_fail.mp4', 'title': 'BDRCOMP_040 · ep004 · strict failure'}]
