task_id	family	semantic_subtasks	pure_composition	requires_transition	source_suite	source_task_id	source_task	original_instruction	new_instruction	goal_atom	physical_group	evidence_notes	init_states	action_plan_steps	comparison_png	bundle	canonical_task_signature
COMPOSE_001	X1_object_layout_four_to_basket	4	true	false	libero_object	301;303;302;308	pick_up_the_alphabet_soup_and_place_it_in_the_basket;pick_up_the_salad_dressing_and_place_it_in_the_basket;pick_up_the_cream_cheese_and_place_it_in_the_basket;pick_up_the_milk_and_place_it_in_the_basket	Pick the alphabet soup and place it in the basket | Pick the salad dressing and place it in the basket | Pick the cream cheese and place it in the basket | Pick the milk and place it in the basket	Put the alphabet soup, the salad dressing, the cream cheese box, and the milk in the basket one after another.	in(alphabet_soup_1, basket_1_contain_region); in(salad_dressing_1, basket_1_contain_region); in(cream_cheese_1, basket_1_contain_region); in(milk_1, basket_1_contain_region)	object4_pick_up_the_alphabet_soup_and_place_it_in_the_basket	Novel four-object extension of this exact stock Object layout; all C(6,4) subsets are enumerated. | All corresponding three-object identities were already screened in LiberoComposition and are not repeated. | Object identity has its own original LIBERO-Object pick-to-basket trajectory; its pose in the composite scene may differ. | Object identity has its own original LIBERO-Object pick-to-basket trajectory; its pose in the composite scene may differ. | Object identity has its own original LIBERO-Object pick-to-basket trajectory; its pose in the composite scene may differ. | Object identity has its own original LIBERO-Object pick-to-basket trajectory; its pose in the composite scene may differ.	5	8	comparison_png/COMPOSE_001__put_the_alphabet_soup_the_salad_dressing_the_cream_cheese_box_and_the_milk_in_the_basket_one_after_another.png	tasks/compose_001__put_the_alphabet_soup_the_salad_dressing_the_cream_cheese_box_and_the_milk_in_the_basket_one_after_another	composition|6f539a70682318de1f02e5e48d0094b8430bdd78cbc718ac1e7c89a9f51197fb|frozenset({in(alphabet_soup_1,basket_1_contain_region),in(cream_cheese_1,basket_1_contain_region),in(milk_1,basket_1_contain_region),in(salad_dressing_1,basket_1_contain_region)})
COMPOSE_002	X1_object_layout_four_to_basket	4	true	false	libero_object	301;303;302;306	pick_up_the_alphabet_soup_and_place_it_in_the_basket;pick_up_the_salad_dressing_and_place_it_in_the_basket;pick_up_the_cream_cheese_and_place_it_in_the_basket;pick_up_the_tomato_sauce_and_place_it_in_the_basket	Pick the alphabet soup and place it in the basket | Pick the salad dressing and place it in the basket | Pick the cream cheese and place it in the basket | Pick the tomato sauce and place it in the basket	Put the alphabet soup, the salad dressing, the cream cheese box, and the tomato sauce in the basket one after another.	in(alphabet_soup_1, basket_1_contain_region); in(salad_dressing_1, basket_1_contain_region); in(cream_cheese_1, basket_1_contain_region); in(tomato_sauce_1, basket_1_contain_region)	object4_pick_up_the_alphabet_soup_and_place_it_in_the_basket	Novel four-object extension of this exact stock Object layout; all C(6,4) subsets are enumerated. | All corresponding three-object identities were already screened in LiberoComposition and are not repeated. | Object identity has its own original LIBERO-Object pick-to-basket trajectory; its pose in the composite scene may differ. | Object identity has its own original LIBERO-Object pick-to-basket trajectory; its pose in the composite scene may differ. | Object identity has its own original LIBERO-Object pick-to-basket trajectory; its pose in the composite scene may differ. | Object identity has its own original LIBERO-Object pick-to-basket trajectory; its pose in the composite scene may differ.	5	8	comparison_png/COMPOSE_002__put_the_alphabet_soup_the_salad_dressing_the_cream_cheese_box_and_the_tomato_sauce_in_the_basket_one_after_another.png	tasks/compose_002__put_the_alphabet_soup_the_salad_dressing_the_cream_cheese_box_and_the_tomato_sauce_in_the_basket_one_after_another	composition|6f539a70682318de1f02e5e48d0094b8430bdd78cbc718ac1e7c89a9f51197fb|frozenset({in(alphabet_soup_1,basket_1_contain_region),in(cream_cheese_1,basket_1_contain_region),in(salad_dressing_1,basket_1_contain_region),in(tomato_sauce_1,basket_1_contain_region)})
COMPOSE_003	X1_object_layout_four_to_basket	4	true	false	libero_object	301;303;302;307	pick_up_the_alphabet_soup_and_place_it_in_the_basket;pick_up_the_salad_dressing_and_place_it_in_the_basket;pick_up_the_cream_cheese_and_place_it_in_the_basket;pick_up_the_butter_and_place_it_in_the_basket	Pick the alphabet soup and place it in the basket | Pick the salad dressing and place it in the basket | Pick the cream cheese and place it in the basket | Pick the butter and place it in the basket	Put the alphabet soup, the salad dressing, the cream cheese box, and the butter in the basket one after another.	in(alphabet_soup_1, basket_1_contain_region); in(salad_dressing_1, basket_1_contain_region); in(cream_cheese_1, basket_1_contain_region); in(butter_1, basket_1_contain_region)	object4_pick_up_the_alphabet_soup_and_place_it_in_the_basket	Novel four-object extension of this exact stock Object layout; all C(6,4) subsets are enumerated. | All corresponding three-object identities were already screened in LiberoComposition and are not repeated. | Object identity has its own original LIBERO-Object pick-to-basket trajectory; its pose in the composite scene may differ. | Object identity has its own original LIBERO-Object pick-to-basket trajectory; its pose in the composite scene may differ. | Object identity has its own original LIBERO-Object pick-to-basket trajectory; its pose in the composite scene may differ. | Object identity has its own original LIBERO-Object pick-to-basket trajectory; its pose in the composite scene may differ.	5	8	comparison_png/COMPOSE_003__put_the_alphabet_soup_the_salad_dressing_the_cream_cheese_box_and_the_butter_in_the_basket_one_after_another.png	tasks/compose_003__put_the_alphabet_soup_the_salad_dressing_the_cream_cheese_box_and_the_butter_in_the_basket_one_after_another	composition|6f539a70682318de1f02e5e48d0094b8430bdd78cbc718ac1e7c89a9f51197fb|frozenset({in(alphabet_soup_1,basket_1_contain_region),in(butter_1,basket_1_contain_region),in(cream_cheese_1,basket_1_contain_region),in(salad_dressing_1,basket_1_contain_region)})
COMPOSE_004	X1_object_layout_four_to_basket	4	true	false	libero_object	301;303;308;306	pick_up_the_alphabet_soup_and_place_it_in_the_basket;pick_up_the_salad_dressing_and_place_it_in_the_basket;pick_up_the_milk_and_place_it_in_the_basket;pick_up_the_tomato_sauce_and_place_it_in_the_basket	Pick the alphabet soup and place it in the basket | Pick the salad dressing and place it in the basket | Pick the milk and place it in the basket | Pick the tomato sauce and place it in the basket	Put the alphabet soup, the salad dressing, the milk, and the tomato sauce in the basket one after another.	in(alphabet_soup_1, basket_1_contain_region); in(salad_dressing_1, basket_1_contain_region); in(milk_1, basket_1_contain_region); in(tomato_sauce_1, basket_1_contain_region)	object4_pick_up_the_alphabet_soup_and_place_it_in_the_basket	Novel four-object extension of this exact stock Object layout; all C(6,4) subsets are enumerated. | All corresponding three-object identities were already screened in LiberoComposition and are not repeated. | Object identity has its own original LIBERO-Object pick-to-basket trajectory; its pose in the composite scene may differ. | Object identity has its own original LIBERO-Object pick-to-basket trajectory; its pose in the composite scene may differ. | Object identity has its own original LIBERO-Object pick-to-basket trajectory; its pose in the composite scene may differ. | Object identity has its own original LIBERO-Object pick-to-basket trajectory; its pose in the composite scene may differ.	5	8	comparison_png/COMPOSE_004__put_the_alphabet_soup_the_salad_dressing_the_milk_and_the_tomato_sauce_in_the_basket_one_after_another.png	tasks/compose_004__put_the_alphabet_soup_the_salad_dressing_the_milk_and_the_tomato_sauce_in_the_basket_one_after_another	composition|6f539a70682318de1f02e5e48d0094b8430bdd78cbc718ac1e7c89a9f51197fb|frozenset({in(alphabet_soup_1,basket_1_contain_region),in(milk_1,basket_1_contain_region),in(salad_dressing_1,basket_1_contain_region),in(tomato_sauce_1,basket_1_contain_region)})
COMPOSE_005	X1_object_layout_four_to_basket	4	true	false	libero_object	301;303;308;307	pick_up_the_alphabet_soup_and_place_it_in_the_basket;pick_up_the_salad_dressing_and_place_it_in_the_basket;pick_up_the_milk_and_place_it_in_the_basket;pick_up_the_butter_and_place_it_in_the_basket	Pick the alphabet soup and place it in the basket | Pick the salad dressing and place it in the basket | Pick the milk and place it in the basket | Pick the butter and place it in the basket	Put the alphabet soup, the salad dressing, the milk, and the butter in the basket one after another.	in(alphabet_soup_1, basket_1_contain_region); in(salad_dressing_1, basket_1_contain_region); in(milk_1, basket_1_contain_region); in(butter_1, basket_1_contain_region)	object4_pick_up_the_alphabet_soup_and_place_it_in_the_basket	Novel four-object extension of this exact stock Object layout; all C(6,4) subsets are enumerated. | All corresponding three-object identities were already screened in LiberoComposition and are not repeated. | Object identity has its own original LIBERO-Object pick-to-basket trajectory; its pose in the composite scene may differ. | Object identity has its own original LIBERO-Object pick-to-basket trajectory; its pose in the composite scene may differ. | Object identity has its own original LIBERO-Object pick-to-basket trajectory; its pose in the composite scene may differ. | Object identity has its own original LIBERO-Object pick-to-basket trajectory; its pose in the composite scene may differ.	5	8	comparison_png/COMPOSE_005__put_the_alphabet_soup_the_salad_dressing_the_milk_and_the_butter_in_the_basket_one_after_another.png	tasks/compose_005__put_the_alphabet_soup_the_salad_dressing_the_milk_and_the_butter_in_the_basket_one_after_another	composition|6f539a70682318de1f02e5e48d0094b8430bdd78cbc718ac1e7c89a9f51197fb|frozenset({in(alphabet_soup_1,basket_1_contain_region),in(butter_1,basket_1_contain_region),in(milk_1,basket_1_contain_region),in(salad_dressing_1,basket_1_contain_region)})
COMPOSE_006	X1_object_layout_four_to_basket	4	true	false	libero_object	301;303;306;307	pick_up_the_alphabet_soup_and_place_it_in_the_basket;pick_up_the_salad_dressing_and_place_it_in_the_basket;pick_up_the_tomato_sauce_and_place_it_in_the_basket;pick_up_the_butter_and_place_it_in_the_basket	Pick the alphabet soup and place it in the basket | Pick the salad dressing and place it in the basket | Pick the tomato sauce and place it in the basket | Pick the butter and place it in the basket	Put the alphabet soup, the salad dressing, the tomato sauce, and the butter in the basket one after another.	in(alphabet_soup_1, basket_1_contain_region); in(salad_dressing_1, basket_1_contain_region); in(tomato_sauce_1, basket_1_contain_region); in(butter_1, basket_1_contain_region)	object4_pick_up_the_alphabet_soup_and_place_it_in_the_basket	Novel four-object extension of this exact stock Object layout; all C(6,4) subsets are enumerated. | All corresponding three-object identities were already screened in LiberoComposition and are not repeated. | Object identity has its own original LIBERO-Object pick-to-basket trajectory; its pose in the composite scene may differ. | Object identity has its own original LIBERO-Object pick-to-basket trajectory; its pose in the composite scene may differ. | Object identity has its own original LIBERO-Object pick-to-basket trajectory; its pose in the composite scene may differ. | Object identity has its own original LIBERO-Object pick-to-basket trajectory; its pose in the composite scene may differ.	5	8	comparison_png/COMPOSE_006__put_the_alphabet_soup_the_salad_dressing_the_tomato_sauce_and_the_butter_in_the_basket_one_after_another.png	tasks/compose_006__put_the_alphabet_soup_the_salad_dressing_the_tomato_sauce_and_the_butter_in_the_basket_one_after_another	composition|6f539a70682318de1f02e5e48d0094b8430bdd78cbc718ac1e7c89a9f51197fb|frozenset({in(alphabet_soup_1,basket_1_contain_region),in(butter_1,basket_1_contain_region),in(salad_dressing_1,basket_1_contain_region),in(tomato_sauce_1,basket_1_contain_region)})
COMPOSE_007	X1_object_layout_four_to_basket	4	true	false	libero_object	301;302;308;306	pick_up_the_alphabet_soup_and_place_it_in_the_basket;pick_up_the_cream_cheese_and_place_it_in_the_basket;pick_up_the_milk_and_place_it_in_the_basket;pick_up_the_tomato_sauce_and_place_it_in_the_basket	Pick the alphabet soup and place it in the basket | Pick the cream cheese and place it in the basket | Pick the milk and place it in the basket | Pick the tomato sauce and place it in the basket	Put the alphabet soup, the cream cheese box, the milk, and the tomato sauce in the basket one after another.	in(alphabet_soup_1, basket_1_contain_region); in(cream_cheese_1, basket_1_contain_region); in(milk_1, basket_1_contain_region); in(tomato_sauce_1, basket_1_contain_region)	object4_pick_up_the_alphabet_soup_and_place_it_in_the_basket	Novel four-object extension of this exact stock Object layout; all C(6,4) subsets are enumerated. | All corresponding three-object identities were already screened in LiberoComposition and are not repeated. | Object identity has its own original LIBERO-Object pick-to-basket trajectory; its pose in the composite scene may differ. | Object identity has its own original LIBERO-Object pick-to-basket trajectory; its pose in the composite scene may differ. | Object identity has its own original LIBERO-Object pick-to-basket trajectory; its pose in the composite scene may differ. | Object identity has its own original LIBERO-Object pick-to-basket trajectory; its pose in the composite scene may differ.	5	8	comparison_png/COMPOSE_007__put_the_alphabet_soup_the_cream_cheese_box_the_milk_and_the_tomato_sauce_in_the_basket_one_after_another.png	tasks/compose_007__put_the_alphabet_soup_the_cream_cheese_box_the_milk_and_the_tomato_sauce_in_the_basket_one_after_another	composition|6f539a70682318de1f02e5e48d0094b8430bdd78cbc718ac1e7c89a9f51197fb|frozenset({in(alphabet_soup_1,basket_1_contain_region),in(cream_cheese_1,basket_1_contain_region),in(milk_1,basket_1_contain_region),in(tomato_sauce_1,basket_1_contain_region)})
COMPOSE_008	X1_object_layout_four_to_basket	4	true	false	libero_object	301;302;308;307	pick_up_the_alphabet_soup_and_place_it_in_the_basket;pick_up_the_cream_cheese_and_place_it_in_the_basket;pick_up_the_milk_and_place_it_in_the_basket;pick_up_the_butter_and_place_it_in_the_basket	Pick the alphabet soup and place it in the basket | Pick the cream cheese and place it in the basket | Pick the milk and place it in the basket | Pick the butter and place it in the basket	Put the alphabet soup, the cream cheese box, the milk, and the butter in the basket one after another.	in(alphabet_soup_1, basket_1_contain_region); in(cream_cheese_1, basket_1_contain_region); in(milk_1, basket_1_contain_region); in(butter_1, basket_1_contain_region)	object4_pick_up_the_alphabet_soup_and_place_it_in_the_basket	Novel four-object extension of this exact stock Object layout; all C(6,4) subsets are enumerated. | All corresponding three-object identities were already screened in LiberoComposition and are not repeated. | Object identity has its own original LIBERO-Object pick-to-basket trajectory; its pose in the composite scene may differ. | Object identity has its own original LIBERO-Object pick-to-basket trajectory; its pose in the composite scene may differ. | Object identity has its own original LIBERO-Object pick-to-basket trajectory; its pose in the composite scene may differ. | Object identity has its own original LIBERO-Object pick-to-basket trajectory; its pose in the composite scene may differ.	5	8	comparison_png/COMPOSE_008__put_the_alphabet_soup_the_cream_cheese_box_the_milk_and_the_butter_in_the_basket_one_after_another.png	tasks/compose_008__put_the_alphabet_soup_the_cream_cheese_box_the_milk_and_the_butter_in_the_basket_one_after_another	composition|6f539a70682318de1f02e5e48d0094b8430bdd78cbc718ac1e7c89a9f51197fb|frozenset({in(alphabet_soup_1,basket_1_contain_region),in(butter_1,basket_1_contain_region),in(cream_cheese_1,basket_1_contain_region),in(milk_1,basket_1_contain_region)})
COMPOSE_009	X1_object_layout_four_to_basket	4	true	false	libero_object	301;302;306;307	pick_up_the_alphabet_soup_and_place_it_in_the_basket;pick_up_the_cream_cheese_and_place_it_in_the_basket;pick_up_the_tomato_sauce_and_place_it_in_the_basket;pick_up_the_butter_and_place_it_in_the_basket	Pick the alphabet soup and place it in the basket | Pick the cream cheese and place it in the basket | Pick the tomato sauce and place it in the basket | Pick the butter and place it in the basket	Put the alphabet soup, the cream cheese box, the tomato sauce, and the butter in the basket one after another.	in(alphabet_soup_1, basket_1_contain_region); in(cream_cheese_1, basket_1_contain_region); in(tomato_sauce_1, basket_1_contain_region); in(butter_1, basket_1_contain_region)	object4_pick_up_the_alphabet_soup_and_place_it_in_the_basket	Novel four-object extension of this exact stock Object layout; all C(6,4) subsets are enumerated. | All corresponding three-object identities were already screened in LiberoComposition and are not repeated. | Object identity has its own original LIBERO-Object pick-to-basket trajectory; its pose in the composite scene may differ. | Object identity has its own original LIBERO-Object pick-to-basket trajectory; its pose in the composite scene may differ. | Object identity has its own original LIBERO-Object pick-to-basket trajectory; its pose in the composite scene may differ. | Object identity has its own original LIBERO-Object pick-to-basket trajectory; its pose in the composite scene may differ.	5	8	comparison_png/COMPOSE_009__put_the_alphabet_soup_the_cream_cheese_box_the_tomato_sauce_and_the_butter_in_the_basket_one_after_another.png	tasks/compose_009__put_the_alphabet_soup_the_cream_cheese_box_the_tomato_sauce_and_the_butter_in_the_basket_one_after_another	composition|6f539a70682318de1f02e5e48d0094b8430bdd78cbc718ac1e7c89a9f51197fb|frozenset({in(alphabet_soup_1,basket_1_contain_region),in(butter_1,basket_1_contain_region),in(cream_cheese_1,basket_1_contain_region),in(tomato_sauce_1,basket_1_contain_region)})
COMPOSE_010	X1_object_layout_four_to_basket	4	true	false	libero_object	301;308;306;307	pick_up_the_alphabet_soup_and_place_it_in_the_basket;pick_up_the_milk_and_place_it_in_the_basket;pick_up_the_tomato_sauce_and_place_it_in_the_basket;pick_up_the_butter_and_place_it_in_the_basket	Pick the alphabet soup and place it in the basket | Pick the milk and place it in the basket | Pick the tomato sauce and place it in the basket | Pick the butter and place it in the basket	Put the alphabet soup, the milk, the tomato sauce, and the butter in the basket one after another.	in(alphabet_soup_1, basket_1_contain_region); in(milk_1, basket_1_contain_region); in(tomato_sauce_1, basket_1_contain_region); in(butter_1, basket_1_contain_region)	object4_pick_up_the_alphabet_soup_and_place_it_in_the_basket	Novel four-object extension of this exact stock Object layout; all C(6,4) subsets are enumerated. | All corresponding three-object identities were already screened in LiberoComposition and are not repeated. | Object identity has its own original LIBERO-Object pick-to-basket trajectory; its pose in the composite scene may differ. | Object identity has its own original LIBERO-Object pick-to-basket trajectory; its pose in the composite scene may differ. | Object identity has its own original LIBERO-Object pick-to-basket trajectory; its pose in the composite scene may differ. | Object identity has its own original LIBERO-Object pick-to-basket trajectory; its pose in the composite scene may differ.	5	8	comparison_png/COMPOSE_010__put_the_alphabet_soup_the_milk_the_tomato_sauce_and_the_butter_in_the_basket_one_after_another.png	tasks/compose_010__put_the_alphabet_soup_the_milk_the_tomato_sauce_and_the_butter_in_the_basket_one_after_another	composition|6f539a70682318de1f02e5e48d0094b8430bdd78cbc718ac1e7c89a9f51197fb|frozenset({in(alphabet_soup_1,basket_1_contain_region),in(butter_1,basket_1_contain_region),in(milk_1,basket_1_contain_region),in(tomato_sauce_1,basket_1_contain_region)})
COMPOSE_011	X1_object_layout_four_to_basket	4	true	false	libero_object	303;302;308;306	pick_up_the_salad_dressing_and_place_it_in_the_basket;pick_up_the_cream_cheese_and_place_it_in_the_basket;pick_up_the_milk_and_place_it_in_the_basket;pick_up_the_tomato_sauce_and_place_it_in_the_basket	Pick the salad dressing and place it in the basket | Pick the cream cheese and place it in the basket | Pick the milk and place it in the basket | Pick the tomato sauce and place it in the basket	Put the salad dressing, the cream cheese box, the milk, and the tomato sauce in the basket one after another.	in(salad_dressing_1, basket_1_contain_region); in(cream_cheese_1, basket_1_contain_region); in(milk_1, basket_1_contain_region); in(tomato_sauce_1, basket_1_contain_region)	object4_pick_up_the_alphabet_soup_and_place_it_in_the_basket	Novel four-object extension of this exact stock Object layout; all C(6,4) subsets are enumerated. | All corresponding three-object identities were already screened in LiberoComposition and are not repeated. | Object identity has its own original LIBERO-Object pick-to-basket trajectory; its pose in the composite scene may differ. | Object identity has its own original LIBERO-Object pick-to-basket trajectory; its pose in the composite scene may differ. | Object identity has its own original LIBERO-Object pick-to-basket trajectory; its pose in the composite scene may differ. | Object identity has its own original LIBERO-Object pick-to-basket trajectory; its pose in the composite scene may differ.	5	8	comparison_png/COMPOSE_011__put_the_salad_dressing_the_cream_cheese_box_the_milk_and_the_tomato_sauce_in_the_basket_one_after_another.png	tasks/compose_011__put_the_salad_dressing_the_cream_cheese_box_the_milk_and_the_tomato_sauce_in_the_basket_one_after_another	composition|6f539a70682318de1f02e5e48d0094b8430bdd78cbc718ac1e7c89a9f51197fb|frozenset({in(cream_cheese_1,basket_1_contain_region),in(milk_1,basket_1_contain_region),in(salad_dressing_1,basket_1_contain_region),in(tomato_sauce_1,basket_1_contain_region)})
COMPOSE_012	X1_object_layout_four_to_basket	4	true	false	libero_object	303;302;308;307	pick_up_the_salad_dressing_and_place_it_in_the_basket;pick_up_the_cream_cheese_and_place_it_in_the_basket;pick_up_the_milk_and_place_it_in_the_basket;pick_up_the_butter_and_place_it_in_the_basket	Pick the salad dressing and place it in the basket | Pick the cream cheese and place it in the basket | Pick the milk and place it in the basket | Pick the butter and place it in the basket	Put the salad dressing, the cream cheese box, the milk, and the butter in the basket one after another.	in(salad_dressing_1, basket_1_contain_region); in(cream_cheese_1, basket_1_contain_region); in(milk_1, basket_1_contain_region); in(butter_1, basket_1_contain_region)	object4_pick_up_the_alphabet_soup_and_place_it_in_the_basket	Novel four-object extension of this exact stock Object layout; all C(6,4) subsets are enumerated. | All corresponding three-object identities were already screened in LiberoComposition and are not repeated. | Object identity has its own original LIBERO-Object pick-to-basket trajectory; its pose in the composite scene may differ. | Object identity has its own original LIBERO-Object pick-to-basket trajectory; its pose in the composite scene may differ. | Object identity has its own original LIBERO-Object pick-to-basket trajectory; its pose in the composite scene may differ. | Object identity has its own original LIBERO-Object pick-to-basket trajectory; its pose in the composite scene may differ.	5	8	comparison_png/COMPOSE_012__put_the_salad_dressing_the_cream_cheese_box_the_milk_and_the_butter_in_the_basket_one_after_another.png	tasks/compose_012__put_the_salad_dressing_the_cream_cheese_box_the_milk_and_the_butter_in_the_basket_one_after_another	composition|6f539a70682318de1f02e5e48d0094b8430bdd78cbc718ac1e7c89a9f51197fb|frozenset({in(butter_1,basket_1_contain_region),in(cream_cheese_1,basket_1_contain_region),in(milk_1,basket_1_contain_region),in(salad_dressing_1,basket_1_contain_region)})
COMPOSE_013	X1_object_layout_four_to_basket	4	true	false	libero_object	303;302;306;307	pick_up_the_salad_dressing_and_place_it_in_the_basket;pick_up_the_cream_cheese_and_place_it_in_the_basket;pick_up_the_tomato_sauce_and_place_it_in_the_basket;pick_up_the_butter_and_place_it_in_the_basket	Pick the salad dressing and place it in the basket | Pick the cream cheese and place it in the basket | Pick the tomato sauce and place it in the basket | Pick the butter and place it in the basket	Put the salad dressing, the cream cheese box, the tomato sauce, and the butter in the basket one after another.	in(salad_dressing_1, basket_1_contain_region); in(cream_cheese_1, basket_1_contain_region); in(tomato_sauce_1, basket_1_contain_region); in(butter_1, basket_1_contain_region)	object4_pick_up_the_alphabet_soup_and_place_it_in_the_basket	Novel four-object extension of this exact stock Object layout; all C(6,4) subsets are enumerated. | All corresponding three-object identities were already screened in LiberoComposition and are not repeated. | Object identity has its own original LIBERO-Object pick-to-basket trajectory; its pose in the composite scene may differ. | Object identity has its own original LIBERO-Object pick-to-basket trajectory; its pose in the composite scene may differ. | Object identity has its own original LIBERO-Object pick-to-basket trajectory; its pose in the composite scene may differ. | Object identity has its own original LIBERO-Object pick-to-basket trajectory; its pose in the composite scene may differ.	5	8	comparison_png/COMPOSE_013__put_the_salad_dressing_the_cream_cheese_box_the_tomato_sauce_and_the_butter_in_the_basket_one_after_another.png	tasks/compose_013__put_the_salad_dressing_the_cream_cheese_box_the_tomato_sauce_and_the_butter_in_the_basket_one_after_another	composition|6f539a70682318de1f02e5e48d0094b8430bdd78cbc718ac1e7c89a9f51197fb|frozenset({in(butter_1,basket_1_contain_region),in(cream_cheese_1,basket_1_contain_region),in(salad_dressing_1,basket_1_contain_region),in(tomato_sauce_1,basket_1_contain_region)})
COMPOSE_014	X1_object_layout_four_to_basket	4	true	false	libero_object	303;308;306;307	pick_up_the_salad_dressing_and_place_it_in_the_basket;pick_up_the_milk_and_place_it_in_the_basket;pick_up_the_tomato_sauce_and_place_it_in_the_basket;pick_up_the_butter_and_place_it_in_the_basket	Pick the salad dressing and place it in the basket | Pick the milk and place it in the basket | Pick the tomato sauce and place it in the basket | Pick the butter and place it in the basket	Put the salad dressing, the milk, the tomato sauce, and the butter in the basket one after another.	in(salad_dressing_1, basket_1_contain_region); in(milk_1, basket_1_contain_region); in(tomato_sauce_1, basket_1_contain_region); in(butter_1, basket_1_contain_region)	object4_pick_up_the_alphabet_soup_and_place_it_in_the_basket	Novel four-object extension of this exact stock Object layout; all C(6,4) subsets are enumerated. | All corresponding three-object identities were already screened in LiberoComposition and are not repeated. | Object identity has its own original LIBERO-Object pick-to-basket trajectory; its pose in the composite scene may differ. | Object identity has its own original LIBERO-Object pick-to-basket trajectory; its pose in the composite scene may differ. | Object identity has its own original LIBERO-Object pick-to-basket trajectory; its pose in the composite scene may differ. | Object identity has its own original LIBERO-Object pick-to-basket trajectory; its pose in the composite scene may differ.	5	8	comparison_png/COMPOSE_014__put_the_salad_dressing_the_milk_the_tomato_sauce_and_the_butter_in_the_basket_one_after_another.png	tasks/compose_014__put_the_salad_dressing_the_milk_the_tomato_sauce_and_the_butter_in_the_basket_one_after_another	composition|6f539a70682318de1f02e5e48d0094b8430bdd78cbc718ac1e7c89a9f51197fb|frozenset({in(butter_1,basket_1_contain_region),in(milk_1,basket_1_contain_region),in(salad_dressing_1,basket_1_contain_region),in(tomato_sauce_1,basket_1_contain_region)})
COMPOSE_015	X1_object_layout_four_to_basket	4	true	false	libero_object	302;308;306;307	pick_up_the_cream_cheese_and_place_it_in_the_basket;pick_up_the_milk_and_place_it_in_the_basket;pick_up_the_tomato_sauce_and_place_it_in_the_basket;pick_up_the_butter_and_place_it_in_the_basket	Pick the cream cheese and place it in the basket | Pick the milk and place it in the basket | Pick the tomato sauce and place it in the basket | Pick the butter and place it in the basket	Put the cream cheese box, the milk, the tomato sauce, and the butter in the basket one after another.	in(cream_cheese_1, basket_1_contain_region); in(milk_1, basket_1_contain_region); in(tomato_sauce_1, basket_1_contain_region); in(butter_1, basket_1_contain_region)	object4_pick_up_the_alphabet_soup_and_place_it_in_the_basket	Novel four-object extension of this exact stock Object layout; all C(6,4) subsets are enumerated. | All corresponding three-object identities were already screened in LiberoComposition and are not repeated. | Object identity has its own original LIBERO-Object pick-to-basket trajectory; its pose in the composite scene may differ. | Object identity has its own original LIBERO-Object pick-to-basket trajectory; its pose in the composite scene may differ. | Object identity has its own original LIBERO-Object pick-to-basket trajectory; its pose in the composite scene may differ. | Object identity has its own original LIBERO-Object pick-to-basket trajectory; its pose in the composite scene may differ.	5	8	comparison_png/COMPOSE_015__put_the_cream_cheese_box_the_milk_the_tomato_sauce_and_the_butter_in_the_basket_one_after_another.png	tasks/compose_015__put_the_cream_cheese_box_the_milk_the_tomato_sauce_and_the_butter_in_the_basket_one_after_another	composition|6f539a70682318de1f02e5e48d0094b8430bdd78cbc718ac1e7c89a9f51197fb|frozenset({in(butter_1,basket_1_contain_region),in(cream_cheese_1,basket_1_contain_region),in(milk_1,basket_1_contain_region),in(tomato_sauce_1,basket_1_contain_region)})
COMPOSE_016	X1_object_layout_four_to_basket	4	true	false	libero_object	304;309;305;303	pick_up_the_bbq_sauce_and_place_it_in_the_basket;pick_up_the_chocolate_pudding_and_place_it_in_the_basket;pick_up_the_ketchup_and_place_it_in_the_basket;pick_up_the_salad_dressing_and_place_it_in_the_basket	Pick the bbq sauce and place it in the basket | Pick the chocolate pudding and place it in the basket | Pick the ketchup and place it in the basket | Pick the salad dressing and place it in the basket	Put the bbq sauce, the chocolate pudding, the ketchup, and the salad dressing in the basket one after another.	in(bbq_sauce_1, basket_1_contain_region); in(chocolate_pudding_1, basket_1_contain_region); in(ketchup_1, basket_1_contain_region); in(salad_dressing_1, basket_1_contain_region)	object4_pick_up_the_bbq_sauce_and_place_it_in_the_basket	Novel four-object extension of this exact stock Object layout; all C(6,4) subsets are enumerated. | All corresponding three-object identities were already screened in LiberoComposition and are not repeated. | Object identity has its own original LIBERO-Object pick-to-basket trajectory; its pose in the composite scene may differ. | Object identity has its own original LIBERO-Object pick-to-basket trajectory; its pose in the composite scene may differ. | Object identity has its own original LIBERO-Object pick-to-basket trajectory; its pose in the composite scene may differ. | Object identity has its own original LIBERO-Object pick-to-basket trajectory; its pose in the composite scene may differ.	5	8	comparison_png/COMPOSE_016__put_the_bbq_sauce_the_chocolate_pudding_the_ketchup_and_the_salad_dressing_in_the_basket_one_after_another.png	tasks/compose_016__put_the_bbq_sauce_the_chocolate_pudding_the_ketchup_and_the_salad_dressing_in_the_basket_one_after_another	composition|c18a735ec83354055ea586c6620d26ab9d9462fcb9bfe6545edcd6a656426093|frozenset({in(bbq_sauce_1,basket_1_contain_region),in(chocolate_pudding_1,basket_1_contain_region),in(ketchup_1,basket_1_contain_region),in(salad_dressing_1,basket_1_contain_region)})
COMPOSE_017	X1_object_layout_four_to_basket	4	true	false	libero_object	304;309;305;301	pick_up_the_bbq_sauce_and_place_it_in_the_basket;pick_up_the_chocolate_pudding_and_place_it_in_the_basket;pick_up_the_ketchup_and_place_it_in_the_basket;pick_up_the_alphabet_soup_and_place_it_in_the_basket	Pick the bbq sauce and place it in the basket | Pick the chocolate pudding and place it in the basket | Pick the ketchup and place it in the basket | Pick the alphabet soup and place it in the basket	Put the bbq sauce, the chocolate pudding, the ketchup, and the alphabet soup in the basket one after another.	in(bbq_sauce_1, basket_1_contain_region); in(chocolate_pudding_1, basket_1_contain_region); in(ketchup_1, basket_1_contain_region); in(alphabet_soup_1, basket_1_contain_region)	object4_pick_up_the_bbq_sauce_and_place_it_in_the_basket	Novel four-object extension of this exact stock Object layout; all C(6,4) subsets are enumerated. | All corresponding three-object identities were already screened in LiberoComposition and are not repeated. | Object identity has its own original LIBERO-Object pick-to-basket trajectory; its pose in the composite scene may differ. | Object identity has its own original LIBERO-Object pick-to-basket trajectory; its pose in the composite scene may differ. | Object identity has its own original LIBERO-Object pick-to-basket trajectory; its pose in the composite scene may differ. | Object identity has its own original LIBERO-Object pick-to-basket trajectory; its pose in the composite scene may differ.	5	8	comparison_png/COMPOSE_017__put_the_bbq_sauce_the_chocolate_pudding_the_ketchup_and_the_alphabet_soup_in_the_basket_one_after_another.png	tasks/compose_017__put_the_bbq_sauce_the_chocolate_pudding_the_ketchup_and_the_alphabet_soup_in_the_basket_one_after_another	composition|c18a735ec83354055ea586c6620d26ab9d9462fcb9bfe6545edcd6a656426093|frozenset({in(alphabet_soup_1,basket_1_contain_region),in(bbq_sauce_1,basket_1_contain_region),in(chocolate_pudding_1,basket_1_contain_region),in(ketchup_1,basket_1_contain_region)})
COMPOSE_018	X1_object_layout_four_to_basket	4	true	false	libero_object	304;309;305;302	pick_up_the_bbq_sauce_and_place_it_in_the_basket;pick_up_the_chocolate_pudding_and_place_it_in_the_basket;pick_up_the_ketchup_and_place_it_in_the_basket;pick_up_the_cream_cheese_and_place_it_in_the_basket	Pick the bbq sauce and place it in the basket | Pick the chocolate pudding and place it in the basket | Pick the ketchup and place it in the basket | Pick the cream cheese and place it in the basket	Put the bbq sauce, the chocolate pudding, the ketchup, and the cream cheese box in the basket one after another.	in(bbq_sauce_1, basket_1_contain_region); in(chocolate_pudding_1, basket_1_contain_region); in(ketchup_1, basket_1_contain_region); in(cream_cheese_1, basket_1_contain_region)	object4_pick_up_the_bbq_sauce_and_place_it_in_the_basket	Novel four-object extension of this exact stock Object layout; all C(6,4) subsets are enumerated. | All corresponding three-object identities were already screened in LiberoComposition and are not repeated. | Object identity has its own original LIBERO-Object pick-to-basket trajectory; its pose in the composite scene may differ. | Object identity has its own original LIBERO-Object pick-to-basket trajectory; its pose in the composite scene may differ. | Object identity has its own original LIBERO-Object pick-to-basket trajectory; its pose in the composite scene may differ. | Object identity has its own original LIBERO-Object pick-to-basket trajectory; its pose in the composite scene may differ.	5	8	comparison_png/COMPOSE_018__put_the_bbq_sauce_the_chocolate_pudding_the_ketchup_and_the_cream_cheese_box_in_the_basket_one_after_another.png	tasks/compose_018__put_the_bbq_sauce_the_chocolate_pudding_the_ketchup_and_the_cream_cheese_box_in_the_basket_one_after_another	composition|c18a735ec83354055ea586c6620d26ab9d9462fcb9bfe6545edcd6a656426093|frozenset({in(bbq_sauce_1,basket_1_contain_region),in(chocolate_pudding_1,basket_1_contain_region),in(cream_cheese_1,basket_1_contain_region),in(ketchup_1,basket_1_contain_region)})
COMPOSE_019	X1_object_layout_four_to_basket	4	true	false	libero_object	304;309;303;301	pick_up_the_bbq_sauce_and_place_it_in_the_basket;pick_up_the_chocolate_pudding_and_place_it_in_the_basket;pick_up_the_salad_dressing_and_place_it_in_the_basket;pick_up_the_alphabet_soup_and_place_it_in_the_basket	Pick the bbq sauce and place it in the basket | Pick the chocolate pudding and place it in the basket | Pick the salad dressing and place it in the basket | Pick the alphabet soup and place it in the basket	Put the bbq sauce, the chocolate pudding, the salad dressing, and the alphabet soup in the basket one after another.	in(bbq_sauce_1, basket_1_contain_region); in(chocolate_pudding_1, basket_1_contain_region); in(salad_dressing_1, basket_1_contain_region); in(alphabet_soup_1, basket_1_contain_region)	object4_pick_up_the_bbq_sauce_and_place_it_in_the_basket	Novel four-object extension of this exact stock Object layout; all C(6,4) subsets are enumerated. | All corresponding three-object identities were already screened in LiberoComposition and are not repeated. | Object identity has its own original LIBERO-Object pick-to-basket trajectory; its pose in the composite scene may differ. | Object identity has its own original LIBERO-Object pick-to-basket trajectory; its pose in the composite scene may differ. | Object identity has its own original LIBERO-Object pick-to-basket trajectory; its pose in the composite scene may differ. | Object identity has its own original LIBERO-Object pick-to-basket trajectory; its pose in the composite scene may differ.	5	8	comparison_png/COMPOSE_019__put_the_bbq_sauce_the_chocolate_pudding_the_salad_dressing_and_the_alphabet_soup_in_the_basket_one_after_another.png	tasks/compose_019__put_the_bbq_sauce_the_chocolate_pudding_the_salad_dressing_and_the_alphabet_soup_in_the_basket_one_after_another	composition|c18a735ec83354055ea586c6620d26ab9d9462fcb9bfe6545edcd6a656426093|frozenset({in(alphabet_soup_1,basket_1_contain_region),in(bbq_sauce_1,basket_1_contain_region),in(chocolate_pudding_1,basket_1_contain_region),in(salad_dressing_1,basket_1_contain_region)})
COMPOSE_020	X1_object_layout_four_to_basket	4	true	false	libero_object	304;309;303;302	pick_up_the_bbq_sauce_and_place_it_in_the_basket;pick_up_the_chocolate_pudding_and_place_it_in_the_basket;pick_up_the_salad_dressing_and_place_it_in_the_basket;pick_up_the_cream_cheese_and_place_it_in_the_basket	Pick the bbq sauce and place it in the basket | Pick the chocolate pudding and place it in the basket | Pick the salad dressing and place it in the basket | Pick the cream cheese and place it in the basket	Put the bbq sauce, the chocolate pudding, the salad dressing, and the cream cheese box in the basket one after another.	in(bbq_sauce_1, basket_1_contain_region); in(chocolate_pudding_1, basket_1_contain_region); in(salad_dressing_1, basket_1_contain_region); in(cream_cheese_1, basket_1_contain_region)	object4_pick_up_the_bbq_sauce_and_place_it_in_the_basket	Novel four-object extension of this exact stock Object layout; all C(6,4) subsets are enumerated. | All corresponding three-object identities were already screened in LiberoComposition and are not repeated. | Object identity has its own original LIBERO-Object pick-to-basket trajectory; its pose in the composite scene may differ. | Object identity has its own original LIBERO-Object pick-to-basket trajectory; its pose in the composite scene may differ. | Object identity has its own original LIBERO-Object pick-to-basket trajectory; its pose in the composite scene may differ. | Object identity has its own original LIBERO-Object pick-to-basket trajectory; its pose in the composite scene may differ.	5	8	comparison_png/COMPOSE_020__put_the_bbq_sauce_the_chocolate_pudding_the_salad_dressing_and_the_cream_cheese_box_in_the_basket_one_after_another.png	tasks/compose_020__put_the_bbq_sauce_the_chocolate_pudding_the_salad_dressing_and_the_cream_cheese_box_in_the_basket_one_after_another	composition|c18a735ec83354055ea586c6620d26ab9d9462fcb9bfe6545edcd6a656426093|frozenset({in(bbq_sauce_1,basket_1_contain_region),in(chocolate_pudding_1,basket_1_contain_region),in(cream_cheese_1,basket_1_contain_region),in(salad_dressing_1,basket_1_contain_region)})
COMPOSE_021	X1_object_layout_four_to_basket	4	true	false	libero_object	304;309;301;302	pick_up_the_bbq_sauce_and_place_it_in_the_basket;pick_up_the_chocolate_pudding_and_place_it_in_the_basket;pick_up_the_alphabet_soup_and_place_it_in_the_basket;pick_up_the_cream_cheese_and_place_it_in_the_basket	Pick the bbq sauce and place it in the basket | Pick the chocolate pudding and place it in the basket | Pick the alphabet soup and place it in the basket | Pick the cream cheese and place it in the basket	Put the bbq sauce, the chocolate pudding, the alphabet soup, and the cream cheese box in the basket one after another.	in(bbq_sauce_1, basket_1_contain_region); in(chocolate_pudding_1, basket_1_contain_region); in(alphabet_soup_1, basket_1_contain_region); in(cream_cheese_1, basket_1_contain_region)	object4_pick_up_the_bbq_sauce_and_place_it_in_the_basket	Novel four-object extension of this exact stock Object layout; all C(6,4) subsets are enumerated. | All corresponding three-object identities were already screened in LiberoComposition and are not repeated. | Object identity has its own original LIBERO-Object pick-to-basket trajectory; its pose in the composite scene may differ. | Object identity has its own original LIBERO-Object pick-to-basket trajectory; its pose in the composite scene may differ. | Object identity has its own original LIBERO-Object pick-to-basket trajectory; its pose in the composite scene may differ. | Object identity has its own original LIBERO-Object pick-to-basket trajectory; its pose in the composite scene may differ.	5	8	comparison_png/COMPOSE_021__put_the_bbq_sauce_the_chocolate_pudding_the_alphabet_soup_and_the_cream_cheese_box_in_the_basket_one_after_another.png	tasks/compose_021__put_the_bbq_sauce_the_chocolate_pudding_the_alphabet_soup_and_the_cream_cheese_box_in_the_basket_one_after_another	composition|c18a735ec83354055ea586c6620d26ab9d9462fcb9bfe6545edcd6a656426093|frozenset({in(alphabet_soup_1,basket_1_contain_region),in(bbq_sauce_1,basket_1_contain_region),in(chocolate_pudding_1,basket_1_contain_region),in(cream_cheese_1,basket_1_contain_region)})
COMPOSE_022	X1_object_layout_four_to_basket	4	true	false	libero_object	304;305;303;301	pick_up_the_bbq_sauce_and_place_it_in_the_basket;pick_up_the_ketchup_and_place_it_in_the_basket;pick_up_the_salad_dressing_and_place_it_in_the_basket;pick_up_the_alphabet_soup_and_place_it_in_the_basket	Pick the bbq sauce and place it in the basket | Pick the ketchup and place it in the basket | Pick the salad dressing and place it in the basket | Pick the alphabet soup and place it in the basket	Put the bbq sauce, the ketchup, the salad dressing, and the alphabet soup in the basket one after another.	in(bbq_sauce_1, basket_1_contain_region); in(ketchup_1, basket_1_contain_region); in(salad_dressing_1, basket_1_contain_region); in(alphabet_soup_1, basket_1_contain_region)	object4_pick_up_the_bbq_sauce_and_place_it_in_the_basket	Novel four-object extension of this exact stock Object layout; all C(6,4) subsets are enumerated. | All corresponding three-object identities were already screened in LiberoComposition and are not repeated. | Object identity has its own original LIBERO-Object pick-to-basket trajectory; its pose in the composite scene may differ. | Object identity has its own original LIBERO-Object pick-to-basket trajectory; its pose in the composite scene may differ. | Object identity has its own original LIBERO-Object pick-to-basket trajectory; its pose in the composite scene may differ. | Object identity has its own original LIBERO-Object pick-to-basket trajectory; its pose in the composite scene may differ.	5	8	comparison_png/COMPOSE_022__put_the_bbq_sauce_the_ketchup_the_salad_dressing_and_the_alphabet_soup_in_the_basket_one_after_another.png	tasks/compose_022__put_the_bbq_sauce_the_ketchup_the_salad_dressing_and_the_alphabet_soup_in_the_basket_one_after_another	composition|c18a735ec83354055ea586c6620d26ab9d9462fcb9bfe6545edcd6a656426093|frozenset({in(alphabet_soup_1,basket_1_contain_region),in(bbq_sauce_1,basket_1_contain_region),in(ketchup_1,basket_1_contain_region),in(salad_dressing_1,basket_1_contain_region)})
COMPOSE_023	X1_object_layout_four_to_basket	4	true	false	libero_object	304;305;303;302	pick_up_the_bbq_sauce_and_place_it_in_the_basket;pick_up_the_ketchup_and_place_it_in_the_basket;pick_up_the_salad_dressing_and_place_it_in_the_basket;pick_up_the_cream_cheese_and_place_it_in_the_basket	Pick the bbq sauce and place it in the basket | Pick the ketchup and place it in the basket | Pick the salad dressing and place it in the basket | Pick the cream cheese and place it in the basket	Put the bbq sauce, the ketchup, the salad dressing, and the cream cheese box in the basket one after another.	in(bbq_sauce_1, basket_1_contain_region); in(ketchup_1, basket_1_contain_region); in(salad_dressing_1, basket_1_contain_region); in(cream_cheese_1, basket_1_contain_region)	object4_pick_up_the_bbq_sauce_and_place_it_in_the_basket	Novel four-object extension of this exact stock Object layout; all C(6,4) subsets are enumerated. | All corresponding three-object identities were already screened in LiberoComposition and are not repeated. | Object identity has its own original LIBERO-Object pick-to-basket trajectory; its pose in the composite scene may differ. | Object identity has its own original LIBERO-Object pick-to-basket trajectory; its pose in the composite scene may differ. | Object identity has its own original LIBERO-Object pick-to-basket trajectory; its pose in the composite scene may differ. | Object identity has its own original LIBERO-Object pick-to-basket trajectory; its pose in the composite scene may differ.	5	8	comparison_png/COMPOSE_023__put_the_bbq_sauce_the_ketchup_the_salad_dressing_and_the_cream_cheese_box_in_the_basket_one_after_another.png	tasks/compose_023__put_the_bbq_sauce_the_ketchup_the_salad_dressing_and_the_cream_cheese_box_in_the_basket_one_after_another	composition|c18a735ec83354055ea586c6620d26ab9d9462fcb9bfe6545edcd6a656426093|frozenset({in(bbq_sauce_1,basket_1_contain_region),in(cream_cheese_1,basket_1_contain_region),in(ketchup_1,basket_1_contain_region),in(salad_dressing_1,basket_1_contain_region)})
COMPOSE_024	X1_object_layout_four_to_basket	4	true	false	libero_object	304;305;301;302	pick_up_the_bbq_sauce_and_place_it_in_the_basket;pick_up_the_ketchup_and_place_it_in_the_basket;pick_up_the_alphabet_soup_and_place_it_in_the_basket;pick_up_the_cream_cheese_and_place_it_in_the_basket	Pick the bbq sauce and place it in the basket | Pick the ketchup and place it in the basket | Pick the alphabet soup and place it in the basket | Pick the cream cheese and place it in the basket	Put the bbq sauce, the ketchup, the alphabet soup, and the cream cheese box in the basket one after another.	in(bbq_sauce_1, basket_1_contain_region); in(ketchup_1, basket_1_contain_region); in(alphabet_soup_1, basket_1_contain_region); in(cream_cheese_1, basket_1_contain_region)	object4_pick_up_the_bbq_sauce_and_place_it_in_the_basket	Novel four-object extension of this exact stock Object layout; all C(6,4) subsets are enumerated. | All corresponding three-object identities were already screened in LiberoComposition and are not repeated. | Object identity has its own original LIBERO-Object pick-to-basket trajectory; its pose in the composite scene may differ. | Object identity has its own original LIBERO-Object pick-to-basket trajectory; its pose in the composite scene may differ. | Object identity has its own original LIBERO-Object pick-to-basket trajectory; its pose in the composite scene may differ. | Object identity has its own original LIBERO-Object pick-to-basket trajectory; its pose in the composite scene may differ.	5	8	comparison_png/COMPOSE_024__put_the_bbq_sauce_the_ketchup_the_alphabet_soup_and_the_cream_cheese_box_in_the_basket_one_after_another.png	tasks/compose_024__put_the_bbq_sauce_the_ketchup_the_alphabet_soup_and_the_cream_cheese_box_in_the_basket_one_after_another	composition|c18a735ec83354055ea586c6620d26ab9d9462fcb9bfe6545edcd6a656426093|frozenset({in(alphabet_soup_1,basket_1_contain_region),in(bbq_sauce_1,basket_1_contain_region),in(cream_cheese_1,basket_1_contain_region),in(ketchup_1,basket_1_contain_region)})
COMPOSE_025	X1_object_layout_four_to_basket	4	true	false	libero_object	304;303;301;302	pick_up_the_bbq_sauce_and_place_it_in_the_basket;pick_up_the_salad_dressing_and_place_it_in_the_basket;pick_up_the_alphabet_soup_and_place_it_in_the_basket;pick_up_the_cream_cheese_and_place_it_in_the_basket	Pick the bbq sauce and place it in the basket | Pick the salad dressing and place it in the basket | Pick the alphabet soup and place it in the basket | Pick the cream cheese and place it in the basket	Put the bbq sauce, the salad dressing, the alphabet soup, and the cream cheese box in the basket one after another.	in(bbq_sauce_1, basket_1_contain_region); in(salad_dressing_1, basket_1_contain_region); in(alphabet_soup_1, basket_1_contain_region); in(cream_cheese_1, basket_1_contain_region)	object4_pick_up_the_bbq_sauce_and_place_it_in_the_basket	Novel four-object extension of this exact stock Object layout; all C(6,4) subsets are enumerated. | All corresponding three-object identities were already screened in LiberoComposition and are not repeated. | Object identity has its own original LIBERO-Object pick-to-basket trajectory; its pose in the composite scene may differ. | Object identity has its own original LIBERO-Object pick-to-basket trajectory; its pose in the composite scene may differ. | Object identity has its own original LIBERO-Object pick-to-basket trajectory; its pose in the composite scene may differ. | Object identity has its own original LIBERO-Object pick-to-basket trajectory; its pose in the composite scene may differ.	5	8	comparison_png/COMPOSE_025__put_the_bbq_sauce_the_salad_dressing_the_alphabet_soup_and_the_cream_cheese_box_in_the_basket_one_after_another.png	tasks/compose_025__put_the_bbq_sauce_the_salad_dressing_the_alphabet_soup_and_the_cream_cheese_box_in_the_basket_one_after_another	composition|c18a735ec83354055ea586c6620d26ab9d9462fcb9bfe6545edcd6a656426093|frozenset({in(alphabet_soup_1,basket_1_contain_region),in(bbq_sauce_1,basket_1_contain_region),in(cream_cheese_1,basket_1_contain_region),in(salad_dressing_1,basket_1_contain_region)})
COMPOSE_026	X1_object_layout_four_to_basket	4	true	false	libero_object	309;305;303;301	pick_up_the_chocolate_pudding_and_place_it_in_the_basket;pick_up_the_ketchup_and_place_it_in_the_basket;pick_up_the_salad_dressing_and_place_it_in_the_basket;pick_up_the_alphabet_soup_and_place_it_in_the_basket	Pick the chocolate pudding and place it in the basket | Pick the ketchup and place it in the basket | Pick the salad dressing and place it in the basket | Pick the alphabet soup and place it in the basket	Put the chocolate pudding, the ketchup, the salad dressing, and the alphabet soup in the basket one after another.	in(chocolate_pudding_1, basket_1_contain_region); in(ketchup_1, basket_1_contain_region); in(salad_dressing_1, basket_1_contain_region); in(alphabet_soup_1, basket_1_contain_region)	object4_pick_up_the_bbq_sauce_and_place_it_in_the_basket	Novel four-object extension of this exact stock Object layout; all C(6,4) subsets are enumerated. | All corresponding three-object identities were already screened in LiberoComposition and are not repeated. | Object identity has its own original LIBERO-Object pick-to-basket trajectory; its pose in the composite scene may differ. | Object identity has its own original LIBERO-Object pick-to-basket trajectory; its pose in the composite scene may differ. | Object identity has its own original LIBERO-Object pick-to-basket trajectory; its pose in the composite scene may differ. | Object identity has its own original LIBERO-Object pick-to-basket trajectory; its pose in the composite scene may differ.	5	8	comparison_png/COMPOSE_026__put_the_chocolate_pudding_the_ketchup_the_salad_dressing_and_the_alphabet_soup_in_the_basket_one_after_another.png	tasks/compose_026__put_the_chocolate_pudding_the_ketchup_the_salad_dressing_and_the_alphabet_soup_in_the_basket_one_after_another	composition|c18a735ec83354055ea586c6620d26ab9d9462fcb9bfe6545edcd6a656426093|frozenset({in(alphabet_soup_1,basket_1_contain_region),in(chocolate_pudding_1,basket_1_contain_region),in(ketchup_1,basket_1_contain_region),in(salad_dressing_1,basket_1_contain_region)})
COMPOSE_027	X1_object_layout_four_to_basket	4	true	false	libero_object	309;305;303;302	pick_up_the_chocolate_pudding_and_place_it_in_the_basket;pick_up_the_ketchup_and_place_it_in_the_basket;pick_up_the_salad_dressing_and_place_it_in_the_basket;pick_up_the_cream_cheese_and_place_it_in_the_basket	Pick the chocolate pudding and place it in the basket | Pick the ketchup and place it in the basket | Pick the salad dressing and place it in the basket | Pick the cream cheese and place it in the basket	Put the chocolate pudding, the ketchup, the salad dressing, and the cream cheese box in the basket one after another.	in(chocolate_pudding_1, basket_1_contain_region); in(ketchup_1, basket_1_contain_region); in(salad_dressing_1, basket_1_contain_region); in(cream_cheese_1, basket_1_contain_region)	object4_pick_up_the_bbq_sauce_and_place_it_in_the_basket	Novel four-object extension of this exact stock Object layout; all C(6,4) subsets are enumerated. | All corresponding three-object identities were already screened in LiberoComposition and are not repeated. | Object identity has its own original LIBERO-Object pick-to-basket trajectory; its pose in the composite scene may differ. | Object identity has its own original LIBERO-Object pick-to-basket trajectory; its pose in the composite scene may differ. | Object identity has its own original LIBERO-Object pick-to-basket trajectory; its pose in the composite scene may differ. | Object identity has its own original LIBERO-Object pick-to-basket trajectory; its pose in the composite scene may differ.	5	8	comparison_png/COMPOSE_027__put_the_chocolate_pudding_the_ketchup_the_salad_dressing_and_the_cream_cheese_box_in_the_basket_one_after_another.png	tasks/compose_027__put_the_chocolate_pudding_the_ketchup_the_salad_dressing_and_the_cream_cheese_box_in_the_basket_one_after_another	composition|c18a735ec83354055ea586c6620d26ab9d9462fcb9bfe6545edcd6a656426093|frozenset({in(chocolate_pudding_1,basket_1_contain_region),in(cream_cheese_1,basket_1_contain_region),in(ketchup_1,basket_1_contain_region),in(salad_dressing_1,basket_1_contain_region)})
COMPOSE_028	X1_object_layout_four_to_basket	4	true	false	libero_object	309;305;301;302	pick_up_the_chocolate_pudding_and_place_it_in_the_basket;pick_up_the_ketchup_and_place_it_in_the_basket;pick_up_the_alphabet_soup_and_place_it_in_the_basket;pick_up_the_cream_cheese_and_place_it_in_the_basket	Pick the chocolate pudding and place it in the basket | Pick the ketchup and place it in the basket | Pick the alphabet soup and place it in the basket | Pick the cream cheese and place it in the basket	Put the chocolate pudding, the ketchup, the alphabet soup, and the cream cheese box in the basket one after another.	in(chocolate_pudding_1, basket_1_contain_region); in(ketchup_1, basket_1_contain_region); in(alphabet_soup_1, basket_1_contain_region); in(cream_cheese_1, basket_1_contain_region)	object4_pick_up_the_bbq_sauce_and_place_it_in_the_basket	Novel four-object extension of this exact stock Object layout; all C(6,4) subsets are enumerated. | All corresponding three-object identities were already screened in LiberoComposition and are not repeated. | Object identity has its own original LIBERO-Object pick-to-basket trajectory; its pose in the composite scene may differ. | Object identity has its own original LIBERO-Object pick-to-basket trajectory; its pose in the composite scene may differ. | Object identity has its own original LIBERO-Object pick-to-basket trajectory; its pose in the composite scene may differ. | Object identity has its own original LIBERO-Object pick-to-basket trajectory; its pose in the composite scene may differ.	5	8	comparison_png/COMPOSE_028__put_the_chocolate_pudding_the_ketchup_the_alphabet_soup_and_the_cream_cheese_box_in_the_basket_one_after_another.png	tasks/compose_028__put_the_chocolate_pudding_the_ketchup_the_alphabet_soup_and_the_cream_cheese_box_in_the_basket_one_after_another	composition|c18a735ec83354055ea586c6620d26ab9d9462fcb9bfe6545edcd6a656426093|frozenset({in(alphabet_soup_1,basket_1_contain_region),in(chocolate_pudding_1,basket_1_contain_region),in(cream_cheese_1,basket_1_contain_region),in(ketchup_1,basket_1_contain_region)})
COMPOSE_029	X1_object_layout_four_to_basket	4	true	false	libero_object	309;303;301;302	pick_up_the_chocolate_pudding_and_place_it_in_the_basket;pick_up_the_salad_dressing_and_place_it_in_the_basket;pick_up_the_alphabet_soup_and_place_it_in_the_basket;pick_up_the_cream_cheese_and_place_it_in_the_basket	Pick the chocolate pudding and place it in the basket | Pick the salad dressing and place it in the basket | Pick the alphabet soup and place it in the basket | Pick the cream cheese and place it in the basket	Put the chocolate pudding, the salad dressing, the alphabet soup, and the cream cheese box in the basket one after another.	in(chocolate_pudding_1, basket_1_contain_region); in(salad_dressing_1, basket_1_contain_region); in(alphabet_soup_1, basket_1_contain_region); in(cream_cheese_1, basket_1_contain_region)	object4_pick_up_the_bbq_sauce_and_place_it_in_the_basket	Novel four-object extension of this exact stock Object layout; all C(6,4) subsets are enumerated. | All corresponding three-object identities were already screened in LiberoComposition and are not repeated. | Object identity has its own original LIBERO-Object pick-to-basket trajectory; its pose in the composite scene may differ. | Object identity has its own original LIBERO-Object pick-to-basket trajectory; its pose in the composite scene may differ. | Object identity has its own original LIBERO-Object pick-to-basket trajectory; its pose in the composite scene may differ. | Object identity has its own original LIBERO-Object pick-to-basket trajectory; its pose in the composite scene may differ.	5	8	comparison_png/COMPOSE_029__put_the_chocolate_pudding_the_salad_dressing_the_alphabet_soup_and_the_cream_cheese_box_in_the_basket_one_after_another.png	tasks/compose_029__put_the_chocolate_pudding_the_salad_dressing_the_alphabet_soup_and_the_cream_cheese_box_in_the_basket_one_after_another	composition|c18a735ec83354055ea586c6620d26ab9d9462fcb9bfe6545edcd6a656426093|frozenset({in(alphabet_soup_1,basket_1_contain_region),in(chocolate_pudding_1,basket_1_contain_region),in(cream_cheese_1,basket_1_contain_region),in(salad_dressing_1,basket_1_contain_region)})
COMPOSE_030	X1_object_layout_four_to_basket	4	true	false	libero_object	305;303;301;302	pick_up_the_ketchup_and_place_it_in_the_basket;pick_up_the_salad_dressing_and_place_it_in_the_basket;pick_up_the_alphabet_soup_and_place_it_in_the_basket;pick_up_the_cream_cheese_and_place_it_in_the_basket	Pick the ketchup and place it in the basket | Pick the salad dressing and place it in the basket | Pick the alphabet soup and place it in the basket | Pick the cream cheese and place it in the basket	Put the ketchup, the salad dressing, the alphabet soup, and the cream cheese box in the basket one after another.	in(ketchup_1, basket_1_contain_region); in(salad_dressing_1, basket_1_contain_region); in(alphabet_soup_1, basket_1_contain_region); in(cream_cheese_1, basket_1_contain_region)	object4_pick_up_the_bbq_sauce_and_place_it_in_the_basket	Novel four-object extension of this exact stock Object layout; all C(6,4) subsets are enumerated. | All corresponding three-object identities were already screened in LiberoComposition and are not repeated. | Object identity has its own original LIBERO-Object pick-to-basket trajectory; its pose in the composite scene may differ. | Object identity has its own original LIBERO-Object pick-to-basket trajectory; its pose in the composite scene may differ. | Object identity has its own original LIBERO-Object pick-to-basket trajectory; its pose in the composite scene may differ. | Object identity has its own original LIBERO-Object pick-to-basket trajectory; its pose in the composite scene may differ.	5	8	comparison_png/COMPOSE_030__put_the_ketchup_the_salad_dressing_the_alphabet_soup_and_the_cream_cheese_box_in_the_basket_one_after_another.png	tasks/compose_030__put_the_ketchup_the_salad_dressing_the_alphabet_soup_and_the_cream_cheese_box_in_the_basket_one_after_another	composition|c18a735ec83354055ea586c6620d26ab9d9462fcb9bfe6545edcd6a656426093|frozenset({in(alphabet_soup_1,basket_1_contain_region),in(cream_cheese_1,basket_1_contain_region),in(ketchup_1,basket_1_contain_region),in(salad_dressing_1,basket_1_contain_region)})
COMPOSE_031	X1_object_layout_four_to_basket	4	true	false	libero_object	307;306;310;309	pick_up_the_butter_and_place_it_in_the_basket;pick_up_the_tomato_sauce_and_place_it_in_the_basket;pick_up_the_orange_juice_and_place_it_in_the_basket;pick_up_the_chocolate_pudding_and_place_it_in_the_basket	Pick the butter and place it in the basket | Pick the tomato sauce and place it in the basket | Pick the orange juice and place it in the basket | Pick the chocolate pudding and place it in the basket	Put the butter, the tomato sauce, the orange juice, and the chocolate pudding in the basket one after another.	in(butter_1, basket_1_contain_region); in(tomato_sauce_1, basket_1_contain_region); in(orange_juice_1, basket_1_contain_region); in(chocolate_pudding_1, basket_1_contain_region)	object4_pick_up_the_butter_and_place_it_in_the_basket	Novel four-object extension of this exact stock Object layout; all C(6,4) subsets are enumerated. | All corresponding three-object identities were already screened in LiberoComposition and are not repeated. | Object identity has its own original LIBERO-Object pick-to-basket trajectory; its pose in the composite scene may differ. | Object identity has its own original LIBERO-Object pick-to-basket trajectory; its pose in the composite scene may differ. | Object identity has its own original LIBERO-Object pick-to-basket trajectory; its pose in the composite scene may differ. | Object identity has its own original LIBERO-Object pick-to-basket trajectory; its pose in the composite scene may differ.	5	8	comparison_png/COMPOSE_031__put_the_butter_the_tomato_sauce_the_orange_juice_and_the_chocolate_pudding_in_the_basket_one_after_another.png	tasks/compose_031__put_the_butter_the_tomato_sauce_the_orange_juice_and_the_chocolate_pudding_in_the_basket_one_after_another	composition|f4c797cd430f50cbdbfc85d7b847eead4a10a9c0be7847f9c032dbc9dad9d52d|frozenset({in(butter_1,basket_1_contain_region),in(chocolate_pudding_1,basket_1_contain_region),in(orange_juice_1,basket_1_contain_region),in(tomato_sauce_1,basket_1_contain_region)})
COMPOSE_032	X1_object_layout_four_to_basket	4	true	false	libero_object	307;306;310;304	pick_up_the_butter_and_place_it_in_the_basket;pick_up_the_tomato_sauce_and_place_it_in_the_basket;pick_up_the_orange_juice_and_place_it_in_the_basket;pick_up_the_bbq_sauce_and_place_it_in_the_basket	Pick the butter and place it in the basket | Pick the tomato sauce and place it in the basket | Pick the orange juice and place it in the basket | Pick the bbq sauce and place it in the basket	Put the butter, the tomato sauce, the orange juice, and the bbq sauce in the basket one after another.	in(butter_1, basket_1_contain_region); in(tomato_sauce_1, basket_1_contain_region); in(orange_juice_1, basket_1_contain_region); in(bbq_sauce_1, basket_1_contain_region)	object4_pick_up_the_butter_and_place_it_in_the_basket	Novel four-object extension of this exact stock Object layout; all C(6,4) subsets are enumerated. | All corresponding three-object identities were already screened in LiberoComposition and are not repeated. | Object identity has its own original LIBERO-Object pick-to-basket trajectory; its pose in the composite scene may differ. | Object identity has its own original LIBERO-Object pick-to-basket trajectory; its pose in the composite scene may differ. | Object identity has its own original LIBERO-Object pick-to-basket trajectory; its pose in the composite scene may differ. | Object identity has its own original LIBERO-Object pick-to-basket trajectory; its pose in the composite scene may differ.	5	8	comparison_png/COMPOSE_032__put_the_butter_the_tomato_sauce_the_orange_juice_and_the_bbq_sauce_in_the_basket_one_after_another.png	tasks/compose_032__put_the_butter_the_tomato_sauce_the_orange_juice_and_the_bbq_sauce_in_the_basket_one_after_another	composition|f4c797cd430f50cbdbfc85d7b847eead4a10a9c0be7847f9c032dbc9dad9d52d|frozenset({in(bbq_sauce_1,basket_1_contain_region),in(butter_1,basket_1_contain_region),in(orange_juice_1,basket_1_contain_region),in(tomato_sauce_1,basket_1_contain_region)})
COMPOSE_033	X1_object_layout_four_to_basket	4	true	false	libero_object	307;306;310;305	pick_up_the_butter_and_place_it_in_the_basket;pick_up_the_tomato_sauce_and_place_it_in_the_basket;pick_up_the_orange_juice_and_place_it_in_the_basket;pick_up_the_ketchup_and_place_it_in_the_basket	Pick the butter and place it in the basket | Pick the tomato sauce and place it in the basket | Pick the orange juice and place it in the basket | Pick the ketchup and place it in the basket	Put the butter, the tomato sauce, the orange juice, and the ketchup in the basket one after another.	in(butter_1, basket_1_contain_region); in(tomato_sauce_1, basket_1_contain_region); in(orange_juice_1, basket_1_contain_region); in(ketchup_1, basket_1_contain_region)	object4_pick_up_the_butter_and_place_it_in_the_basket	Novel four-object extension of this exact stock Object layout; all C(6,4) subsets are enumerated. | All corresponding three-object identities were already screened in LiberoComposition and are not repeated. | Object identity has its own original LIBERO-Object pick-to-basket trajectory; its pose in the composite scene may differ. | Object identity has its own original LIBERO-Object pick-to-basket trajectory; its pose in the composite scene may differ. | Object identity has its own original LIBERO-Object pick-to-basket trajectory; its pose in the composite scene may differ. | Object identity has its own original LIBERO-Object pick-to-basket trajectory; its pose in the composite scene may differ.	5	8	comparison_png/COMPOSE_033__put_the_butter_the_tomato_sauce_the_orange_juice_and_the_ketchup_in_the_basket_one_after_another.png	tasks/compose_033__put_the_butter_the_tomato_sauce_the_orange_juice_and_the_ketchup_in_the_basket_one_after_another	composition|f4c797cd430f50cbdbfc85d7b847eead4a10a9c0be7847f9c032dbc9dad9d52d|frozenset({in(butter_1,basket_1_contain_region),in(ketchup_1,basket_1_contain_region),in(orange_juice_1,basket_1_contain_region),in(tomato_sauce_1,basket_1_contain_region)})
COMPOSE_034	X1_object_layout_four_to_basket	4	true	false	libero_object	307;306;309;304	pick_up_the_butter_and_place_it_in_the_basket;pick_up_the_tomato_sauce_and_place_it_in_the_basket;pick_up_the_chocolate_pudding_and_place_it_in_the_basket;pick_up_the_bbq_sauce_and_place_it_in_the_basket	Pick the butter and place it in the basket | Pick the tomato sauce and place it in the basket | Pick the chocolate pudding and place it in the basket | Pick the bbq sauce and place it in the basket	Put the butter, the tomato sauce, the chocolate pudding, and the bbq sauce in the basket one after another.	in(butter_1, basket_1_contain_region); in(tomato_sauce_1, basket_1_contain_region); in(chocolate_pudding_1, basket_1_contain_region); in(bbq_sauce_1, basket_1_contain_region)	object4_pick_up_the_butter_and_place_it_in_the_basket	Novel four-object extension of this exact stock Object layout; all C(6,4) subsets are enumerated. | All corresponding three-object identities were already screened in LiberoComposition and are not repeated. | Object identity has its own original LIBERO-Object pick-to-basket trajectory; its pose in the composite scene may differ. | Object identity has its own original LIBERO-Object pick-to-basket trajectory; its pose in the composite scene may differ. | Object identity has its own original LIBERO-Object pick-to-basket trajectory; its pose in the composite scene may differ. | Object identity has its own original LIBERO-Object pick-to-basket trajectory; its pose in the composite scene may differ.	5	8	comparison_png/COMPOSE_034__put_the_butter_the_tomato_sauce_the_chocolate_pudding_and_the_bbq_sauce_in_the_basket_one_after_another.png	tasks/compose_034__put_the_butter_the_tomato_sauce_the_chocolate_pudding_and_the_bbq_sauce_in_the_basket_one_after_another	composition|f4c797cd430f50cbdbfc85d7b847eead4a10a9c0be7847f9c032dbc9dad9d52d|frozenset({in(bbq_sauce_1,basket_1_contain_region),in(butter_1,basket_1_contain_region),in(chocolate_pudding_1,basket_1_contain_region),in(tomato_sauce_1,basket_1_contain_region)})
COMPOSE_035	X1_object_layout_four_to_basket	4	true	false	libero_object	307;306;309;305	pick_up_the_butter_and_place_it_in_the_basket;pick_up_the_tomato_sauce_and_place_it_in_the_basket;pick_up_the_chocolate_pudding_and_place_it_in_the_basket;pick_up_the_ketchup_and_place_it_in_the_basket	Pick the butter and place it in the basket | Pick the tomato sauce and place it in the basket | Pick the chocolate pudding and place it in the basket | Pick the ketchup and place it in the basket	Put the butter, the tomato sauce, the chocolate pudding, and the ketchup in the basket one after another.	in(butter_1, basket_1_contain_region); in(tomato_sauce_1, basket_1_contain_region); in(chocolate_pudding_1, basket_1_contain_region); in(ketchup_1, basket_1_contain_region)	object4_pick_up_the_butter_and_place_it_in_the_basket	Novel four-object extension of this exact stock Object layout; all C(6,4) subsets are enumerated. | All corresponding three-object identities were already screened in LiberoComposition and are not repeated. | Object identity has its own original LIBERO-Object pick-to-basket trajectory; its pose in the composite scene may differ. | Object identity has its own original LIBERO-Object pick-to-basket trajectory; its pose in the composite scene may differ. | Object identity has its own original LIBERO-Object pick-to-basket trajectory; its pose in the composite scene may differ. | Object identity has its own original LIBERO-Object pick-to-basket trajectory; its pose in the composite scene may differ.	5	8	comparison_png/COMPOSE_035__put_the_butter_the_tomato_sauce_the_chocolate_pudding_and_the_ketchup_in_the_basket_one_after_another.png	tasks/compose_035__put_the_butter_the_tomato_sauce_the_chocolate_pudding_and_the_ketchup_in_the_basket_one_after_another	composition|f4c797cd430f50cbdbfc85d7b847eead4a10a9c0be7847f9c032dbc9dad9d52d|frozenset({in(butter_1,basket_1_contain_region),in(chocolate_pudding_1,basket_1_contain_region),in(ketchup_1,basket_1_contain_region),in(tomato_sauce_1,basket_1_contain_region)})
COMPOSE_036	X1_object_layout_four_to_basket	4	true	false	libero_object	307;306;304;305	pick_up_the_butter_and_place_it_in_the_basket;pick_up_the_tomato_sauce_and_place_it_in_the_basket;pick_up_the_bbq_sauce_and_place_it_in_the_basket;pick_up_the_ketchup_and_place_it_in_the_basket	Pick the butter and place it in the basket | Pick the tomato sauce and place it in the basket | Pick the bbq sauce and place it in the basket | Pick the ketchup and place it in the basket	Put the butter, the tomato sauce, the bbq sauce, and the ketchup in the basket one after another.	in(butter_1, basket_1_contain_region); in(tomato_sauce_1, basket_1_contain_region); in(bbq_sauce_1, basket_1_contain_region); in(ketchup_1, basket_1_contain_region)	object4_pick_up_the_butter_and_place_it_in_the_basket	Novel four-object extension of this exact stock Object layout; all C(6,4) subsets are enumerated. | All corresponding three-object identities were already screened in LiberoComposition and are not repeated. | Object identity has its own original LIBERO-Object pick-to-basket trajectory; its pose in the composite scene may differ. | Object identity has its own original LIBERO-Object pick-to-basket trajectory; its pose in the composite scene may differ. | Object identity has its own original LIBERO-Object pick-to-basket trajectory; its pose in the composite scene may differ. | Object identity has its own original LIBERO-Object pick-to-basket trajectory; its pose in the composite scene may differ.	5	8	comparison_png/COMPOSE_036__put_the_butter_the_tomato_sauce_the_bbq_sauce_and_the_ketchup_in_the_basket_one_after_another.png	tasks/compose_036__put_the_butter_the_tomato_sauce_the_bbq_sauce_and_the_ketchup_in_the_basket_one_after_another	composition|f4c797cd430f50cbdbfc85d7b847eead4a10a9c0be7847f9c032dbc9dad9d52d|frozenset({in(bbq_sauce_1,basket_1_contain_region),in(butter_1,basket_1_contain_region),in(ketchup_1,basket_1_contain_region),in(tomato_sauce_1,basket_1_contain_region)})
COMPOSE_037	X1_object_layout_four_to_basket	4	true	false	libero_object	307;310;309;304	pick_up_the_butter_and_place_it_in_the_basket;pick_up_the_orange_juice_and_place_it_in_the_basket;pick_up_the_chocolate_pudding_and_place_it_in_the_basket;pick_up_the_bbq_sauce_and_place_it_in_the_basket	Pick the butter and place it in the basket | Pick the orange juice and place it in the basket | Pick the chocolate pudding and place it in the basket | Pick the bbq sauce and place it in the basket	Put the butter, the orange juice, the chocolate pudding, and the bbq sauce in the basket one after another.	in(butter_1, basket_1_contain_region); in(orange_juice_1, basket_1_contain_region); in(chocolate_pudding_1, basket_1_contain_region); in(bbq_sauce_1, basket_1_contain_region)	object4_pick_up_the_butter_and_place_it_in_the_basket	Novel four-object extension of this exact stock Object layout; all C(6,4) subsets are enumerated. | All corresponding three-object identities were already screened in LiberoComposition and are not repeated. | Object identity has its own original LIBERO-Object pick-to-basket trajectory; its pose in the composite scene may differ. | Object identity has its own original LIBERO-Object pick-to-basket trajectory; its pose in the composite scene may differ. | Object identity has its own original LIBERO-Object pick-to-basket trajectory; its pose in the composite scene may differ. | Object identity has its own original LIBERO-Object pick-to-basket trajectory; its pose in the composite scene may differ.	5	8	comparison_png/COMPOSE_037__put_the_butter_the_orange_juice_the_chocolate_pudding_and_the_bbq_sauce_in_the_basket_one_after_another.png	tasks/compose_037__put_the_butter_the_orange_juice_the_chocolate_pudding_and_the_bbq_sauce_in_the_basket_one_after_another	composition|f4c797cd430f50cbdbfc85d7b847eead4a10a9c0be7847f9c032dbc9dad9d52d|frozenset({in(bbq_sauce_1,basket_1_contain_region),in(butter_1,basket_1_contain_region),in(chocolate_pudding_1,basket_1_contain_region),in(orange_juice_1,basket_1_contain_region)})
COMPOSE_038	X1_object_layout_four_to_basket	4	true	false	libero_object	307;310;309;305	pick_up_the_butter_and_place_it_in_the_basket;pick_up_the_orange_juice_and_place_it_in_the_basket;pick_up_the_chocolate_pudding_and_place_it_in_the_basket;pick_up_the_ketchup_and_place_it_in_the_basket	Pick the butter and place it in the basket | Pick the orange juice and place it in the basket | Pick the chocolate pudding and place it in the basket | Pick the ketchup and place it in the basket	Put the butter, the orange juice, the chocolate pudding, and the ketchup in the basket one after another.	in(butter_1, basket_1_contain_region); in(orange_juice_1, basket_1_contain_region); in(chocolate_pudding_1, basket_1_contain_region); in(ketchup_1, basket_1_contain_region)	object4_pick_up_the_butter_and_place_it_in_the_basket	Novel four-object extension of this exact stock Object layout; all C(6,4) subsets are enumerated. | All corresponding three-object identities were already screened in LiberoComposition and are not repeated. | Object identity has its own original LIBERO-Object pick-to-basket trajectory; its pose in the composite scene may differ. | Object identity has its own original LIBERO-Object pick-to-basket trajectory; its pose in the composite scene may differ. | Object identity has its own original LIBERO-Object pick-to-basket trajectory; its pose in the composite scene may differ. | Object identity has its own original LIBERO-Object pick-to-basket trajectory; its pose in the composite scene may differ.	5	8	comparison_png/COMPOSE_038__put_the_butter_the_orange_juice_the_chocolate_pudding_and_the_ketchup_in_the_basket_one_after_another.png	tasks/compose_038__put_the_butter_the_orange_juice_the_chocolate_pudding_and_the_ketchup_in_the_basket_one_after_another	composition|f4c797cd430f50cbdbfc85d7b847eead4a10a9c0be7847f9c032dbc9dad9d52d|frozenset({in(butter_1,basket_1_contain_region),in(chocolate_pudding_1,basket_1_contain_region),in(ketchup_1,basket_1_contain_region),in(orange_juice_1,basket_1_contain_region)})
COMPOSE_039	X1_object_layout_four_to_basket	4	true	false	libero_object	307;310;304;305	pick_up_the_butter_and_place_it_in_the_basket;pick_up_the_orange_juice_and_place_it_in_the_basket;pick_up_the_bbq_sauce_and_place_it_in_the_basket;pick_up_the_ketchup_and_place_it_in_the_basket	Pick the butter and place it in the basket | Pick the orange juice and place it in the basket | Pick the bbq sauce and place it in the basket | Pick the ketchup and place it in the basket	Put the butter, the orange juice, the bbq sauce, and the ketchup in the basket one after another.	in(butter_1, basket_1_contain_region); in(orange_juice_1, basket_1_contain_region); in(bbq_sauce_1, basket_1_contain_region); in(ketchup_1, basket_1_contain_region)	object4_pick_up_the_butter_and_place_it_in_the_basket	Novel four-object extension of this exact stock Object layout; all C(6,4) subsets are enumerated. | All corresponding three-object identities were already screened in LiberoComposition and are not repeated. | Object identity has its own original LIBERO-Object pick-to-basket trajectory; its pose in the composite scene may differ. | Object identity has its own original LIBERO-Object pick-to-basket trajectory; its pose in the composite scene may differ. | Object identity has its own original LIBERO-Object pick-to-basket trajectory; its pose in the composite scene may differ. | Object identity has its own original LIBERO-Object pick-to-basket trajectory; its pose in the composite scene may differ.	5	8	comparison_png/COMPOSE_039__put_the_butter_the_orange_juice_the_bbq_sauce_and_the_ketchup_in_the_basket_one_after_another.png	tasks/compose_039__put_the_butter_the_orange_juice_the_bbq_sauce_and_the_ketchup_in_the_basket_one_after_another	composition|f4c797cd430f50cbdbfc85d7b847eead4a10a9c0be7847f9c032dbc9dad9d52d|frozenset({in(bbq_sauce_1,basket_1_contain_region),in(butter_1,basket_1_contain_region),in(ketchup_1,basket_1_contain_region),in(orange_juice_1,basket_1_contain_region)})
COMPOSE_040	X1_object_layout_four_to_basket	4	true	false	libero_object	307;309;304;305	pick_up_the_butter_and_place_it_in_the_basket;pick_up_the_chocolate_pudding_and_place_it_in_the_basket;pick_up_the_bbq_sauce_and_place_it_in_the_basket;pick_up_the_ketchup_and_place_it_in_the_basket	Pick the butter and place it in the basket | Pick the chocolate pudding and place it in the basket | Pick the bbq sauce and place it in the basket | Pick the ketchup and place it in the basket	Put the butter, the chocolate pudding, the bbq sauce, and the ketchup in the basket one after another.	in(butter_1, basket_1_contain_region); in(chocolate_pudding_1, basket_1_contain_region); in(bbq_sauce_1, basket_1_contain_region); in(ketchup_1, basket_1_contain_region)	object4_pick_up_the_butter_and_place_it_in_the_basket	Novel four-object extension of this exact stock Object layout; all C(6,4) subsets are enumerated. | All corresponding three-object identities were already screened in LiberoComposition and are not repeated. | Object identity has its own original LIBERO-Object pick-to-basket trajectory; its pose in the composite scene may differ. | Object identity has its own original LIBERO-Object pick-to-basket trajectory; its pose in the composite scene may differ. | Object identity has its own original LIBERO-Object pick-to-basket trajectory; its pose in the composite scene may differ. | Object identity has its own original LIBERO-Object pick-to-basket trajectory; its pose in the composite scene may differ.	5	8	comparison_png/COMPOSE_040__put_the_butter_the_chocolate_pudding_the_bbq_sauce_and_the_ketchup_in_the_basket_one_after_another.png	tasks/compose_040__put_the_butter_the_chocolate_pudding_the_bbq_sauce_and_the_ketchup_in_the_basket_one_after_another	composition|f4c797cd430f50cbdbfc85d7b847eead4a10a9c0be7847f9c032dbc9dad9d52d|frozenset({in(bbq_sauce_1,basket_1_contain_region),in(butter_1,basket_1_contain_region),in(chocolate_pudding_1,basket_1_contain_region),in(ketchup_1,basket_1_contain_region)})
COMPOSE_041	X1_object_layout_four_to_basket	4	true	false	libero_object	306;310;309;304	pick_up_the_tomato_sauce_and_place_it_in_the_basket;pick_up_the_orange_juice_and_place_it_in_the_basket;pick_up_the_chocolate_pudding_and_place_it_in_the_basket;pick_up_the_bbq_sauce_and_place_it_in_the_basket	Pick the tomato sauce and place it in the basket | Pick the orange juice and place it in the basket | Pick the chocolate pudding and place it in the basket | Pick the bbq sauce and place it in the basket	Put the tomato sauce, the orange juice, the chocolate pudding, and the bbq sauce in the basket one after another.	in(tomato_sauce_1, basket_1_contain_region); in(orange_juice_1, basket_1_contain_region); in(chocolate_pudding_1, basket_1_contain_region); in(bbq_sauce_1, basket_1_contain_region)	object4_pick_up_the_butter_and_place_it_in_the_basket	Novel four-object extension of this exact stock Object layout; all C(6,4) subsets are enumerated. | All corresponding three-object identities were already screened in LiberoComposition and are not repeated. | Object identity has its own original LIBERO-Object pick-to-basket trajectory; its pose in the composite scene may differ. | Object identity has its own original LIBERO-Object pick-to-basket trajectory; its pose in the composite scene may differ. | Object identity has its own original LIBERO-Object pick-to-basket trajectory; its pose in the composite scene may differ. | Object identity has its own original LIBERO-Object pick-to-basket trajectory; its pose in the composite scene may differ.	5	8	comparison_png/COMPOSE_041__put_the_tomato_sauce_the_orange_juice_the_chocolate_pudding_and_the_bbq_sauce_in_the_basket_one_after_another.png	tasks/compose_041__put_the_tomato_sauce_the_orange_juice_the_chocolate_pudding_and_the_bbq_sauce_in_the_basket_one_after_another	composition|f4c797cd430f50cbdbfc85d7b847eead4a10a9c0be7847f9c032dbc9dad9d52d|frozenset({in(bbq_sauce_1,basket_1_contain_region),in(chocolate_pudding_1,basket_1_contain_region),in(orange_juice_1,basket_1_contain_region),in(tomato_sauce_1,basket_1_contain_region)})
COMPOSE_042	X1_object_layout_four_to_basket	4	true	false	libero_object	306;310;309;305	pick_up_the_tomato_sauce_and_place_it_in_the_basket;pick_up_the_orange_juice_and_place_it_in_the_basket;pick_up_the_chocolate_pudding_and_place_it_in_the_basket;pick_up_the_ketchup_and_place_it_in_the_basket	Pick the tomato sauce and place it in the basket | Pick the orange juice and place it in the basket | Pick the chocolate pudding and place it in the basket | Pick the ketchup and place it in the basket	Put the tomato sauce, the orange juice, the chocolate pudding, and the ketchup in the basket one after another.	in(tomato_sauce_1, basket_1_contain_region); in(orange_juice_1, basket_1_contain_region); in(chocolate_pudding_1, basket_1_contain_region); in(ketchup_1, basket_1_contain_region)	object4_pick_up_the_butter_and_place_it_in_the_basket	Novel four-object extension of this exact stock Object layout; all C(6,4) subsets are enumerated. | All corresponding three-object identities were already screened in LiberoComposition and are not repeated. | Object identity has its own original LIBERO-Object pick-to-basket trajectory; its pose in the composite scene may differ. | Object identity has its own original LIBERO-Object pick-to-basket trajectory; its pose in the composite scene may differ. | Object identity has its own original LIBERO-Object pick-to-basket trajectory; its pose in the composite scene may differ. | Object identity has its own original LIBERO-Object pick-to-basket trajectory; its pose in the composite scene may differ.	5	8	comparison_png/COMPOSE_042__put_the_tomato_sauce_the_orange_juice_the_chocolate_pudding_and_the_ketchup_in_the_basket_one_after_another.png	tasks/compose_042__put_the_tomato_sauce_the_orange_juice_the_chocolate_pudding_and_the_ketchup_in_the_basket_one_after_another	composition|f4c797cd430f50cbdbfc85d7b847eead4a10a9c0be7847f9c032dbc9dad9d52d|frozenset({in(chocolate_pudding_1,basket_1_contain_region),in(ketchup_1,basket_1_contain_region),in(orange_juice_1,basket_1_contain_region),in(tomato_sauce_1,basket_1_contain_region)})
COMPOSE_043	X1_object_layout_four_to_basket	4	true	false	libero_object	306;310;304;305	pick_up_the_tomato_sauce_and_place_it_in_the_basket;pick_up_the_orange_juice_and_place_it_in_the_basket;pick_up_the_bbq_sauce_and_place_it_in_the_basket;pick_up_the_ketchup_and_place_it_in_the_basket	Pick the tomato sauce and place it in the basket | Pick the orange juice and place it in the basket | Pick the bbq sauce and place it in the basket | Pick the ketchup and place it in the basket	Put the tomato sauce, the orange juice, the bbq sauce, and the ketchup in the basket one after another.	in(tomato_sauce_1, basket_1_contain_region); in(orange_juice_1, basket_1_contain_region); in(bbq_sauce_1, basket_1_contain_region); in(ketchup_1, basket_1_contain_region)	object4_pick_up_the_butter_and_place_it_in_the_basket	Novel four-object extension of this exact stock Object layout; all C(6,4) subsets are enumerated. | All corresponding three-object identities were already screened in LiberoComposition and are not repeated. | Object identity has its own original LIBERO-Object pick-to-basket trajectory; its pose in the composite scene may differ. | Object identity has its own original LIBERO-Object pick-to-basket trajectory; its pose in the composite scene may differ. | Object identity has its own original LIBERO-Object pick-to-basket trajectory; its pose in the composite scene may differ. | Object identity has its own original LIBERO-Object pick-to-basket trajectory; its pose in the composite scene may differ.	5	8	comparison_png/COMPOSE_043__put_the_tomato_sauce_the_orange_juice_the_bbq_sauce_and_the_ketchup_in_the_basket_one_after_another.png	tasks/compose_043__put_the_tomato_sauce_the_orange_juice_the_bbq_sauce_and_the_ketchup_in_the_basket_one_after_another	composition|f4c797cd430f50cbdbfc85d7b847eead4a10a9c0be7847f9c032dbc9dad9d52d|frozenset({in(bbq_sauce_1,basket_1_contain_region),in(ketchup_1,basket_1_contain_region),in(orange_juice_1,basket_1_contain_region),in(tomato_sauce_1,basket_1_contain_region)})
COMPOSE_044	X1_object_layout_four_to_basket	4	true	false	libero_object	306;309;304;305	pick_up_the_tomato_sauce_and_place_it_in_the_basket;pick_up_the_chocolate_pudding_and_place_it_in_the_basket;pick_up_the_bbq_sauce_and_place_it_in_the_basket;pick_up_the_ketchup_and_place_it_in_the_basket	Pick the tomato sauce and place it in the basket | Pick the chocolate pudding and place it in the basket | Pick the bbq sauce and place it in the basket | Pick the ketchup and place it in the basket	Put the tomato sauce, the chocolate pudding, the bbq sauce, and the ketchup in the basket one after another.	in(tomato_sauce_1, basket_1_contain_region); in(chocolate_pudding_1, basket_1_contain_region); in(bbq_sauce_1, basket_1_contain_region); in(ketchup_1, basket_1_contain_region)	object4_pick_up_the_butter_and_place_it_in_the_basket	Novel four-object extension of this exact stock Object layout; all C(6,4) subsets are enumerated. | All corresponding three-object identities were already screened in LiberoComposition and are not repeated. | Object identity has its own original LIBERO-Object pick-to-basket trajectory; its pose in the composite scene may differ. | Object identity has its own original LIBERO-Object pick-to-basket trajectory; its pose in the composite scene may differ. | Object identity has its own original LIBERO-Object pick-to-basket trajectory; its pose in the composite scene may differ. | Object identity has its own original LIBERO-Object pick-to-basket trajectory; its pose in the composite scene may differ.	5	8	comparison_png/COMPOSE_044__put_the_tomato_sauce_the_chocolate_pudding_the_bbq_sauce_and_the_ketchup_in_the_basket_one_after_another.png	tasks/compose_044__put_the_tomato_sauce_the_chocolate_pudding_the_bbq_sauce_and_the_ketchup_in_the_basket_one_after_another	composition|f4c797cd430f50cbdbfc85d7b847eead4a10a9c0be7847f9c032dbc9dad9d52d|frozenset({in(bbq_sauce_1,basket_1_contain_region),in(chocolate_pudding_1,basket_1_contain_region),in(ketchup_1,basket_1_contain_region),in(tomato_sauce_1,basket_1_contain_region)})
COMPOSE_045	X1_object_layout_four_to_basket	4	true	false	libero_object	310;309;304;305	pick_up_the_orange_juice_and_place_it_in_the_basket;pick_up_the_chocolate_pudding_and_place_it_in_the_basket;pick_up_the_bbq_sauce_and_place_it_in_the_basket;pick_up_the_ketchup_and_place_it_in_the_basket	Pick the orange juice and place it in the basket | Pick the chocolate pudding and place it in the basket | Pick the bbq sauce and place it in the basket | Pick the ketchup and place it in the basket	Put the orange juice, the chocolate pudding, the bbq sauce, and the ketchup in the basket one after another.	in(orange_juice_1, basket_1_contain_region); in(chocolate_pudding_1, basket_1_contain_region); in(bbq_sauce_1, basket_1_contain_region); in(ketchup_1, basket_1_contain_region)	object4_pick_up_the_butter_and_place_it_in_the_basket	Novel four-object extension of this exact stock Object layout; all C(6,4) subsets are enumerated. | All corresponding three-object identities were already screened in LiberoComposition and are not repeated. | Object identity has its own original LIBERO-Object pick-to-basket trajectory; its pose in the composite scene may differ. | Object identity has its own original LIBERO-Object pick-to-basket trajectory; its pose in the composite scene may differ. | Object identity has its own original LIBERO-Object pick-to-basket trajectory; its pose in the composite scene may differ. | Object identity has its own original LIBERO-Object pick-to-basket trajectory; its pose in the composite scene may differ.	5	8	comparison_png/COMPOSE_045__put_the_orange_juice_the_chocolate_pudding_the_bbq_sauce_and_the_ketchup_in_the_basket_one_after_another.png	tasks/compose_045__put_the_orange_juice_the_chocolate_pudding_the_bbq_sauce_and_the_ketchup_in_the_basket_one_after_another	composition|f4c797cd430f50cbdbfc85d7b847eead4a10a9c0be7847f9c032dbc9dad9d52d|frozenset({in(bbq_sauce_1,basket_1_contain_region),in(chocolate_pudding_1,basket_1_contain_region),in(ketchup_1,basket_1_contain_region),in(orange_juice_1,basket_1_contain_region)})
COMPOSE_046	X1_object_layout_four_to_basket	4	true	false	libero_object	309;310;304;305	pick_up_the_chocolate_pudding_and_place_it_in_the_basket;pick_up_the_orange_juice_and_place_it_in_the_basket;pick_up_the_bbq_sauce_and_place_it_in_the_basket;pick_up_the_ketchup_and_place_it_in_the_basket	Pick the chocolate pudding and place it in the basket | Pick the orange juice and place it in the basket | Pick the bbq sauce and place it in the basket | Pick the ketchup and place it in the basket	Put the chocolate pudding, the orange juice, the bbq sauce, and the ketchup in the basket one after another.	in(chocolate_pudding_1, basket_1_contain_region); in(orange_juice_1, basket_1_contain_region); in(bbq_sauce_1, basket_1_contain_region); in(ketchup_1, basket_1_contain_region)	object4_pick_up_the_chocolate_pudding_and_place_it_in_the_basket	Novel four-object extension of this exact stock Object layout; all C(6,4) subsets are enumerated. | All corresponding three-object identities were already screened in LiberoComposition and are not repeated. | Object identity has its own original LIBERO-Object pick-to-basket trajectory; its pose in the composite scene may differ. | Object identity has its own original LIBERO-Object pick-to-basket trajectory; its pose in the composite scene may differ. | Object identity has its own original LIBERO-Object pick-to-basket trajectory; its pose in the composite scene may differ. | Object identity has its own original LIBERO-Object pick-to-basket trajectory; its pose in the composite scene may differ.	5	8	comparison_png/COMPOSE_046__put_the_chocolate_pudding_the_orange_juice_the_bbq_sauce_and_the_ketchup_in_the_basket_one_after_another.png	tasks/compose_046__put_the_chocolate_pudding_the_orange_juice_the_bbq_sauce_and_the_ketchup_in_the_basket_one_after_another	composition|4aa27741501c741922f73456dfa26fdb41a8cbe8d2c2146af28a5687f1bad91e|frozenset({in(bbq_sauce_1,basket_1_contain_region),in(chocolate_pudding_1,basket_1_contain_region),in(ketchup_1,basket_1_contain_region),in(orange_juice_1,basket_1_contain_region)})
COMPOSE_047	X1_object_layout_four_to_basket	4	true	false	libero_object	309;310;304;303	pick_up_the_chocolate_pudding_and_place_it_in_the_basket;pick_up_the_orange_juice_and_place_it_in_the_basket;pick_up_the_bbq_sauce_and_place_it_in_the_basket;pick_up_the_salad_dressing_and_place_it_in_the_basket	Pick the chocolate pudding and place it in the basket | Pick the orange juice and place it in the basket | Pick the bbq sauce and place it in the basket | Pick the salad dressing and place it in the basket	Put the chocolate pudding, the orange juice, the bbq sauce, and the salad dressing in the basket one after another.	in(chocolate_pudding_1, basket_1_contain_region); in(orange_juice_1, basket_1_contain_region); in(bbq_sauce_1, basket_1_contain_region); in(salad_dressing_1, basket_1_contain_region)	object4_pick_up_the_chocolate_pudding_and_place_it_in_the_basket	Novel four-object extension of this exact stock Object layout; all C(6,4) subsets are enumerated. | All corresponding three-object identities were already screened in LiberoComposition and are not repeated. | Object identity has its own original LIBERO-Object pick-to-basket trajectory; its pose in the composite scene may differ. | Object identity has its own original LIBERO-Object pick-to-basket trajectory; its pose in the composite scene may differ. | Object identity has its own original LIBERO-Object pick-to-basket trajectory; its pose in the composite scene may differ. | Object identity has its own original LIBERO-Object pick-to-basket trajectory; its pose in the composite scene may differ.	5	8	comparison_png/COMPOSE_047__put_the_chocolate_pudding_the_orange_juice_the_bbq_sauce_and_the_salad_dressing_in_the_basket_one_after_another.png	tasks/compose_047__put_the_chocolate_pudding_the_orange_juice_the_bbq_sauce_and_the_salad_dressing_in_the_basket_one_after_another	composition|4aa27741501c741922f73456dfa26fdb41a8cbe8d2c2146af28a5687f1bad91e|frozenset({in(bbq_sauce_1,basket_1_contain_region),in(chocolate_pudding_1,basket_1_contain_region),in(orange_juice_1,basket_1_contain_region),in(salad_dressing_1,basket_1_contain_region)})
COMPOSE_048	X1_object_layout_four_to_basket	4	true	false	libero_object	309;310;304;301	pick_up_the_chocolate_pudding_and_place_it_in_the_basket;pick_up_the_orange_juice_and_place_it_in_the_basket;pick_up_the_bbq_sauce_and_place_it_in_the_basket;pick_up_the_alphabet_soup_and_place_it_in_the_basket	Pick the chocolate pudding and place it in the basket | Pick the orange juice and place it in the basket | Pick the bbq sauce and place it in the basket | Pick the alphabet soup and place it in the basket	Put the chocolate pudding, the orange juice, the bbq sauce, and the alphabet soup in the basket one after another.	in(chocolate_pudding_1, basket_1_contain_region); in(orange_juice_1, basket_1_contain_region); in(bbq_sauce_1, basket_1_contain_region); in(alphabet_soup_1, basket_1_contain_region)	object4_pick_up_the_chocolate_pudding_and_place_it_in_the_basket	Novel four-object extension of this exact stock Object layout; all C(6,4) subsets are enumerated. | All corresponding three-object identities were already screened in LiberoComposition and are not repeated. | Object identity has its own original LIBERO-Object pick-to-basket trajectory; its pose in the composite scene may differ. | Object identity has its own original LIBERO-Object pick-to-basket trajectory; its pose in the composite scene may differ. | Object identity has its own original LIBERO-Object pick-to-basket trajectory; its pose in the composite scene may differ. | Object identity has its own original LIBERO-Object pick-to-basket trajectory; its pose in the composite scene may differ.	5	8	comparison_png/COMPOSE_048__put_the_chocolate_pudding_the_orange_juice_the_bbq_sauce_and_the_alphabet_soup_in_the_basket_one_after_another.png	tasks/compose_048__put_the_chocolate_pudding_the_orange_juice_the_bbq_sauce_and_the_alphabet_soup_in_the_basket_one_after_another	composition|4aa27741501c741922f73456dfa26fdb41a8cbe8d2c2146af28a5687f1bad91e|frozenset({in(alphabet_soup_1,basket_1_contain_region),in(bbq_sauce_1,basket_1_contain_region),in(chocolate_pudding_1,basket_1_contain_region),in(orange_juice_1,basket_1_contain_region)})
COMPOSE_049	X1_object_layout_four_to_basket	4	true	false	libero_object	309;310;305;303	pick_up_the_chocolate_pudding_and_place_it_in_the_basket;pick_up_the_orange_juice_and_place_it_in_the_basket;pick_up_the_ketchup_and_place_it_in_the_basket;pick_up_the_salad_dressing_and_place_it_in_the_basket	Pick the chocolate pudding and place it in the basket | Pick the orange juice and place it in the basket | Pick the ketchup and place it in the basket | Pick the salad dressing and place it in the basket	Put the chocolate pudding, the orange juice, the ketchup, and the salad dressing in the basket one after another.	in(chocolate_pudding_1, basket_1_contain_region); in(orange_juice_1, basket_1_contain_region); in(ketchup_1, basket_1_contain_region); in(salad_dressing_1, basket_1_contain_region)	object4_pick_up_the_chocolate_pudding_and_place_it_in_the_basket	Novel four-object extension of this exact stock Object layout; all C(6,4) subsets are enumerated. | All corresponding three-object identities were already screened in LiberoComposition and are not repeated. | Object identity has its own original LIBERO-Object pick-to-basket trajectory; its pose in the composite scene may differ. | Object identity has its own original LIBERO-Object pick-to-basket trajectory; its pose in the composite scene may differ. | Object identity has its own original LIBERO-Object pick-to-basket trajectory; its pose in the composite scene may differ. | Object identity has its own original LIBERO-Object pick-to-basket trajectory; its pose in the composite scene may differ.	5	8	comparison_png/COMPOSE_049__put_the_chocolate_pudding_the_orange_juice_the_ketchup_and_the_salad_dressing_in_the_basket_one_after_another.png	tasks/compose_049__put_the_chocolate_pudding_the_orange_juice_the_ketchup_and_the_salad_dressing_in_the_basket_one_after_another	composition|4aa27741501c741922f73456dfa26fdb41a8cbe8d2c2146af28a5687f1bad91e|frozenset({in(chocolate_pudding_1,basket_1_contain_region),in(ketchup_1,basket_1_contain_region),in(orange_juice_1,basket_1_contain_region),in(salad_dressing_1,basket_1_contain_region)})
COMPOSE_050	X1_object_layout_four_to_basket	4	true	false	libero_object	309;310;305;301	pick_up_the_chocolate_pudding_and_place_it_in_the_basket;pick_up_the_orange_juice_and_place_it_in_the_basket;pick_up_the_ketchup_and_place_it_in_the_basket;pick_up_the_alphabet_soup_and_place_it_in_the_basket	Pick the chocolate pudding and place it in the basket | Pick the orange juice and place it in the basket | Pick the ketchup and place it in the basket | Pick the alphabet soup and place it in the basket	Put the chocolate pudding, the orange juice, the ketchup, and the alphabet soup in the basket one after another.	in(chocolate_pudding_1, basket_1_contain_region); in(orange_juice_1, basket_1_contain_region); in(ketchup_1, basket_1_contain_region); in(alphabet_soup_1, basket_1_contain_region)	object4_pick_up_the_chocolate_pudding_and_place_it_in_the_basket	Novel four-object extension of this exact stock Object layout; all C(6,4) subsets are enumerated. | All corresponding three-object identities were already screened in LiberoComposition and are not repeated. | Object identity has its own original LIBERO-Object pick-to-basket trajectory; its pose in the composite scene may differ. | Object identity has its own original LIBERO-Object pick-to-basket trajectory; its pose in the composite scene may differ. | Object identity has its own original LIBERO-Object pick-to-basket trajectory; its pose in the composite scene may differ. | Object identity has its own original LIBERO-Object pick-to-basket trajectory; its pose in the composite scene may differ.	5	8	comparison_png/COMPOSE_050__put_the_chocolate_pudding_the_orange_juice_the_ketchup_and_the_alphabet_soup_in_the_basket_one_after_another.png	tasks/compose_050__put_the_chocolate_pudding_the_orange_juice_the_ketchup_and_the_alphabet_soup_in_the_basket_one_after_another	composition|4aa27741501c741922f73456dfa26fdb41a8cbe8d2c2146af28a5687f1bad91e|frozenset({in(alphabet_soup_1,basket_1_contain_region),in(chocolate_pudding_1,basket_1_contain_region),in(ketchup_1,basket_1_contain_region),in(orange_juice_1,basket_1_contain_region)})
COMPOSE_051	X1_object_layout_four_to_basket	4	true	false	libero_object	309;310;303;301	pick_up_the_chocolate_pudding_and_place_it_in_the_basket;pick_up_the_orange_juice_and_place_it_in_the_basket;pick_up_the_salad_dressing_and_place_it_in_the_basket;pick_up_the_alphabet_soup_and_place_it_in_the_basket	Pick the chocolate pudding and place it in the basket | Pick the orange juice and place it in the basket | Pick the salad dressing and place it in the basket | Pick the alphabet soup and place it in the basket	Put the chocolate pudding, the orange juice, the salad dressing, and the alphabet soup in the basket one after another.	in(chocolate_pudding_1, basket_1_contain_region); in(orange_juice_1, basket_1_contain_region); in(salad_dressing_1, basket_1_contain_region); in(alphabet_soup_1, basket_1_contain_region)	object4_pick_up_the_chocolate_pudding_and_place_it_in_the_basket	Novel four-object extension of this exact stock Object layout; all C(6,4) subsets are enumerated. | All corresponding three-object identities were already screened in LiberoComposition and are not repeated. | Object identity has its own original LIBERO-Object pick-to-basket trajectory; its pose in the composite scene may differ. | Object identity has its own original LIBERO-Object pick-to-basket trajectory; its pose in the composite scene may differ. | Object identity has its own original LIBERO-Object pick-to-basket trajectory; its pose in the composite scene may differ. | Object identity has its own original LIBERO-Object pick-to-basket trajectory; its pose in the composite scene may differ.	5	8	comparison_png/COMPOSE_051__put_the_chocolate_pudding_the_orange_juice_the_salad_dressing_and_the_alphabet_soup_in_the_basket_one_after_another.png	tasks/compose_051__put_the_chocolate_pudding_the_orange_juice_the_salad_dressing_and_the_alphabet_soup_in_the_basket_one_after_another	composition|4aa27741501c741922f73456dfa26fdb41a8cbe8d2c2146af28a5687f1bad91e|frozenset({in(alphabet_soup_1,basket_1_contain_region),in(chocolate_pudding_1,basket_1_contain_region),in(orange_juice_1,basket_1_contain_region),in(salad_dressing_1,basket_1_contain_region)})
COMPOSE_052	X1_object_layout_four_to_basket	4	true	false	libero_object	309;304;305;303	pick_up_the_chocolate_pudding_and_place_it_in_the_basket;pick_up_the_bbq_sauce_and_place_it_in_the_basket;pick_up_the_ketchup_and_place_it_in_the_basket;pick_up_the_salad_dressing_and_place_it_in_the_basket	Pick the chocolate pudding and place it in the basket | Pick the bbq sauce and place it in the basket | Pick the ketchup and place it in the basket | Pick the salad dressing and place it in the basket	Put the chocolate pudding, the bbq sauce, the ketchup, and the salad dressing in the basket one after another.	in(chocolate_pudding_1, basket_1_contain_region); in(bbq_sauce_1, basket_1_contain_region); in(ketchup_1, basket_1_contain_region); in(salad_dressing_1, basket_1_contain_region)	object4_pick_up_the_chocolate_pudding_and_place_it_in_the_basket	Novel four-object extension of this exact stock Object layout; all C(6,4) subsets are enumerated. | All corresponding three-object identities were already screened in LiberoComposition and are not repeated. | Object identity has its own original LIBERO-Object pick-to-basket trajectory; its pose in the composite scene may differ. | Object identity has its own original LIBERO-Object pick-to-basket trajectory; its pose in the composite scene may differ. | Object identity has its own original LIBERO-Object pick-to-basket trajectory; its pose in the composite scene may differ. | Object identity has its own original LIBERO-Object pick-to-basket trajectory; its pose in the composite scene may differ.	5	8	comparison_png/COMPOSE_052__put_the_chocolate_pudding_the_bbq_sauce_the_ketchup_and_the_salad_dressing_in_the_basket_one_after_another.png	tasks/compose_052__put_the_chocolate_pudding_the_bbq_sauce_the_ketchup_and_the_salad_dressing_in_the_basket_one_after_another	composition|4aa27741501c741922f73456dfa26fdb41a8cbe8d2c2146af28a5687f1bad91e|frozenset({in(bbq_sauce_1,basket_1_contain_region),in(chocolate_pudding_1,basket_1_contain_region),in(ketchup_1,basket_1_contain_region),in(salad_dressing_1,basket_1_contain_region)})
COMPOSE_053	X1_object_layout_four_to_basket	4	true	false	libero_object	309;304;305;301	pick_up_the_chocolate_pudding_and_place_it_in_the_basket;pick_up_the_bbq_sauce_and_place_it_in_the_basket;pick_up_the_ketchup_and_place_it_in_the_basket;pick_up_the_alphabet_soup_and_place_it_in_the_basket	Pick the chocolate pudding and place it in the basket | Pick the bbq sauce and place it in the basket | Pick the ketchup and place it in the basket | Pick the alphabet soup and place it in the basket	Put the chocolate pudding, the bbq sauce, the ketchup, and the alphabet soup in the basket one after another.	in(chocolate_pudding_1, basket_1_contain_region); in(bbq_sauce_1, basket_1_contain_region); in(ketchup_1, basket_1_contain_region); in(alphabet_soup_1, basket_1_contain_region)	object4_pick_up_the_chocolate_pudding_and_place_it_in_the_basket	Novel four-object extension of this exact stock Object layout; all C(6,4) subsets are enumerated. | All corresponding three-object identities were already screened in LiberoComposition and are not repeated. | Object identity has its own original LIBERO-Object pick-to-basket trajectory; its pose in the composite scene may differ. | Object identity has its own original LIBERO-Object pick-to-basket trajectory; its pose in the composite scene may differ. | Object identity has its own original LIBERO-Object pick-to-basket trajectory; its pose in the composite scene may differ. | Object identity has its own original LIBERO-Object pick-to-basket trajectory; its pose in the composite scene may differ.	5	8	comparison_png/COMPOSE_053__put_the_chocolate_pudding_the_bbq_sauce_the_ketchup_and_the_alphabet_soup_in_the_basket_one_after_another.png	tasks/compose_053__put_the_chocolate_pudding_the_bbq_sauce_the_ketchup_and_the_alphabet_soup_in_the_basket_one_after_another	composition|4aa27741501c741922f73456dfa26fdb41a8cbe8d2c2146af28a5687f1bad91e|frozenset({in(alphabet_soup_1,basket_1_contain_region),in(bbq_sauce_1,basket_1_contain_region),in(chocolate_pudding_1,basket_1_contain_region),in(ketchup_1,basket_1_contain_region)})
COMPOSE_054	X1_object_layout_four_to_basket	4	true	false	libero_object	309;304;303;301	pick_up_the_chocolate_pudding_and_place_it_in_the_basket;pick_up_the_bbq_sauce_and_place_it_in_the_basket;pick_up_the_salad_dressing_and_place_it_in_the_basket;pick_up_the_alphabet_soup_and_place_it_in_the_basket	Pick the chocolate pudding and place it in the basket | Pick the bbq sauce and place it in the basket | Pick the salad dressing and place it in the basket | Pick the alphabet soup and place it in the basket	Put the chocolate pudding, the bbq sauce, the salad dressing, and the alphabet soup in the basket one after another.	in(chocolate_pudding_1, basket_1_contain_region); in(bbq_sauce_1, basket_1_contain_region); in(salad_dressing_1, basket_1_contain_region); in(alphabet_soup_1, basket_1_contain_region)	object4_pick_up_the_chocolate_pudding_and_place_it_in_the_basket	Novel four-object extension of this exact stock Object layout; all C(6,4) subsets are enumerated. | All corresponding three-object identities were already screened in LiberoComposition and are not repeated. | Object identity has its own original LIBERO-Object pick-to-basket trajectory; its pose in the composite scene may differ. | Object identity has its own original LIBERO-Object pick-to-basket trajectory; its pose in the composite scene may differ. | Object identity has its own original LIBERO-Object pick-to-basket trajectory; its pose in the composite scene may differ. | Object identity has its own original LIBERO-Object pick-to-basket trajectory; its pose in the composite scene may differ.	5	8	comparison_png/COMPOSE_054__put_the_chocolate_pudding_the_bbq_sauce_the_salad_dressing_and_the_alphabet_soup_in_the_basket_one_after_another.png	tasks/compose_054__put_the_chocolate_pudding_the_bbq_sauce_the_salad_dressing_and_the_alphabet_soup_in_the_basket_one_after_another	composition|4aa27741501c741922f73456dfa26fdb41a8cbe8d2c2146af28a5687f1bad91e|frozenset({in(alphabet_soup_1,basket_1_contain_region),in(bbq_sauce_1,basket_1_contain_region),in(chocolate_pudding_1,basket_1_contain_region),in(salad_dressing_1,basket_1_contain_region)})
COMPOSE_055	X1_object_layout_four_to_basket	4	true	false	libero_object	309;305;303;301	pick_up_the_chocolate_pudding_and_place_it_in_the_basket;pick_up_the_ketchup_and_place_it_in_the_basket;pick_up_the_salad_dressing_and_place_it_in_the_basket;pick_up_the_alphabet_soup_and_place_it_in_the_basket	Pick the chocolate pudding and place it in the basket | Pick the ketchup and place it in the basket | Pick the salad dressing and place it in the basket | Pick the alphabet soup and place it in the basket	Put the chocolate pudding, the ketchup, the salad dressing, and the alphabet soup in the basket one after another.	in(chocolate_pudding_1, basket_1_contain_region); in(ketchup_1, basket_1_contain_region); in(salad_dressing_1, basket_1_contain_region); in(alphabet_soup_1, basket_1_contain_region)	object4_pick_up_the_chocolate_pudding_and_place_it_in_the_basket	Novel four-object extension of this exact stock Object layout; all C(6,4) subsets are enumerated. | All corresponding three-object identities were already screened in LiberoComposition and are not repeated. | Object identity has its own original LIBERO-Object pick-to-basket trajectory; its pose in the composite scene may differ. | Object identity has its own original LIBERO-Object pick-to-basket trajectory; its pose in the composite scene may differ. | Object identity has its own original LIBERO-Object pick-to-basket trajectory; its pose in the composite scene may differ. | Object identity has its own original LIBERO-Object pick-to-basket trajectory; its pose in the composite scene may differ.	5	8	comparison_png/COMPOSE_055__put_the_chocolate_pudding_the_ketchup_the_salad_dressing_and_the_alphabet_soup_in_the_basket_one_after_another.png	tasks/compose_055__put_the_chocolate_pudding_the_ketchup_the_salad_dressing_and_the_alphabet_soup_in_the_basket_one_after_another	composition|4aa27741501c741922f73456dfa26fdb41a8cbe8d2c2146af28a5687f1bad91e|frozenset({in(alphabet_soup_1,basket_1_contain_region),in(chocolate_pudding_1,basket_1_contain_region),in(ketchup_1,basket_1_contain_region),in(salad_dressing_1,basket_1_contain_region)})
COMPOSE_056	X1_object_layout_four_to_basket	4	true	false	libero_object	310;304;305;303	pick_up_the_orange_juice_and_place_it_in_the_basket;pick_up_the_bbq_sauce_and_place_it_in_the_basket;pick_up_the_ketchup_and_place_it_in_the_basket;pick_up_the_salad_dressing_and_place_it_in_the_basket	Pick the orange juice and place it in the basket | Pick the bbq sauce and place it in the basket | Pick the ketchup and place it in the basket | Pick the salad dressing and place it in the basket	Put the orange juice, the bbq sauce, the ketchup, and the salad dressing in the basket one after another.	in(orange_juice_1, basket_1_contain_region); in(bbq_sauce_1, basket_1_contain_region); in(ketchup_1, basket_1_contain_region); in(salad_dressing_1, basket_1_contain_region)	object4_pick_up_the_chocolate_pudding_and_place_it_in_the_basket	Novel four-object extension of this exact stock Object layout; all C(6,4) subsets are enumerated. | All corresponding three-object identities were already screened in LiberoComposition and are not repeated. | Object identity has its own original LIBERO-Object pick-to-basket trajectory; its pose in the composite scene may differ. | Object identity has its own original LIBERO-Object pick-to-basket trajectory; its pose in the composite scene may differ. | Object identity has its own original LIBERO-Object pick-to-basket trajectory; its pose in the composite scene may differ. | Object identity has its own original LIBERO-Object pick-to-basket trajectory; its pose in the composite scene may differ.	5	8	comparison_png/COMPOSE_056__put_the_orange_juice_the_bbq_sauce_the_ketchup_and_the_salad_dressing_in_the_basket_one_after_another.png	tasks/compose_056__put_the_orange_juice_the_bbq_sauce_the_ketchup_and_the_salad_dressing_in_the_basket_one_after_another	composition|4aa27741501c741922f73456dfa26fdb41a8cbe8d2c2146af28a5687f1bad91e|frozenset({in(bbq_sauce_1,basket_1_contain_region),in(ketchup_1,basket_1_contain_region),in(orange_juice_1,basket_1_contain_region),in(salad_dressing_1,basket_1_contain_region)})
COMPOSE_057	X1_object_layout_four_to_basket	4	true	false	libero_object	310;304;305;301	pick_up_the_orange_juice_and_place_it_in_the_basket;pick_up_the_bbq_sauce_and_place_it_in_the_basket;pick_up_the_ketchup_and_place_it_in_the_basket;pick_up_the_alphabet_soup_and_place_it_in_the_basket	Pick the orange juice and place it in the basket | Pick the bbq sauce and place it in the basket | Pick the ketchup and place it in the basket | Pick the alphabet soup and place it in the basket	Put the orange juice, the bbq sauce, the ketchup, and the alphabet soup in the basket one after another.	in(orange_juice_1, basket_1_contain_region); in(bbq_sauce_1, basket_1_contain_region); in(ketchup_1, basket_1_contain_region); in(alphabet_soup_1, basket_1_contain_region)	object4_pick_up_the_chocolate_pudding_and_place_it_in_the_basket	Novel four-object extension of this exact stock Object layout; all C(6,4) subsets are enumerated. | All corresponding three-object identities were already screened in LiberoComposition and are not repeated. | Object identity has its own original LIBERO-Object pick-to-basket trajectory; its pose in the composite scene may differ. | Object identity has its own original LIBERO-Object pick-to-basket trajectory; its pose in the composite scene may differ. | Object identity has its own original LIBERO-Object pick-to-basket trajectory; its pose in the composite scene may differ. | Object identity has its own original LIBERO-Object pick-to-basket trajectory; its pose in the composite scene may differ.	5	8	comparison_png/COMPOSE_057__put_the_orange_juice_the_bbq_sauce_the_ketchup_and_the_alphabet_soup_in_the_basket_one_after_another.png	tasks/compose_057__put_the_orange_juice_the_bbq_sauce_the_ketchup_and_the_alphabet_soup_in_the_basket_one_after_another	composition|4aa27741501c741922f73456dfa26fdb41a8cbe8d2c2146af28a5687f1bad91e|frozenset({in(alphabet_soup_1,basket_1_contain_region),in(bbq_sauce_1,basket_1_contain_region),in(ketchup_1,basket_1_contain_region),in(orange_juice_1,basket_1_contain_region)})
COMPOSE_058	X1_object_layout_four_to_basket	4	true	false	libero_object	310;304;303;301	pick_up_the_orange_juice_and_place_it_in_the_basket;pick_up_the_bbq_sauce_and_place_it_in_the_basket;pick_up_the_salad_dressing_and_place_it_in_the_basket;pick_up_the_alphabet_soup_and_place_it_in_the_basket	Pick the orange juice and place it in the basket | Pick the bbq sauce and place it in the basket | Pick the salad dressing and place it in the basket | Pick the alphabet soup and place it in the basket	Put the orange juice, the bbq sauce, the salad dressing, and the alphabet soup in the basket one after another.	in(orange_juice_1, basket_1_contain_region); in(bbq_sauce_1, basket_1_contain_region); in(salad_dressing_1, basket_1_contain_region); in(alphabet_soup_1, basket_1_contain_region)	object4_pick_up_the_chocolate_pudding_and_place_it_in_the_basket	Novel four-object extension of this exact stock Object layout; all C(6,4) subsets are enumerated. | All corresponding three-object identities were already screened in LiberoComposition and are not repeated. | Object identity has its own original LIBERO-Object pick-to-basket trajectory; its pose in the composite scene may differ. | Object identity has its own original LIBERO-Object pick-to-basket trajectory; its pose in the composite scene may differ. | Object identity has its own original LIBERO-Object pick-to-basket trajectory; its pose in the composite scene may differ. | Object identity has its own original LIBERO-Object pick-to-basket trajectory; its pose in the composite scene may differ.	5	8	comparison_png/COMPOSE_058__put_the_orange_juice_the_bbq_sauce_the_salad_dressing_and_the_alphabet_soup_in_the_basket_one_after_another.png	tasks/compose_058__put_the_orange_juice_the_bbq_sauce_the_salad_dressing_and_the_alphabet_soup_in_the_basket_one_after_another	composition|4aa27741501c741922f73456dfa26fdb41a8cbe8d2c2146af28a5687f1bad91e|frozenset({in(alphabet_soup_1,basket_1_contain_region),in(bbq_sauce_1,basket_1_contain_region),in(orange_juice_1,basket_1_contain_region),in(salad_dressing_1,basket_1_contain_region)})
COMPOSE_059	X1_object_layout_four_to_basket	4	true	false	libero_object	310;305;303;301	pick_up_the_orange_juice_and_place_it_in_the_basket;pick_up_the_ketchup_and_place_it_in_the_basket;pick_up_the_salad_dressing_and_place_it_in_the_basket;pick_up_the_alphabet_soup_and_place_it_in_the_basket	Pick the orange juice and place it in the basket | Pick the ketchup and place it in the basket | Pick the salad dressing and place it in the basket | Pick the alphabet soup and place it in the basket	Put the orange juice, the ketchup, the salad dressing, and the alphabet soup in the basket one after another.	in(orange_juice_1, basket_1_contain_region); in(ketchup_1, basket_1_contain_region); in(salad_dressing_1, basket_1_contain_region); in(alphabet_soup_1, basket_1_contain_region)	object4_pick_up_the_chocolate_pudding_and_place_it_in_the_basket	Novel four-object extension of this exact stock Object layout; all C(6,4) subsets are enumerated. | All corresponding three-object identities were already screened in LiberoComposition and are not repeated. | Object identity has its own original LIBERO-Object pick-to-basket trajectory; its pose in the composite scene may differ. | Object identity has its own original LIBERO-Object pick-to-basket trajectory; its pose in the composite scene may differ. | Object identity has its own original LIBERO-Object pick-to-basket trajectory; its pose in the composite scene may differ. | Object identity has its own original LIBERO-Object pick-to-basket trajectory; its pose in the composite scene may differ.	5	8	comparison_png/COMPOSE_059__put_the_orange_juice_the_ketchup_the_salad_dressing_and_the_alphabet_soup_in_the_basket_one_after_another.png	tasks/compose_059__put_the_orange_juice_the_ketchup_the_salad_dressing_and_the_alphabet_soup_in_the_basket_one_after_another	composition|4aa27741501c741922f73456dfa26fdb41a8cbe8d2c2146af28a5687f1bad91e|frozenset({in(alphabet_soup_1,basket_1_contain_region),in(ketchup_1,basket_1_contain_region),in(orange_juice_1,basket_1_contain_region),in(salad_dressing_1,basket_1_contain_region)})
COMPOSE_060	X1_object_layout_four_to_basket	4	true	false	libero_object	304;305;303;301	pick_up_the_bbq_sauce_and_place_it_in_the_basket;pick_up_the_ketchup_and_place_it_in_the_basket;pick_up_the_salad_dressing_and_place_it_in_the_basket;pick_up_the_alphabet_soup_and_place_it_in_the_basket	Pick the bbq sauce and place it in the basket | Pick the ketchup and place it in the basket | Pick the salad dressing and place it in the basket | Pick the alphabet soup and place it in the basket	Put the bbq sauce, the ketchup, the salad dressing, and the alphabet soup in the basket one after another.	in(bbq_sauce_1, basket_1_contain_region); in(ketchup_1, basket_1_contain_region); in(salad_dressing_1, basket_1_contain_region); in(alphabet_soup_1, basket_1_contain_region)	object4_pick_up_the_chocolate_pudding_and_place_it_in_the_basket	Novel four-object extension of this exact stock Object layout; all C(6,4) subsets are enumerated. | All corresponding three-object identities were already screened in LiberoComposition and are not repeated. | Object identity has its own original LIBERO-Object pick-to-basket trajectory; its pose in the composite scene may differ. | Object identity has its own original LIBERO-Object pick-to-basket trajectory; its pose in the composite scene may differ. | Object identity has its own original LIBERO-Object pick-to-basket trajectory; its pose in the composite scene may differ. | Object identity has its own original LIBERO-Object pick-to-basket trajectory; its pose in the composite scene may differ.	5	8	comparison_png/COMPOSE_060__put_the_bbq_sauce_the_ketchup_the_salad_dressing_and_the_alphabet_soup_in_the_basket_one_after_another.png	tasks/compose_060__put_the_bbq_sauce_the_ketchup_the_salad_dressing_and_the_alphabet_soup_in_the_basket_one_after_another	composition|4aa27741501c741922f73456dfa26fdb41a8cbe8d2c2146af28a5687f1bad91e|frozenset({in(alphabet_soup_1,basket_1_contain_region),in(bbq_sauce_1,basket_1_contain_region),in(ketchup_1,basket_1_contain_region),in(salad_dressing_1,basket_1_contain_region)})
COMPOSE_061	X1_object_layout_four_to_basket	4	true	false	libero_object	302;301;308;306	pick_up_the_cream_cheese_and_place_it_in_the_basket;pick_up_the_alphabet_soup_and_place_it_in_the_basket;pick_up_the_milk_and_place_it_in_the_basket;pick_up_the_tomato_sauce_and_place_it_in_the_basket	Pick the cream cheese and place it in the basket | Pick the alphabet soup and place it in the basket | Pick the milk and place it in the basket | Pick the tomato sauce and place it in the basket	Put the cream cheese box, the alphabet soup, the milk, and the tomato sauce in the basket one after another.	in(cream_cheese_1, basket_1_contain_region); in(alphabet_soup_1, basket_1_contain_region); in(milk_1, basket_1_contain_region); in(tomato_sauce_1, basket_1_contain_region)	object4_pick_up_the_cream_cheese_and_place_it_in_the_basket	Novel four-object extension of this exact stock Object layout; all C(6,4) subsets are enumerated. | All corresponding three-object identities were already screened in LiberoComposition and are not repeated. | Object identity has its own original LIBERO-Object pick-to-basket trajectory; its pose in the composite scene may differ. | Object identity has its own original LIBERO-Object pick-to-basket trajectory; its pose in the composite scene may differ. | Object identity has its own original LIBERO-Object pick-to-basket trajectory; its pose in the composite scene may differ. | Object identity has its own original LIBERO-Object pick-to-basket trajectory; its pose in the composite scene may differ.	5	8	comparison_png/COMPOSE_061__put_the_cream_cheese_box_the_alphabet_soup_the_milk_and_the_tomato_sauce_in_the_basket_one_after_another.png	tasks/compose_061__put_the_cream_cheese_box_the_alphabet_soup_the_milk_and_the_tomato_sauce_in_the_basket_one_after_another	composition|a057c2029b41a4edf6117413a040d21e74cf9f15af32f59e0cdb88c1dc833bab|frozenset({in(alphabet_soup_1,basket_1_contain_region),in(cream_cheese_1,basket_1_contain_region),in(milk_1,basket_1_contain_region),in(tomato_sauce_1,basket_1_contain_region)})
COMPOSE_062	X1_object_layout_four_to_basket	4	true	false	libero_object	302;301;308;307	pick_up_the_cream_cheese_and_place_it_in_the_basket;pick_up_the_alphabet_soup_and_place_it_in_the_basket;pick_up_the_milk_and_place_it_in_the_basket;pick_up_the_butter_and_place_it_in_the_basket	Pick the cream cheese and place it in the basket | Pick the alphabet soup and place it in the basket | Pick the milk and place it in the basket | Pick the butter and place it in the basket	Put the cream cheese box, the alphabet soup, the milk, and the butter in the basket one after another.	in(cream_cheese_1, basket_1_contain_region); in(alphabet_soup_1, basket_1_contain_region); in(milk_1, basket_1_contain_region); in(butter_1, basket_1_contain_region)	object4_pick_up_the_cream_cheese_and_place_it_in_the_basket	Novel four-object extension of this exact stock Object layout; all C(6,4) subsets are enumerated. | All corresponding three-object identities were already screened in LiberoComposition and are not repeated. | Object identity has its own original LIBERO-Object pick-to-basket trajectory; its pose in the composite scene may differ. | Object identity has its own original LIBERO-Object pick-to-basket trajectory; its pose in the composite scene may differ. | Object identity has its own original LIBERO-Object pick-to-basket trajectory; its pose in the composite scene may differ. | Object identity has its own original LIBERO-Object pick-to-basket trajectory; its pose in the composite scene may differ.	5	8	comparison_png/COMPOSE_062__put_the_cream_cheese_box_the_alphabet_soup_the_milk_and_the_butter_in_the_basket_one_after_another.png	tasks/compose_062__put_the_cream_cheese_box_the_alphabet_soup_the_milk_and_the_butter_in_the_basket_one_after_another	composition|a057c2029b41a4edf6117413a040d21e74cf9f15af32f59e0cdb88c1dc833bab|frozenset({in(alphabet_soup_1,basket_1_contain_region),in(butter_1,basket_1_contain_region),in(cream_cheese_1,basket_1_contain_region),in(milk_1,basket_1_contain_region)})
COMPOSE_063	X1_object_layout_four_to_basket	4	true	false	libero_object	302;301;308;310	pick_up_the_cream_cheese_and_place_it_in_the_basket;pick_up_the_alphabet_soup_and_place_it_in_the_basket;pick_up_the_milk_and_place_it_in_the_basket;pick_up_the_orange_juice_and_place_it_in_the_basket	Pick the cream cheese and place it in the basket | Pick the alphabet soup and place it in the basket | Pick the milk and place it in the basket | Pick the orange juice and place it in the basket	Put the cream cheese box, the alphabet soup, the milk, and the orange juice in the basket one after another.	in(cream_cheese_1, basket_1_contain_region); in(alphabet_soup_1, basket_1_contain_region); in(milk_1, basket_1_contain_region); in(orange_juice_1, basket_1_contain_region)	object4_pick_up_the_cream_cheese_and_place_it_in_the_basket	Novel four-object extension of this exact stock Object layout; all C(6,4) subsets are enumerated. | All corresponding three-object identities were already screened in LiberoComposition and are not repeated. | Object identity has its own original LIBERO-Object pick-to-basket trajectory; its pose in the composite scene may differ. | Object identity has its own original LIBERO-Object pick-to-basket trajectory; its pose in the composite scene may differ. | Object identity has its own original LIBERO-Object pick-to-basket trajectory; its pose in the composite scene may differ. | Object identity has its own original LIBERO-Object pick-to-basket trajectory; its pose in the composite scene may differ.	5	8	comparison_png/COMPOSE_063__put_the_cream_cheese_box_the_alphabet_soup_the_milk_and_the_orange_juice_in_the_basket_one_after_another.png	tasks/compose_063__put_the_cream_cheese_box_the_alphabet_soup_the_milk_and_the_orange_juice_in_the_basket_one_after_another	composition|a057c2029b41a4edf6117413a040d21e74cf9f15af32f59e0cdb88c1dc833bab|frozenset({in(alphabet_soup_1,basket_1_contain_region),in(cream_cheese_1,basket_1_contain_region),in(milk_1,basket_1_contain_region),in(orange_juice_1,basket_1_contain_region)})
COMPOSE_064	X1_object_layout_four_to_basket	4	true	false	libero_object	302;301;306;307	pick_up_the_cream_cheese_and_place_it_in_the_basket;pick_up_the_alphabet_soup_and_place_it_in_the_basket;pick_up_the_tomato_sauce_and_place_it_in_the_basket;pick_up_the_butter_and_place_it_in_the_basket	Pick the cream cheese and place it in the basket | Pick the alphabet soup and place it in the basket | Pick the tomato sauce and place it in the basket | Pick the butter and place it in the basket	Put the cream cheese box, the alphabet soup, the tomato sauce, and the butter in the basket one after another.	in(cream_cheese_1, basket_1_contain_region); in(alphabet_soup_1, basket_1_contain_region); in(tomato_sauce_1, basket_1_contain_region); in(butter_1, basket_1_contain_region)	object4_pick_up_the_cream_cheese_and_place_it_in_the_basket	Novel four-object extension of this exact stock Object layout; all C(6,4) subsets are enumerated. | All corresponding three-object identities were already screened in LiberoComposition and are not repeated. | Object identity has its own original LIBERO-Object pick-to-basket trajectory; its pose in the composite scene may differ. | Object identity has its own original LIBERO-Object pick-to-basket trajectory; its pose in the composite scene may differ. | Object identity has its own original LIBERO-Object pick-to-basket trajectory; its pose in the composite scene may differ. | Object identity has its own original LIBERO-Object pick-to-basket trajectory; its pose in the composite scene may differ.	5	8	comparison_png/COMPOSE_064__put_the_cream_cheese_box_the_alphabet_soup_the_tomato_sauce_and_the_butter_in_the_basket_one_after_another.png	tasks/compose_064__put_the_cream_cheese_box_the_alphabet_soup_the_tomato_sauce_and_the_butter_in_the_basket_one_after_another	composition|a057c2029b41a4edf6117413a040d21e74cf9f15af32f59e0cdb88c1dc833bab|frozenset({in(alphabet_soup_1,basket_1_contain_region),in(butter_1,basket_1_contain_region),in(cream_cheese_1,basket_1_contain_region),in(tomato_sauce_1,basket_1_contain_region)})
COMPOSE_065	X1_object_layout_four_to_basket	4	true	false	libero_object	302;301;306;310	pick_up_the_cream_cheese_and_place_it_in_the_basket;pick_up_the_alphabet_soup_and_place_it_in_the_basket;pick_up_the_tomato_sauce_and_place_it_in_the_basket;pick_up_the_orange_juice_and_place_it_in_the_basket	Pick the cream cheese and place it in the basket | Pick the alphabet soup and place it in the basket | Pick the tomato sauce and place it in the basket | Pick the orange juice and place it in the basket	Put the cream cheese box, the alphabet soup, the tomato sauce, and the orange juice in the basket one after another.	in(cream_cheese_1, basket_1_contain_region); in(alphabet_soup_1, basket_1_contain_region); in(tomato_sauce_1, basket_1_contain_region); in(orange_juice_1, basket_1_contain_region)	object4_pick_up_the_cream_cheese_and_place_it_in_the_basket	Novel four-object extension of this exact stock Object layout; all C(6,4) subsets are enumerated. | All corresponding three-object identities were already screened in LiberoComposition and are not repeated. | Object identity has its own original LIBERO-Object pick-to-basket trajectory; its pose in the composite scene may differ. | Object identity has its own original LIBERO-Object pick-to-basket trajectory; its pose in the composite scene may differ. | Object identity has its own original LIBERO-Object pick-to-basket trajectory; its pose in the composite scene may differ. | Object identity has its own original LIBERO-Object pick-to-basket trajectory; its pose in the composite scene may differ.	5	8	comparison_png/COMPOSE_065__put_the_cream_cheese_box_the_alphabet_soup_the_tomato_sauce_and_the_orange_juice_in_the_basket_one_after_another.png	tasks/compose_065__put_the_cream_cheese_box_the_alphabet_soup_the_tomato_sauce_and_the_orange_juice_in_the_basket_one_after_another	composition|a057c2029b41a4edf6117413a040d21e74cf9f15af32f59e0cdb88c1dc833bab|frozenset({in(alphabet_soup_1,basket_1_contain_region),in(cream_cheese_1,basket_1_contain_region),in(orange_juice_1,basket_1_contain_region),in(tomato_sauce_1,basket_1_contain_region)})
COMPOSE_066	X1_object_layout_four_to_basket	4	true	false	libero_object	302;301;307;310	pick_up_the_cream_cheese_and_place_it_in_the_basket;pick_up_the_alphabet_soup_and_place_it_in_the_basket;pick_up_the_butter_and_place_it_in_the_basket;pick_up_the_orange_juice_and_place_it_in_the_basket	Pick the cream cheese and place it in the basket | Pick the alphabet soup and place it in the basket | Pick the butter and place it in the basket | Pick the orange juice and place it in the basket	Put the cream cheese box, the alphabet soup, the butter, and the orange juice in the basket one after another.	in(cream_cheese_1, basket_1_contain_region); in(alphabet_soup_1, basket_1_contain_region); in(butter_1, basket_1_contain_region); in(orange_juice_1, basket_1_contain_region)	object4_pick_up_the_cream_cheese_and_place_it_in_the_basket	Novel four-object extension of this exact stock Object layout; all C(6,4) subsets are enumerated. | All corresponding three-object identities were already screened in LiberoComposition and are not repeated. | Object identity has its own original LIBERO-Object pick-to-basket trajectory; its pose in the composite scene may differ. | Object identity has its own original LIBERO-Object pick-to-basket trajectory; its pose in the composite scene may differ. | Object identity has its own original LIBERO-Object pick-to-basket trajectory; its pose in the composite scene may differ. | Object identity has its own original LIBERO-Object pick-to-basket trajectory; its pose in the composite scene may differ.	5	8	comparison_png/COMPOSE_066__put_the_cream_cheese_box_the_alphabet_soup_the_butter_and_the_orange_juice_in_the_basket_one_after_another.png	tasks/compose_066__put_the_cream_cheese_box_the_alphabet_soup_the_butter_and_the_orange_juice_in_the_basket_one_after_another	composition|a057c2029b41a4edf6117413a040d21e74cf9f15af32f59e0cdb88c1dc833bab|frozenset({in(alphabet_soup_1,basket_1_contain_region),in(butter_1,basket_1_contain_region),in(cream_cheese_1,basket_1_contain_region),in(orange_juice_1,basket_1_contain_region)})
COMPOSE_067	X1_object_layout_four_to_basket	4	true	false	libero_object	302;308;306;307	pick_up_the_cream_cheese_and_place_it_in_the_basket;pick_up_the_milk_and_place_it_in_the_basket;pick_up_the_tomato_sauce_and_place_it_in_the_basket;pick_up_the_butter_and_place_it_in_the_basket	Pick the cream cheese and place it in the basket | Pick the milk and place it in the basket | Pick the tomato sauce and place it in the basket | Pick the butter and place it in the basket	Put the cream cheese box, the milk, the tomato sauce, and the butter in the basket one after another.	in(cream_cheese_1, basket_1_contain_region); in(milk_1, basket_1_contain_region); in(tomato_sauce_1, basket_1_contain_region); in(butter_1, basket_1_contain_region)	object4_pick_up_the_cream_cheese_and_place_it_in_the_basket	Novel four-object extension of this exact stock Object layout; all C(6,4) subsets are enumerated. | All corresponding three-object identities were already screened in LiberoComposition and are not repeated. | Object identity has its own original LIBERO-Object pick-to-basket trajectory; its pose in the composite scene may differ. | Object identity has its own original LIBERO-Object pick-to-basket trajectory; its pose in the composite scene may differ. | Object identity has its own original LIBERO-Object pick-to-basket trajectory; its pose in the composite scene may differ. | Object identity has its own original LIBERO-Object pick-to-basket trajectory; its pose in the composite scene may differ.	5	8	comparison_png/COMPOSE_067__put_the_cream_cheese_box_the_milk_the_tomato_sauce_and_the_butter_in_the_basket_one_after_another.png	tasks/compose_067__put_the_cream_cheese_box_the_milk_the_tomato_sauce_and_the_butter_in_the_basket_one_after_another	composition|a057c2029b41a4edf6117413a040d21e74cf9f15af32f59e0cdb88c1dc833bab|frozenset({in(butter_1,basket_1_contain_region),in(cream_cheese_1,basket_1_contain_region),in(milk_1,basket_1_contain_region),in(tomato_sauce_1,basket_1_contain_region)})
COMPOSE_068	X1_object_layout_four_to_basket	4	true	false	libero_object	302;308;306;310	pick_up_the_cream_cheese_and_place_it_in_the_basket;pick_up_the_milk_and_place_it_in_the_basket;pick_up_the_tomato_sauce_and_place_it_in_the_basket;pick_up_the_orange_juice_and_place_it_in_the_basket	Pick the cream cheese and place it in the basket | Pick the milk and place it in the basket | Pick the tomato sauce and place it in the basket | Pick the orange juice and place it in the basket	Put the cream cheese box, the milk, the tomato sauce, and the orange juice in the basket one after another.	in(cream_cheese_1, basket_1_contain_region); in(milk_1, basket_1_contain_region); in(tomato_sauce_1, basket_1_contain_region); in(orange_juice_1, basket_1_contain_region)	object4_pick_up_the_cream_cheese_and_place_it_in_the_basket	Novel four-object extension of this exact stock Object layout; all C(6,4) subsets are enumerated. | All corresponding three-object identities were already screened in LiberoComposition and are not repeated. | Object identity has its own original LIBERO-Object pick-to-basket trajectory; its pose in the composite scene may differ. | Object identity has its own original LIBERO-Object pick-to-basket trajectory; its pose in the composite scene may differ. | Object identity has its own original LIBERO-Object pick-to-basket trajectory; its pose in the composite scene may differ. | Object identity has its own original LIBERO-Object pick-to-basket trajectory; its pose in the composite scene may differ.	5	8	comparison_png/COMPOSE_068__put_the_cream_cheese_box_the_milk_the_tomato_sauce_and_the_orange_juice_in_the_basket_one_after_another.png	tasks/compose_068__put_the_cream_cheese_box_the_milk_the_tomato_sauce_and_the_orange_juice_in_the_basket_one_after_another	composition|a057c2029b41a4edf6117413a040d21e74cf9f15af32f59e0cdb88c1dc833bab|frozenset({in(cream_cheese_1,basket_1_contain_region),in(milk_1,basket_1_contain_region),in(orange_juice_1,basket_1_contain_region),in(tomato_sauce_1,basket_1_contain_region)})
COMPOSE_069	X1_object_layout_four_to_basket	4	true	false	libero_object	302;308;307;310	pick_up_the_cream_cheese_and_place_it_in_the_basket;pick_up_the_milk_and_place_it_in_the_basket;pick_up_the_butter_and_place_it_in_the_basket;pick_up_the_orange_juice_and_place_it_in_the_basket	Pick the cream cheese and place it in the basket | Pick the milk and place it in the basket | Pick the butter and place it in the basket | Pick the orange juice and place it in the basket	Put the cream cheese box, the milk, the butter, and the orange juice in the basket one after another.	in(cream_cheese_1, basket_1_contain_region); in(milk_1, basket_1_contain_region); in(butter_1, basket_1_contain_region); in(orange_juice_1, basket_1_contain_region)	object4_pick_up_the_cream_cheese_and_place_it_in_the_basket	Novel four-object extension of this exact stock Object layout; all C(6,4) subsets are enumerated. | All corresponding three-object identities were already screened in LiberoComposition and are not repeated. | Object identity has its own original LIBERO-Object pick-to-basket trajectory; its pose in the composite scene may differ. | Object identity has its own original LIBERO-Object pick-to-basket trajectory; its pose in the composite scene may differ. | Object identity has its own original LIBERO-Object pick-to-basket trajectory; its pose in the composite scene may differ. | Object identity has its own original LIBERO-Object pick-to-basket trajectory; its pose in the composite scene may differ.	5	8	comparison_png/COMPOSE_069__put_the_cream_cheese_box_the_milk_the_butter_and_the_orange_juice_in_the_basket_one_after_another.png	tasks/compose_069__put_the_cream_cheese_box_the_milk_the_butter_and_the_orange_juice_in_the_basket_one_after_another	composition|a057c2029b41a4edf6117413a040d21e74cf9f15af32f59e0cdb88c1dc833bab|frozenset({in(butter_1,basket_1_contain_region),in(cream_cheese_1,basket_1_contain_region),in(milk_1,basket_1_contain_region),in(orange_juice_1,basket_1_contain_region)})
COMPOSE_070	X1_object_layout_four_to_basket	4	true	false	libero_object	302;306;307;310	pick_up_the_cream_cheese_and_place_it_in_the_basket;pick_up_the_tomato_sauce_and_place_it_in_the_basket;pick_up_the_butter_and_place_it_in_the_basket;pick_up_the_orange_juice_and_place_it_in_the_basket	Pick the cream cheese and place it in the basket | Pick the tomato sauce and place it in the basket | Pick the butter and place it in the basket | Pick the orange juice and place it in the basket	Put the cream cheese box, the tomato sauce, the butter, and the orange juice in the basket one after another.	in(cream_cheese_1, basket_1_contain_region); in(tomato_sauce_1, basket_1_contain_region); in(butter_1, basket_1_contain_region); in(orange_juice_1, basket_1_contain_region)	object4_pick_up_the_cream_cheese_and_place_it_in_the_basket	Novel four-object extension of this exact stock Object layout; all C(6,4) subsets are enumerated. | All corresponding three-object identities were already screened in LiberoComposition and are not repeated. | Object identity has its own original LIBERO-Object pick-to-basket trajectory; its pose in the composite scene may differ. | Object identity has its own original LIBERO-Object pick-to-basket trajectory; its pose in the composite scene may differ. | Object identity has its own original LIBERO-Object pick-to-basket trajectory; its pose in the composite scene may differ. | Object identity has its own original LIBERO-Object pick-to-basket trajectory; its pose in the composite scene may differ.	5	8	comparison_png/COMPOSE_070__put_the_cream_cheese_box_the_tomato_sauce_the_butter_and_the_orange_juice_in_the_basket_one_after_another.png	tasks/compose_070__put_the_cream_cheese_box_the_tomato_sauce_the_butter_and_the_orange_juice_in_the_basket_one_after_another	composition|a057c2029b41a4edf6117413a040d21e74cf9f15af32f59e0cdb88c1dc833bab|frozenset({in(butter_1,basket_1_contain_region),in(cream_cheese_1,basket_1_contain_region),in(orange_juice_1,basket_1_contain_region),in(tomato_sauce_1,basket_1_contain_region)})
COMPOSE_071	X1_object_layout_four_to_basket	4	true	false	libero_object	301;308;306;307	pick_up_the_alphabet_soup_and_place_it_in_the_basket;pick_up_the_milk_and_place_it_in_the_basket;pick_up_the_tomato_sauce_and_place_it_in_the_basket;pick_up_the_butter_and_place_it_in_the_basket	Pick the alphabet soup and place it in the basket | Pick the milk and place it in the basket | Pick the tomato sauce and place it in the basket | Pick the butter and place it in the basket	Put the alphabet soup, the milk, the tomato sauce, and the butter in the basket one after another.	in(alphabet_soup_1, basket_1_contain_region); in(milk_1, basket_1_contain_region); in(tomato_sauce_1, basket_1_contain_region); in(butter_1, basket_1_contain_region)	object4_pick_up_the_cream_cheese_and_place_it_in_the_basket	Novel four-object extension of this exact stock Object layout; all C(6,4) subsets are enumerated. | All corresponding three-object identities were already screened in LiberoComposition and are not repeated. | Object identity has its own original LIBERO-Object pick-to-basket trajectory; its pose in the composite scene may differ. | Object identity has its own original LIBERO-Object pick-to-basket trajectory; its pose in the composite scene may differ. | Object identity has its own original LIBERO-Object pick-to-basket trajectory; its pose in the composite scene may differ. | Object identity has its own original LIBERO-Object pick-to-basket trajectory; its pose in the composite scene may differ.	5	8	comparison_png/COMPOSE_071__put_the_alphabet_soup_the_milk_the_tomato_sauce_and_the_butter_in_the_basket_one_after_another.png	tasks/compose_071__put_the_alphabet_soup_the_milk_the_tomato_sauce_and_the_butter_in_the_basket_one_after_another	composition|a057c2029b41a4edf6117413a040d21e74cf9f15af32f59e0cdb88c1dc833bab|frozenset({in(alphabet_soup_1,basket_1_contain_region),in(butter_1,basket_1_contain_region),in(milk_1,basket_1_contain_region),in(tomato_sauce_1,basket_1_contain_region)})
COMPOSE_072	X1_object_layout_four_to_basket	4	true	false	libero_object	301;308;306;310	pick_up_the_alphabet_soup_and_place_it_in_the_basket;pick_up_the_milk_and_place_it_in_the_basket;pick_up_the_tomato_sauce_and_place_it_in_the_basket;pick_up_the_orange_juice_and_place_it_in_the_basket	Pick the alphabet soup and place it in the basket | Pick the milk and place it in the basket | Pick the tomato sauce and place it in the basket | Pick the orange juice and place it in the basket	Put the alphabet soup, the milk, the tomato sauce, and the orange juice in the basket one after another.	in(alphabet_soup_1, basket_1_contain_region); in(milk_1, basket_1_contain_region); in(tomato_sauce_1, basket_1_contain_region); in(orange_juice_1, basket_1_contain_region)	object4_pick_up_the_cream_cheese_and_place_it_in_the_basket	Novel four-object extension of this exact stock Object layout; all C(6,4) subsets are enumerated. | All corresponding three-object identities were already screened in LiberoComposition and are not repeated. | Object identity has its own original LIBERO-Object pick-to-basket trajectory; its pose in the composite scene may differ. | Object identity has its own original LIBERO-Object pick-to-basket trajectory; its pose in the composite scene may differ. | Object identity has its own original LIBERO-Object pick-to-basket trajectory; its pose in the composite scene may differ. | Object identity has its own original LIBERO-Object pick-to-basket trajectory; its pose in the composite scene may differ.	5	8	comparison_png/COMPOSE_072__put_the_alphabet_soup_the_milk_the_tomato_sauce_and_the_orange_juice_in_the_basket_one_after_another.png	tasks/compose_072__put_the_alphabet_soup_the_milk_the_tomato_sauce_and_the_orange_juice_in_the_basket_one_after_another	composition|a057c2029b41a4edf6117413a040d21e74cf9f15af32f59e0cdb88c1dc833bab|frozenset({in(alphabet_soup_1,basket_1_contain_region),in(milk_1,basket_1_contain_region),in(orange_juice_1,basket_1_contain_region),in(tomato_sauce_1,basket_1_contain_region)})
COMPOSE_073	X1_object_layout_four_to_basket	4	true	false	libero_object	301;308;307;310	pick_up_the_alphabet_soup_and_place_it_in_the_basket;pick_up_the_milk_and_place_it_in_the_basket;pick_up_the_butter_and_place_it_in_the_basket;pick_up_the_orange_juice_and_place_it_in_the_basket	Pick the alphabet soup and place it in the basket | Pick the milk and place it in the basket | Pick the butter and place it in the basket | Pick the orange juice and place it in the basket	Put the alphabet soup, the milk, the butter, and the orange juice in the basket one after another.	in(alphabet_soup_1, basket_1_contain_region); in(milk_1, basket_1_contain_region); in(butter_1, basket_1_contain_region); in(orange_juice_1, basket_1_contain_region)	object4_pick_up_the_cream_cheese_and_place_it_in_the_basket	Novel four-object extension of this exact stock Object layout; all C(6,4) subsets are enumerated. | All corresponding three-object identities were already screened in LiberoComposition and are not repeated. | Object identity has its own original LIBERO-Object pick-to-basket trajectory; its pose in the composite scene may differ. | Object identity has its own original LIBERO-Object pick-to-basket trajectory; its pose in the composite scene may differ. | Object identity has its own original LIBERO-Object pick-to-basket trajectory; its pose in the composite scene may differ. | Object identity has its own original LIBERO-Object pick-to-basket trajectory; its pose in the composite scene may differ.	5	8	comparison_png/COMPOSE_073__put_the_alphabet_soup_the_milk_the_butter_and_the_orange_juice_in_the_basket_one_after_another.png	tasks/compose_073__put_the_alphabet_soup_the_milk_the_butter_and_the_orange_juice_in_the_basket_one_after_another	composition|a057c2029b41a4edf6117413a040d21e74cf9f15af32f59e0cdb88c1dc833bab|frozenset({in(alphabet_soup_1,basket_1_contain_region),in(butter_1,basket_1_contain_region),in(milk_1,basket_1_contain_region),in(orange_juice_1,basket_1_contain_region)})
COMPOSE_074	X1_object_layout_four_to_basket	4	true	false	libero_object	301;306;307;310	pick_up_the_alphabet_soup_and_place_it_in_the_basket;pick_up_the_tomato_sauce_and_place_it_in_the_basket;pick_up_the_butter_and_place_it_in_the_basket;pick_up_the_orange_juice_and_place_it_in_the_basket	Pick the alphabet soup and place it in the basket | Pick the tomato sauce and place it in the basket | Pick the butter and place it in the basket | Pick the orange juice and place it in the basket	Put the alphabet soup, the tomato sauce, the butter, and the orange juice in the basket one after another.	in(alphabet_soup_1, basket_1_contain_region); in(tomato_sauce_1, basket_1_contain_region); in(butter_1, basket_1_contain_region); in(orange_juice_1, basket_1_contain_region)	object4_pick_up_the_cream_cheese_and_place_it_in_the_basket	Novel four-object extension of this exact stock Object layout; all C(6,4) subsets are enumerated. | All corresponding three-object identities were already screened in LiberoComposition and are not repeated. | Object identity has its own original LIBERO-Object pick-to-basket trajectory; its pose in the composite scene may differ. | Object identity has its own original LIBERO-Object pick-to-basket trajectory; its pose in the composite scene may differ. | Object identity has its own original LIBERO-Object pick-to-basket trajectory; its pose in the composite scene may differ. | Object identity has its own original LIBERO-Object pick-to-basket trajectory; its pose in the composite scene may differ.	5	8	comparison_png/COMPOSE_074__put_the_alphabet_soup_the_tomato_sauce_the_butter_and_the_orange_juice_in_the_basket_one_after_another.png	tasks/compose_074__put_the_alphabet_soup_the_tomato_sauce_the_butter_and_the_orange_juice_in_the_basket_one_after_another	composition|a057c2029b41a4edf6117413a040d21e74cf9f15af32f59e0cdb88c1dc833bab|frozenset({in(alphabet_soup_1,basket_1_contain_region),in(butter_1,basket_1_contain_region),in(orange_juice_1,basket_1_contain_region),in(tomato_sauce_1,basket_1_contain_region)})
COMPOSE_075	X1_object_layout_four_to_basket	4	true	false	libero_object	308;306;307;310	pick_up_the_milk_and_place_it_in_the_basket;pick_up_the_tomato_sauce_and_place_it_in_the_basket;pick_up_the_butter_and_place_it_in_the_basket;pick_up_the_orange_juice_and_place_it_in_the_basket	Pick the milk and place it in the basket | Pick the tomato sauce and place it in the basket | Pick the butter and place it in the basket | Pick the orange juice and place it in the basket	Put the milk, the tomato sauce, the butter, and the orange juice in the basket one after another.	in(milk_1, basket_1_contain_region); in(tomato_sauce_1, basket_1_contain_region); in(butter_1, basket_1_contain_region); in(orange_juice_1, basket_1_contain_region)	object4_pick_up_the_cream_cheese_and_place_it_in_the_basket	Novel four-object extension of this exact stock Object layout; all C(6,4) subsets are enumerated. | All corresponding three-object identities were already screened in LiberoComposition and are not repeated. | Object identity has its own original LIBERO-Object pick-to-basket trajectory; its pose in the composite scene may differ. | Object identity has its own original LIBERO-Object pick-to-basket trajectory; its pose in the composite scene may differ. | Object identity has its own original LIBERO-Object pick-to-basket trajectory; its pose in the composite scene may differ. | Object identity has its own original LIBERO-Object pick-to-basket trajectory; its pose in the composite scene may differ.	5	8	comparison_png/COMPOSE_075__put_the_milk_the_tomato_sauce_the_butter_and_the_orange_juice_in_the_basket_one_after_another.png	tasks/compose_075__put_the_milk_the_tomato_sauce_the_butter_and_the_orange_juice_in_the_basket_one_after_another	composition|a057c2029b41a4edf6117413a040d21e74cf9f15af32f59e0cdb88c1dc833bab|frozenset({in(butter_1,basket_1_contain_region),in(milk_1,basket_1_contain_region),in(orange_juice_1,basket_1_contain_region),in(tomato_sauce_1,basket_1_contain_region)})
COMPOSE_076	X1_object_layout_four_to_basket	4	true	false	libero_object	305;304;303;301	pick_up_the_ketchup_and_place_it_in_the_basket;pick_up_the_bbq_sauce_and_place_it_in_the_basket;pick_up_the_salad_dressing_and_place_it_in_the_basket;pick_up_the_alphabet_soup_and_place_it_in_the_basket	Pick the ketchup and place it in the basket | Pick the bbq sauce and place it in the basket | Pick the salad dressing and place it in the basket | Pick the alphabet soup and place it in the basket	Put the ketchup, the bbq sauce, the salad dressing, and the alphabet soup in the basket one after another.	in(ketchup_1, basket_1_contain_region); in(bbq_sauce_1, basket_1_contain_region); in(salad_dressing_1, basket_1_contain_region); in(alphabet_soup_1, basket_1_contain_region)	object4_pick_up_the_ketchup_and_place_it_in_the_basket	Novel four-object extension of this exact stock Object layout; all C(6,4) subsets are enumerated. | All corresponding three-object identities were already screened in LiberoComposition and are not repeated. | Object identity has its own original LIBERO-Object pick-to-basket trajectory; its pose in the composite scene may differ. | Object identity has its own original LIBERO-Object pick-to-basket trajectory; its pose in the composite scene may differ. | Object identity has its own original LIBERO-Object pick-to-basket trajectory; its pose in the composite scene may differ. | Object identity has its own original LIBERO-Object pick-to-basket trajectory; its pose in the composite scene may differ.	5	8	comparison_png/COMPOSE_076__put_the_ketchup_the_bbq_sauce_the_salad_dressing_and_the_alphabet_soup_in_the_basket_one_after_another.png	tasks/compose_076__put_the_ketchup_the_bbq_sauce_the_salad_dressing_and_the_alphabet_soup_in_the_basket_one_after_another	composition|974ec90b3aa960a4acd40f0843bdc989e0730bf8eb7f087a75d07e5332b5a9c9|frozenset({in(alphabet_soup_1,basket_1_contain_region),in(bbq_sauce_1,basket_1_contain_region),in(ketchup_1,basket_1_contain_region),in(salad_dressing_1,basket_1_contain_region)})
COMPOSE_077	X1_object_layout_four_to_basket	4	true	false	libero_object	305;304;303;302	pick_up_the_ketchup_and_place_it_in_the_basket;pick_up_the_bbq_sauce_and_place_it_in_the_basket;pick_up_the_salad_dressing_and_place_it_in_the_basket;pick_up_the_cream_cheese_and_place_it_in_the_basket	Pick the ketchup and place it in the basket | Pick the bbq sauce and place it in the basket | Pick the salad dressing and place it in the basket | Pick the cream cheese and place it in the basket	Put the ketchup, the bbq sauce, the salad dressing, and the cream cheese box in the basket one after another.	in(ketchup_1, basket_1_contain_region); in(bbq_sauce_1, basket_1_contain_region); in(salad_dressing_1, basket_1_contain_region); in(cream_cheese_1, basket_1_contain_region)	object4_pick_up_the_ketchup_and_place_it_in_the_basket	Novel four-object extension of this exact stock Object layout; all C(6,4) subsets are enumerated. | All corresponding three-object identities were already screened in LiberoComposition and are not repeated. | Object identity has its own original LIBERO-Object pick-to-basket trajectory; its pose in the composite scene may differ. | Object identity has its own original LIBERO-Object pick-to-basket trajectory; its pose in the composite scene may differ. | Object identity has its own original LIBERO-Object pick-to-basket trajectory; its pose in the composite scene may differ. | Object identity has its own original LIBERO-Object pick-to-basket trajectory; its pose in the composite scene may differ.	5	8	comparison_png/COMPOSE_077__put_the_ketchup_the_bbq_sauce_the_salad_dressing_and_the_cream_cheese_box_in_the_basket_one_after_another.png	tasks/compose_077__put_the_ketchup_the_bbq_sauce_the_salad_dressing_and_the_cream_cheese_box_in_the_basket_one_after_another	composition|974ec90b3aa960a4acd40f0843bdc989e0730bf8eb7f087a75d07e5332b5a9c9|frozenset({in(bbq_sauce_1,basket_1_contain_region),in(cream_cheese_1,basket_1_contain_region),in(ketchup_1,basket_1_contain_region),in(salad_dressing_1,basket_1_contain_region)})
COMPOSE_078	X1_object_layout_four_to_basket	4	true	false	libero_object	305;304;303;308	pick_up_the_ketchup_and_place_it_in_the_basket;pick_up_the_bbq_sauce_and_place_it_in_the_basket;pick_up_the_salad_dressing_and_place_it_in_the_basket;pick_up_the_milk_and_place_it_in_the_basket	Pick the ketchup and place it in the basket | Pick the bbq sauce and place it in the basket | Pick the salad dressing and place it in the basket | Pick the milk and place it in the basket	Put the ketchup, the bbq sauce, the salad dressing, and the milk in the basket one after another.	in(ketchup_1, basket_1_contain_region); in(bbq_sauce_1, basket_1_contain_region); in(salad_dressing_1, basket_1_contain_region); in(milk_1, basket_1_contain_region)	object4_pick_up_the_ketchup_and_place_it_in_the_basket	Novel four-object extension of this exact stock Object layout; all C(6,4) subsets are enumerated. | All corresponding three-object identities were already screened in LiberoComposition and are not repeated. | Object identity has its own original LIBERO-Object pick-to-basket trajectory; its pose in the composite scene may differ. | Object identity has its own original LIBERO-Object pick-to-basket trajectory; its pose in the composite scene may differ. | Object identity has its own original LIBERO-Object pick-to-basket trajectory; its pose in the composite scene may differ. | Object identity has its own original LIBERO-Object pick-to-basket trajectory; its pose in the composite scene may differ.	5	8	comparison_png/COMPOSE_078__put_the_ketchup_the_bbq_sauce_the_salad_dressing_and_the_milk_in_the_basket_one_after_another.png	tasks/compose_078__put_the_ketchup_the_bbq_sauce_the_salad_dressing_and_the_milk_in_the_basket_one_after_another	composition|974ec90b3aa960a4acd40f0843bdc989e0730bf8eb7f087a75d07e5332b5a9c9|frozenset({in(bbq_sauce_1,basket_1_contain_region),in(ketchup_1,basket_1_contain_region),in(milk_1,basket_1_contain_region),in(salad_dressing_1,basket_1_contain_region)})
COMPOSE_079	X1_object_layout_four_to_basket	4	true	false	libero_object	305;304;301;302	pick_up_the_ketchup_and_place_it_in_the_basket;pick_up_the_bbq_sauce_and_place_it_in_the_basket;pick_up_the_alphabet_soup_and_place_it_in_the_basket;pick_up_the_cream_cheese_and_place_it_in_the_basket	Pick the ketchup and place it in the basket | Pick the bbq sauce and place it in the basket | Pick the alphabet soup and place it in the basket | Pick the cream cheese and place it in the basket	Put the ketchup, the bbq sauce, the alphabet soup, and the cream cheese box in the basket one after another.	in(ketchup_1, basket_1_contain_region); in(bbq_sauce_1, basket_1_contain_region); in(alphabet_soup_1, basket_1_contain_region); in(cream_cheese_1, basket_1_contain_region)	object4_pick_up_the_ketchup_and_place_it_in_the_basket	Novel four-object extension of this exact stock Object layout; all C(6,4) subsets are enumerated. | All corresponding three-object identities were already screened in LiberoComposition and are not repeated. | Object identity has its own original LIBERO-Object pick-to-basket trajectory; its pose in the composite scene may differ. | Object identity has its own original LIBERO-Object pick-to-basket trajectory; its pose in the composite scene may differ. | Object identity has its own original LIBERO-Object pick-to-basket trajectory; its pose in the composite scene may differ. | Object identity has its own original LIBERO-Object pick-to-basket trajectory; its pose in the composite scene may differ.	5	8	comparison_png/COMPOSE_079__put_the_ketchup_the_bbq_sauce_the_alphabet_soup_and_the_cream_cheese_box_in_the_basket_one_after_another.png	tasks/compose_079__put_the_ketchup_the_bbq_sauce_the_alphabet_soup_and_the_cream_cheese_box_in_the_basket_one_after_another	composition|974ec90b3aa960a4acd40f0843bdc989e0730bf8eb7f087a75d07e5332b5a9c9|frozenset({in(alphabet_soup_1,basket_1_contain_region),in(bbq_sauce_1,basket_1_contain_region),in(cream_cheese_1,basket_1_contain_region),in(ketchup_1,basket_1_contain_region)})
COMPOSE_080	X1_object_layout_four_to_basket	4	true	false	libero_object	305;304;301;308	pick_up_the_ketchup_and_place_it_in_the_basket;pick_up_the_bbq_sauce_and_place_it_in_the_basket;pick_up_the_alphabet_soup_and_place_it_in_the_basket;pick_up_the_milk_and_place_it_in_the_basket	Pick the ketchup and place it in the basket | Pick the bbq sauce and place it in the basket | Pick the alphabet soup and place it in the basket | Pick the milk and place it in the basket	Put the ketchup, the bbq sauce, the alphabet soup, and the milk in the basket one after another.	in(ketchup_1, basket_1_contain_region); in(bbq_sauce_1, basket_1_contain_region); in(alphabet_soup_1, basket_1_contain_region); in(milk_1, basket_1_contain_region)	object4_pick_up_the_ketchup_and_place_it_in_the_basket	Novel four-object extension of this exact stock Object layout; all C(6,4) subsets are enumerated. | All corresponding three-object identities were already screened in LiberoComposition and are not repeated. | Object identity has its own original LIBERO-Object pick-to-basket trajectory; its pose in the composite scene may differ. | Object identity has its own original LIBERO-Object pick-to-basket trajectory; its pose in the composite scene may differ. | Object identity has its own original LIBERO-Object pick-to-basket trajectory; its pose in the composite scene may differ. | Object identity has its own original LIBERO-Object pick-to-basket trajectory; its pose in the composite scene may differ.	5	8	comparison_png/COMPOSE_080__put_the_ketchup_the_bbq_sauce_the_alphabet_soup_and_the_milk_in_the_basket_one_after_another.png	tasks/compose_080__put_the_ketchup_the_bbq_sauce_the_alphabet_soup_and_the_milk_in_the_basket_one_after_another	composition|974ec90b3aa960a4acd40f0843bdc989e0730bf8eb7f087a75d07e5332b5a9c9|frozenset({in(alphabet_soup_1,basket_1_contain_region),in(bbq_sauce_1,basket_1_contain_region),in(ketchup_1,basket_1_contain_region),in(milk_1,basket_1_contain_region)})
COMPOSE_081	X1_object_layout_four_to_basket	4	true	false	libero_object	305;304;302;308	pick_up_the_ketchup_and_place_it_in_the_basket;pick_up_the_bbq_sauce_and_place_it_in_the_basket;pick_up_the_cream_cheese_and_place_it_in_the_basket;pick_up_the_milk_and_place_it_in_the_basket	Pick the ketchup and place it in the basket | Pick the bbq sauce and place it in the basket | Pick the cream cheese and place it in the basket | Pick the milk and place it in the basket	Put the ketchup, the bbq sauce, the cream cheese box, and the milk in the basket one after another.	in(ketchup_1, basket_1_contain_region); in(bbq_sauce_1, basket_1_contain_region); in(cream_cheese_1, basket_1_contain_region); in(milk_1, basket_1_contain_region)	object4_pick_up_the_ketchup_and_place_it_in_the_basket	Novel four-object extension of this exact stock Object layout; all C(6,4) subsets are enumerated. | All corresponding three-object identities were already screened in LiberoComposition and are not repeated. | Object identity has its own original LIBERO-Object pick-to-basket trajectory; its pose in the composite scene may differ. | Object identity has its own original LIBERO-Object pick-to-basket trajectory; its pose in the composite scene may differ. | Object identity has its own original LIBERO-Object pick-to-basket trajectory; its pose in the composite scene may differ. | Object identity has its own original LIBERO-Object pick-to-basket trajectory; its pose in the composite scene may differ.	5	8	comparison_png/COMPOSE_081__put_the_ketchup_the_bbq_sauce_the_cream_cheese_box_and_the_milk_in_the_basket_one_after_another.png	tasks/compose_081__put_the_ketchup_the_bbq_sauce_the_cream_cheese_box_and_the_milk_in_the_basket_one_after_another	composition|974ec90b3aa960a4acd40f0843bdc989e0730bf8eb7f087a75d07e5332b5a9c9|frozenset({in(bbq_sauce_1,basket_1_contain_region),in(cream_cheese_1,basket_1_contain_region),in(ketchup_1,basket_1_contain_region),in(milk_1,basket_1_contain_region)})
COMPOSE_082	X1_object_layout_four_to_basket	4	true	false	libero_object	305;303;301;302	pick_up_the_ketchup_and_place_it_in_the_basket;pick_up_the_salad_dressing_and_place_it_in_the_basket;pick_up_the_alphabet_soup_and_place_it_in_the_basket;pick_up_the_cream_cheese_and_place_it_in_the_basket	Pick the ketchup and place it in the basket | Pick the salad dressing and place it in the basket | Pick the alphabet soup and place it in the basket | Pick the cream cheese and place it in the basket	Put the ketchup, the salad dressing, the alphabet soup, and the cream cheese box in the basket one after another.	in(ketchup_1, basket_1_contain_region); in(salad_dressing_1, basket_1_contain_region); in(alphabet_soup_1, basket_1_contain_region); in(cream_cheese_1, basket_1_contain_region)	object4_pick_up_the_ketchup_and_place_it_in_the_basket	Novel four-object extension of this exact stock Object layout; all C(6,4) subsets are enumerated. | All corresponding three-object identities were already screened in LiberoComposition and are not repeated. | Object identity has its own original LIBERO-Object pick-to-basket trajectory; its pose in the composite scene may differ. | Object identity has its own original LIBERO-Object pick-to-basket trajectory; its pose in the composite scene may differ. | Object identity has its own original LIBERO-Object pick-to-basket trajectory; its pose in the composite scene may differ. | Object identity has its own original LIBERO-Object pick-to-basket trajectory; its pose in the composite scene may differ.	5	8	comparison_png/COMPOSE_082__put_the_ketchup_the_salad_dressing_the_alphabet_soup_and_the_cream_cheese_box_in_the_basket_one_after_another.png	tasks/compose_082__put_the_ketchup_the_salad_dressing_the_alphabet_soup_and_the_cream_cheese_box_in_the_basket_one_after_another	composition|974ec90b3aa960a4acd40f0843bdc989e0730bf8eb7f087a75d07e5332b5a9c9|frozenset({in(alphabet_soup_1,basket_1_contain_region),in(cream_cheese_1,basket_1_contain_region),in(ketchup_1,basket_1_contain_region),in(salad_dressing_1,basket_1_contain_region)})
COMPOSE_083	X1_object_layout_four_to_basket	4	true	false	libero_object	305;303;301;308	pick_up_the_ketchup_and_place_it_in_the_basket;pick_up_the_salad_dressing_and_place_it_in_the_basket;pick_up_the_alphabet_soup_and_place_it_in_the_basket;pick_up_the_milk_and_place_it_in_the_basket	Pick the ketchup and place it in the basket | Pick the salad dressing and place it in the basket | Pick the alphabet soup and place it in the basket | Pick the milk and place it in the basket	Put the ketchup, the salad dressing, the alphabet soup, and the milk in the basket one after another.	in(ketchup_1, basket_1_contain_region); in(salad_dressing_1, basket_1_contain_region); in(alphabet_soup_1, basket_1_contain_region); in(milk_1, basket_1_contain_region)	object4_pick_up_the_ketchup_and_place_it_in_the_basket	Novel four-object extension of this exact stock Object layout; all C(6,4) subsets are enumerated. | All corresponding three-object identities were already screened in LiberoComposition and are not repeated. | Object identity has its own original LIBERO-Object pick-to-basket trajectory; its pose in the composite scene may differ. | Object identity has its own original LIBERO-Object pick-to-basket trajectory; its pose in the composite scene may differ. | Object identity has its own original LIBERO-Object pick-to-basket trajectory; its pose in the composite scene may differ. | Object identity has its own original LIBERO-Object pick-to-basket trajectory; its pose in the composite scene may differ.	5	8	comparison_png/COMPOSE_083__put_the_ketchup_the_salad_dressing_the_alphabet_soup_and_the_milk_in_the_basket_one_after_another.png	tasks/compose_083__put_the_ketchup_the_salad_dressing_the_alphabet_soup_and_the_milk_in_the_basket_one_after_another	composition|974ec90b3aa960a4acd40f0843bdc989e0730bf8eb7f087a75d07e5332b5a9c9|frozenset({in(alphabet_soup_1,basket_1_contain_region),in(ketchup_1,basket_1_contain_region),in(milk_1,basket_1_contain_region),in(salad_dressing_1,basket_1_contain_region)})
COMPOSE_084	X1_object_layout_four_to_basket	4	true	false	libero_object	305;303;302;308	pick_up_the_ketchup_and_place_it_in_the_basket;pick_up_the_salad_dressing_and_place_it_in_the_basket;pick_up_the_cream_cheese_and_place_it_in_the_basket;pick_up_the_milk_and_place_it_in_the_basket	Pick the ketchup and place it in the basket | Pick the salad dressing and place it in the basket | Pick the cream cheese and place it in the basket | Pick the milk and place it in the basket	Put the ketchup, the salad dressing, the cream cheese box, and the milk in the basket one after another.	in(ketchup_1, basket_1_contain_region); in(salad_dressing_1, basket_1_contain_region); in(cream_cheese_1, basket_1_contain_region); in(milk_1, basket_1_contain_region)	object4_pick_up_the_ketchup_and_place_it_in_the_basket	Novel four-object extension of this exact stock Object layout; all C(6,4) subsets are enumerated. | All corresponding three-object identities were already screened in LiberoComposition and are not repeated. | Object identity has its own original LIBERO-Object pick-to-basket trajectory; its pose in the composite scene may differ. | Object identity has its own original LIBERO-Object pick-to-basket trajectory; its pose in the composite scene may differ. | Object identity has its own original LIBERO-Object pick-to-basket trajectory; its pose in the composite scene may differ. | Object identity has its own original LIBERO-Object pick-to-basket trajectory; its pose in the composite scene may differ.	5	8	comparison_png/COMPOSE_084__put_the_ketchup_the_salad_dressing_the_cream_cheese_box_and_the_milk_in_the_basket_one_after_another.png	tasks/compose_084__put_the_ketchup_the_salad_dressing_the_cream_cheese_box_and_the_milk_in_the_basket_one_after_another	composition|974ec90b3aa960a4acd40f0843bdc989e0730bf8eb7f087a75d07e5332b5a9c9|frozenset({in(cream_cheese_1,basket_1_contain_region),in(ketchup_1,basket_1_contain_region),in(milk_1,basket_1_contain_region),in(salad_dressing_1,basket_1_contain_region)})
COMPOSE_085	X1_object_layout_four_to_basket	4	true	false	libero_object	305;301;302;308	pick_up_the_ketchup_and_place_it_in_the_basket;pick_up_the_alphabet_soup_and_place_it_in_the_basket;pick_up_the_cream_cheese_and_place_it_in_the_basket;pick_up_the_milk_and_place_it_in_the_basket	Pick the ketchup and place it in the basket | Pick the alphabet soup and place it in the basket | Pick the cream cheese and place it in the basket | Pick the milk and place it in the basket	Put the ketchup, the alphabet soup, the cream cheese box, and the milk in the basket one after another.	in(ketchup_1, basket_1_contain_region); in(alphabet_soup_1, basket_1_contain_region); in(cream_cheese_1, basket_1_contain_region); in(milk_1, basket_1_contain_region)	object4_pick_up_the_ketchup_and_place_it_in_the_basket	Novel four-object extension of this exact stock Object layout; all C(6,4) subsets are enumerated. | All corresponding three-object identities were already screened in LiberoComposition and are not repeated. | Object identity has its own original LIBERO-Object pick-to-basket trajectory; its pose in the composite scene may differ. | Object identity has its own original LIBERO-Object pick-to-basket trajectory; its pose in the composite scene may differ. | Object identity has its own original LIBERO-Object pick-to-basket trajectory; its pose in the composite scene may differ. | Object identity has its own original LIBERO-Object pick-to-basket trajectory; its pose in the composite scene may differ.	5	8	comparison_png/COMPOSE_085__put_the_ketchup_the_alphabet_soup_the_cream_cheese_box_and_the_milk_in_the_basket_one_after_another.png	tasks/compose_085__put_the_ketchup_the_alphabet_soup_the_cream_cheese_box_and_the_milk_in_the_basket_one_after_another	composition|974ec90b3aa960a4acd40f0843bdc989e0730bf8eb7f087a75d07e5332b5a9c9|frozenset({in(alphabet_soup_1,basket_1_contain_region),in(cream_cheese_1,basket_1_contain_region),in(ketchup_1,basket_1_contain_region),in(milk_1,basket_1_contain_region)})
COMPOSE_086	X1_object_layout_four_to_basket	4	true	false	libero_object	304;303;301;302	pick_up_the_bbq_sauce_and_place_it_in_the_basket;pick_up_the_salad_dressing_and_place_it_in_the_basket;pick_up_the_alphabet_soup_and_place_it_in_the_basket;pick_up_the_cream_cheese_and_place_it_in_the_basket	Pick the bbq sauce and place it in the basket | Pick the salad dressing and place it in the basket | Pick the alphabet soup and place it in the basket | Pick the cream cheese and place it in the basket	Put the bbq sauce, the salad dressing, the alphabet soup, and the cream cheese box in the basket one after another.	in(bbq_sauce_1, basket_1_contain_region); in(salad_dressing_1, basket_1_contain_region); in(alphabet_soup_1, basket_1_contain_region); in(cream_cheese_1, basket_1_contain_region)	object4_pick_up_the_ketchup_and_place_it_in_the_basket	Novel four-object extension of this exact stock Object layout; all C(6,4) subsets are enumerated. | All corresponding three-object identities were already screened in LiberoComposition and are not repeated. | Object identity has its own original LIBERO-Object pick-to-basket trajectory; its pose in the composite scene may differ. | Object identity has its own original LIBERO-Object pick-to-basket trajectory; its pose in the composite scene may differ. | Object identity has its own original LIBERO-Object pick-to-basket trajectory; its pose in the composite scene may differ. | Object identity has its own original LIBERO-Object pick-to-basket trajectory; its pose in the composite scene may differ.	5	8	comparison_png/COMPOSE_086__put_the_bbq_sauce_the_salad_dressing_the_alphabet_soup_and_the_cream_cheese_box_in_the_basket_one_after_another.png	tasks/compose_086__put_the_bbq_sauce_the_salad_dressing_the_alphabet_soup_and_the_cream_cheese_box_in_the_basket_one_after_another	composition|974ec90b3aa960a4acd40f0843bdc989e0730bf8eb7f087a75d07e5332b5a9c9|frozenset({in(alphabet_soup_1,basket_1_contain_region),in(bbq_sauce_1,basket_1_contain_region),in(cream_cheese_1,basket_1_contain_region),in(salad_dressing_1,basket_1_contain_region)})
COMPOSE_087	X1_object_layout_four_to_basket	4	true	false	libero_object	304;303;301;308	pick_up_the_bbq_sauce_and_place_it_in_the_basket;pick_up_the_salad_dressing_and_place_it_in_the_basket;pick_up_the_alphabet_soup_and_place_it_in_the_basket;pick_up_the_milk_and_place_it_in_the_basket	Pick the bbq sauce and place it in the basket | Pick the salad dressing and place it in the basket | Pick the alphabet soup and place it in the basket | Pick the milk and place it in the basket	Put the bbq sauce, the salad dressing, the alphabet soup, and the milk in the basket one after another.	in(bbq_sauce_1, basket_1_contain_region); in(salad_dressing_1, basket_1_contain_region); in(alphabet_soup_1, basket_1_contain_region); in(milk_1, basket_1_contain_region)	object4_pick_up_the_ketchup_and_place_it_in_the_basket	Novel four-object extension of this exact stock Object layout; all C(6,4) subsets are enumerated. | All corresponding three-object identities were already screened in LiberoComposition and are not repeated. | Object identity has its own original LIBERO-Object pick-to-basket trajectory; its pose in the composite scene may differ. | Object identity has its own original LIBERO-Object pick-to-basket trajectory; its pose in the composite scene may differ. | Object identity has its own original LIBERO-Object pick-to-basket trajectory; its pose in the composite scene may differ. | Object identity has its own original LIBERO-Object pick-to-basket trajectory; its pose in the composite scene may differ.	5	8	comparison_png/COMPOSE_087__put_the_bbq_sauce_the_salad_dressing_the_alphabet_soup_and_the_milk_in_the_basket_one_after_another.png	tasks/compose_087__put_the_bbq_sauce_the_salad_dressing_the_alphabet_soup_and_the_milk_in_the_basket_one_after_another	composition|974ec90b3aa960a4acd40f0843bdc989e0730bf8eb7f087a75d07e5332b5a9c9|frozenset({in(alphabet_soup_1,basket_1_contain_region),in(bbq_sauce_1,basket_1_contain_region),in(milk_1,basket_1_contain_region),in(salad_dressing_1,basket_1_contain_region)})
COMPOSE_088	X1_object_layout_four_to_basket	4	true	false	libero_object	304;303;302;308	pick_up_the_bbq_sauce_and_place_it_in_the_basket;pick_up_the_salad_dressing_and_place_it_in_the_basket;pick_up_the_cream_cheese_and_place_it_in_the_basket;pick_up_the_milk_and_place_it_in_the_basket	Pick the bbq sauce and place it in the basket | Pick the salad dressing and place it in the basket | Pick the cream cheese and place it in the basket | Pick the milk and place it in the basket	Put the bbq sauce, the salad dressing, the cream cheese box, and the milk in the basket one after another.	in(bbq_sauce_1, basket_1_contain_region); in(salad_dressing_1, basket_1_contain_region); in(cream_cheese_1, basket_1_contain_region); in(milk_1, basket_1_contain_region)	object4_pick_up_the_ketchup_and_place_it_in_the_basket	Novel four-object extension of this exact stock Object layout; all C(6,4) subsets are enumerated. | All corresponding three-object identities were already screened in LiberoComposition and are not repeated. | Object identity has its own original LIBERO-Object pick-to-basket trajectory; its pose in the composite scene may differ. | Object identity has its own original LIBERO-Object pick-to-basket trajectory; its pose in the composite scene may differ. | Object identity has its own original LIBERO-Object pick-to-basket trajectory; its pose in the composite scene may differ. | Object identity has its own original LIBERO-Object pick-to-basket trajectory; its pose in the composite scene may differ.	5	8	comparison_png/COMPOSE_088__put_the_bbq_sauce_the_salad_dressing_the_cream_cheese_box_and_the_milk_in_the_basket_one_after_another.png	tasks/compose_088__put_the_bbq_sauce_the_salad_dressing_the_cream_cheese_box_and_the_milk_in_the_basket_one_after_another	composition|974ec90b3aa960a4acd40f0843bdc989e0730bf8eb7f087a75d07e5332b5a9c9|frozenset({in(bbq_sauce_1,basket_1_contain_region),in(cream_cheese_1,basket_1_contain_region),in(milk_1,basket_1_contain_region),in(salad_dressing_1,basket_1_contain_region)})
COMPOSE_089	X1_object_layout_four_to_basket	4	true	false	libero_object	304;301;302;308	pick_up_the_bbq_sauce_and_place_it_in_the_basket;pick_up_the_alphabet_soup_and_place_it_in_the_basket;pick_up_the_cream_cheese_and_place_it_in_the_basket;pick_up_the_milk_and_place_it_in_the_basket	Pick the bbq sauce and place it in the basket | Pick the alphabet soup and place it in the basket | Pick the cream cheese and place it in the basket | Pick the milk and place it in the basket	Put the bbq sauce, the alphabet soup, the cream cheese box, and the milk in the basket one after another.	in(bbq_sauce_1, basket_1_contain_region); in(alphabet_soup_1, basket_1_contain_region); in(cream_cheese_1, basket_1_contain_region); in(milk_1, basket_1_contain_region)	object4_pick_up_the_ketchup_and_place_it_in_the_basket	Novel four-object extension of this exact stock Object layout; all C(6,4) subsets are enumerated. | All corresponding three-object identities were already screened in LiberoComposition and are not repeated. | Object identity has its own original LIBERO-Object pick-to-basket trajectory; its pose in the composite scene may differ. | Object identity has its own original LIBERO-Object pick-to-basket trajectory; its pose in the composite scene may differ. | Object identity has its own original LIBERO-Object pick-to-basket trajectory; its pose in the composite scene may differ. | Object identity has its own original LIBERO-Object pick-to-basket trajectory; its pose in the composite scene may differ.	5	8	comparison_png/COMPOSE_089__put_the_bbq_sauce_the_alphabet_soup_the_cream_cheese_box_and_the_milk_in_the_basket_one_after_another.png	tasks/compose_089__put_the_bbq_sauce_the_alphabet_soup_the_cream_cheese_box_and_the_milk_in_the_basket_one_after_another	composition|974ec90b3aa960a4acd40f0843bdc989e0730bf8eb7f087a75d07e5332b5a9c9|frozenset({in(alphabet_soup_1,basket_1_contain_region),in(bbq_sauce_1,basket_1_contain_region),in(cream_cheese_1,basket_1_contain_region),in(milk_1,basket_1_contain_region)})
COMPOSE_090	X1_object_layout_four_to_basket	4	true	false	libero_object	303;301;302;308	pick_up_the_salad_dressing_and_place_it_in_the_basket;pick_up_the_alphabet_soup_and_place_it_in_the_basket;pick_up_the_cream_cheese_and_place_it_in_the_basket;pick_up_the_milk_and_place_it_in_the_basket	Pick the salad dressing and place it in the basket | Pick the alphabet soup and place it in the basket | Pick the cream cheese and place it in the basket | Pick the milk and place it in the basket	Put the salad dressing, the alphabet soup, the cream cheese box, and the milk in the basket one after another.	in(salad_dressing_1, basket_1_contain_region); in(alphabet_soup_1, basket_1_contain_region); in(cream_cheese_1, basket_1_contain_region); in(milk_1, basket_1_contain_region)	object4_pick_up_the_ketchup_and_place_it_in_the_basket	Novel four-object extension of this exact stock Object layout; all C(6,4) subsets are enumerated. | All corresponding three-object identities were already screened in LiberoComposition and are not repeated. | Object identity has its own original LIBERO-Object pick-to-basket trajectory; its pose in the composite scene may differ. | Object identity has its own original LIBERO-Object pick-to-basket trajectory; its pose in the composite scene may differ. | Object identity has its own original LIBERO-Object pick-to-basket trajectory; its pose in the composite scene may differ. | Object identity has its own original LIBERO-Object pick-to-basket trajectory; its pose in the composite scene may differ.	5	8	comparison_png/COMPOSE_090__put_the_salad_dressing_the_alphabet_soup_the_cream_cheese_box_and_the_milk_in_the_basket_one_after_another.png	tasks/compose_090__put_the_salad_dressing_the_alphabet_soup_the_cream_cheese_box_and_the_milk_in_the_basket_one_after_another	composition|974ec90b3aa960a4acd40f0843bdc989e0730bf8eb7f087a75d07e5332b5a9c9|frozenset({in(alphabet_soup_1,basket_1_contain_region),in(cream_cheese_1,basket_1_contain_region),in(milk_1,basket_1_contain_region),in(salad_dressing_1,basket_1_contain_region)})
COMPOSE_091	X1_object_layout_four_to_basket	4	true	false	libero_object	308;302;306;307	pick_up_the_milk_and_place_it_in_the_basket;pick_up_the_cream_cheese_and_place_it_in_the_basket;pick_up_the_tomato_sauce_and_place_it_in_the_basket;pick_up_the_butter_and_place_it_in_the_basket	Pick the milk and place it in the basket | Pick the cream cheese and place it in the basket | Pick the tomato sauce and place it in the basket | Pick the butter and place it in the basket	Put the milk, the cream cheese box, the tomato sauce, and the butter in the basket one after another.	in(milk_1, basket_1_contain_region); in(cream_cheese_1, basket_1_contain_region); in(tomato_sauce_1, basket_1_contain_region); in(butter_1, basket_1_contain_region)	object4_pick_up_the_milk_and_place_it_in_the_basket	Novel four-object extension of this exact stock Object layout; all C(6,4) subsets are enumerated. | All corresponding three-object identities were already screened in LiberoComposition and are not repeated. | Object identity has its own original LIBERO-Object pick-to-basket trajectory; its pose in the composite scene may differ. | Object identity has its own original LIBERO-Object pick-to-basket trajectory; its pose in the composite scene may differ. | Object identity has its own original LIBERO-Object pick-to-basket trajectory; its pose in the composite scene may differ. | Object identity has its own original LIBERO-Object pick-to-basket trajectory; its pose in the composite scene may differ.	5	8	comparison_png/COMPOSE_091__put_the_milk_the_cream_cheese_box_the_tomato_sauce_and_the_butter_in_the_basket_one_after_another.png	tasks/compose_091__put_the_milk_the_cream_cheese_box_the_tomato_sauce_and_the_butter_in_the_basket_one_after_another	composition|7ba9d10e19350f9437b0f4a1a731b59d62e13a2cbbb5e813673656da0d2f6b1e|frozenset({in(butter_1,basket_1_contain_region),in(cream_cheese_1,basket_1_contain_region),in(milk_1,basket_1_contain_region),in(tomato_sauce_1,basket_1_contain_region)})
COMPOSE_092	X1_object_layout_four_to_basket	4	true	false	libero_object	308;302;306;310	pick_up_the_milk_and_place_it_in_the_basket;pick_up_the_cream_cheese_and_place_it_in_the_basket;pick_up_the_tomato_sauce_and_place_it_in_the_basket;pick_up_the_orange_juice_and_place_it_in_the_basket	Pick the milk and place it in the basket | Pick the cream cheese and place it in the basket | Pick the tomato sauce and place it in the basket | Pick the orange juice and place it in the basket	Put the milk, the cream cheese box, the tomato sauce, and the orange juice in the basket one after another.	in(milk_1, basket_1_contain_region); in(cream_cheese_1, basket_1_contain_region); in(tomato_sauce_1, basket_1_contain_region); in(orange_juice_1, basket_1_contain_region)	object4_pick_up_the_milk_and_place_it_in_the_basket	Novel four-object extension of this exact stock Object layout; all C(6,4) subsets are enumerated. | All corresponding three-object identities were already screened in LiberoComposition and are not repeated. | Object identity has its own original LIBERO-Object pick-to-basket trajectory; its pose in the composite scene may differ. | Object identity has its own original LIBERO-Object pick-to-basket trajectory; its pose in the composite scene may differ. | Object identity has its own original LIBERO-Object pick-to-basket trajectory; its pose in the composite scene may differ. | Object identity has its own original LIBERO-Object pick-to-basket trajectory; its pose in the composite scene may differ.	5	8	comparison_png/COMPOSE_092__put_the_milk_the_cream_cheese_box_the_tomato_sauce_and_the_orange_juice_in_the_basket_one_after_another.png	tasks/compose_092__put_the_milk_the_cream_cheese_box_the_tomato_sauce_and_the_orange_juice_in_the_basket_one_after_another	composition|7ba9d10e19350f9437b0f4a1a731b59d62e13a2cbbb5e813673656da0d2f6b1e|frozenset({in(cream_cheese_1,basket_1_contain_region),in(milk_1,basket_1_contain_region),in(orange_juice_1,basket_1_contain_region),in(tomato_sauce_1,basket_1_contain_region)})
COMPOSE_093	X1_object_layout_four_to_basket	4	true	false	libero_object	308;302;306;309	pick_up_the_milk_and_place_it_in_the_basket;pick_up_the_cream_cheese_and_place_it_in_the_basket;pick_up_the_tomato_sauce_and_place_it_in_the_basket;pick_up_the_chocolate_pudding_and_place_it_in_the_basket	Pick the milk and place it in the basket | Pick the cream cheese and place it in the basket | Pick the tomato sauce and place it in the basket | Pick the chocolate pudding and place it in the basket	Put the milk, the cream cheese box, the tomato sauce, and the chocolate pudding in the basket one after another.	in(milk_1, basket_1_contain_region); in(cream_cheese_1, basket_1_contain_region); in(tomato_sauce_1, basket_1_contain_region); in(chocolate_pudding_1, basket_1_contain_region)	object4_pick_up_the_milk_and_place_it_in_the_basket	Novel four-object extension of this exact stock Object layout; all C(6,4) subsets are enumerated. | All corresponding three-object identities were already screened in LiberoComposition and are not repeated. | Object identity has its own original LIBERO-Object pick-to-basket trajectory; its pose in the composite scene may differ. | Object identity has its own original LIBERO-Object pick-to-basket trajectory; its pose in the composite scene may differ. | Object identity has its own original LIBERO-Object pick-to-basket trajectory; its pose in the composite scene may differ. | Object identity has its own original LIBERO-Object pick-to-basket trajectory; its pose in the composite scene may differ.	5	8	comparison_png/COMPOSE_093__put_the_milk_the_cream_cheese_box_the_tomato_sauce_and_the_chocolate_pudding_in_the_basket_one_after_another.png	tasks/compose_093__put_the_milk_the_cream_cheese_box_the_tomato_sauce_and_the_chocolate_pudding_in_the_basket_one_after_another	composition|7ba9d10e19350f9437b0f4a1a731b59d62e13a2cbbb5e813673656da0d2f6b1e|frozenset({in(chocolate_pudding_1,basket_1_contain_region),in(cream_cheese_1,basket_1_contain_region),in(milk_1,basket_1_contain_region),in(tomato_sauce_1,basket_1_contain_region)})
COMPOSE_094	X1_object_layout_four_to_basket	4	true	false	libero_object	308;302;307;310	pick_up_the_milk_and_place_it_in_the_basket;pick_up_the_cream_cheese_and_place_it_in_the_basket;pick_up_the_butter_and_place_it_in_the_basket;pick_up_the_orange_juice_and_place_it_in_the_basket	Pick the milk and place it in the basket | Pick the cream cheese and place it in the basket | Pick the butter and place it in the basket | Pick the orange juice and place it in the basket	Put the milk, the cream cheese box, the butter, and the orange juice in the basket one after another.	in(milk_1, basket_1_contain_region); in(cream_cheese_1, basket_1_contain_region); in(butter_1, basket_1_contain_region); in(orange_juice_1, basket_1_contain_region)	object4_pick_up_the_milk_and_place_it_in_the_basket	Novel four-object extension of this exact stock Object layout; all C(6,4) subsets are enumerated. | All corresponding three-object identities were already screened in LiberoComposition and are not repeated. | Object identity has its own original LIBERO-Object pick-to-basket trajectory; its pose in the composite scene may differ. | Object identity has its own original LIBERO-Object pick-to-basket trajectory; its pose in the composite scene may differ. | Object identity has its own original LIBERO-Object pick-to-basket trajectory; its pose in the composite scene may differ. | Object identity has its own original LIBERO-Object pick-to-basket trajectory; its pose in the composite scene may differ.	5	8	comparison_png/COMPOSE_094__put_the_milk_the_cream_cheese_box_the_butter_and_the_orange_juice_in_the_basket_one_after_another.png	tasks/compose_094__put_the_milk_the_cream_cheese_box_the_butter_and_the_orange_juice_in_the_basket_one_after_another	composition|7ba9d10e19350f9437b0f4a1a731b59d62e13a2cbbb5e813673656da0d2f6b1e|frozenset({in(butter_1,basket_1_contain_region),in(cream_cheese_1,basket_1_contain_region),in(milk_1,basket_1_contain_region),in(orange_juice_1,basket_1_contain_region)})
COMPOSE_095	X1_object_layout_four_to_basket	4	true	false	libero_object	308;302;307;309	pick_up_the_milk_and_place_it_in_the_basket;pick_up_the_cream_cheese_and_place_it_in_the_basket;pick_up_the_butter_and_place_it_in_the_basket;pick_up_the_chocolate_pudding_and_place_it_in_the_basket	Pick the milk and place it in the basket | Pick the cream cheese and place it in the basket | Pick the butter and place it in the basket | Pick the chocolate pudding and place it in the basket	Put the milk, the cream cheese box, the butter, and the chocolate pudding in the basket one after another.	in(milk_1, basket_1_contain_region); in(cream_cheese_1, basket_1_contain_region); in(butter_1, basket_1_contain_region); in(chocolate_pudding_1, basket_1_contain_region)	object4_pick_up_the_milk_and_place_it_in_the_basket	Novel four-object extension of this exact stock Object layout; all C(6,4) subsets are enumerated. | All corresponding three-object identities were already screened in LiberoComposition and are not repeated. | Object identity has its own original LIBERO-Object pick-to-basket trajectory; its pose in the composite scene may differ. | Object identity has its own original LIBERO-Object pick-to-basket trajectory; its pose in the composite scene may differ. | Object identity has its own original LIBERO-Object pick-to-basket trajectory; its pose in the composite scene may differ. | Object identity has its own original LIBERO-Object pick-to-basket trajectory; its pose in the composite scene may differ.	5	8	comparison_png/COMPOSE_095__put_the_milk_the_cream_cheese_box_the_butter_and_the_chocolate_pudding_in_the_basket_one_after_another.png	tasks/compose_095__put_the_milk_the_cream_cheese_box_the_butter_and_the_chocolate_pudding_in_the_basket_one_after_another	composition|7ba9d10e19350f9437b0f4a1a731b59d62e13a2cbbb5e813673656da0d2f6b1e|frozenset({in(butter_1,basket_1_contain_region),in(chocolate_pudding_1,basket_1_contain_region),in(cream_cheese_1,basket_1_contain_region),in(milk_1,basket_1_contain_region)})
COMPOSE_096	X1_object_layout_four_to_basket	4	true	false	libero_object	308;302;310;309	pick_up_the_milk_and_place_it_in_the_basket;pick_up_the_cream_cheese_and_place_it_in_the_basket;pick_up_the_orange_juice_and_place_it_in_the_basket;pick_up_the_chocolate_pudding_and_place_it_in_the_basket	Pick the milk and place it in the basket | Pick the cream cheese and place it in the basket | Pick the orange juice and place it in the basket | Pick the chocolate pudding and place it in the basket	Put the milk, the cream cheese box, the orange juice, and the chocolate pudding in the basket one after another.	in(milk_1, basket_1_contain_region); in(cream_cheese_1, basket_1_contain_region); in(orange_juice_1, basket_1_contain_region); in(chocolate_pudding_1, basket_1_contain_region)	object4_pick_up_the_milk_and_place_it_in_the_basket	Novel four-object extension of this exact stock Object layout; all C(6,4) subsets are enumerated. | All corresponding three-object identities were already screened in LiberoComposition and are not repeated. | Object identity has its own original LIBERO-Object pick-to-basket trajectory; its pose in the composite scene may differ. | Object identity has its own original LIBERO-Object pick-to-basket trajectory; its pose in the composite scene may differ. | Object identity has its own original LIBERO-Object pick-to-basket trajectory; its pose in the composite scene may differ. | Object identity has its own original LIBERO-Object pick-to-basket trajectory; its pose in the composite scene may differ.	5	8	comparison_png/COMPOSE_096__put_the_milk_the_cream_cheese_box_the_orange_juice_and_the_chocolate_pudding_in_the_basket_one_after_another.png	tasks/compose_096__put_the_milk_the_cream_cheese_box_the_orange_juice_and_the_chocolate_pudding_in_the_basket_one_after_another	composition|7ba9d10e19350f9437b0f4a1a731b59d62e13a2cbbb5e813673656da0d2f6b1e|frozenset({in(chocolate_pudding_1,basket_1_contain_region),in(cream_cheese_1,basket_1_contain_region),in(milk_1,basket_1_contain_region),in(orange_juice_1,basket_1_contain_region)})
COMPOSE_097	X1_object_layout_four_to_basket	4	true	false	libero_object	308;306;307;310	pick_up_the_milk_and_place_it_in_the_basket;pick_up_the_tomato_sauce_and_place_it_in_the_basket;pick_up_the_butter_and_place_it_in_the_basket;pick_up_the_orange_juice_and_place_it_in_the_basket	Pick the milk and place it in the basket | Pick the tomato sauce and place it in the basket | Pick the butter and place it in the basket | Pick the orange juice and place it in the basket	Put the milk, the tomato sauce, the butter, and the orange juice in the basket one after another.	in(milk_1, basket_1_contain_region); in(tomato_sauce_1, basket_1_contain_region); in(butter_1, basket_1_contain_region); in(orange_juice_1, basket_1_contain_region)	object4_pick_up_the_milk_and_place_it_in_the_basket	Novel four-object extension of this exact stock Object layout; all C(6,4) subsets are enumerated. | All corresponding three-object identities were already screened in LiberoComposition and are not repeated. | Object identity has its own original LIBERO-Object pick-to-basket trajectory; its pose in the composite scene may differ. | Object identity has its own original LIBERO-Object pick-to-basket trajectory; its pose in the composite scene may differ. | Object identity has its own original LIBERO-Object pick-to-basket trajectory; its pose in the composite scene may differ. | Object identity has its own original LIBERO-Object pick-to-basket trajectory; its pose in the composite scene may differ.	5	8	comparison_png/COMPOSE_097__put_the_milk_the_tomato_sauce_the_butter_and_the_orange_juice_in_the_basket_one_after_another.png	tasks/compose_097__put_the_milk_the_tomato_sauce_the_butter_and_the_orange_juice_in_the_basket_one_after_another	composition|7ba9d10e19350f9437b0f4a1a731b59d62e13a2cbbb5e813673656da0d2f6b1e|frozenset({in(butter_1,basket_1_contain_region),in(milk_1,basket_1_contain_region),in(orange_juice_1,basket_1_contain_region),in(tomato_sauce_1,basket_1_contain_region)})
COMPOSE_098	X1_object_layout_four_to_basket	4	true	false	libero_object	308;306;307;309	pick_up_the_milk_and_place_it_in_the_basket;pick_up_the_tomato_sauce_and_place_it_in_the_basket;pick_up_the_butter_and_place_it_in_the_basket;pick_up_the_chocolate_pudding_and_place_it_in_the_basket	Pick the milk and place it in the basket | Pick the tomato sauce and place it in the basket | Pick the butter and place it in the basket | Pick the chocolate pudding and place it in the basket	Put the milk, the tomato sauce, the butter, and the chocolate pudding in the basket one after another.	in(milk_1, basket_1_contain_region); in(tomato_sauce_1, basket_1_contain_region); in(butter_1, basket_1_contain_region); in(chocolate_pudding_1, basket_1_contain_region)	object4_pick_up_the_milk_and_place_it_in_the_basket	Novel four-object extension of this exact stock Object layout; all C(6,4) subsets are enumerated. | All corresponding three-object identities were already screened in LiberoComposition and are not repeated. | Object identity has its own original LIBERO-Object pick-to-basket trajectory; its pose in the composite scene may differ. | Object identity has its own original LIBERO-Object pick-to-basket trajectory; its pose in the composite scene may differ. | Object identity has its own original LIBERO-Object pick-to-basket trajectory; its pose in the composite scene may differ. | Object identity has its own original LIBERO-Object pick-to-basket trajectory; its pose in the composite scene may differ.	5	8	comparison_png/COMPOSE_098__put_the_milk_the_tomato_sauce_the_butter_and_the_chocolate_pudding_in_the_basket_one_after_another.png	tasks/compose_098__put_the_milk_the_tomato_sauce_the_butter_and_the_chocolate_pudding_in_the_basket_one_after_another	composition|7ba9d10e19350f9437b0f4a1a731b59d62e13a2cbbb5e813673656da0d2f6b1e|frozenset({in(butter_1,basket_1_contain_region),in(chocolate_pudding_1,basket_1_contain_region),in(milk_1,basket_1_contain_region),in(tomato_sauce_1,basket_1_contain_region)})
COMPOSE_099	X1_object_layout_four_to_basket	4	true	false	libero_object	308;306;310;309	pick_up_the_milk_and_place_it_in_the_basket;pick_up_the_tomato_sauce_and_place_it_in_the_basket;pick_up_the_orange_juice_and_place_it_in_the_basket;pick_up_the_chocolate_pudding_and_place_it_in_the_basket	Pick the milk and place it in the basket | Pick the tomato sauce and place it in the basket | Pick the orange juice and place it in the basket | Pick the chocolate pudding and place it in the basket	Put the milk, the tomato sauce, the orange juice, and the chocolate pudding in the basket one after another.	in(milk_1, basket_1_contain_region); in(tomato_sauce_1, basket_1_contain_region); in(orange_juice_1, basket_1_contain_region); in(chocolate_pudding_1, basket_1_contain_region)	object4_pick_up_the_milk_and_place_it_in_the_basket	Novel four-object extension of this exact stock Object layout; all C(6,4) subsets are enumerated. | All corresponding three-object identities were already screened in LiberoComposition and are not repeated. | Object identity has its own original LIBERO-Object pick-to-basket trajectory; its pose in the composite scene may differ. | Object identity has its own original LIBERO-Object pick-to-basket trajectory; its pose in the composite scene may differ. | Object identity has its own original LIBERO-Object pick-to-basket trajectory; its pose in the composite scene may differ. | Object identity has its own original LIBERO-Object pick-to-basket trajectory; its pose in the composite scene may differ.	5	8	comparison_png/COMPOSE_099__put_the_milk_the_tomato_sauce_the_orange_juice_and_the_chocolate_pudding_in_the_basket_one_after_another.png	tasks/compose_099__put_the_milk_the_tomato_sauce_the_orange_juice_and_the_chocolate_pudding_in_the_basket_one_after_another	composition|7ba9d10e19350f9437b0f4a1a731b59d62e13a2cbbb5e813673656da0d2f6b1e|frozenset({in(chocolate_pudding_1,basket_1_contain_region),in(milk_1,basket_1_contain_region),in(orange_juice_1,basket_1_contain_region),in(tomato_sauce_1,basket_1_contain_region)})
COMPOSE_100	X1_object_layout_four_to_basket	4	true	false	libero_object	308;307;310;309	pick_up_the_milk_and_place_it_in_the_basket;pick_up_the_butter_and_place_it_in_the_basket;pick_up_the_orange_juice_and_place_it_in_the_basket;pick_up_the_chocolate_pudding_and_place_it_in_the_basket	Pick the milk and place it in the basket | Pick the butter and place it in the basket | Pick the orange juice and place it in the basket | Pick the chocolate pudding and place it in the basket	Put the milk, the butter, the orange juice, and the chocolate pudding in the basket one after another.	in(milk_1, basket_1_contain_region); in(butter_1, basket_1_contain_region); in(orange_juice_1, basket_1_contain_region); in(chocolate_pudding_1, basket_1_contain_region)	object4_pick_up_the_milk_and_place_it_in_the_basket	Novel four-object extension of this exact stock Object layout; all C(6,4) subsets are enumerated. | All corresponding three-object identities were already screened in LiberoComposition and are not repeated. | Object identity has its own original LIBERO-Object pick-to-basket trajectory; its pose in the composite scene may differ. | Object identity has its own original LIBERO-Object pick-to-basket trajectory; its pose in the composite scene may differ. | Object identity has its own original LIBERO-Object pick-to-basket trajectory; its pose in the composite scene may differ. | Object identity has its own original LIBERO-Object pick-to-basket trajectory; its pose in the composite scene may differ.	5	8	comparison_png/COMPOSE_100__put_the_milk_the_butter_the_orange_juice_and_the_chocolate_pudding_in_the_basket_one_after_another.png	tasks/compose_100__put_the_milk_the_butter_the_orange_juice_and_the_chocolate_pudding_in_the_basket_one_after_another	composition|7ba9d10e19350f9437b0f4a1a731b59d62e13a2cbbb5e813673656da0d2f6b1e|frozenset({in(butter_1,basket_1_contain_region),in(chocolate_pudding_1,basket_1_contain_region),in(milk_1,basket_1_contain_region),in(orange_juice_1,basket_1_contain_region)})
COMPOSE_101	X1_object_layout_four_to_basket	4	true	false	libero_object	302;306;307;310	pick_up_the_cream_cheese_and_place_it_in_the_basket;pick_up_the_tomato_sauce_and_place_it_in_the_basket;pick_up_the_butter_and_place_it_in_the_basket;pick_up_the_orange_juice_and_place_it_in_the_basket	Pick the cream cheese and place it in the basket | Pick the tomato sauce and place it in the basket | Pick the butter and place it in the basket | Pick the orange juice and place it in the basket	Put the cream cheese box, the tomato sauce, the butter, and the orange juice in the basket one after another.	in(cream_cheese_1, basket_1_contain_region); in(tomato_sauce_1, basket_1_contain_region); in(butter_1, basket_1_contain_region); in(orange_juice_1, basket_1_contain_region)	object4_pick_up_the_milk_and_place_it_in_the_basket	Novel four-object extension of this exact stock Object layout; all C(6,4) subsets are enumerated. | All corresponding three-object identities were already screened in LiberoComposition and are not repeated. | Object identity has its own original LIBERO-Object pick-to-basket trajectory; its pose in the composite scene may differ. | Object identity has its own original LIBERO-Object pick-to-basket trajectory; its pose in the composite scene may differ. | Object identity has its own original LIBERO-Object pick-to-basket trajectory; its pose in the composite scene may differ. | Object identity has its own original LIBERO-Object pick-to-basket trajectory; its pose in the composite scene may differ.	5	8	comparison_png/COMPOSE_101__put_the_cream_cheese_box_the_tomato_sauce_the_butter_and_the_orange_juice_in_the_basket_one_after_another.png	tasks/compose_101__put_the_cream_cheese_box_the_tomato_sauce_the_butter_and_the_orange_juice_in_the_basket_one_after_another	composition|7ba9d10e19350f9437b0f4a1a731b59d62e13a2cbbb5e813673656da0d2f6b1e|frozenset({in(butter_1,basket_1_contain_region),in(cream_cheese_1,basket_1_contain_region),in(orange_juice_1,basket_1_contain_region),in(tomato_sauce_1,basket_1_contain_region)})
COMPOSE_102	X1_object_layout_four_to_basket	4	true	false	libero_object	302;306;307;309	pick_up_the_cream_cheese_and_place_it_in_the_basket;pick_up_the_tomato_sauce_and_place_it_in_the_basket;pick_up_the_butter_and_place_it_in_the_basket;pick_up_the_chocolate_pudding_and_place_it_in_the_basket	Pick the cream cheese and place it in the basket | Pick the tomato sauce and place it in the basket | Pick the butter and place it in the basket | Pick the chocolate pudding and place it in the basket	Put the cream cheese box, the tomato sauce, the butter, and the chocolate pudding in the basket one after another.	in(cream_cheese_1, basket_1_contain_region); in(tomato_sauce_1, basket_1_contain_region); in(butter_1, basket_1_contain_region); in(chocolate_pudding_1, basket_1_contain_region)	object4_pick_up_the_milk_and_place_it_in_the_basket	Novel four-object extension of this exact stock Object layout; all C(6,4) subsets are enumerated. | All corresponding three-object identities were already screened in LiberoComposition and are not repeated. | Object identity has its own original LIBERO-Object pick-to-basket trajectory; its pose in the composite scene may differ. | Object identity has its own original LIBERO-Object pick-to-basket trajectory; its pose in the composite scene may differ. | Object identity has its own original LIBERO-Object pick-to-basket trajectory; its pose in the composite scene may differ. | Object identity has its own original LIBERO-Object pick-to-basket trajectory; its pose in the composite scene may differ.	5	8	comparison_png/COMPOSE_102__put_the_cream_cheese_box_the_tomato_sauce_the_butter_and_the_chocolate_pudding_in_the_basket_one_after_another.png	tasks/compose_102__put_the_cream_cheese_box_the_tomato_sauce_the_butter_and_the_chocolate_pudding_in_the_basket_one_after_another	composition|7ba9d10e19350f9437b0f4a1a731b59d62e13a2cbbb5e813673656da0d2f6b1e|frozenset({in(butter_1,basket_1_contain_region),in(chocolate_pudding_1,basket_1_contain_region),in(cream_cheese_1,basket_1_contain_region),in(tomato_sauce_1,basket_1_contain_region)})
COMPOSE_103	X1_object_layout_four_to_basket	4	true	false	libero_object	302;306;310;309	pick_up_the_cream_cheese_and_place_it_in_the_basket;pick_up_the_tomato_sauce_and_place_it_in_the_basket;pick_up_the_orange_juice_and_place_it_in_the_basket;pick_up_the_chocolate_pudding_and_place_it_in_the_basket	Pick the cream cheese and place it in the basket | Pick the tomato sauce and place it in the basket | Pick the orange juice and place it in the basket | Pick the chocolate pudding and place it in the basket	Put the cream cheese box, the tomato sauce, the orange juice, and the chocolate pudding in the basket one after another.	in(cream_cheese_1, basket_1_contain_region); in(tomato_sauce_1, basket_1_contain_region); in(orange_juice_1, basket_1_contain_region); in(chocolate_pudding_1, basket_1_contain_region)	object4_pick_up_the_milk_and_place_it_in_the_basket	Novel four-object extension of this exact stock Object layout; all C(6,4) subsets are enumerated. | All corresponding three-object identities were already screened in LiberoComposition and are not repeated. | Object identity has its own original LIBERO-Object pick-to-basket trajectory; its pose in the composite scene may differ. | Object identity has its own original LIBERO-Object pick-to-basket trajectory; its pose in the composite scene may differ. | Object identity has its own original LIBERO-Object pick-to-basket trajectory; its pose in the composite scene may differ. | Object identity has its own original LIBERO-Object pick-to-basket trajectory; its pose in the composite scene may differ.	5	8	comparison_png/COMPOSE_103__put_the_cream_cheese_box_the_tomato_sauce_the_orange_juice_and_the_chocolate_pudding_in_the_basket_one_after_another.png	tasks/compose_103__put_the_cream_cheese_box_the_tomato_sauce_the_orange_juice_and_the_chocolate_pudding_in_the_basket_one_after_another	composition|7ba9d10e19350f9437b0f4a1a731b59d62e13a2cbbb5e813673656da0d2f6b1e|frozenset({in(chocolate_pudding_1,basket_1_contain_region),in(cream_cheese_1,basket_1_contain_region),in(orange_juice_1,basket_1_contain_region),in(tomato_sauce_1,basket_1_contain_region)})
COMPOSE_104	X1_object_layout_four_to_basket	4	true	false	libero_object	302;307;310;309	pick_up_the_cream_cheese_and_place_it_in_the_basket;pick_up_the_butter_and_place_it_in_the_basket;pick_up_the_orange_juice_and_place_it_in_the_basket;pick_up_the_chocolate_pudding_and_place_it_in_the_basket	Pick the cream cheese and place it in the basket | Pick the butter and place it in the basket | Pick the orange juice and place it in the basket | Pick the chocolate pudding and place it in the basket	Put the cream cheese box, the butter, the orange juice, and the chocolate pudding in the basket one after another.	in(cream_cheese_1, basket_1_contain_region); in(butter_1, basket_1_contain_region); in(orange_juice_1, basket_1_contain_region); in(chocolate_pudding_1, basket_1_contain_region)	object4_pick_up_the_milk_and_place_it_in_the_basket	Novel four-object extension of this exact stock Object layout; all C(6,4) subsets are enumerated. | All corresponding three-object identities were already screened in LiberoComposition and are not repeated. | Object identity has its own original LIBERO-Object pick-to-basket trajectory; its pose in the composite scene may differ. | Object identity has its own original LIBERO-Object pick-to-basket trajectory; its pose in the composite scene may differ. | Object identity has its own original LIBERO-Object pick-to-basket trajectory; its pose in the composite scene may differ. | Object identity has its own original LIBERO-Object pick-to-basket trajectory; its pose in the composite scene may differ.	5	8	comparison_png/COMPOSE_104__put_the_cream_cheese_box_the_butter_the_orange_juice_and_the_chocolate_pudding_in_the_basket_one_after_another.png	tasks/compose_104__put_the_cream_cheese_box_the_butter_the_orange_juice_and_the_chocolate_pudding_in_the_basket_one_after_another	composition|7ba9d10e19350f9437b0f4a1a731b59d62e13a2cbbb5e813673656da0d2f6b1e|frozenset({in(butter_1,basket_1_contain_region),in(chocolate_pudding_1,basket_1_contain_region),in(cream_cheese_1,basket_1_contain_region),in(orange_juice_1,basket_1_contain_region)})
COMPOSE_105	X1_object_layout_four_to_basket	4	true	false	libero_object	306;307;310;309	pick_up_the_tomato_sauce_and_place_it_in_the_basket;pick_up_the_butter_and_place_it_in_the_basket;pick_up_the_orange_juice_and_place_it_in_the_basket;pick_up_the_chocolate_pudding_and_place_it_in_the_basket	Pick the tomato sauce and place it in the basket | Pick the butter and place it in the basket | Pick the orange juice and place it in the basket | Pick the chocolate pudding and place it in the basket	Put the tomato sauce, the butter, the orange juice, and the chocolate pudding in the basket one after another.	in(tomato_sauce_1, basket_1_contain_region); in(butter_1, basket_1_contain_region); in(orange_juice_1, basket_1_contain_region); in(chocolate_pudding_1, basket_1_contain_region)	object4_pick_up_the_milk_and_place_it_in_the_basket	Novel four-object extension of this exact stock Object layout; all C(6,4) subsets are enumerated. | All corresponding three-object identities were already screened in LiberoComposition and are not repeated. | Object identity has its own original LIBERO-Object pick-to-basket trajectory; its pose in the composite scene may differ. | Object identity has its own original LIBERO-Object pick-to-basket trajectory; its pose in the composite scene may differ. | Object identity has its own original LIBERO-Object pick-to-basket trajectory; its pose in the composite scene may differ. | Object identity has its own original LIBERO-Object pick-to-basket trajectory; its pose in the composite scene may differ.	5	8	comparison_png/COMPOSE_105__put_the_tomato_sauce_the_butter_the_orange_juice_and_the_chocolate_pudding_in_the_basket_one_after_another.png	tasks/compose_105__put_the_tomato_sauce_the_butter_the_orange_juice_and_the_chocolate_pudding_in_the_basket_one_after_another	composition|7ba9d10e19350f9437b0f4a1a731b59d62e13a2cbbb5e813673656da0d2f6b1e|frozenset({in(butter_1,basket_1_contain_region),in(chocolate_pudding_1,basket_1_contain_region),in(orange_juice_1,basket_1_contain_region),in(tomato_sauce_1,basket_1_contain_region)})
COMPOSE_106	X1_object_layout_four_to_basket	4	true	false	libero_object	310;307;309;304	pick_up_the_orange_juice_and_place_it_in_the_basket;pick_up_the_butter_and_place_it_in_the_basket;pick_up_the_chocolate_pudding_and_place_it_in_the_basket;pick_up_the_bbq_sauce_and_place_it_in_the_basket	Pick the orange juice and place it in the basket | Pick the butter and place it in the basket | Pick the chocolate pudding and place it in the basket | Pick the bbq sauce and place it in the basket	Put the orange juice, the butter, the chocolate pudding, and the bbq sauce in the basket one after another.	in(orange_juice_1, basket_1_contain_region); in(butter_1, basket_1_contain_region); in(chocolate_pudding_1, basket_1_contain_region); in(bbq_sauce_1, basket_1_contain_region)	object4_pick_up_the_orange_juice_and_place_it_in_the_basket	Novel four-object extension of this exact stock Object layout; all C(6,4) subsets are enumerated. | All corresponding three-object identities were already screened in LiberoComposition and are not repeated. | Object identity has its own original LIBERO-Object pick-to-basket trajectory; its pose in the composite scene may differ. | Object identity has its own original LIBERO-Object pick-to-basket trajectory; its pose in the composite scene may differ. | Object identity has its own original LIBERO-Object pick-to-basket trajectory; its pose in the composite scene may differ. | Object identity has its own original LIBERO-Object pick-to-basket trajectory; its pose in the composite scene may differ.	5	8	comparison_png/COMPOSE_106__put_the_orange_juice_the_butter_the_chocolate_pudding_and_the_bbq_sauce_in_the_basket_one_after_another.png	tasks/compose_106__put_the_orange_juice_the_butter_the_chocolate_pudding_and_the_bbq_sauce_in_the_basket_one_after_another	composition|9b8a6f3cdd303f7edc9b85b6c38e6ef74de552334759fcdb99b30619da30c04c|frozenset({in(bbq_sauce_1,basket_1_contain_region),in(butter_1,basket_1_contain_region),in(chocolate_pudding_1,basket_1_contain_region),in(orange_juice_1,basket_1_contain_region)})
COMPOSE_107	X1_object_layout_four_to_basket	4	true	false	libero_object	310;307;309;305	pick_up_the_orange_juice_and_place_it_in_the_basket;pick_up_the_butter_and_place_it_in_the_basket;pick_up_the_chocolate_pudding_and_place_it_in_the_basket;pick_up_the_ketchup_and_place_it_in_the_basket	Pick the orange juice and place it in the basket | Pick the butter and place it in the basket | Pick the chocolate pudding and place it in the basket | Pick the ketchup and place it in the basket	Put the orange juice, the butter, the chocolate pudding, and the ketchup in the basket one after another.	in(orange_juice_1, basket_1_contain_region); in(butter_1, basket_1_contain_region); in(chocolate_pudding_1, basket_1_contain_region); in(ketchup_1, basket_1_contain_region)	object4_pick_up_the_orange_juice_and_place_it_in_the_basket	Novel four-object extension of this exact stock Object layout; all C(6,4) subsets are enumerated. | All corresponding three-object identities were already screened in LiberoComposition and are not repeated. | Object identity has its own original LIBERO-Object pick-to-basket trajectory; its pose in the composite scene may differ. | Object identity has its own original LIBERO-Object pick-to-basket trajectory; its pose in the composite scene may differ. | Object identity has its own original LIBERO-Object pick-to-basket trajectory; its pose in the composite scene may differ. | Object identity has its own original LIBERO-Object pick-to-basket trajectory; its pose in the composite scene may differ.	5	8	comparison_png/COMPOSE_107__put_the_orange_juice_the_butter_the_chocolate_pudding_and_the_ketchup_in_the_basket_one_after_another.png	tasks/compose_107__put_the_orange_juice_the_butter_the_chocolate_pudding_and_the_ketchup_in_the_basket_one_after_another	composition|9b8a6f3cdd303f7edc9b85b6c38e6ef74de552334759fcdb99b30619da30c04c|frozenset({in(butter_1,basket_1_contain_region),in(chocolate_pudding_1,basket_1_contain_region),in(ketchup_1,basket_1_contain_region),in(orange_juice_1,basket_1_contain_region)})
COMPOSE_108	X1_object_layout_four_to_basket	4	true	false	libero_object	310;307;309;303	pick_up_the_orange_juice_and_place_it_in_the_basket;pick_up_the_butter_and_place_it_in_the_basket;pick_up_the_chocolate_pudding_and_place_it_in_the_basket;pick_up_the_salad_dressing_and_place_it_in_the_basket	Pick the orange juice and place it in the basket | Pick the butter and place it in the basket | Pick the chocolate pudding and place it in the basket | Pick the salad dressing and place it in the basket	Put the orange juice, the butter, the chocolate pudding, and the salad dressing in the basket one after another.	in(orange_juice_1, basket_1_contain_region); in(butter_1, basket_1_contain_region); in(chocolate_pudding_1, basket_1_contain_region); in(salad_dressing_1, basket_1_contain_region)	object4_pick_up_the_orange_juice_and_place_it_in_the_basket	Novel four-object extension of this exact stock Object layout; all C(6,4) subsets are enumerated. | All corresponding three-object identities were already screened in LiberoComposition and are not repeated. | Object identity has its own original LIBERO-Object pick-to-basket trajectory; its pose in the composite scene may differ. | Object identity has its own original LIBERO-Object pick-to-basket trajectory; its pose in the composite scene may differ. | Object identity has its own original LIBERO-Object pick-to-basket trajectory; its pose in the composite scene may differ. | Object identity has its own original LIBERO-Object pick-to-basket trajectory; its pose in the composite scene may differ.	5	8	comparison_png/COMPOSE_108__put_the_orange_juice_the_butter_the_chocolate_pudding_and_the_salad_dressing_in_the_basket_one_after_another.png	tasks/compose_108__put_the_orange_juice_the_butter_the_chocolate_pudding_and_the_salad_dressing_in_the_basket_one_after_another	composition|9b8a6f3cdd303f7edc9b85b6c38e6ef74de552334759fcdb99b30619da30c04c|frozenset({in(butter_1,basket_1_contain_region),in(chocolate_pudding_1,basket_1_contain_region),in(orange_juice_1,basket_1_contain_region),in(salad_dressing_1,basket_1_contain_region)})
COMPOSE_109	X1_object_layout_four_to_basket	4	true	false	libero_object	310;307;304;305	pick_up_the_orange_juice_and_place_it_in_the_basket;pick_up_the_butter_and_place_it_in_the_basket;pick_up_the_bbq_sauce_and_place_it_in_the_basket;pick_up_the_ketchup_and_place_it_in_the_basket	Pick the orange juice and place it in the basket | Pick the butter and place it in the basket | Pick the bbq sauce and place it in the basket | Pick the ketchup and place it in the basket	Put the orange juice, the butter, the bbq sauce, and the ketchup in the basket one after another.	in(orange_juice_1, basket_1_contain_region); in(butter_1, basket_1_contain_region); in(bbq_sauce_1, basket_1_contain_region); in(ketchup_1, basket_1_contain_region)	object4_pick_up_the_orange_juice_and_place_it_in_the_basket	Novel four-object extension of this exact stock Object layout; all C(6,4) subsets are enumerated. | All corresponding three-object identities were already screened in LiberoComposition and are not repeated. | Object identity has its own original LIBERO-Object pick-to-basket trajectory; its pose in the composite scene may differ. | Object identity has its own original LIBERO-Object pick-to-basket trajectory; its pose in the composite scene may differ. | Object identity has its own original LIBERO-Object pick-to-basket trajectory; its pose in the composite scene may differ. | Object identity has its own original LIBERO-Object pick-to-basket trajectory; its pose in the composite scene may differ.	5	8	comparison_png/COMPOSE_109__put_the_orange_juice_the_butter_the_bbq_sauce_and_the_ketchup_in_the_basket_one_after_another.png	tasks/compose_109__put_the_orange_juice_the_butter_the_bbq_sauce_and_the_ketchup_in_the_basket_one_after_another	composition|9b8a6f3cdd303f7edc9b85b6c38e6ef74de552334759fcdb99b30619da30c04c|frozenset({in(bbq_sauce_1,basket_1_contain_region),in(butter_1,basket_1_contain_region),in(ketchup_1,basket_1_contain_region),in(orange_juice_1,basket_1_contain_region)})
COMPOSE_110	X1_object_layout_four_to_basket	4	true	false	libero_object	310;307;304;303	pick_up_the_orange_juice_and_place_it_in_the_basket;pick_up_the_butter_and_place_it_in_the_basket;pick_up_the_bbq_sauce_and_place_it_in_the_basket;pick_up_the_salad_dressing_and_place_it_in_the_basket	Pick the orange juice and place it in the basket | Pick the butter and place it in the basket | Pick the bbq sauce and place it in the basket | Pick the salad dressing and place it in the basket	Put the orange juice, the butter, the bbq sauce, and the salad dressing in the basket one after another.	in(orange_juice_1, basket_1_contain_region); in(butter_1, basket_1_contain_region); in(bbq_sauce_1, basket_1_contain_region); in(salad_dressing_1, basket_1_contain_region)	object4_pick_up_the_orange_juice_and_place_it_in_the_basket	Novel four-object extension of this exact stock Object layout; all C(6,4) subsets are enumerated. | All corresponding three-object identities were already screened in LiberoComposition and are not repeated. | Object identity has its own original LIBERO-Object pick-to-basket trajectory; its pose in the composite scene may differ. | Object identity has its own original LIBERO-Object pick-to-basket trajectory; its pose in the composite scene may differ. | Object identity has its own original LIBERO-Object pick-to-basket trajectory; its pose in the composite scene may differ. | Object identity has its own original LIBERO-Object pick-to-basket trajectory; its pose in the composite scene may differ.	5	8	comparison_png/COMPOSE_110__put_the_orange_juice_the_butter_the_bbq_sauce_and_the_salad_dressing_in_the_basket_one_after_another.png	tasks/compose_110__put_the_orange_juice_the_butter_the_bbq_sauce_and_the_salad_dressing_in_the_basket_one_after_another	composition|9b8a6f3cdd303f7edc9b85b6c38e6ef74de552334759fcdb99b30619da30c04c|frozenset({in(bbq_sauce_1,basket_1_contain_region),in(butter_1,basket_1_contain_region),in(orange_juice_1,basket_1_contain_region),in(salad_dressing_1,basket_1_contain_region)})
COMPOSE_111	X1_object_layout_four_to_basket	4	true	false	libero_object	310;307;305;303	pick_up_the_orange_juice_and_place_it_in_the_basket;pick_up_the_butter_and_place_it_in_the_basket;pick_up_the_ketchup_and_place_it_in_the_basket;pick_up_the_salad_dressing_and_place_it_in_the_basket	Pick the orange juice and place it in the basket | Pick the butter and place it in the basket | Pick the ketchup and place it in the basket | Pick the salad dressing and place it in the basket	Put the orange juice, the butter, the ketchup, and the salad dressing in the basket one after another.	in(orange_juice_1, basket_1_contain_region); in(butter_1, basket_1_contain_region); in(ketchup_1, basket_1_contain_region); in(salad_dressing_1, basket_1_contain_region)	object4_pick_up_the_orange_juice_and_place_it_in_the_basket	Novel four-object extension of this exact stock Object layout; all C(6,4) subsets are enumerated. | All corresponding three-object identities were already screened in LiberoComposition and are not repeated. | Object identity has its own original LIBERO-Object pick-to-basket trajectory; its pose in the composite scene may differ. | Object identity has its own original LIBERO-Object pick-to-basket trajectory; its pose in the composite scene may differ. | Object identity has its own original LIBERO-Object pick-to-basket trajectory; its pose in the composite scene may differ. | Object identity has its own original LIBERO-Object pick-to-basket trajectory; its pose in the composite scene may differ.	5	8	comparison_png/COMPOSE_111__put_the_orange_juice_the_butter_the_ketchup_and_the_salad_dressing_in_the_basket_one_after_another.png	tasks/compose_111__put_the_orange_juice_the_butter_the_ketchup_and_the_salad_dressing_in_the_basket_one_after_another	composition|9b8a6f3cdd303f7edc9b85b6c38e6ef74de552334759fcdb99b30619da30c04c|frozenset({in(butter_1,basket_1_contain_region),in(ketchup_1,basket_1_contain_region),in(orange_juice_1,basket_1_contain_region),in(salad_dressing_1,basket_1_contain_region)})
COMPOSE_112	X1_object_layout_four_to_basket	4	true	false	libero_object	310;309;304;305	pick_up_the_orange_juice_and_place_it_in_the_basket;pick_up_the_chocolate_pudding_and_place_it_in_the_basket;pick_up_the_bbq_sauce_and_place_it_in_the_basket;pick_up_the_ketchup_and_place_it_in_the_basket	Pick the orange juice and place it in the basket | Pick the chocolate pudding and place it in the basket | Pick the bbq sauce and place it in the basket | Pick the ketchup and place it in the basket	Put the orange juice, the chocolate pudding, the bbq sauce, and the ketchup in the basket one after another.	in(orange_juice_1, basket_1_contain_region); in(chocolate_pudding_1, basket_1_contain_region); in(bbq_sauce_1, basket_1_contain_region); in(ketchup_1, basket_1_contain_region)	object4_pick_up_the_orange_juice_and_place_it_in_the_basket	Novel four-object extension of this exact stock Object layout; all C(6,4) subsets are enumerated. | All corresponding three-object identities were already screened in LiberoComposition and are not repeated. | Object identity has its own original LIBERO-Object pick-to-basket trajectory; its pose in the composite scene may differ. | Object identity has its own original LIBERO-Object pick-to-basket trajectory; its pose in the composite scene may differ. | Object identity has its own original LIBERO-Object pick-to-basket trajectory; its pose in the composite scene may differ. | Object identity has its own original LIBERO-Object pick-to-basket trajectory; its pose in the composite scene may differ.	5	8	comparison_png/COMPOSE_112__put_the_orange_juice_the_chocolate_pudding_the_bbq_sauce_and_the_ketchup_in_the_basket_one_after_another.png	tasks/compose_112__put_the_orange_juice_the_chocolate_pudding_the_bbq_sauce_and_the_ketchup_in_the_basket_one_after_another	composition|9b8a6f3cdd303f7edc9b85b6c38e6ef74de552334759fcdb99b30619da30c04c|frozenset({in(bbq_sauce_1,basket_1_contain_region),in(chocolate_pudding_1,basket_1_contain_region),in(ketchup_1,basket_1_contain_region),in(orange_juice_1,basket_1_contain_region)})
COMPOSE_113	X1_object_layout_four_to_basket	4	true	false	libero_object	310;309;304;303	pick_up_the_orange_juice_and_place_it_in_the_basket;pick_up_the_chocolate_pudding_and_place_it_in_the_basket;pick_up_the_bbq_sauce_and_place_it_in_the_basket;pick_up_the_salad_dressing_and_place_it_in_the_basket	Pick the orange juice and place it in the basket | Pick the chocolate pudding and place it in the basket | Pick the bbq sauce and place it in the basket | Pick the salad dressing and place it in the basket	Put the orange juice, the chocolate pudding, the bbq sauce, and the salad dressing in the basket one after another.	in(orange_juice_1, basket_1_contain_region); in(chocolate_pudding_1, basket_1_contain_region); in(bbq_sauce_1, basket_1_contain_region); in(salad_dressing_1, basket_1_contain_region)	object4_pick_up_the_orange_juice_and_place_it_in_the_basket	Novel four-object extension of this exact stock Object layout; all C(6,4) subsets are enumerated. | All corresponding three-object identities were already screened in LiberoComposition and are not repeated. | Object identity has its own original LIBERO-Object pick-to-basket trajectory; its pose in the composite scene may differ. | Object identity has its own original LIBERO-Object pick-to-basket trajectory; its pose in the composite scene may differ. | Object identity has its own original LIBERO-Object pick-to-basket trajectory; its pose in the composite scene may differ. | Object identity has its own original LIBERO-Object pick-to-basket trajectory; its pose in the composite scene may differ.	5	8	comparison_png/COMPOSE_113__put_the_orange_juice_the_chocolate_pudding_the_bbq_sauce_and_the_salad_dressing_in_the_basket_one_after_another.png	tasks/compose_113__put_the_orange_juice_the_chocolate_pudding_the_bbq_sauce_and_the_salad_dressing_in_the_basket_one_after_another	composition|9b8a6f3cdd303f7edc9b85b6c38e6ef74de552334759fcdb99b30619da30c04c|frozenset({in(bbq_sauce_1,basket_1_contain_region),in(chocolate_pudding_1,basket_1_contain_region),in(orange_juice_1,basket_1_contain_region),in(salad_dressing_1,basket_1_contain_region)})
COMPOSE_114	X1_object_layout_four_to_basket	4	true	false	libero_object	310;309;305;303	pick_up_the_orange_juice_and_place_it_in_the_basket;pick_up_the_chocolate_pudding_and_place_it_in_the_basket;pick_up_the_ketchup_and_place_it_in_the_basket;pick_up_the_salad_dressing_and_place_it_in_the_basket	Pick the orange juice and place it in the basket | Pick the chocolate pudding and place it in the basket | Pick the ketchup and place it in the basket | Pick the salad dressing and place it in the basket	Put the orange juice, the chocolate pudding, the ketchup, and the salad dressing in the basket one after another.	in(orange_juice_1, basket_1_contain_region); in(chocolate_pudding_1, basket_1_contain_region); in(ketchup_1, basket_1_contain_region); in(salad_dressing_1, basket_1_contain_region)	object4_pick_up_the_orange_juice_and_place_it_in_the_basket	Novel four-object extension of this exact stock Object layout; all C(6,4) subsets are enumerated. | All corresponding three-object identities were already screened in LiberoComposition and are not repeated. | Object identity has its own original LIBERO-Object pick-to-basket trajectory; its pose in the composite scene may differ. | Object identity has its own original LIBERO-Object pick-to-basket trajectory; its pose in the composite scene may differ. | Object identity has its own original LIBERO-Object pick-to-basket trajectory; its pose in the composite scene may differ. | Object identity has its own original LIBERO-Object pick-to-basket trajectory; its pose in the composite scene may differ.	5	8	comparison_png/COMPOSE_114__put_the_orange_juice_the_chocolate_pudding_the_ketchup_and_the_salad_dressing_in_the_basket_one_after_another.png	tasks/compose_114__put_the_orange_juice_the_chocolate_pudding_the_ketchup_and_the_salad_dressing_in_the_basket_one_after_another	composition|9b8a6f3cdd303f7edc9b85b6c38e6ef74de552334759fcdb99b30619da30c04c|frozenset({in(chocolate_pudding_1,basket_1_contain_region),in(ketchup_1,basket_1_contain_region),in(orange_juice_1,basket_1_contain_region),in(salad_dressing_1,basket_1_contain_region)})
COMPOSE_115	X1_object_layout_four_to_basket	4	true	false	libero_object	310;304;305;303	pick_up_the_orange_juice_and_place_it_in_the_basket;pick_up_the_bbq_sauce_and_place_it_in_the_basket;pick_up_the_ketchup_and_place_it_in_the_basket;pick_up_the_salad_dressing_and_place_it_in_the_basket	Pick the orange juice and place it in the basket | Pick the bbq sauce and place it in the basket | Pick the ketchup and place it in the basket | Pick the salad dressing and place it in the basket	Put the orange juice, the bbq sauce, the ketchup, and the salad dressing in the basket one after another.	in(orange_juice_1, basket_1_contain_region); in(bbq_sauce_1, basket_1_contain_region); in(ketchup_1, basket_1_contain_region); in(salad_dressing_1, basket_1_contain_region)	object4_pick_up_the_orange_juice_and_place_it_in_the_basket	Novel four-object extension of this exact stock Object layout; all C(6,4) subsets are enumerated. | All corresponding three-object identities were already screened in LiberoComposition and are not repeated. | Object identity has its own original LIBERO-Object pick-to-basket trajectory; its pose in the composite scene may differ. | Object identity has its own original LIBERO-Object pick-to-basket trajectory; its pose in the composite scene may differ. | Object identity has its own original LIBERO-Object pick-to-basket trajectory; its pose in the composite scene may differ. | Object identity has its own original LIBERO-Object pick-to-basket trajectory; its pose in the composite scene may differ.	5	8	comparison_png/COMPOSE_115__put_the_orange_juice_the_bbq_sauce_the_ketchup_and_the_salad_dressing_in_the_basket_one_after_another.png	tasks/compose_115__put_the_orange_juice_the_bbq_sauce_the_ketchup_and_the_salad_dressing_in_the_basket_one_after_another	composition|9b8a6f3cdd303f7edc9b85b6c38e6ef74de552334759fcdb99b30619da30c04c|frozenset({in(bbq_sauce_1,basket_1_contain_region),in(ketchup_1,basket_1_contain_region),in(orange_juice_1,basket_1_contain_region),in(salad_dressing_1,basket_1_contain_region)})
COMPOSE_116	X1_object_layout_four_to_basket	4	true	false	libero_object	307;309;304;305	pick_up_the_butter_and_place_it_in_the_basket;pick_up_the_chocolate_pudding_and_place_it_in_the_basket;pick_up_the_bbq_sauce_and_place_it_in_the_basket;pick_up_the_ketchup_and_place_it_in_the_basket	Pick the butter and place it in the basket | Pick the chocolate pudding and place it in the basket | Pick the bbq sauce and place it in the basket | Pick the ketchup and place it in the basket	Put the butter, the chocolate pudding, the bbq sauce, and the ketchup in the basket one after another.	in(butter_1, basket_1_contain_region); in(chocolate_pudding_1, basket_1_contain_region); in(bbq_sauce_1, basket_1_contain_region); in(ketchup_1, basket_1_contain_region)	object4_pick_up_the_orange_juice_and_place_it_in_the_basket	Novel four-object extension of this exact stock Object layout; all C(6,4) subsets are enumerated. | All corresponding three-object identities were already screened in LiberoComposition and are not repeated. | Object identity has its own original LIBERO-Object pick-to-basket trajectory; its pose in the composite scene may differ. | Object identity has its own original LIBERO-Object pick-to-basket trajectory; its pose in the composite scene may differ. | Object identity has its own original LIBERO-Object pick-to-basket trajectory; its pose in the composite scene may differ. | Object identity has its own original LIBERO-Object pick-to-basket trajectory; its pose in the composite scene may differ.	5	8	comparison_png/COMPOSE_116__put_the_butter_the_chocolate_pudding_the_bbq_sauce_and_the_ketchup_in_the_basket_one_after_another.png	tasks/compose_116__put_the_butter_the_chocolate_pudding_the_bbq_sauce_and_the_ketchup_in_the_basket_one_after_another	composition|9b8a6f3cdd303f7edc9b85b6c38e6ef74de552334759fcdb99b30619da30c04c|frozenset({in(bbq_sauce_1,basket_1_contain_region),in(butter_1,basket_1_contain_region),in(chocolate_pudding_1,basket_1_contain_region),in(ketchup_1,basket_1_contain_region)})
COMPOSE_117	X1_object_layout_four_to_basket	4	true	false	libero_object	307;309;304;303	pick_up_the_butter_and_place_it_in_the_basket;pick_up_the_chocolate_pudding_and_place_it_in_the_basket;pick_up_the_bbq_sauce_and_place_it_in_the_basket;pick_up_the_salad_dressing_and_place_it_in_the_basket	Pick the butter and place it in the basket | Pick the chocolate pudding and place it in the basket | Pick the bbq sauce and place it in the basket | Pick the salad dressing and place it in the basket	Put the butter, the chocolate pudding, the bbq sauce, and the salad dressing in the basket one after another.	in(butter_1, basket_1_contain_region); in(chocolate_pudding_1, basket_1_contain_region); in(bbq_sauce_1, basket_1_contain_region); in(salad_dressing_1, basket_1_contain_region)	object4_pick_up_the_orange_juice_and_place_it_in_the_basket	Novel four-object extension of this exact stock Object layout; all C(6,4) subsets are enumerated. | All corresponding three-object identities were already screened in LiberoComposition and are not repeated. | Object identity has its own original LIBERO-Object pick-to-basket trajectory; its pose in the composite scene may differ. | Object identity has its own original LIBERO-Object pick-to-basket trajectory; its pose in the composite scene may differ. | Object identity has its own original LIBERO-Object pick-to-basket trajectory; its pose in the composite scene may differ. | Object identity has its own original LIBERO-Object pick-to-basket trajectory; its pose in the composite scene may differ.	5	8	comparison_png/COMPOSE_117__put_the_butter_the_chocolate_pudding_the_bbq_sauce_and_the_salad_dressing_in_the_basket_one_after_another.png	tasks/compose_117__put_the_butter_the_chocolate_pudding_the_bbq_sauce_and_the_salad_dressing_in_the_basket_one_after_another	composition|9b8a6f3cdd303f7edc9b85b6c38e6ef74de552334759fcdb99b30619da30c04c|frozenset({in(bbq_sauce_1,basket_1_contain_region),in(butter_1,basket_1_contain_region),in(chocolate_pudding_1,basket_1_contain_region),in(salad_dressing_1,basket_1_contain_region)})
COMPOSE_118	X1_object_layout_four_to_basket	4	true	false	libero_object	307;309;305;303	pick_up_the_butter_and_place_it_in_the_basket;pick_up_the_chocolate_pudding_and_place_it_in_the_basket;pick_up_the_ketchup_and_place_it_in_the_basket;pick_up_the_salad_dressing_and_place_it_in_the_basket	Pick the butter and place it in the basket | Pick the chocolate pudding and place it in the basket | Pick the ketchup and place it in the basket | Pick the salad dressing and place it in the basket	Put the butter, the chocolate pudding, the ketchup, and the salad dressing in the basket one after another.	in(butter_1, basket_1_contain_region); in(chocolate_pudding_1, basket_1_contain_region); in(ketchup_1, basket_1_contain_region); in(salad_dressing_1, basket_1_contain_region)	object4_pick_up_the_orange_juice_and_place_it_in_the_basket	Novel four-object extension of this exact stock Object layout; all C(6,4) subsets are enumerated. | All corresponding three-object identities were already screened in LiberoComposition and are not repeated. | Object identity has its own original LIBERO-Object pick-to-basket trajectory; its pose in the composite scene may differ. | Object identity has its own original LIBERO-Object pick-to-basket trajectory; its pose in the composite scene may differ. | Object identity has its own original LIBERO-Object pick-to-basket trajectory; its pose in the composite scene may differ. | Object identity has its own original LIBERO-Object pick-to-basket trajectory; its pose in the composite scene may differ.	5	8	comparison_png/COMPOSE_118__put_the_butter_the_chocolate_pudding_the_ketchup_and_the_salad_dressing_in_the_basket_one_after_another.png	tasks/compose_118__put_the_butter_the_chocolate_pudding_the_ketchup_and_the_salad_dressing_in_the_basket_one_after_another	composition|9b8a6f3cdd303f7edc9b85b6c38e6ef74de552334759fcdb99b30619da30c04c|frozenset({in(butter_1,basket_1_contain_region),in(chocolate_pudding_1,basket_1_contain_region),in(ketchup_1,basket_1_contain_region),in(salad_dressing_1,basket_1_contain_region)})
COMPOSE_119	X1_object_layout_four_to_basket	4	true	false	libero_object	307;304;305;303	pick_up_the_butter_and_place_it_in_the_basket;pick_up_the_bbq_sauce_and_place_it_in_the_basket;pick_up_the_ketchup_and_place_it_in_the_basket;pick_up_the_salad_dressing_and_place_it_in_the_basket	Pick the butter and place it in the basket | Pick the bbq sauce and place it in the basket | Pick the ketchup and place it in the basket | Pick the salad dressing and place it in the basket	Put the butter, the bbq sauce, the ketchup, and the salad dressing in the basket one after another.	in(butter_1, basket_1_contain_region); in(bbq_sauce_1, basket_1_contain_region); in(ketchup_1, basket_1_contain_region); in(salad_dressing_1, basket_1_contain_region)	object4_pick_up_the_orange_juice_and_place_it_in_the_basket	Novel four-object extension of this exact stock Object layout; all C(6,4) subsets are enumerated. | All corresponding three-object identities were already screened in LiberoComposition and are not repeated. | Object identity has its own original LIBERO-Object pick-to-basket trajectory; its pose in the composite scene may differ. | Object identity has its own original LIBERO-Object pick-to-basket trajectory; its pose in the composite scene may differ. | Object identity has its own original LIBERO-Object pick-to-basket trajectory; its pose in the composite scene may differ. | Object identity has its own original LIBERO-Object pick-to-basket trajectory; its pose in the composite scene may differ.	5	8	comparison_png/COMPOSE_119__put_the_butter_the_bbq_sauce_the_ketchup_and_the_salad_dressing_in_the_basket_one_after_another.png	tasks/compose_119__put_the_butter_the_bbq_sauce_the_ketchup_and_the_salad_dressing_in_the_basket_one_after_another	composition|9b8a6f3cdd303f7edc9b85b6c38e6ef74de552334759fcdb99b30619da30c04c|frozenset({in(bbq_sauce_1,basket_1_contain_region),in(butter_1,basket_1_contain_region),in(ketchup_1,basket_1_contain_region),in(salad_dressing_1,basket_1_contain_region)})
COMPOSE_120	X1_object_layout_four_to_basket	4	true	false	libero_object	309;304;305;303	pick_up_the_chocolate_pudding_and_place_it_in_the_basket;pick_up_the_bbq_sauce_and_place_it_in_the_basket;pick_up_the_ketchup_and_place_it_in_the_basket;pick_up_the_salad_dressing_and_place_it_in_the_basket	Pick the chocolate pudding and place it in the basket | Pick the bbq sauce and place it in the basket | Pick the ketchup and place it in the basket | Pick the salad dressing and place it in the basket	Put the chocolate pudding, the bbq sauce, the ketchup, and the salad dressing in the basket one after another.	in(chocolate_pudding_1, basket_1_contain_region); in(bbq_sauce_1, basket_1_contain_region); in(ketchup_1, basket_1_contain_region); in(salad_dressing_1, basket_1_contain_region)	object4_pick_up_the_orange_juice_and_place_it_in_the_basket	Novel four-object extension of this exact stock Object layout; all C(6,4) subsets are enumerated. | All corresponding three-object identities were already screened in LiberoComposition and are not repeated. | Object identity has its own original LIBERO-Object pick-to-basket trajectory; its pose in the composite scene may differ. | Object identity has its own original LIBERO-Object pick-to-basket trajectory; its pose in the composite scene may differ. | Object identity has its own original LIBERO-Object pick-to-basket trajectory; its pose in the composite scene may differ. | Object identity has its own original LIBERO-Object pick-to-basket trajectory; its pose in the composite scene may differ.	5	8	comparison_png/COMPOSE_120__put_the_chocolate_pudding_the_bbq_sauce_the_ketchup_and_the_salad_dressing_in_the_basket_one_after_another.png	tasks/compose_120__put_the_chocolate_pudding_the_bbq_sauce_the_ketchup_and_the_salad_dressing_in_the_basket_one_after_another	composition|9b8a6f3cdd303f7edc9b85b6c38e6ef74de552334759fcdb99b30619da30c04c|frozenset({in(bbq_sauce_1,basket_1_contain_region),in(chocolate_pudding_1,basket_1_contain_region),in(ketchup_1,basket_1_contain_region),in(salad_dressing_1,basket_1_contain_region)})
COMPOSE_121	X1_object_layout_four_to_basket	4	true	false	libero_object	303;305;301;302	pick_up_the_salad_dressing_and_place_it_in_the_basket;pick_up_the_ketchup_and_place_it_in_the_basket;pick_up_the_alphabet_soup_and_place_it_in_the_basket;pick_up_the_cream_cheese_and_place_it_in_the_basket	Pick the salad dressing and place it in the basket | Pick the ketchup and place it in the basket | Pick the alphabet soup and place it in the basket | Pick the cream cheese and place it in the basket	Put the salad dressing, the ketchup, the alphabet soup, and the cream cheese box in the basket one after another.	in(salad_dressing_1, basket_1_contain_region); in(ketchup_1, basket_1_contain_region); in(alphabet_soup_1, basket_1_contain_region); in(cream_cheese_1, basket_1_contain_region)	object4_pick_up_the_salad_dressing_and_place_it_in_the_basket	Novel four-object extension of this exact stock Object layout; all C(6,4) subsets are enumerated. | All corresponding three-object identities were already screened in LiberoComposition and are not repeated. | Object identity has its own original LIBERO-Object pick-to-basket trajectory; its pose in the composite scene may differ. | Object identity has its own original LIBERO-Object pick-to-basket trajectory; its pose in the composite scene may differ. | Object identity has its own original LIBERO-Object pick-to-basket trajectory; its pose in the composite scene may differ. | Object identity has its own original LIBERO-Object pick-to-basket trajectory; its pose in the composite scene may differ.	5	8	comparison_png/COMPOSE_121__put_the_salad_dressing_the_ketchup_the_alphabet_soup_and_the_cream_cheese_box_in_the_basket_one_after_another.png	tasks/compose_121__put_the_salad_dressing_the_ketchup_the_alphabet_soup_and_the_cream_cheese_box_in_the_basket_one_after_another	composition|4db2b582dbff0ab05541bdb2a88a58ad0460edacb6542803392b8f04e113b0df|frozenset({in(alphabet_soup_1,basket_1_contain_region),in(cream_cheese_1,basket_1_contain_region),in(ketchup_1,basket_1_contain_region),in(salad_dressing_1,basket_1_contain_region)})
COMPOSE_122	X1_object_layout_four_to_basket	4	true	false	libero_object	303;305;301;308	pick_up_the_salad_dressing_and_place_it_in_the_basket;pick_up_the_ketchup_and_place_it_in_the_basket;pick_up_the_alphabet_soup_and_place_it_in_the_basket;pick_up_the_milk_and_place_it_in_the_basket	Pick the salad dressing and place it in the basket | Pick the ketchup and place it in the basket | Pick the alphabet soup and place it in the basket | Pick the milk and place it in the basket	Put the salad dressing, the ketchup, the alphabet soup, and the milk in the basket one after another.	in(salad_dressing_1, basket_1_contain_region); in(ketchup_1, basket_1_contain_region); in(alphabet_soup_1, basket_1_contain_region); in(milk_1, basket_1_contain_region)	object4_pick_up_the_salad_dressing_and_place_it_in_the_basket	Novel four-object extension of this exact stock Object layout; all C(6,4) subsets are enumerated. | All corresponding three-object identities were already screened in LiberoComposition and are not repeated. | Object identity has its own original LIBERO-Object pick-to-basket trajectory; its pose in the composite scene may differ. | Object identity has its own original LIBERO-Object pick-to-basket trajectory; its pose in the composite scene may differ. | Object identity has its own original LIBERO-Object pick-to-basket trajectory; its pose in the composite scene may differ. | Object identity has its own original LIBERO-Object pick-to-basket trajectory; its pose in the composite scene may differ.	5	8	comparison_png/COMPOSE_122__put_the_salad_dressing_the_ketchup_the_alphabet_soup_and_the_milk_in_the_basket_one_after_another.png	tasks/compose_122__put_the_salad_dressing_the_ketchup_the_alphabet_soup_and_the_milk_in_the_basket_one_after_another	composition|4db2b582dbff0ab05541bdb2a88a58ad0460edacb6542803392b8f04e113b0df|frozenset({in(alphabet_soup_1,basket_1_contain_region),in(ketchup_1,basket_1_contain_region),in(milk_1,basket_1_contain_region),in(salad_dressing_1,basket_1_contain_region)})
COMPOSE_123	X1_object_layout_four_to_basket	4	true	false	libero_object	303;305;301;306	pick_up_the_salad_dressing_and_place_it_in_the_basket;pick_up_the_ketchup_and_place_it_in_the_basket;pick_up_the_alphabet_soup_and_place_it_in_the_basket;pick_up_the_tomato_sauce_and_place_it_in_the_basket	Pick the salad dressing and place it in the basket | Pick the ketchup and place it in the basket | Pick the alphabet soup and place it in the basket | Pick the tomato sauce and place it in the basket	Put the salad dressing, the ketchup, the alphabet soup, and the tomato sauce in the basket one after another.	in(salad_dressing_1, basket_1_contain_region); in(ketchup_1, basket_1_contain_region); in(alphabet_soup_1, basket_1_contain_region); in(tomato_sauce_1, basket_1_contain_region)	object4_pick_up_the_salad_dressing_and_place_it_in_the_basket	Novel four-object extension of this exact stock Object layout; all C(6,4) subsets are enumerated. | All corresponding three-object identities were already screened in LiberoComposition and are not repeated. | Object identity has its own original LIBERO-Object pick-to-basket trajectory; its pose in the composite scene may differ. | Object identity has its own original LIBERO-Object pick-to-basket trajectory; its pose in the composite scene may differ. | Object identity has its own original LIBERO-Object pick-to-basket trajectory; its pose in the composite scene may differ. | Object identity has its own original LIBERO-Object pick-to-basket trajectory; its pose in the composite scene may differ.	5	8	comparison_png/COMPOSE_123__put_the_salad_dressing_the_ketchup_the_alphabet_soup_and_the_tomato_sauce_in_the_basket_one_after_another.png	tasks/compose_123__put_the_salad_dressing_the_ketchup_the_alphabet_soup_and_the_tomato_sauce_in_the_basket_one_after_another	composition|4db2b582dbff0ab05541bdb2a88a58ad0460edacb6542803392b8f04e113b0df|frozenset({in(alphabet_soup_1,basket_1_contain_region),in(ketchup_1,basket_1_contain_region),in(salad_dressing_1,basket_1_contain_region),in(tomato_sauce_1,basket_1_contain_region)})
COMPOSE_124	X1_object_layout_four_to_basket	4	true	false	libero_object	303;305;302;308	pick_up_the_salad_dressing_and_place_it_in_the_basket;pick_up_the_ketchup_and_place_it_in_the_basket;pick_up_the_cream_cheese_and_place_it_in_the_basket;pick_up_the_milk_and_place_it_in_the_basket	Pick the salad dressing and place it in the basket | Pick the ketchup and place it in the basket | Pick the cream cheese and place it in the basket | Pick the milk and place it in the basket	Put the salad dressing, the ketchup, the cream cheese box, and the milk in the basket one after another.	in(salad_dressing_1, basket_1_contain_region); in(ketchup_1, basket_1_contain_region); in(cream_cheese_1, basket_1_contain_region); in(milk_1, basket_1_contain_region)	object4_pick_up_the_salad_dressing_and_place_it_in_the_basket	Novel four-object extension of this exact stock Object layout; all C(6,4) subsets are enumerated. | All corresponding three-object identities were already screened in LiberoComposition and are not repeated. | Object identity has its own original LIBERO-Object pick-to-basket trajectory; its pose in the composite scene may differ. | Object identity has its own original LIBERO-Object pick-to-basket trajectory; its pose in the composite scene may differ. | Object identity has its own original LIBERO-Object pick-to-basket trajectory; its pose in the composite scene may differ. | Object identity has its own original LIBERO-Object pick-to-basket trajectory; its pose in the composite scene may differ.	5	8	comparison_png/COMPOSE_124__put_the_salad_dressing_the_ketchup_the_cream_cheese_box_and_the_milk_in_the_basket_one_after_another.png	tasks/compose_124__put_the_salad_dressing_the_ketchup_the_cream_cheese_box_and_the_milk_in_the_basket_one_after_another	composition|4db2b582dbff0ab05541bdb2a88a58ad0460edacb6542803392b8f04e113b0df|frozenset({in(cream_cheese_1,basket_1_contain_region),in(ketchup_1,basket_1_contain_region),in(milk_1,basket_1_contain_region),in(salad_dressing_1,basket_1_contain_region)})
COMPOSE_125	X1_object_layout_four_to_basket	4	true	false	libero_object	303;305;302;306	pick_up_the_salad_dressing_and_place_it_in_the_basket;pick_up_the_ketchup_and_place_it_in_the_basket;pick_up_the_cream_cheese_and_place_it_in_the_basket;pick_up_the_tomato_sauce_and_place_it_in_the_basket	Pick the salad dressing and place it in the basket | Pick the ketchup and place it in the basket | Pick the cream cheese and place it in the basket | Pick the tomato sauce and place it in the basket	Put the salad dressing, the ketchup, the cream cheese box, and the tomato sauce in the basket one after another.	in(salad_dressing_1, basket_1_contain_region); in(ketchup_1, basket_1_contain_region); in(cream_cheese_1, basket_1_contain_region); in(tomato_sauce_1, basket_1_contain_region)	object4_pick_up_the_salad_dressing_and_place_it_in_the_basket	Novel four-object extension of this exact stock Object layout; all C(6,4) subsets are enumerated. | All corresponding three-object identities were already screened in LiberoComposition and are not repeated. | Object identity has its own original LIBERO-Object pick-to-basket trajectory; its pose in the composite scene may differ. | Object identity has its own original LIBERO-Object pick-to-basket trajectory; its pose in the composite scene may differ. | Object identity has its own original LIBERO-Object pick-to-basket trajectory; its pose in the composite scene may differ. | Object identity has its own original LIBERO-Object pick-to-basket trajectory; its pose in the composite scene may differ.	5	8	comparison_png/COMPOSE_125__put_the_salad_dressing_the_ketchup_the_cream_cheese_box_and_the_tomato_sauce_in_the_basket_one_after_another.png	tasks/compose_125__put_the_salad_dressing_the_ketchup_the_cream_cheese_box_and_the_tomato_sauce_in_the_basket_one_after_another	composition|4db2b582dbff0ab05541bdb2a88a58ad0460edacb6542803392b8f04e113b0df|frozenset({in(cream_cheese_1,basket_1_contain_region),in(ketchup_1,basket_1_contain_region),in(salad_dressing_1,basket_1_contain_region),in(tomato_sauce_1,basket_1_contain_region)})
COMPOSE_126	X1_object_layout_four_to_basket	4	true	false	libero_object	303;305;308;306	pick_up_the_salad_dressing_and_place_it_in_the_basket;pick_up_the_ketchup_and_place_it_in_the_basket;pick_up_the_milk_and_place_it_in_the_basket;pick_up_the_tomato_sauce_and_place_it_in_the_basket	Pick the salad dressing and place it in the basket | Pick the ketchup and place it in the basket | Pick the milk and place it in the basket | Pick the tomato sauce and place it in the basket	Put the salad dressing, the ketchup, the milk, and the tomato sauce in the basket one after another.	in(salad_dressing_1, basket_1_contain_region); in(ketchup_1, basket_1_contain_region); in(milk_1, basket_1_contain_region); in(tomato_sauce_1, basket_1_contain_region)	object4_pick_up_the_salad_dressing_and_place_it_in_the_basket	Novel four-object extension of this exact stock Object layout; all C(6,4) subsets are enumerated. | All corresponding three-object identities were already screened in LiberoComposition and are not repeated. | Object identity has its own original LIBERO-Object pick-to-basket trajectory; its pose in the composite scene may differ. | Object identity has its own original LIBERO-Object pick-to-basket trajectory; its pose in the composite scene may differ. | Object identity has its own original LIBERO-Object pick-to-basket trajectory; its pose in the composite scene may differ. | Object identity has its own original LIBERO-Object pick-to-basket trajectory; its pose in the composite scene may differ.	5	8	comparison_png/COMPOSE_126__put_the_salad_dressing_the_ketchup_the_milk_and_the_tomato_sauce_in_the_basket_one_after_another.png	tasks/compose_126__put_the_salad_dressing_the_ketchup_the_milk_and_the_tomato_sauce_in_the_basket_one_after_another	composition|4db2b582dbff0ab05541bdb2a88a58ad0460edacb6542803392b8f04e113b0df|frozenset({in(ketchup_1,basket_1_contain_region),in(milk_1,basket_1_contain_region),in(salad_dressing_1,basket_1_contain_region),in(tomato_sauce_1,basket_1_contain_region)})
COMPOSE_127	X1_object_layout_four_to_basket	4	true	false	libero_object	303;301;302;308	pick_up_the_salad_dressing_and_place_it_in_the_basket;pick_up_the_alphabet_soup_and_place_it_in_the_basket;pick_up_the_cream_cheese_and_place_it_in_the_basket;pick_up_the_milk_and_place_it_in_the_basket	Pick the salad dressing and place it in the basket | Pick the alphabet soup and place it in the basket | Pick the cream cheese and place it in the basket | Pick the milk and place it in the basket	Put the salad dressing, the alphabet soup, the cream cheese box, and the milk in the basket one after another.	in(salad_dressing_1, basket_1_contain_region); in(alphabet_soup_1, basket_1_contain_region); in(cream_cheese_1, basket_1_contain_region); in(milk_1, basket_1_contain_region)	object4_pick_up_the_salad_dressing_and_place_it_in_the_basket	Novel four-object extension of this exact stock Object layout; all C(6,4) subsets are enumerated. | All corresponding three-object identities were already screened in LiberoComposition and are not repeated. | Object identity has its own original LIBERO-Object pick-to-basket trajectory; its pose in the composite scene may differ. | Object identity has its own original LIBERO-Object pick-to-basket trajectory; its pose in the composite scene may differ. | Object identity has its own original LIBERO-Object pick-to-basket trajectory; its pose in the composite scene may differ. | Object identity has its own original LIBERO-Object pick-to-basket trajectory; its pose in the composite scene may differ.	5	8	comparison_png/COMPOSE_127__put_the_salad_dressing_the_alphabet_soup_the_cream_cheese_box_and_the_milk_in_the_basket_one_after_another.png	tasks/compose_127__put_the_salad_dressing_the_alphabet_soup_the_cream_cheese_box_and_the_milk_in_the_basket_one_after_another	composition|4db2b582dbff0ab05541bdb2a88a58ad0460edacb6542803392b8f04e113b0df|frozenset({in(alphabet_soup_1,basket_1_contain_region),in(cream_cheese_1,basket_1_contain_region),in(milk_1,basket_1_contain_region),in(salad_dressing_1,basket_1_contain_region)})
COMPOSE_128	X1_object_layout_four_to_basket	4	true	false	libero_object	303;301;302;306	pick_up_the_salad_dressing_and_place_it_in_the_basket;pick_up_the_alphabet_soup_and_place_it_in_the_basket;pick_up_the_cream_cheese_and_place_it_in_the_basket;pick_up_the_tomato_sauce_and_place_it_in_the_basket	Pick the salad dressing and place it in the basket | Pick the alphabet soup and place it in the basket | Pick the cream cheese and place it in the basket | Pick the tomato sauce and place it in the basket	Put the salad dressing, the alphabet soup, the cream cheese box, and the tomato sauce in the basket one after another.	in(salad_dressing_1, basket_1_contain_region); in(alphabet_soup_1, basket_1_contain_region); in(cream_cheese_1, basket_1_contain_region); in(tomato_sauce_1, basket_1_contain_region)	object4_pick_up_the_salad_dressing_and_place_it_in_the_basket	Novel four-object extension of this exact stock Object layout; all C(6,4) subsets are enumerated. | All corresponding three-object identities were already screened in LiberoComposition and are not repeated. | Object identity has its own original LIBERO-Object pick-to-basket trajectory; its pose in the composite scene may differ. | Object identity has its own original LIBERO-Object pick-to-basket trajectory; its pose in the composite scene may differ. | Object identity has its own original LIBERO-Object pick-to-basket trajectory; its pose in the composite scene may differ. | Object identity has its own original LIBERO-Object pick-to-basket trajectory; its pose in the composite scene may differ.	5	8	comparison_png/COMPOSE_128__put_the_salad_dressing_the_alphabet_soup_the_cream_cheese_box_and_the_tomato_sauce_in_the_basket_one_after_another.png	tasks/compose_128__put_the_salad_dressing_the_alphabet_soup_the_cream_cheese_box_and_the_tomato_sauce_in_the_basket_one_after_another	composition|4db2b582dbff0ab05541bdb2a88a58ad0460edacb6542803392b8f04e113b0df|frozenset({in(alphabet_soup_1,basket_1_contain_region),in(cream_cheese_1,basket_1_contain_region),in(salad_dressing_1,basket_1_contain_region),in(tomato_sauce_1,basket_1_contain_region)})
COMPOSE_129	X1_object_layout_four_to_basket	4	true	false	libero_object	303;301;308;306	pick_up_the_salad_dressing_and_place_it_in_the_basket;pick_up_the_alphabet_soup_and_place_it_in_the_basket;pick_up_the_milk_and_place_it_in_the_basket;pick_up_the_tomato_sauce_and_place_it_in_the_basket	Pick the salad dressing and place it in the basket | Pick the alphabet soup and place it in the basket | Pick the milk and place it in the basket | Pick the tomato sauce and place it in the basket	Put the salad dressing, the alphabet soup, the milk, and the tomato sauce in the basket one after another.	in(salad_dressing_1, basket_1_contain_region); in(alphabet_soup_1, basket_1_contain_region); in(milk_1, basket_1_contain_region); in(tomato_sauce_1, basket_1_contain_region)	object4_pick_up_the_salad_dressing_and_place_it_in_the_basket	Novel four-object extension of this exact stock Object layout; all C(6,4) subsets are enumerated. | All corresponding three-object identities were already screened in LiberoComposition and are not repeated. | Object identity has its own original LIBERO-Object pick-to-basket trajectory; its pose in the composite scene may differ. | Object identity has its own original LIBERO-Object pick-to-basket trajectory; its pose in the composite scene may differ. | Object identity has its own original LIBERO-Object pick-to-basket trajectory; its pose in the composite scene may differ. | Object identity has its own original LIBERO-Object pick-to-basket trajectory; its pose in the composite scene may differ.	5	8	comparison_png/COMPOSE_129__put_the_salad_dressing_the_alphabet_soup_the_milk_and_the_tomato_sauce_in_the_basket_one_after_another.png	tasks/compose_129__put_the_salad_dressing_the_alphabet_soup_the_milk_and_the_tomato_sauce_in_the_basket_one_after_another	composition|4db2b582dbff0ab05541bdb2a88a58ad0460edacb6542803392b8f04e113b0df|frozenset({in(alphabet_soup_1,basket_1_contain_region),in(milk_1,basket_1_contain_region),in(salad_dressing_1,basket_1_contain_region),in(tomato_sauce_1,basket_1_contain_region)})
COMPOSE_130	X1_object_layout_four_to_basket	4	true	false	libero_object	303;302;308;306	pick_up_the_salad_dressing_and_place_it_in_the_basket;pick_up_the_cream_cheese_and_place_it_in_the_basket;pick_up_the_milk_and_place_it_in_the_basket;pick_up_the_tomato_sauce_and_place_it_in_the_basket	Pick the salad dressing and place it in the basket | Pick the cream cheese and place it in the basket | Pick the milk and place it in the basket | Pick the tomato sauce and place it in the basket	Put the salad dressing, the cream cheese box, the milk, and the tomato sauce in the basket one after another.	in(salad_dressing_1, basket_1_contain_region); in(cream_cheese_1, basket_1_contain_region); in(milk_1, basket_1_contain_region); in(tomato_sauce_1, basket_1_contain_region)	object4_pick_up_the_salad_dressing_and_place_it_in_the_basket	Novel four-object extension of this exact stock Object layout; all C(6,4) subsets are enumerated. | All corresponding three-object identities were already screened in LiberoComposition and are not repeated. | Object identity has its own original LIBERO-Object pick-to-basket trajectory; its pose in the composite scene may differ. | Object identity has its own original LIBERO-Object pick-to-basket trajectory; its pose in the composite scene may differ. | Object identity has its own original LIBERO-Object pick-to-basket trajectory; its pose in the composite scene may differ. | Object identity has its own original LIBERO-Object pick-to-basket trajectory; its pose in the composite scene may differ.	5	8	comparison_png/COMPOSE_130__put_the_salad_dressing_the_cream_cheese_box_the_milk_and_the_tomato_sauce_in_the_basket_one_after_another.png	tasks/compose_130__put_the_salad_dressing_the_cream_cheese_box_the_milk_and_the_tomato_sauce_in_the_basket_one_after_another	composition|4db2b582dbff0ab05541bdb2a88a58ad0460edacb6542803392b8f04e113b0df|frozenset({in(cream_cheese_1,basket_1_contain_region),in(milk_1,basket_1_contain_region),in(salad_dressing_1,basket_1_contain_region),in(tomato_sauce_1,basket_1_contain_region)})
COMPOSE_131	X1_object_layout_four_to_basket	4	true	false	libero_object	305;301;302;308	pick_up_the_ketchup_and_place_it_in_the_basket;pick_up_the_alphabet_soup_and_place_it_in_the_basket;pick_up_the_cream_cheese_and_place_it_in_the_basket;pick_up_the_milk_and_place_it_in_the_basket	Pick the ketchup and place it in the basket | Pick the alphabet soup and place it in the basket | Pick the cream cheese and place it in the basket | Pick the milk and place it in the basket	Put the ketchup, the alphabet soup, the cream cheese box, and the milk in the basket one after another.	in(ketchup_1, basket_1_contain_region); in(alphabet_soup_1, basket_1_contain_region); in(cream_cheese_1, basket_1_contain_region); in(milk_1, basket_1_contain_region)	object4_pick_up_the_salad_dressing_and_place_it_in_the_basket	Novel four-object extension of this exact stock Object layout; all C(6,4) subsets are enumerated. | All corresponding three-object identities were already screened in LiberoComposition and are not repeated. | Object identity has its own original LIBERO-Object pick-to-basket trajectory; its pose in the composite scene may differ. | Object identity has its own original LIBERO-Object pick-to-basket trajectory; its pose in the composite scene may differ. | Object identity has its own original LIBERO-Object pick-to-basket trajectory; its pose in the composite scene may differ. | Object identity has its own original LIBERO-Object pick-to-basket trajectory; its pose in the composite scene may differ.	5	8	comparison_png/COMPOSE_131__put_the_ketchup_the_alphabet_soup_the_cream_cheese_box_and_the_milk_in_the_basket_one_after_another.png	tasks/compose_131__put_the_ketchup_the_alphabet_soup_the_cream_cheese_box_and_the_milk_in_the_basket_one_after_another	composition|4db2b582dbff0ab05541bdb2a88a58ad0460edacb6542803392b8f04e113b0df|frozenset({in(alphabet_soup_1,basket_1_contain_region),in(cream_cheese_1,basket_1_contain_region),in(ketchup_1,basket_1_contain_region),in(milk_1,basket_1_contain_region)})
COMPOSE_132	X1_object_layout_four_to_basket	4	true	false	libero_object	305;301;302;306	pick_up_the_ketchup_and_place_it_in_the_basket;pick_up_the_alphabet_soup_and_place_it_in_the_basket;pick_up_the_cream_cheese_and_place_it_in_the_basket;pick_up_the_tomato_sauce_and_place_it_in_the_basket	Pick the ketchup and place it in the basket | Pick the alphabet soup and place it in the basket | Pick the cream cheese and place it in the basket | Pick the tomato sauce and place it in the basket	Put the ketchup, the alphabet soup, the cream cheese box, and the tomato sauce in the basket one after another.	in(ketchup_1, basket_1_contain_region); in(alphabet_soup_1, basket_1_contain_region); in(cream_cheese_1, basket_1_contain_region); in(tomato_sauce_1, basket_1_contain_region)	object4_pick_up_the_salad_dressing_and_place_it_in_the_basket	Novel four-object extension of this exact stock Object layout; all C(6,4) subsets are enumerated. | All corresponding three-object identities were already screened in LiberoComposition and are not repeated. | Object identity has its own original LIBERO-Object pick-to-basket trajectory; its pose in the composite scene may differ. | Object identity has its own original LIBERO-Object pick-to-basket trajectory; its pose in the composite scene may differ. | Object identity has its own original LIBERO-Object pick-to-basket trajectory; its pose in the composite scene may differ. | Object identity has its own original LIBERO-Object pick-to-basket trajectory; its pose in the composite scene may differ.	5	8	comparison_png/COMPOSE_132__put_the_ketchup_the_alphabet_soup_the_cream_cheese_box_and_the_tomato_sauce_in_the_basket_one_after_another.png	tasks/compose_132__put_the_ketchup_the_alphabet_soup_the_cream_cheese_box_and_the_tomato_sauce_in_the_basket_one_after_another	composition|4db2b582dbff0ab05541bdb2a88a58ad0460edacb6542803392b8f04e113b0df|frozenset({in(alphabet_soup_1,basket_1_contain_region),in(cream_cheese_1,basket_1_contain_region),in(ketchup_1,basket_1_contain_region),in(tomato_sauce_1,basket_1_contain_region)})
COMPOSE_133	X1_object_layout_four_to_basket	4	true	false	libero_object	305;301;308;306	pick_up_the_ketchup_and_place_it_in_the_basket;pick_up_the_alphabet_soup_and_place_it_in_the_basket;pick_up_the_milk_and_place_it_in_the_basket;pick_up_the_tomato_sauce_and_place_it_in_the_basket	Pick the ketchup and place it in the basket | Pick the alphabet soup and place it in the basket | Pick the milk and place it in the basket | Pick the tomato sauce and place it in the basket	Put the ketchup, the alphabet soup, the milk, and the tomato sauce in the basket one after another.	in(ketchup_1, basket_1_contain_region); in(alphabet_soup_1, basket_1_contain_region); in(milk_1, basket_1_contain_region); in(tomato_sauce_1, basket_1_contain_region)	object4_pick_up_the_salad_dressing_and_place_it_in_the_basket	Novel four-object extension of this exact stock Object layout; all C(6,4) subsets are enumerated. | All corresponding three-object identities were already screened in LiberoComposition and are not repeated. | Object identity has its own original LIBERO-Object pick-to-basket trajectory; its pose in the composite scene may differ. | Object identity has its own original LIBERO-Object pick-to-basket trajectory; its pose in the composite scene may differ. | Object identity has its own original LIBERO-Object pick-to-basket trajectory; its pose in the composite scene may differ. | Object identity has its own original LIBERO-Object pick-to-basket trajectory; its pose in the composite scene may differ.	5	8	comparison_png/COMPOSE_133__put_the_ketchup_the_alphabet_soup_the_milk_and_the_tomato_sauce_in_the_basket_one_after_another.png	tasks/compose_133__put_the_ketchup_the_alphabet_soup_the_milk_and_the_tomato_sauce_in_the_basket_one_after_another	composition|4db2b582dbff0ab05541bdb2a88a58ad0460edacb6542803392b8f04e113b0df|frozenset({in(alphabet_soup_1,basket_1_contain_region),in(ketchup_1,basket_1_contain_region),in(milk_1,basket_1_contain_region),in(tomato_sauce_1,basket_1_contain_region)})
COMPOSE_134	X1_object_layout_four_to_basket	4	true	false	libero_object	305;302;308;306	pick_up_the_ketchup_and_place_it_in_the_basket;pick_up_the_cream_cheese_and_place_it_in_the_basket;pick_up_the_milk_and_place_it_in_the_basket;pick_up_the_tomato_sauce_and_place_it_in_the_basket	Pick the ketchup and place it in the basket | Pick the cream cheese and place it in the basket | Pick the milk and place it in the basket | Pick the tomato sauce and place it in the basket	Put the ketchup, the cream cheese box, the milk, and the tomato sauce in the basket one after another.	in(ketchup_1, basket_1_contain_region); in(cream_cheese_1, basket_1_contain_region); in(milk_1, basket_1_contain_region); in(tomato_sauce_1, basket_1_contain_region)	object4_pick_up_the_salad_dressing_and_place_it_in_the_basket	Novel four-object extension of this exact stock Object layout; all C(6,4) subsets are enumerated. | All corresponding three-object identities were already screened in LiberoComposition and are not repeated. | Object identity has its own original LIBERO-Object pick-to-basket trajectory; its pose in the composite scene may differ. | Object identity has its own original LIBERO-Object pick-to-basket trajectory; its pose in the composite scene may differ. | Object identity has its own original LIBERO-Object pick-to-basket trajectory; its pose in the composite scene may differ. | Object identity has its own original LIBERO-Object pick-to-basket trajectory; its pose in the composite scene may differ.	5	8	comparison_png/COMPOSE_134__put_the_ketchup_the_cream_cheese_box_the_milk_and_the_tomato_sauce_in_the_basket_one_after_another.png	tasks/compose_134__put_the_ketchup_the_cream_cheese_box_the_milk_and_the_tomato_sauce_in_the_basket_one_after_another	composition|4db2b582dbff0ab05541bdb2a88a58ad0460edacb6542803392b8f04e113b0df|frozenset({in(cream_cheese_1,basket_1_contain_region),in(ketchup_1,basket_1_contain_region),in(milk_1,basket_1_contain_region),in(tomato_sauce_1,basket_1_contain_region)})
COMPOSE_135	X1_object_layout_four_to_basket	4	true	false	libero_object	301;302;308;306	pick_up_the_alphabet_soup_and_place_it_in_the_basket;pick_up_the_cream_cheese_and_place_it_in_the_basket;pick_up_the_milk_and_place_it_in_the_basket;pick_up_the_tomato_sauce_and_place_it_in_the_basket	Pick the alphabet soup and place it in the basket | Pick the cream cheese and place it in the basket | Pick the milk and place it in the basket | Pick the tomato sauce and place it in the basket	Put the alphabet soup, the cream cheese box, the milk, and the tomato sauce in the basket one after another.	in(alphabet_soup_1, basket_1_contain_region); in(cream_cheese_1, basket_1_contain_region); in(milk_1, basket_1_contain_region); in(tomato_sauce_1, basket_1_contain_region)	object4_pick_up_the_salad_dressing_and_place_it_in_the_basket	Novel four-object extension of this exact stock Object layout; all C(6,4) subsets are enumerated. | All corresponding three-object identities were already screened in LiberoComposition and are not repeated. | Object identity has its own original LIBERO-Object pick-to-basket trajectory; its pose in the composite scene may differ. | Object identity has its own original LIBERO-Object pick-to-basket trajectory; its pose in the composite scene may differ. | Object identity has its own original LIBERO-Object pick-to-basket trajectory; its pose in the composite scene may differ. | Object identity has its own original LIBERO-Object pick-to-basket trajectory; its pose in the composite scene may differ.	5	8	comparison_png/COMPOSE_135__put_the_alphabet_soup_the_cream_cheese_box_the_milk_and_the_tomato_sauce_in_the_basket_one_after_another.png	tasks/compose_135__put_the_alphabet_soup_the_cream_cheese_box_the_milk_and_the_tomato_sauce_in_the_basket_one_after_another	composition|4db2b582dbff0ab05541bdb2a88a58ad0460edacb6542803392b8f04e113b0df|frozenset({in(alphabet_soup_1,basket_1_contain_region),in(cream_cheese_1,basket_1_contain_region),in(milk_1,basket_1_contain_region),in(tomato_sauce_1,basket_1_contain_region)})
COMPOSE_136	X1_object_layout_four_to_basket	4	true	false	libero_object	306;308;307;310	pick_up_the_tomato_sauce_and_place_it_in_the_basket;pick_up_the_milk_and_place_it_in_the_basket;pick_up_the_butter_and_place_it_in_the_basket;pick_up_the_orange_juice_and_place_it_in_the_basket	Pick the tomato sauce and place it in the basket | Pick the milk and place it in the basket | Pick the butter and place it in the basket | Pick the orange juice and place it in the basket	Put the tomato sauce, the milk, the butter, and the orange juice in the basket one after another.	in(tomato_sauce_1, basket_1_contain_region); in(milk_1, basket_1_contain_region); in(butter_1, basket_1_contain_region); in(orange_juice_1, basket_1_contain_region)	object4_pick_up_the_tomato_sauce_and_place_it_in_the_basket	Novel four-object extension of this exact stock Object layout; all C(6,4) subsets are enumerated. | All corresponding three-object identities were already screened in LiberoComposition and are not repeated. | Object identity has its own original LIBERO-Object pick-to-basket trajectory; its pose in the composite scene may differ. | Object identity has its own original LIBERO-Object pick-to-basket trajectory; its pose in the composite scene may differ. | Object identity has its own original LIBERO-Object pick-to-basket trajectory; its pose in the composite scene may differ. | Object identity has its own original LIBERO-Object pick-to-basket trajectory; its pose in the composite scene may differ.	5	8	comparison_png/COMPOSE_136__put_the_tomato_sauce_the_milk_the_butter_and_the_orange_juice_in_the_basket_one_after_another.png	tasks/compose_136__put_the_tomato_sauce_the_milk_the_butter_and_the_orange_juice_in_the_basket_one_after_another	composition|b2d1edccfcf1d327f2411487573372022051e62345c97a61693c306944814d42|frozenset({in(butter_1,basket_1_contain_region),in(milk_1,basket_1_contain_region),in(orange_juice_1,basket_1_contain_region),in(tomato_sauce_1,basket_1_contain_region)})
COMPOSE_137	X1_object_layout_four_to_basket	4	true	false	libero_object	306;308;307;309	pick_up_the_tomato_sauce_and_place_it_in_the_basket;pick_up_the_milk_and_place_it_in_the_basket;pick_up_the_butter_and_place_it_in_the_basket;pick_up_the_chocolate_pudding_and_place_it_in_the_basket	Pick the tomato sauce and place it in the basket | Pick the milk and place it in the basket | Pick the butter and place it in the basket | Pick the chocolate pudding and place it in the basket	Put the tomato sauce, the milk, the butter, and the chocolate pudding in the basket one after another.	in(tomato_sauce_1, basket_1_contain_region); in(milk_1, basket_1_contain_region); in(butter_1, basket_1_contain_region); in(chocolate_pudding_1, basket_1_contain_region)	object4_pick_up_the_tomato_sauce_and_place_it_in_the_basket	Novel four-object extension of this exact stock Object layout; all C(6,4) subsets are enumerated. | All corresponding three-object identities were already screened in LiberoComposition and are not repeated. | Object identity has its own original LIBERO-Object pick-to-basket trajectory; its pose in the composite scene may differ. | Object identity has its own original LIBERO-Object pick-to-basket trajectory; its pose in the composite scene may differ. | Object identity has its own original LIBERO-Object pick-to-basket trajectory; its pose in the composite scene may differ. | Object identity has its own original LIBERO-Object pick-to-basket trajectory; its pose in the composite scene may differ.	5	8	comparison_png/COMPOSE_137__put_the_tomato_sauce_the_milk_the_butter_and_the_chocolate_pudding_in_the_basket_one_after_another.png	tasks/compose_137__put_the_tomato_sauce_the_milk_the_butter_and_the_chocolate_pudding_in_the_basket_one_after_another	composition|b2d1edccfcf1d327f2411487573372022051e62345c97a61693c306944814d42|frozenset({in(butter_1,basket_1_contain_region),in(chocolate_pudding_1,basket_1_contain_region),in(milk_1,basket_1_contain_region),in(tomato_sauce_1,basket_1_contain_region)})
COMPOSE_138	X1_object_layout_four_to_basket	4	true	false	libero_object	306;308;307;304	pick_up_the_tomato_sauce_and_place_it_in_the_basket;pick_up_the_milk_and_place_it_in_the_basket;pick_up_the_butter_and_place_it_in_the_basket;pick_up_the_bbq_sauce_and_place_it_in_the_basket	Pick the tomato sauce and place it in the basket | Pick the milk and place it in the basket | Pick the butter and place it in the basket | Pick the bbq sauce and place it in the basket	Put the tomato sauce, the milk, the butter, and the bbq sauce in the basket one after another.	in(tomato_sauce_1, basket_1_contain_region); in(milk_1, basket_1_contain_region); in(butter_1, basket_1_contain_region); in(bbq_sauce_1, basket_1_contain_region)	object4_pick_up_the_tomato_sauce_and_place_it_in_the_basket	Novel four-object extension of this exact stock Object layout; all C(6,4) subsets are enumerated. | All corresponding three-object identities were already screened in LiberoComposition and are not repeated. | Object identity has its own original LIBERO-Object pick-to-basket trajectory; its pose in the composite scene may differ. | Object identity has its own original LIBERO-Object pick-to-basket trajectory; its pose in the composite scene may differ. | Object identity has its own original LIBERO-Object pick-to-basket trajectory; its pose in the composite scene may differ. | Object identity has its own original LIBERO-Object pick-to-basket trajectory; its pose in the composite scene may differ.	5	8	comparison_png/COMPOSE_138__put_the_tomato_sauce_the_milk_the_butter_and_the_bbq_sauce_in_the_basket_one_after_another.png	tasks/compose_138__put_the_tomato_sauce_the_milk_the_butter_and_the_bbq_sauce_in_the_basket_one_after_another	composition|b2d1edccfcf1d327f2411487573372022051e62345c97a61693c306944814d42|frozenset({in(bbq_sauce_1,basket_1_contain_region),in(butter_1,basket_1_contain_region),in(milk_1,basket_1_contain_region),in(tomato_sauce_1,basket_1_contain_region)})
COMPOSE_139	X1_object_layout_four_to_basket	4	true	false	libero_object	306;308;310;309	pick_up_the_tomato_sauce_and_place_it_in_the_basket;pick_up_the_milk_and_place_it_in_the_basket;pick_up_the_orange_juice_and_place_it_in_the_basket;pick_up_the_chocolate_pudding_and_place_it_in_the_basket	Pick the tomato sauce and place it in the basket | Pick the milk and place it in the basket | Pick the orange juice and place it in the basket | Pick the chocolate pudding and place it in the basket	Put the tomato sauce, the milk, the orange juice, and the chocolate pudding in the basket one after another.	in(tomato_sauce_1, basket_1_contain_region); in(milk_1, basket_1_contain_region); in(orange_juice_1, basket_1_contain_region); in(chocolate_pudding_1, basket_1_contain_region)	object4_pick_up_the_tomato_sauce_and_place_it_in_the_basket	Novel four-object extension of this exact stock Object layout; all C(6,4) subsets are enumerated. | All corresponding three-object identities were already screened in LiberoComposition and are not repeated. | Object identity has its own original LIBERO-Object pick-to-basket trajectory; its pose in the composite scene may differ. | Object identity has its own original LIBERO-Object pick-to-basket trajectory; its pose in the composite scene may differ. | Object identity has its own original LIBERO-Object pick-to-basket trajectory; its pose in the composite scene may differ. | Object identity has its own original LIBERO-Object pick-to-basket trajectory; its pose in the composite scene may differ.	5	8	comparison_png/COMPOSE_139__put_the_tomato_sauce_the_milk_the_orange_juice_and_the_chocolate_pudding_in_the_basket_one_after_another.png	tasks/compose_139__put_the_tomato_sauce_the_milk_the_orange_juice_and_the_chocolate_pudding_in_the_basket_one_after_another	composition|b2d1edccfcf1d327f2411487573372022051e62345c97a61693c306944814d42|frozenset({in(chocolate_pudding_1,basket_1_contain_region),in(milk_1,basket_1_contain_region),in(orange_juice_1,basket_1_contain_region),in(tomato_sauce_1,basket_1_contain_region)})
COMPOSE_140	X1_object_layout_four_to_basket	4	true	false	libero_object	306;308;310;304	pick_up_the_tomato_sauce_and_place_it_in_the_basket;pick_up_the_milk_and_place_it_in_the_basket;pick_up_the_orange_juice_and_place_it_in_the_basket;pick_up_the_bbq_sauce_and_place_it_in_the_basket	Pick the tomato sauce and place it in the basket | Pick the milk and place it in the basket | Pick the orange juice and place it in the basket | Pick the bbq sauce and place it in the basket	Put the tomato sauce, the milk, the orange juice, and the bbq sauce in the basket one after another.	in(tomato_sauce_1, basket_1_contain_region); in(milk_1, basket_1_contain_region); in(orange_juice_1, basket_1_contain_region); in(bbq_sauce_1, basket_1_contain_region)	object4_pick_up_the_tomato_sauce_and_place_it_in_the_basket	Novel four-object extension of this exact stock Object layout; all C(6,4) subsets are enumerated. | All corresponding three-object identities were already screened in LiberoComposition and are not repeated. | Object identity has its own original LIBERO-Object pick-to-basket trajectory; its pose in the composite scene may differ. | Object identity has its own original LIBERO-Object pick-to-basket trajectory; its pose in the composite scene may differ. | Object identity has its own original LIBERO-Object pick-to-basket trajectory; its pose in the composite scene may differ. | Object identity has its own original LIBERO-Object pick-to-basket trajectory; its pose in the composite scene may differ.	5	8	comparison_png/COMPOSE_140__put_the_tomato_sauce_the_milk_the_orange_juice_and_the_bbq_sauce_in_the_basket_one_after_another.png	tasks/compose_140__put_the_tomato_sauce_the_milk_the_orange_juice_and_the_bbq_sauce_in_the_basket_one_after_another	composition|b2d1edccfcf1d327f2411487573372022051e62345c97a61693c306944814d42|frozenset({in(bbq_sauce_1,basket_1_contain_region),in(milk_1,basket_1_contain_region),in(orange_juice_1,basket_1_contain_region),in(tomato_sauce_1,basket_1_contain_region)})
COMPOSE_141	X1_object_layout_four_to_basket	4	true	false	libero_object	306;308;309;304	pick_up_the_tomato_sauce_and_place_it_in_the_basket;pick_up_the_milk_and_place_it_in_the_basket;pick_up_the_chocolate_pudding_and_place_it_in_the_basket;pick_up_the_bbq_sauce_and_place_it_in_the_basket	Pick the tomato sauce and place it in the basket | Pick the milk and place it in the basket | Pick the chocolate pudding and place it in the basket | Pick the bbq sauce and place it in the basket	Put the tomato sauce, the milk, the chocolate pudding, and the bbq sauce in the basket one after another.	in(tomato_sauce_1, basket_1_contain_region); in(milk_1, basket_1_contain_region); in(chocolate_pudding_1, basket_1_contain_region); in(bbq_sauce_1, basket_1_contain_region)	object4_pick_up_the_tomato_sauce_and_place_it_in_the_basket	Novel four-object extension of this exact stock Object layout; all C(6,4) subsets are enumerated. | All corresponding three-object identities were already screened in LiberoComposition and are not repeated. | Object identity has its own original LIBERO-Object pick-to-basket trajectory; its pose in the composite scene may differ. | Object identity has its own original LIBERO-Object pick-to-basket trajectory; its pose in the composite scene may differ. | Object identity has its own original LIBERO-Object pick-to-basket trajectory; its pose in the composite scene may differ. | Object identity has its own original LIBERO-Object pick-to-basket trajectory; its pose in the composite scene may differ.	5	8	comparison_png/COMPOSE_141__put_the_tomato_sauce_the_milk_the_chocolate_pudding_and_the_bbq_sauce_in_the_basket_one_after_another.png	tasks/compose_141__put_the_tomato_sauce_the_milk_the_chocolate_pudding_and_the_bbq_sauce_in_the_basket_one_after_another	composition|b2d1edccfcf1d327f2411487573372022051e62345c97a61693c306944814d42|frozenset({in(bbq_sauce_1,basket_1_contain_region),in(chocolate_pudding_1,basket_1_contain_region),in(milk_1,basket_1_contain_region),in(tomato_sauce_1,basket_1_contain_region)})
COMPOSE_142	X1_object_layout_four_to_basket	4	true	false	libero_object	306;307;310;309	pick_up_the_tomato_sauce_and_place_it_in_the_basket;pick_up_the_butter_and_place_it_in_the_basket;pick_up_the_orange_juice_and_place_it_in_the_basket;pick_up_the_chocolate_pudding_and_place_it_in_the_basket	Pick the tomato sauce and place it in the basket | Pick the butter and place it in the basket | Pick the orange juice and place it in the basket | Pick the chocolate pudding and place it in the basket	Put the tomato sauce, the butter, the orange juice, and the chocolate pudding in the basket one after another.	in(tomato_sauce_1, basket_1_contain_region); in(butter_1, basket_1_contain_region); in(orange_juice_1, basket_1_contain_region); in(chocolate_pudding_1, basket_1_contain_region)	object4_pick_up_the_tomato_sauce_and_place_it_in_the_basket	Novel four-object extension of this exact stock Object layout; all C(6,4) subsets are enumerated. | All corresponding three-object identities were already screened in LiberoComposition and are not repeated. | Object identity has its own original LIBERO-Object pick-to-basket trajectory; its pose in the composite scene may differ. | Object identity has its own original LIBERO-Object pick-to-basket trajectory; its pose in the composite scene may differ. | Object identity has its own original LIBERO-Object pick-to-basket trajectory; its pose in the composite scene may differ. | Object identity has its own original LIBERO-Object pick-to-basket trajectory; its pose in the composite scene may differ.	5	8	comparison_png/COMPOSE_142__put_the_tomato_sauce_the_butter_the_orange_juice_and_the_chocolate_pudding_in_the_basket_one_after_another.png	tasks/compose_142__put_the_tomato_sauce_the_butter_the_orange_juice_and_the_chocolate_pudding_in_the_basket_one_after_another	composition|b2d1edccfcf1d327f2411487573372022051e62345c97a61693c306944814d42|frozenset({in(butter_1,basket_1_contain_region),in(chocolate_pudding_1,basket_1_contain_region),in(orange_juice_1,basket_1_contain_region),in(tomato_sauce_1,basket_1_contain_region)})
COMPOSE_143	X1_object_layout_four_to_basket	4	true	false	libero_object	306;307;310;304	pick_up_the_tomato_sauce_and_place_it_in_the_basket;pick_up_the_butter_and_place_it_in_the_basket;pick_up_the_orange_juice_and_place_it_in_the_basket;pick_up_the_bbq_sauce_and_place_it_in_the_basket	Pick the tomato sauce and place it in the basket | Pick the butter and place it in the basket | Pick the orange juice and place it in the basket | Pick the bbq sauce and place it in the basket	Put the tomato sauce, the butter, the orange juice, and the bbq sauce in the basket one after another.	in(tomato_sauce_1, basket_1_contain_region); in(butter_1, basket_1_contain_region); in(orange_juice_1, basket_1_contain_region); in(bbq_sauce_1, basket_1_contain_region)	object4_pick_up_the_tomato_sauce_and_place_it_in_the_basket	Novel four-object extension of this exact stock Object layout; all C(6,4) subsets are enumerated. | All corresponding three-object identities were already screened in LiberoComposition and are not repeated. | Object identity has its own original LIBERO-Object pick-to-basket trajectory; its pose in the composite scene may differ. | Object identity has its own original LIBERO-Object pick-to-basket trajectory; its pose in the composite scene may differ. | Object identity has its own original LIBERO-Object pick-to-basket trajectory; its pose in the composite scene may differ. | Object identity has its own original LIBERO-Object pick-to-basket trajectory; its pose in the composite scene may differ.	5	8	comparison_png/COMPOSE_143__put_the_tomato_sauce_the_butter_the_orange_juice_and_the_bbq_sauce_in_the_basket_one_after_another.png	tasks/compose_143__put_the_tomato_sauce_the_butter_the_orange_juice_and_the_bbq_sauce_in_the_basket_one_after_another	composition|b2d1edccfcf1d327f2411487573372022051e62345c97a61693c306944814d42|frozenset({in(bbq_sauce_1,basket_1_contain_region),in(butter_1,basket_1_contain_region),in(orange_juice_1,basket_1_contain_region),in(tomato_sauce_1,basket_1_contain_region)})
COMPOSE_144	X1_object_layout_four_to_basket	4	true	false	libero_object	306;307;309;304	pick_up_the_tomato_sauce_and_place_it_in_the_basket;pick_up_the_butter_and_place_it_in_the_basket;pick_up_the_chocolate_pudding_and_place_it_in_the_basket;pick_up_the_bbq_sauce_and_place_it_in_the_basket	Pick the tomato sauce and place it in the basket | Pick the butter and place it in the basket | Pick the chocolate pudding and place it in the basket | Pick the bbq sauce and place it in the basket	Put the tomato sauce, the butter, the chocolate pudding, and the bbq sauce in the basket one after another.	in(tomato_sauce_1, basket_1_contain_region); in(butter_1, basket_1_contain_region); in(chocolate_pudding_1, basket_1_contain_region); in(bbq_sauce_1, basket_1_contain_region)	object4_pick_up_the_tomato_sauce_and_place_it_in_the_basket	Novel four-object extension of this exact stock Object layout; all C(6,4) subsets are enumerated. | All corresponding three-object identities were already screened in LiberoComposition and are not repeated. | Object identity has its own original LIBERO-Object pick-to-basket trajectory; its pose in the composite scene may differ. | Object identity has its own original LIBERO-Object pick-to-basket trajectory; its pose in the composite scene may differ. | Object identity has its own original LIBERO-Object pick-to-basket trajectory; its pose in the composite scene may differ. | Object identity has its own original LIBERO-Object pick-to-basket trajectory; its pose in the composite scene may differ.	5	8	comparison_png/COMPOSE_144__put_the_tomato_sauce_the_butter_the_chocolate_pudding_and_the_bbq_sauce_in_the_basket_one_after_another.png	tasks/compose_144__put_the_tomato_sauce_the_butter_the_chocolate_pudding_and_the_bbq_sauce_in_the_basket_one_after_another	composition|b2d1edccfcf1d327f2411487573372022051e62345c97a61693c306944814d42|frozenset({in(bbq_sauce_1,basket_1_contain_region),in(butter_1,basket_1_contain_region),in(chocolate_pudding_1,basket_1_contain_region),in(tomato_sauce_1,basket_1_contain_region)})
COMPOSE_145	X1_object_layout_four_to_basket	4	true	false	libero_object	306;310;309;304	pick_up_the_tomato_sauce_and_place_it_in_the_basket;pick_up_the_orange_juice_and_place_it_in_the_basket;pick_up_the_chocolate_pudding_and_place_it_in_the_basket;pick_up_the_bbq_sauce_and_place_it_in_the_basket	Pick the tomato sauce and place it in the basket | Pick the orange juice and place it in the basket | Pick the chocolate pudding and place it in the basket | Pick the bbq sauce and place it in the basket	Put the tomato sauce, the orange juice, the chocolate pudding, and the bbq sauce in the basket one after another.	in(tomato_sauce_1, basket_1_contain_region); in(orange_juice_1, basket_1_contain_region); in(chocolate_pudding_1, basket_1_contain_region); in(bbq_sauce_1, basket_1_contain_region)	object4_pick_up_the_tomato_sauce_and_place_it_in_the_basket	Novel four-object extension of this exact stock Object layout; all C(6,4) subsets are enumerated. | All corresponding three-object identities were already screened in LiberoComposition and are not repeated. | Object identity has its own original LIBERO-Object pick-to-basket trajectory; its pose in the composite scene may differ. | Object identity has its own original LIBERO-Object pick-to-basket trajectory; its pose in the composite scene may differ. | Object identity has its own original LIBERO-Object pick-to-basket trajectory; its pose in the composite scene may differ. | Object identity has its own original LIBERO-Object pick-to-basket trajectory; its pose in the composite scene may differ.	5	8	comparison_png/COMPOSE_145__put_the_tomato_sauce_the_orange_juice_the_chocolate_pudding_and_the_bbq_sauce_in_the_basket_one_after_another.png	tasks/compose_145__put_the_tomato_sauce_the_orange_juice_the_chocolate_pudding_and_the_bbq_sauce_in_the_basket_one_after_another	composition|b2d1edccfcf1d327f2411487573372022051e62345c97a61693c306944814d42|frozenset({in(bbq_sauce_1,basket_1_contain_region),in(chocolate_pudding_1,basket_1_contain_region),in(orange_juice_1,basket_1_contain_region),in(tomato_sauce_1,basket_1_contain_region)})
COMPOSE_146	X1_object_layout_four_to_basket	4	true	false	libero_object	308;307;310;309	pick_up_the_milk_and_place_it_in_the_basket;pick_up_the_butter_and_place_it_in_the_basket;pick_up_the_orange_juice_and_place_it_in_the_basket;pick_up_the_chocolate_pudding_and_place_it_in_the_basket	Pick the milk and place it in the basket | Pick the butter and place it in the basket | Pick the orange juice and place it in the basket | Pick the chocolate pudding and place it in the basket	Put the milk, the butter, the orange juice, and the chocolate pudding in the basket one after another.	in(milk_1, basket_1_contain_region); in(butter_1, basket_1_contain_region); in(orange_juice_1, basket_1_contain_region); in(chocolate_pudding_1, basket_1_contain_region)	object4_pick_up_the_tomato_sauce_and_place_it_in_the_basket	Novel four-object extension of this exact stock Object layout; all C(6,4) subsets are enumerated. | All corresponding three-object identities were already screened in LiberoComposition and are not repeated. | Object identity has its own original LIBERO-Object pick-to-basket trajectory; its pose in the composite scene may differ. | Object identity has its own original LIBERO-Object pick-to-basket trajectory; its pose in the composite scene may differ. | Object identity has its own original LIBERO-Object pick-to-basket trajectory; its pose in the composite scene may differ. | Object identity has its own original LIBERO-Object pick-to-basket trajectory; its pose in the composite scene may differ.	5	8	comparison_png/COMPOSE_146__put_the_milk_the_butter_the_orange_juice_and_the_chocolate_pudding_in_the_basket_one_after_another.png	tasks/compose_146__put_the_milk_the_butter_the_orange_juice_and_the_chocolate_pudding_in_the_basket_one_after_another	composition|b2d1edccfcf1d327f2411487573372022051e62345c97a61693c306944814d42|frozenset({in(butter_1,basket_1_contain_region),in(chocolate_pudding_1,basket_1_contain_region),in(milk_1,basket_1_contain_region),in(orange_juice_1,basket_1_contain_region)})
COMPOSE_147	X1_object_layout_four_to_basket	4	true	false	libero_object	308;307;310;304	pick_up_the_milk_and_place_it_in_the_basket;pick_up_the_butter_and_place_it_in_the_basket;pick_up_the_orange_juice_and_place_it_in_the_basket;pick_up_the_bbq_sauce_and_place_it_in_the_basket	Pick the milk and place it in the basket | Pick the butter and place it in the basket | Pick the orange juice and place it in the basket | Pick the bbq sauce and place it in the basket	Put the milk, the butter, the orange juice, and the bbq sauce in the basket one after another.	in(milk_1, basket_1_contain_region); in(butter_1, basket_1_contain_region); in(orange_juice_1, basket_1_contain_region); in(bbq_sauce_1, basket_1_contain_region)	object4_pick_up_the_tomato_sauce_and_place_it_in_the_basket	Novel four-object extension of this exact stock Object layout; all C(6,4) subsets are enumerated. | All corresponding three-object identities were already screened in LiberoComposition and are not repeated. | Object identity has its own original LIBERO-Object pick-to-basket trajectory; its pose in the composite scene may differ. | Object identity has its own original LIBERO-Object pick-to-basket trajectory; its pose in the composite scene may differ. | Object identity has its own original LIBERO-Object pick-to-basket trajectory; its pose in the composite scene may differ. | Object identity has its own original LIBERO-Object pick-to-basket trajectory; its pose in the composite scene may differ.	5	8	comparison_png/COMPOSE_147__put_the_milk_the_butter_the_orange_juice_and_the_bbq_sauce_in_the_basket_one_after_another.png	tasks/compose_147__put_the_milk_the_butter_the_orange_juice_and_the_bbq_sauce_in_the_basket_one_after_another	composition|b2d1edccfcf1d327f2411487573372022051e62345c97a61693c306944814d42|frozenset({in(bbq_sauce_1,basket_1_contain_region),in(butter_1,basket_1_contain_region),in(milk_1,basket_1_contain_region),in(orange_juice_1,basket_1_contain_region)})
COMPOSE_148	X1_object_layout_four_to_basket	4	true	false	libero_object	308;307;309;304	pick_up_the_milk_and_place_it_in_the_basket;pick_up_the_butter_and_place_it_in_the_basket;pick_up_the_chocolate_pudding_and_place_it_in_the_basket;pick_up_the_bbq_sauce_and_place_it_in_the_basket	Pick the milk and place it in the basket | Pick the butter and place it in the basket | Pick the chocolate pudding and place it in the basket | Pick the bbq sauce and place it in the basket	Put the milk, the butter, the chocolate pudding, and the bbq sauce in the basket one after another.	in(milk_1, basket_1_contain_region); in(butter_1, basket_1_contain_region); in(chocolate_pudding_1, basket_1_contain_region); in(bbq_sauce_1, basket_1_contain_region)	object4_pick_up_the_tomato_sauce_and_place_it_in_the_basket	Novel four-object extension of this exact stock Object layout; all C(6,4) subsets are enumerated. | All corresponding three-object identities were already screened in LiberoComposition and are not repeated. | Object identity has its own original LIBERO-Object pick-to-basket trajectory; its pose in the composite scene may differ. | Object identity has its own original LIBERO-Object pick-to-basket trajectory; its pose in the composite scene may differ. | Object identity has its own original LIBERO-Object pick-to-basket trajectory; its pose in the composite scene may differ. | Object identity has its own original LIBERO-Object pick-to-basket trajectory; its pose in the composite scene may differ.	5	8	comparison_png/COMPOSE_148__put_the_milk_the_butter_the_chocolate_pudding_and_the_bbq_sauce_in_the_basket_one_after_another.png	tasks/compose_148__put_the_milk_the_butter_the_chocolate_pudding_and_the_bbq_sauce_in_the_basket_one_after_another	composition|b2d1edccfcf1d327f2411487573372022051e62345c97a61693c306944814d42|frozenset({in(bbq_sauce_1,basket_1_contain_region),in(butter_1,basket_1_contain_region),in(chocolate_pudding_1,basket_1_contain_region),in(milk_1,basket_1_contain_region)})
COMPOSE_149	X1_object_layout_four_to_basket	4	true	false	libero_object	308;310;309;304	pick_up_the_milk_and_place_it_in_the_basket;pick_up_the_orange_juice_and_place_it_in_the_basket;pick_up_the_chocolate_pudding_and_place_it_in_the_basket;pick_up_the_bbq_sauce_and_place_it_in_the_basket	Pick the milk and place it in the basket | Pick the orange juice and place it in the basket | Pick the chocolate pudding and place it in the basket | Pick the bbq sauce and place it in the basket	Put the milk, the orange juice, the chocolate pudding, and the bbq sauce in the basket one after another.	in(milk_1, basket_1_contain_region); in(orange_juice_1, basket_1_contain_region); in(chocolate_pudding_1, basket_1_contain_region); in(bbq_sauce_1, basket_1_contain_region)	object4_pick_up_the_tomato_sauce_and_place_it_in_the_basket	Novel four-object extension of this exact stock Object layout; all C(6,4) subsets are enumerated. | All corresponding three-object identities were already screened in LiberoComposition and are not repeated. | Object identity has its own original LIBERO-Object pick-to-basket trajectory; its pose in the composite scene may differ. | Object identity has its own original LIBERO-Object pick-to-basket trajectory; its pose in the composite scene may differ. | Object identity has its own original LIBERO-Object pick-to-basket trajectory; its pose in the composite scene may differ. | Object identity has its own original LIBERO-Object pick-to-basket trajectory; its pose in the composite scene may differ.	5	8	comparison_png/COMPOSE_149__put_the_milk_the_orange_juice_the_chocolate_pudding_and_the_bbq_sauce_in_the_basket_one_after_another.png	tasks/compose_149__put_the_milk_the_orange_juice_the_chocolate_pudding_and_the_bbq_sauce_in_the_basket_one_after_another	composition|b2d1edccfcf1d327f2411487573372022051e62345c97a61693c306944814d42|frozenset({in(bbq_sauce_1,basket_1_contain_region),in(chocolate_pudding_1,basket_1_contain_region),in(milk_1,basket_1_contain_region),in(orange_juice_1,basket_1_contain_region)})
COMPOSE_150	X1_object_layout_four_to_basket	4	true	false	libero_object	307;310;309;304	pick_up_the_butter_and_place_it_in_the_basket;pick_up_the_orange_juice_and_place_it_in_the_basket;pick_up_the_chocolate_pudding_and_place_it_in_the_basket;pick_up_the_bbq_sauce_and_place_it_in_the_basket	Pick the butter and place it in the basket | Pick the orange juice and place it in the basket | Pick the chocolate pudding and place it in the basket | Pick the bbq sauce and place it in the basket	Put the butter, the orange juice, the chocolate pudding, and the bbq sauce in the basket one after another.	in(butter_1, basket_1_contain_region); in(orange_juice_1, basket_1_contain_region); in(chocolate_pudding_1, basket_1_contain_region); in(bbq_sauce_1, basket_1_contain_region)	object4_pick_up_the_tomato_sauce_and_place_it_in_the_basket	Novel four-object extension of this exact stock Object layout; all C(6,4) subsets are enumerated. | All corresponding three-object identities were already screened in LiberoComposition and are not repeated. | Object identity has its own original LIBERO-Object pick-to-basket trajectory; its pose in the composite scene may differ. | Object identity has its own original LIBERO-Object pick-to-basket trajectory; its pose in the composite scene may differ. | Object identity has its own original LIBERO-Object pick-to-basket trajectory; its pose in the composite scene may differ. | Object identity has its own original LIBERO-Object pick-to-basket trajectory; its pose in the composite scene may differ.	5	8	comparison_png/COMPOSE_150__put_the_butter_the_orange_juice_the_chocolate_pudding_and_the_bbq_sauce_in_the_basket_one_after_another.png	tasks/compose_150__put_the_butter_the_orange_juice_the_chocolate_pudding_and_the_bbq_sauce_in_the_basket_one_after_another	composition|b2d1edccfcf1d327f2411487573372022051e62345c97a61693c306944814d42|frozenset({in(bbq_sauce_1,basket_1_contain_region),in(butter_1,basket_1_contain_region),in(chocolate_pudding_1,basket_1_contain_region),in(orange_juice_1,basket_1_contain_region)})
COMPOSE_151	X2_libero10_scene1_four_to_basket	4	true	false	libero_10;libero_object	301;302;305;306	LIVING_ROOM_SCENE1_put_both_the_alphabet_soup_and_the_cream_cheese_box_in_the_basket;pick_up_the_alphabet_soup_and_place_it_in_the_basket;pick_up_the_cream_cheese_and_place_it_in_the_basket;pick_up_the_ketchup_and_place_it_in_the_basket;pick_up_the_tomato_sauce_and_place_it_in_the_basket	put both the alphabet soup and the cream cheese box in the basket | Pick the alphabet soup and place it in the basket | Pick the cream cheese and place it in the basket | Pick the ketchup and place it in the basket | Pick the tomato sauce and place it in the basket	Put the alphabet soup, the cream cheese box, the ketchup, and the tomato sauce in the basket one after another.	in(alphabet_soup_1, basket_1_contain_region); in(cream_cheese_1, basket_1_contain_region); in(ketchup_1, basket_1_contain_region); in(tomato_sauce_1, basket_1_contain_region)	libero10_scene1_four_basket	The only C(4,4) extension of the original LIBERO-10 Scene1 basket layout. | Object identity has its own original LIBERO-Object pick-to-basket trajectory; its pose in the composite scene may differ. | Object identity has its own original LIBERO-Object pick-to-basket trajectory; its pose in the composite scene may differ. | Object identity has its own original LIBERO-Object pick-to-basket trajectory; its pose in the composite scene may differ. | Object identity has its own original LIBERO-Object pick-to-basket trajectory; its pose in the composite scene may differ.	5	8	comparison_png/COMPOSE_151__put_the_alphabet_soup_the_cream_cheese_box_the_ketchup_and_the_tomato_sauce_in_the_basket_one_after_another.png	tasks/compose_151__put_the_alphabet_soup_the_cream_cheese_box_the_ketchup_and_the_tomato_sauce_in_the_basket_one_after_another	composition|839ab29ce44af74e03e3b92fb7779309a04f755fb09f3c20e534bb1ad7898e6f|frozenset({in(alphabet_soup_1,basket_1_contain_region),in(cream_cheese_1,basket_1_contain_region),in(ketchup_1,basket_1_contain_region),in(tomato_sauce_1,basket_1_contain_region)})
COMPOSE_152	X3_libero10_scene2_milk_removed_3_to_basket	3	true	false	libero_10;libero_object	301;307;302	LIVING_ROOM_SCENE2_put_both_the_alphabet_soup_and_the_tomato_sauce_in_the_basket;pick_up_the_alphabet_soup_and_place_it_in_the_basket;pick_up_the_butter_and_place_it_in_the_basket;pick_up_the_cream_cheese_and_place_it_in_the_basket	put both the alphabet soup and the tomato sauce in the basket | Pick the alphabet soup and place it in the basket | Pick the butter and place it in the basket | Pick the cream cheese and place it in the basket	Put the alphabet soup, the butter, and the cream cheese box in the basket one after another.	in(alphabet_soup_1, basket_1_contain_region); in(butter_1, basket_1_contain_region); in(cream_cheese_1, basket_1_contain_region)	libero10_scene2_milk_blocker_removed	milk_1 and its init region are removed because prior rollouts repeatedly collided with and toppled it. | Exhaustive C(6,3) subset after blocker removal; no instruction-order duplicates are created. | Object identity has its own original LIBERO-Object pick-to-basket trajectory; its pose in the composite scene may differ. | Object identity has its own original LIBERO-Object pick-to-basket trajectory; its pose in the composite scene may differ. | Object identity has its own original LIBERO-Object pick-to-basket trajectory; its pose in the composite scene may differ.	5	6	comparison_png/COMPOSE_152__put_the_alphabet_soup_the_butter_and_the_cream_cheese_box_in_the_basket_one_after_another.png	tasks/compose_152__put_the_alphabet_soup_the_butter_and_the_cream_cheese_box_in_the_basket_one_after_another	composition|16d60b6417ebeed74645d67ef8834e2dfb629ef82039d216f1f056fba6095708|frozenset({in(alphabet_soup_1,basket_1_contain_region),in(butter_1,basket_1_contain_region),in(cream_cheese_1,basket_1_contain_region)})
COMPOSE_153	X3_libero10_scene2_milk_removed_3_to_basket	3	true	false	libero_10;libero_object	301;307;305	LIVING_ROOM_SCENE2_put_both_the_alphabet_soup_and_the_tomato_sauce_in_the_basket;pick_up_the_alphabet_soup_and_place_it_in_the_basket;pick_up_the_butter_and_place_it_in_the_basket;pick_up_the_ketchup_and_place_it_in_the_basket	put both the alphabet soup and the tomato sauce in the basket | Pick the alphabet soup and place it in the basket | Pick the butter and place it in the basket | Pick the ketchup and place it in the basket	Put the alphabet soup, the butter, and the ketchup in the basket one after another.	in(alphabet_soup_1, basket_1_contain_region); in(butter_1, basket_1_contain_region); in(ketchup_1, basket_1_contain_region)	libero10_scene2_milk_blocker_removed	milk_1 and its init region are removed because prior rollouts repeatedly collided with and toppled it. | Exhaustive C(6,3) subset after blocker removal; no instruction-order duplicates are created. | Object identity has its own original LIBERO-Object pick-to-basket trajectory; its pose in the composite scene may differ. | Object identity has its own original LIBERO-Object pick-to-basket trajectory; its pose in the composite scene may differ. | Object identity has its own original LIBERO-Object pick-to-basket trajectory; its pose in the composite scene may differ.	5	6	comparison_png/COMPOSE_153__put_the_alphabet_soup_the_butter_and_the_ketchup_in_the_basket_one_after_another.png	tasks/compose_153__put_the_alphabet_soup_the_butter_and_the_ketchup_in_the_basket_one_after_another	composition|16d60b6417ebeed74645d67ef8834e2dfb629ef82039d216f1f056fba6095708|frozenset({in(alphabet_soup_1,basket_1_contain_region),in(butter_1,basket_1_contain_region),in(ketchup_1,basket_1_contain_region)})
COMPOSE_154	X3_libero10_scene2_milk_removed_3_to_basket	3	true	false	libero_10;libero_object	301;307;310	LIVING_ROOM_SCENE2_put_both_the_alphabet_soup_and_the_tomato_sauce_in_the_basket;pick_up_the_alphabet_soup_and_place_it_in_the_basket;pick_up_the_butter_and_place_it_in_the_basket;pick_up_the_orange_juice_and_place_it_in_the_basket	put both the alphabet soup and the tomato sauce in the basket | Pick the alphabet soup and place it in the basket | Pick the butter and place it in the basket | Pick the orange juice and place it in the basket	Put the alphabet soup, the butter, and the orange juice in the basket one after another.	in(alphabet_soup_1, basket_1_contain_region); in(butter_1, basket_1_contain_region); in(orange_juice_1, basket_1_contain_region)	libero10_scene2_milk_blocker_removed	milk_1 and its init region are removed because prior rollouts repeatedly collided with and toppled it. | Exhaustive C(6,3) subset after blocker removal; no instruction-order duplicates are created. | Object identity has its own original LIBERO-Object pick-to-basket trajectory; its pose in the composite scene may differ. | Object identity has its own original LIBERO-Object pick-to-basket trajectory; its pose in the composite scene may differ. | Object identity has its own original LIBERO-Object pick-to-basket trajectory; its pose in the composite scene may differ.	5	6	comparison_png/COMPOSE_154__put_the_alphabet_soup_the_butter_and_the_orange_juice_in_the_basket_one_after_another.png	tasks/compose_154__put_the_alphabet_soup_the_butter_and_the_orange_juice_in_the_basket_one_after_another	composition|16d60b6417ebeed74645d67ef8834e2dfb629ef82039d216f1f056fba6095708|frozenset({in(alphabet_soup_1,basket_1_contain_region),in(butter_1,basket_1_contain_region),in(orange_juice_1,basket_1_contain_region)})
COMPOSE_155	X3_libero10_scene2_milk_removed_3_to_basket	3	true	false	libero_10;libero_object	301;307;306	LIVING_ROOM_SCENE2_put_both_the_alphabet_soup_and_the_tomato_sauce_in_the_basket;pick_up_the_alphabet_soup_and_place_it_in_the_basket;pick_up_the_butter_and_place_it_in_the_basket;pick_up_the_tomato_sauce_and_place_it_in_the_basket	put both the alphabet soup and the tomato sauce in the basket | Pick the alphabet soup and place it in the basket | Pick the butter and place it in the basket | Pick the tomato sauce and place it in the basket	Put the alphabet soup, the butter, and the tomato sauce in the basket one after another.	in(alphabet_soup_1, basket_1_contain_region); in(butter_1, basket_1_contain_region); in(tomato_sauce_1, basket_1_contain_region)	libero10_scene2_milk_blocker_removed	milk_1 and its init region are removed because prior rollouts repeatedly collided with and toppled it. | Exhaustive C(6,3) subset after blocker removal; no instruction-order duplicates are created. | Object identity has its own original LIBERO-Object pick-to-basket trajectory; its pose in the composite scene may differ. | Object identity has its own original LIBERO-Object pick-to-basket trajectory; its pose in the composite scene may differ. | Object identity has its own original LIBERO-Object pick-to-basket trajectory; its pose in the composite scene may differ.	5	6	comparison_png/COMPOSE_155__put_the_alphabet_soup_the_butter_and_the_tomato_sauce_in_the_basket_one_after_another.png	tasks/compose_155__put_the_alphabet_soup_the_butter_and_the_tomato_sauce_in_the_basket_one_after_another	composition|16d60b6417ebeed74645d67ef8834e2dfb629ef82039d216f1f056fba6095708|frozenset({in(alphabet_soup_1,basket_1_contain_region),in(butter_1,basket_1_contain_region),in(tomato_sauce_1,basket_1_contain_region)})
COMPOSE_156	X3_libero10_scene2_milk_removed_3_to_basket	3	true	false	libero_10;libero_object	301;302;305	LIVING_ROOM_SCENE2_put_both_the_alphabet_soup_and_the_tomato_sauce_in_the_basket;pick_up_the_alphabet_soup_and_place_it_in_the_basket;pick_up_the_cream_cheese_and_place_it_in_the_basket;pick_up_the_ketchup_and_place_it_in_the_basket	put both the alphabet soup and the tomato sauce in the basket | Pick the alphabet soup and place it in the basket | Pick the cream cheese and place it in the basket | Pick the ketchup and place it in the basket	Put the alphabet soup, the cream cheese box, and the ketchup in the basket one after another.	in(alphabet_soup_1, basket_1_contain_region); in(cream_cheese_1, basket_1_contain_region); in(ketchup_1, basket_1_contain_region)	libero10_scene2_milk_blocker_removed	milk_1 and its init region are removed because prior rollouts repeatedly collided with and toppled it. | Exhaustive C(6,3) subset after blocker removal; no instruction-order duplicates are created. | Object identity has its own original LIBERO-Object pick-to-basket trajectory; its pose in the composite scene may differ. | Object identity has its own original LIBERO-Object pick-to-basket trajectory; its pose in the composite scene may differ. | Object identity has its own original LIBERO-Object pick-to-basket trajectory; its pose in the composite scene may differ.	5	6	comparison_png/COMPOSE_156__put_the_alphabet_soup_the_cream_cheese_box_and_the_ketchup_in_the_basket_one_after_another.png	tasks/compose_156__put_the_alphabet_soup_the_cream_cheese_box_and_the_ketchup_in_the_basket_one_after_another	composition|16d60b6417ebeed74645d67ef8834e2dfb629ef82039d216f1f056fba6095708|frozenset({in(alphabet_soup_1,basket_1_contain_region),in(cream_cheese_1,basket_1_contain_region),in(ketchup_1,basket_1_contain_region)})
COMPOSE_157	X3_libero10_scene2_milk_removed_3_to_basket	3	true	false	libero_10;libero_object	301;302;310	LIVING_ROOM_SCENE2_put_both_the_alphabet_soup_and_the_tomato_sauce_in_the_basket;pick_up_the_alphabet_soup_and_place_it_in_the_basket;pick_up_the_cream_cheese_and_place_it_in_the_basket;pick_up_the_orange_juice_and_place_it_in_the_basket	put both the alphabet soup and the tomato sauce in the basket | Pick the alphabet soup and place it in the basket | Pick the cream cheese and place it in the basket | Pick the orange juice and place it in the basket	Put the alphabet soup, the cream cheese box, and the orange juice in the basket one after another.	in(alphabet_soup_1, basket_1_contain_region); in(cream_cheese_1, basket_1_contain_region); in(orange_juice_1, basket_1_contain_region)	libero10_scene2_milk_blocker_removed	milk_1 and its init region are removed because prior rollouts repeatedly collided with and toppled it. | Exhaustive C(6,3) subset after blocker removal; no instruction-order duplicates are created. | Object identity has its own original LIBERO-Object pick-to-basket trajectory; its pose in the composite scene may differ. | Object identity has its own original LIBERO-Object pick-to-basket trajectory; its pose in the composite scene may differ. | Object identity has its own original LIBERO-Object pick-to-basket trajectory; its pose in the composite scene may differ.	5	6	comparison_png/COMPOSE_157__put_the_alphabet_soup_the_cream_cheese_box_and_the_orange_juice_in_the_basket_one_after_another.png	tasks/compose_157__put_the_alphabet_soup_the_cream_cheese_box_and_the_orange_juice_in_the_basket_one_after_another	composition|16d60b6417ebeed74645d67ef8834e2dfb629ef82039d216f1f056fba6095708|frozenset({in(alphabet_soup_1,basket_1_contain_region),in(cream_cheese_1,basket_1_contain_region),in(orange_juice_1,basket_1_contain_region)})
COMPOSE_158	X3_libero10_scene2_milk_removed_3_to_basket	3	true	false	libero_10;libero_object	301;302;306	LIVING_ROOM_SCENE2_put_both_the_alphabet_soup_and_the_tomato_sauce_in_the_basket;pick_up_the_alphabet_soup_and_place_it_in_the_basket;pick_up_the_cream_cheese_and_place_it_in_the_basket;pick_up_the_tomato_sauce_and_place_it_in_the_basket	put both the alphabet soup and the tomato sauce in the basket | Pick the alphabet soup and place it in the basket | Pick the cream cheese and place it in the basket | Pick the tomato sauce and place it in the basket	Put the alphabet soup, the cream cheese box, and the tomato sauce in the basket one after another.	in(alphabet_soup_1, basket_1_contain_region); in(cream_cheese_1, basket_1_contain_region); in(tomato_sauce_1, basket_1_contain_region)	libero10_scene2_milk_blocker_removed	milk_1 and its init region are removed because prior rollouts repeatedly collided with and toppled it. | Exhaustive C(6,3) subset after blocker removal; no instruction-order duplicates are created. | Object identity has its own original LIBERO-Object pick-to-basket trajectory; its pose in the composite scene may differ. | Object identity has its own original LIBERO-Object pick-to-basket trajectory; its pose in the composite scene may differ. | Object identity has its own original LIBERO-Object pick-to-basket trajectory; its pose in the composite scene may differ.	5	6	comparison_png/COMPOSE_158__put_the_alphabet_soup_the_cream_cheese_box_and_the_tomato_sauce_in_the_basket_one_after_another.png	tasks/compose_158__put_the_alphabet_soup_the_cream_cheese_box_and_the_tomato_sauce_in_the_basket_one_after_another	composition|16d60b6417ebeed74645d67ef8834e2dfb629ef82039d216f1f056fba6095708|frozenset({in(alphabet_soup_1,basket_1_contain_region),in(cream_cheese_1,basket_1_contain_region),in(tomato_sauce_1,basket_1_contain_region)})
COMPOSE_159	X3_libero10_scene2_milk_removed_3_to_basket	3	true	false	libero_10;libero_object	301;305;310	LIVING_ROOM_SCENE2_put_both_the_alphabet_soup_and_the_tomato_sauce_in_the_basket;pick_up_the_alphabet_soup_and_place_it_in_the_basket;pick_up_the_ketchup_and_place_it_in_the_basket;pick_up_the_orange_juice_and_place_it_in_the_basket	put both the alphabet soup and the tomato sauce in the basket | Pick the alphabet soup and place it in the basket | Pick the ketchup and place it in the basket | Pick the orange juice and place it in the basket	Put the alphabet soup, the ketchup, and the orange juice in the basket one after another.	in(alphabet_soup_1, basket_1_contain_region); in(ketchup_1, basket_1_contain_region); in(orange_juice_1, basket_1_contain_region)	libero10_scene2_milk_blocker_removed	milk_1 and its init region are removed because prior rollouts repeatedly collided with and toppled it. | Exhaustive C(6,3) subset after blocker removal; no instruction-order duplicates are created. | Object identity has its own original LIBERO-Object pick-to-basket trajectory; its pose in the composite scene may differ. | Object identity has its own original LIBERO-Object pick-to-basket trajectory; its pose in the composite scene may differ. | Object identity has its own original LIBERO-Object pick-to-basket trajectory; its pose in the composite scene may differ.	5	6	comparison_png/COMPOSE_159__put_the_alphabet_soup_the_ketchup_and_the_orange_juice_in_the_basket_one_after_another.png	tasks/compose_159__put_the_alphabet_soup_the_ketchup_and_the_orange_juice_in_the_basket_one_after_another	composition|16d60b6417ebeed74645d67ef8834e2dfb629ef82039d216f1f056fba6095708|frozenset({in(alphabet_soup_1,basket_1_contain_region),in(ketchup_1,basket_1_contain_region),in(orange_juice_1,basket_1_contain_region)})
COMPOSE_160	X3_libero10_scene2_milk_removed_3_to_basket	3	true	false	libero_10;libero_object	301;305;306	LIVING_ROOM_SCENE2_put_both_the_alphabet_soup_and_the_tomato_sauce_in_the_basket;pick_up_the_alphabet_soup_and_place_it_in_the_basket;pick_up_the_ketchup_and_place_it_in_the_basket;pick_up_the_tomato_sauce_and_place_it_in_the_basket	put both the alphabet soup and the tomato sauce in the basket | Pick the alphabet soup and place it in the basket | Pick the ketchup and place it in the basket | Pick the tomato sauce and place it in the basket	Put the alphabet soup, the ketchup, and the tomato sauce in the basket one after another.	in(alphabet_soup_1, basket_1_contain_region); in(ketchup_1, basket_1_contain_region); in(tomato_sauce_1, basket_1_contain_region)	libero10_scene2_milk_blocker_removed	milk_1 and its init region are removed because prior rollouts repeatedly collided with and toppled it. | Exhaustive C(6,3) subset after blocker removal; no instruction-order duplicates are created. | Object identity has its own original LIBERO-Object pick-to-basket trajectory; its pose in the composite scene may differ. | Object identity has its own original LIBERO-Object pick-to-basket trajectory; its pose in the composite scene may differ. | Object identity has its own original LIBERO-Object pick-to-basket trajectory; its pose in the composite scene may differ.	5	6	comparison_png/COMPOSE_160__put_the_alphabet_soup_the_ketchup_and_the_tomato_sauce_in_the_basket_one_after_another.png	tasks/compose_160__put_the_alphabet_soup_the_ketchup_and_the_tomato_sauce_in_the_basket_one_after_another	composition|16d60b6417ebeed74645d67ef8834e2dfb629ef82039d216f1f056fba6095708|frozenset({in(alphabet_soup_1,basket_1_contain_region),in(ketchup_1,basket_1_contain_region),in(tomato_sauce_1,basket_1_contain_region)})
COMPOSE_161	X3_libero10_scene2_milk_removed_3_to_basket	3	true	false	libero_10;libero_object	301;310;306	LIVING_ROOM_SCENE2_put_both_the_alphabet_soup_and_the_tomato_sauce_in_the_basket;pick_up_the_alphabet_soup_and_place_it_in_the_basket;pick_up_the_orange_juice_and_place_it_in_the_basket;pick_up_the_tomato_sauce_and_place_it_in_the_basket	put both the alphabet soup and the tomato sauce in the basket | Pick the alphabet soup and place it in the basket | Pick the orange juice and place it in the basket | Pick the tomato sauce and place it in the basket	Put the alphabet soup, the orange juice, and the tomato sauce in the basket one after another.	in(alphabet_soup_1, basket_1_contain_region); in(orange_juice_1, basket_1_contain_region); in(tomato_sauce_1, basket_1_contain_region)	libero10_scene2_milk_blocker_removed	milk_1 and its init region are removed because prior rollouts repeatedly collided with and toppled it. | Exhaustive C(6,3) subset after blocker removal; no instruction-order duplicates are created. | Object identity has its own original LIBERO-Object pick-to-basket trajectory; its pose in the composite scene may differ. | Object identity has its own original LIBERO-Object pick-to-basket trajectory; its pose in the composite scene may differ. | Object identity has its own original LIBERO-Object pick-to-basket trajectory; its pose in the composite scene may differ.	5	6	comparison_png/COMPOSE_161__put_the_alphabet_soup_the_orange_juice_and_the_tomato_sauce_in_the_basket_one_after_another.png	tasks/compose_161__put_the_alphabet_soup_the_orange_juice_and_the_tomato_sauce_in_the_basket_one_after_another	composition|16d60b6417ebeed74645d67ef8834e2dfb629ef82039d216f1f056fba6095708|frozenset({in(alphabet_soup_1,basket_1_contain_region),in(orange_juice_1,basket_1_contain_region),in(tomato_sauce_1,basket_1_contain_region)})
COMPOSE_162	X3_libero10_scene2_milk_removed_3_to_basket	3	true	false	libero_10;libero_object	307;302;305	LIVING_ROOM_SCENE2_put_both_the_alphabet_soup_and_the_tomato_sauce_in_the_basket;pick_up_the_butter_and_place_it_in_the_basket;pick_up_the_cream_cheese_and_place_it_in_the_basket;pick_up_the_ketchup_and_place_it_in_the_basket	put both the alphabet soup and the tomato sauce in the basket | Pick the butter and place it in the basket | Pick the cream cheese and place it in the basket | Pick the ketchup and place it in the basket	Put the butter, the cream cheese box, and the ketchup in the basket one after another.	in(butter_1, basket_1_contain_region); in(cream_cheese_1, basket_1_contain_region); in(ketchup_1, basket_1_contain_region)	libero10_scene2_milk_blocker_removed	milk_1 and its init region are removed because prior rollouts repeatedly collided with and toppled it. | Exhaustive C(6,3) subset after blocker removal; no instruction-order duplicates are created. | Object identity has its own original LIBERO-Object pick-to-basket trajectory; its pose in the composite scene may differ. | Object identity has its own original LIBERO-Object pick-to-basket trajectory; its pose in the composite scene may differ. | Object identity has its own original LIBERO-Object pick-to-basket trajectory; its pose in the composite scene may differ.	5	6	comparison_png/COMPOSE_162__put_the_butter_the_cream_cheese_box_and_the_ketchup_in_the_basket_one_after_another.png	tasks/compose_162__put_the_butter_the_cream_cheese_box_and_the_ketchup_in_the_basket_one_after_another	composition|16d60b6417ebeed74645d67ef8834e2dfb629ef82039d216f1f056fba6095708|frozenset({in(butter_1,basket_1_contain_region),in(cream_cheese_1,basket_1_contain_region),in(ketchup_1,basket_1_contain_region)})
COMPOSE_163	X3_libero10_scene2_milk_removed_3_to_basket	3	true	false	libero_10;libero_object	307;302;310	LIVING_ROOM_SCENE2_put_both_the_alphabet_soup_and_the_tomato_sauce_in_the_basket;pick_up_the_butter_and_place_it_in_the_basket;pick_up_the_cream_cheese_and_place_it_in_the_basket;pick_up_the_orange_juice_and_place_it_in_the_basket	put both the alphabet soup and the tomato sauce in the basket | Pick the butter and place it in the basket | Pick the cream cheese and place it in the basket | Pick the orange juice and place it in the basket	Put the butter, the cream cheese box, and the orange juice in the basket one after another.	in(butter_1, basket_1_contain_region); in(cream_cheese_1, basket_1_contain_region); in(orange_juice_1, basket_1_contain_region)	libero10_scene2_milk_blocker_removed	milk_1 and its init region are removed because prior rollouts repeatedly collided with and toppled it. | Exhaustive C(6,3) subset after blocker removal; no instruction-order duplicates are created. | Object identity has its own original LIBERO-Object pick-to-basket trajectory; its pose in the composite scene may differ. | Object identity has its own original LIBERO-Object pick-to-basket trajectory; its pose in the composite scene may differ. | Object identity has its own original LIBERO-Object pick-to-basket trajectory; its pose in the composite scene may differ.	5	6	comparison_png/COMPOSE_163__put_the_butter_the_cream_cheese_box_and_the_orange_juice_in_the_basket_one_after_another.png	tasks/compose_163__put_the_butter_the_cream_cheese_box_and_the_orange_juice_in_the_basket_one_after_another	composition|16d60b6417ebeed74645d67ef8834e2dfb629ef82039d216f1f056fba6095708|frozenset({in(butter_1,basket_1_contain_region),in(cream_cheese_1,basket_1_contain_region),in(orange_juice_1,basket_1_contain_region)})
COMPOSE_164	X3_libero10_scene2_milk_removed_3_to_basket	3	true	false	libero_10;libero_object	307;302;306	LIVING_ROOM_SCENE2_put_both_the_alphabet_soup_and_the_tomato_sauce_in_the_basket;pick_up_the_butter_and_place_it_in_the_basket;pick_up_the_cream_cheese_and_place_it_in_the_basket;pick_up_the_tomato_sauce_and_place_it_in_the_basket	put both the alphabet soup and the tomato sauce in the basket | Pick the butter and place it in the basket | Pick the cream cheese and place it in the basket | Pick the tomato sauce and place it in the basket	Put the butter, the cream cheese box, and the tomato sauce in the basket one after another.	in(butter_1, basket_1_contain_region); in(cream_cheese_1, basket_1_contain_region); in(tomato_sauce_1, basket_1_contain_region)	libero10_scene2_milk_blocker_removed	milk_1 and its init region are removed because prior rollouts repeatedly collided with and toppled it. | Exhaustive C(6,3) subset after blocker removal; no instruction-order duplicates are created. | Object identity has its own original LIBERO-Object pick-to-basket trajectory; its pose in the composite scene may differ. | Object identity has its own original LIBERO-Object pick-to-basket trajectory; its pose in the composite scene may differ. | Object identity has its own original LIBERO-Object pick-to-basket trajectory; its pose in the composite scene may differ.	5	6	comparison_png/COMPOSE_164__put_the_butter_the_cream_cheese_box_and_the_tomato_sauce_in_the_basket_one_after_another.png	tasks/compose_164__put_the_butter_the_cream_cheese_box_and_the_tomato_sauce_in_the_basket_one_after_another	composition|16d60b6417ebeed74645d67ef8834e2dfb629ef82039d216f1f056fba6095708|frozenset({in(butter_1,basket_1_contain_region),in(cream_cheese_1,basket_1_contain_region),in(tomato_sauce_1,basket_1_contain_region)})
COMPOSE_165	X3_libero10_scene2_milk_removed_3_to_basket	3	true	false	libero_10;libero_object	307;305;310	LIVING_ROOM_SCENE2_put_both_the_alphabet_soup_and_the_tomato_sauce_in_the_basket;pick_up_the_butter_and_place_it_in_the_basket;pick_up_the_ketchup_and_place_it_in_the_basket;pick_up_the_orange_juice_and_place_it_in_the_basket	put both the alphabet soup and the tomato sauce in the basket | Pick the butter and place it in the basket | Pick the ketchup and place it in the basket | Pick the orange juice and place it in the basket	Put the butter, the ketchup, and the orange juice in the basket one after another.	in(butter_1, basket_1_contain_region); in(ketchup_1, basket_1_contain_region); in(orange_juice_1, basket_1_contain_region)	libero10_scene2_milk_blocker_removed	milk_1 and its init region are removed because prior rollouts repeatedly collided with and toppled it. | Exhaustive C(6,3) subset after blocker removal; no instruction-order duplicates are created. | Object identity has its own original LIBERO-Object pick-to-basket trajectory; its pose in the composite scene may differ. | Object identity has its own original LIBERO-Object pick-to-basket trajectory; its pose in the composite scene may differ. | Object identity has its own original LIBERO-Object pick-to-basket trajectory; its pose in the composite scene may differ.	5	6	comparison_png/COMPOSE_165__put_the_butter_the_ketchup_and_the_orange_juice_in_the_basket_one_after_another.png	tasks/compose_165__put_the_butter_the_ketchup_and_the_orange_juice_in_the_basket_one_after_another	composition|16d60b6417ebeed74645d67ef8834e2dfb629ef82039d216f1f056fba6095708|frozenset({in(butter_1,basket_1_contain_region),in(ketchup_1,basket_1_contain_region),in(orange_juice_1,basket_1_contain_region)})
COMPOSE_166	X3_libero10_scene2_milk_removed_3_to_basket	3	true	false	libero_10;libero_object	307;305;306	LIVING_ROOM_SCENE2_put_both_the_alphabet_soup_and_the_tomato_sauce_in_the_basket;pick_up_the_butter_and_place_it_in_the_basket;pick_up_the_ketchup_and_place_it_in_the_basket;pick_up_the_tomato_sauce_and_place_it_in_the_basket	put both the alphabet soup and the tomato sauce in the basket | Pick the butter and place it in the basket | Pick the ketchup and place it in the basket | Pick the tomato sauce and place it in the basket	Put the butter, the ketchup, and the tomato sauce in the basket one after another.	in(butter_1, basket_1_contain_region); in(ketchup_1, basket_1_contain_region); in(tomato_sauce_1, basket_1_contain_region)	libero10_scene2_milk_blocker_removed	milk_1 and its init region are removed because prior rollouts repeatedly collided with and toppled it. | Exhaustive C(6,3) subset after blocker removal; no instruction-order duplicates are created. | Object identity has its own original LIBERO-Object pick-to-basket trajectory; its pose in the composite scene may differ. | Object identity has its own original LIBERO-Object pick-to-basket trajectory; its pose in the composite scene may differ. | Object identity has its own original LIBERO-Object pick-to-basket trajectory; its pose in the composite scene may differ.	5	6	comparison_png/COMPOSE_166__put_the_butter_the_ketchup_and_the_tomato_sauce_in_the_basket_one_after_another.png	tasks/compose_166__put_the_butter_the_ketchup_and_the_tomato_sauce_in_the_basket_one_after_another	composition|16d60b6417ebeed74645d67ef8834e2dfb629ef82039d216f1f056fba6095708|frozenset({in(butter_1,basket_1_contain_region),in(ketchup_1,basket_1_contain_region),in(tomato_sauce_1,basket_1_contain_region)})
COMPOSE_167	X3_libero10_scene2_milk_removed_3_to_basket	3	true	false	libero_10;libero_object	307;310;306	LIVING_ROOM_SCENE2_put_both_the_alphabet_soup_and_the_tomato_sauce_in_the_basket;pick_up_the_butter_and_place_it_in_the_basket;pick_up_the_orange_juice_and_place_it_in_the_basket;pick_up_the_tomato_sauce_and_place_it_in_the_basket	put both the alphabet soup and the tomato sauce in the basket | Pick the butter and place it in the basket | Pick the orange juice and place it in the basket | Pick the tomato sauce and place it in the basket	Put the butter, the orange juice, and the tomato sauce in the basket one after another.	in(butter_1, basket_1_contain_region); in(orange_juice_1, basket_1_contain_region); in(tomato_sauce_1, basket_1_contain_region)	libero10_scene2_milk_blocker_removed	milk_1 and its init region are removed because prior rollouts repeatedly collided with and toppled it. | Exhaustive C(6,3) subset after blocker removal; no instruction-order duplicates are created. | Object identity has its own original LIBERO-Object pick-to-basket trajectory; its pose in the composite scene may differ. | Object identity has its own original LIBERO-Object pick-to-basket trajectory; its pose in the composite scene may differ. | Object identity has its own original LIBERO-Object pick-to-basket trajectory; its pose in the composite scene may differ.	5	6	comparison_png/COMPOSE_167__put_the_butter_the_orange_juice_and_the_tomato_sauce_in_the_basket_one_after_another.png	tasks/compose_167__put_the_butter_the_orange_juice_and_the_tomato_sauce_in_the_basket_one_after_another	composition|16d60b6417ebeed74645d67ef8834e2dfb629ef82039d216f1f056fba6095708|frozenset({in(butter_1,basket_1_contain_region),in(orange_juice_1,basket_1_contain_region),in(tomato_sauce_1,basket_1_contain_region)})
COMPOSE_168	X3_libero10_scene2_milk_removed_3_to_basket	3	true	false	libero_10;libero_object	302;305;310	LIVING_ROOM_SCENE2_put_both_the_alphabet_soup_and_the_tomato_sauce_in_the_basket;pick_up_the_cream_cheese_and_place_it_in_the_basket;pick_up_the_ketchup_and_place_it_in_the_basket;pick_up_the_orange_juice_and_place_it_in_the_basket	put both the alphabet soup and the tomato sauce in the basket | Pick the cream cheese and place it in the basket | Pick the ketchup and place it in the basket | Pick the orange juice and place it in the basket	Put the cream cheese box, the ketchup, and the orange juice in the basket one after another.	in(cream_cheese_1, basket_1_contain_region); in(ketchup_1, basket_1_contain_region); in(orange_juice_1, basket_1_contain_region)	libero10_scene2_milk_blocker_removed	milk_1 and its init region are removed because prior rollouts repeatedly collided with and toppled it. | Exhaustive C(6,3) subset after blocker removal; no instruction-order duplicates are created. | Object identity has its own original LIBERO-Object pick-to-basket trajectory; its pose in the composite scene may differ. | Object identity has its own original LIBERO-Object pick-to-basket trajectory; its pose in the composite scene may differ. | Object identity has its own original LIBERO-Object pick-to-basket trajectory; its pose in the composite scene may differ.	5	6	comparison_png/COMPOSE_168__put_the_cream_cheese_box_the_ketchup_and_the_orange_juice_in_the_basket_one_after_another.png	tasks/compose_168__put_the_cream_cheese_box_the_ketchup_and_the_orange_juice_in_the_basket_one_after_another	composition|16d60b6417ebeed74645d67ef8834e2dfb629ef82039d216f1f056fba6095708|frozenset({in(cream_cheese_1,basket_1_contain_region),in(ketchup_1,basket_1_contain_region),in(orange_juice_1,basket_1_contain_region)})
COMPOSE_169	X3_libero10_scene2_milk_removed_3_to_basket	3	true	false	libero_10;libero_object	302;305;306	LIVING_ROOM_SCENE2_put_both_the_alphabet_soup_and_the_tomato_sauce_in_the_basket;pick_up_the_cream_cheese_and_place_it_in_the_basket;pick_up_the_ketchup_and_place_it_in_the_basket;pick_up_the_tomato_sauce_and_place_it_in_the_basket	put both the alphabet soup and the tomato sauce in the basket | Pick the cream cheese and place it in the basket | Pick the ketchup and place it in the basket | Pick the tomato sauce and place it in the basket	Put the cream cheese box, the ketchup, and the tomato sauce in the basket one after another.	in(cream_cheese_1, basket_1_contain_region); in(ketchup_1, basket_1_contain_region); in(tomato_sauce_1, basket_1_contain_region)	libero10_scene2_milk_blocker_removed	milk_1 and its init region are removed because prior rollouts repeatedly collided with and toppled it. | Exhaustive C(6,3) subset after blocker removal; no instruction-order duplicates are created. | Object identity has its own original LIBERO-Object pick-to-basket trajectory; its pose in the composite scene may differ. | Object identity has its own original LIBERO-Object pick-to-basket trajectory; its pose in the composite scene may differ. | Object identity has its own original LIBERO-Object pick-to-basket trajectory; its pose in the composite scene may differ.	5	6	comparison_png/COMPOSE_169__put_the_cream_cheese_box_the_ketchup_and_the_tomato_sauce_in_the_basket_one_after_another.png	tasks/compose_169__put_the_cream_cheese_box_the_ketchup_and_the_tomato_sauce_in_the_basket_one_after_another	composition|16d60b6417ebeed74645d67ef8834e2dfb629ef82039d216f1f056fba6095708|frozenset({in(cream_cheese_1,basket_1_contain_region),in(ketchup_1,basket_1_contain_region),in(tomato_sauce_1,basket_1_contain_region)})
COMPOSE_170	X3_libero10_scene2_milk_removed_3_to_basket	3	true	false	libero_10;libero_object	302;310;306	LIVING_ROOM_SCENE2_put_both_the_alphabet_soup_and_the_tomato_sauce_in_the_basket;pick_up_the_cream_cheese_and_place_it_in_the_basket;pick_up_the_orange_juice_and_place_it_in_the_basket;pick_up_the_tomato_sauce_and_place_it_in_the_basket	put both the alphabet soup and the tomato sauce in the basket | Pick the cream cheese and place it in the basket | Pick the orange juice and place it in the basket | Pick the tomato sauce and place it in the basket	Put the cream cheese box, the orange juice, and the tomato sauce in the basket one after another.	in(cream_cheese_1, basket_1_contain_region); in(orange_juice_1, basket_1_contain_region); in(tomato_sauce_1, basket_1_contain_region)	libero10_scene2_milk_blocker_removed	milk_1 and its init region are removed because prior rollouts repeatedly collided with and toppled it. | Exhaustive C(6,3) subset after blocker removal; no instruction-order duplicates are created. | Object identity has its own original LIBERO-Object pick-to-basket trajectory; its pose in the composite scene may differ. | Object identity has its own original LIBERO-Object pick-to-basket trajectory; its pose in the composite scene may differ. | Object identity has its own original LIBERO-Object pick-to-basket trajectory; its pose in the composite scene may differ.	5	6	comparison_png/COMPOSE_170__put_the_cream_cheese_box_the_orange_juice_and_the_tomato_sauce_in_the_basket_one_after_another.png	tasks/compose_170__put_the_cream_cheese_box_the_orange_juice_and_the_tomato_sauce_in_the_basket_one_after_another	composition|16d60b6417ebeed74645d67ef8834e2dfb629ef82039d216f1f056fba6095708|frozenset({in(cream_cheese_1,basket_1_contain_region),in(orange_juice_1,basket_1_contain_region),in(tomato_sauce_1,basket_1_contain_region)})
COMPOSE_171	X3_libero10_scene2_milk_removed_3_to_basket	3	true	false	libero_10;libero_object	305;310;306	LIVING_ROOM_SCENE2_put_both_the_alphabet_soup_and_the_tomato_sauce_in_the_basket;pick_up_the_ketchup_and_place_it_in_the_basket;pick_up_the_orange_juice_and_place_it_in_the_basket;pick_up_the_tomato_sauce_and_place_it_in_the_basket	put both the alphabet soup and the tomato sauce in the basket | Pick the ketchup and place it in the basket | Pick the orange juice and place it in the basket | Pick the tomato sauce and place it in the basket	Put the ketchup, the orange juice, and the tomato sauce in the basket one after another.	in(ketchup_1, basket_1_contain_region); in(orange_juice_1, basket_1_contain_region); in(tomato_sauce_1, basket_1_contain_region)	libero10_scene2_milk_blocker_removed	milk_1 and its init region are removed because prior rollouts repeatedly collided with and toppled it. | Exhaustive C(6,3) subset after blocker removal; no instruction-order duplicates are created. | Object identity has its own original LIBERO-Object pick-to-basket trajectory; its pose in the composite scene may differ. | Object identity has its own original LIBERO-Object pick-to-basket trajectory; its pose in the composite scene may differ. | Object identity has its own original LIBERO-Object pick-to-basket trajectory; its pose in the composite scene may differ.	5	6	comparison_png/COMPOSE_171__put_the_ketchup_the_orange_juice_and_the_tomato_sauce_in_the_basket_one_after_another.png	tasks/compose_171__put_the_ketchup_the_orange_juice_and_the_tomato_sauce_in_the_basket_one_after_another	composition|16d60b6417ebeed74645d67ef8834e2dfb629ef82039d216f1f056fba6095708|frozenset({in(ketchup_1,basket_1_contain_region),in(orange_juice_1,basket_1_contain_region),in(tomato_sauce_1,basket_1_contain_region)})
COMPOSE_172	X4_libero10_scene2_milk_removed_4_to_basket	4	true	false	libero_10;libero_object	301;307;302;305	LIVING_ROOM_SCENE2_put_both_the_alphabet_soup_and_the_tomato_sauce_in_the_basket;pick_up_the_alphabet_soup_and_place_it_in_the_basket;pick_up_the_butter_and_place_it_in_the_basket;pick_up_the_cream_cheese_and_place_it_in_the_basket;pick_up_the_ketchup_and_place_it_in_the_basket	put both the alphabet soup and the tomato sauce in the basket | Pick the alphabet soup and place it in the basket | Pick the butter and place it in the basket | Pick the cream cheese and place it in the basket | Pick the ketchup and place it in the basket	Put the alphabet soup, the butter, the cream cheese box, and the ketchup in the basket one after another.	in(alphabet_soup_1, basket_1_contain_region); in(butter_1, basket_1_contain_region); in(cream_cheese_1, basket_1_contain_region); in(ketchup_1, basket_1_contain_region)	libero10_scene2_milk_blocker_removed	milk_1 and its init region are removed because prior rollouts repeatedly collided with and toppled it. | Exhaustive C(6,4) subset after blocker removal; no instruction-order duplicates are created. | Object identity has its own original LIBERO-Object pick-to-basket trajectory; its pose in the composite scene may differ. | Object identity has its own original LIBERO-Object pick-to-basket trajectory; its pose in the composite scene may differ. | Object identity has its own original LIBERO-Object pick-to-basket trajectory; its pose in the composite scene may differ. | Object identity has its own original LIBERO-Object pick-to-basket trajectory; its pose in the composite scene may differ.	5	8	comparison_png/COMPOSE_172__put_the_alphabet_soup_the_butter_the_cream_cheese_box_and_the_ketchup_in_the_basket_one_after_another.png	tasks/compose_172__put_the_alphabet_soup_the_butter_the_cream_cheese_box_and_the_ketchup_in_the_basket_one_after_another	composition|16d60b6417ebeed74645d67ef8834e2dfb629ef82039d216f1f056fba6095708|frozenset({in(alphabet_soup_1,basket_1_contain_region),in(butter_1,basket_1_contain_region),in(cream_cheese_1,basket_1_contain_region),in(ketchup_1,basket_1_contain_region)})
COMPOSE_173	X4_libero10_scene2_milk_removed_4_to_basket	4	true	false	libero_10;libero_object	301;307;302;310	LIVING_ROOM_SCENE2_put_both_the_alphabet_soup_and_the_tomato_sauce_in_the_basket;pick_up_the_alphabet_soup_and_place_it_in_the_basket;pick_up_the_butter_and_place_it_in_the_basket;pick_up_the_cream_cheese_and_place_it_in_the_basket;pick_up_the_orange_juice_and_place_it_in_the_basket	put both the alphabet soup and the tomato sauce in the basket | Pick the alphabet soup and place it in the basket | Pick the butter and place it in the basket | Pick the cream cheese and place it in the basket | Pick the orange juice and place it in the basket	Put the alphabet soup, the butter, the cream cheese box, and the orange juice in the basket one after another.	in(alphabet_soup_1, basket_1_contain_region); in(butter_1, basket_1_contain_region); in(cream_cheese_1, basket_1_contain_region); in(orange_juice_1, basket_1_contain_region)	libero10_scene2_milk_blocker_removed	milk_1 and its init region are removed because prior rollouts repeatedly collided with and toppled it. | Exhaustive C(6,4) subset after blocker removal; no instruction-order duplicates are created. | Object identity has its own original LIBERO-Object pick-to-basket trajectory; its pose in the composite scene may differ. | Object identity has its own original LIBERO-Object pick-to-basket trajectory; its pose in the composite scene may differ. | Object identity has its own original LIBERO-Object pick-to-basket trajectory; its pose in the composite scene may differ. | Object identity has its own original LIBERO-Object pick-to-basket trajectory; its pose in the composite scene may differ.	5	8	comparison_png/COMPOSE_173__put_the_alphabet_soup_the_butter_the_cream_cheese_box_and_the_orange_juice_in_the_basket_one_after_another.png	tasks/compose_173__put_the_alphabet_soup_the_butter_the_cream_cheese_box_and_the_orange_juice_in_the_basket_one_after_another	composition|16d60b6417ebeed74645d67ef8834e2dfb629ef82039d216f1f056fba6095708|frozenset({in(alphabet_soup_1,basket_1_contain_region),in(butter_1,basket_1_contain_region),in(cream_cheese_1,basket_1_contain_region),in(orange_juice_1,basket_1_contain_region)})
COMPOSE_174	X4_libero10_scene2_milk_removed_4_to_basket	4	true	false	libero_10;libero_object	301;307;302;306	LIVING_ROOM_SCENE2_put_both_the_alphabet_soup_and_the_tomato_sauce_in_the_basket;pick_up_the_alphabet_soup_and_place_it_in_the_basket;pick_up_the_butter_and_place_it_in_the_basket;pick_up_the_cream_cheese_and_place_it_in_the_basket;pick_up_the_tomato_sauce_and_place_it_in_the_basket	put both the alphabet soup and the tomato sauce in the basket | Pick the alphabet soup and place it in the basket | Pick the butter and place it in the basket | Pick the cream cheese and place it in the basket | Pick the tomato sauce and place it in the basket	Put the alphabet soup, the butter, the cream cheese box, and the tomato sauce in the basket one after another.	in(alphabet_soup_1, basket_1_contain_region); in(butter_1, basket_1_contain_region); in(cream_cheese_1, basket_1_contain_region); in(tomato_sauce_1, basket_1_contain_region)	libero10_scene2_milk_blocker_removed	milk_1 and its init region are removed because prior rollouts repeatedly collided with and toppled it. | Exhaustive C(6,4) subset after blocker removal; no instruction-order duplicates are created. | Object identity has its own original LIBERO-Object pick-to-basket trajectory; its pose in the composite scene may differ. | Object identity has its own original LIBERO-Object pick-to-basket trajectory; its pose in the composite scene may differ. | Object identity has its own original LIBERO-Object pick-to-basket trajectory; its pose in the composite scene may differ. | Object identity has its own original LIBERO-Object pick-to-basket trajectory; its pose in the composite scene may differ.	5	8	comparison_png/COMPOSE_174__put_the_alphabet_soup_the_butter_the_cream_cheese_box_and_the_tomato_sauce_in_the_basket_one_after_another.png	tasks/compose_174__put_the_alphabet_soup_the_butter_the_cream_cheese_box_and_the_tomato_sauce_in_the_basket_one_after_another	composition|16d60b6417ebeed74645d67ef8834e2dfb629ef82039d216f1f056fba6095708|frozenset({in(alphabet_soup_1,basket_1_contain_region),in(butter_1,basket_1_contain_region),in(cream_cheese_1,basket_1_contain_region),in(tomato_sauce_1,basket_1_contain_region)})
COMPOSE_175	X4_libero10_scene2_milk_removed_4_to_basket	4	true	false	libero_10;libero_object	301;307;305;310	LIVING_ROOM_SCENE2_put_both_the_alphabet_soup_and_the_tomato_sauce_in_the_basket;pick_up_the_alphabet_soup_and_place_it_in_the_basket;pick_up_the_butter_and_place_it_in_the_basket;pick_up_the_ketchup_and_place_it_in_the_basket;pick_up_the_orange_juice_and_place_it_in_the_basket	put both the alphabet soup and the tomato sauce in the basket | Pick the alphabet soup and place it in the basket | Pick the butter and place it in the basket | Pick the ketchup and place it in the basket | Pick the orange juice and place it in the basket	Put the alphabet soup, the butter, the ketchup, and the orange juice in the basket one after another.	in(alphabet_soup_1, basket_1_contain_region); in(butter_1, basket_1_contain_region); in(ketchup_1, basket_1_contain_region); in(orange_juice_1, basket_1_contain_region)	libero10_scene2_milk_blocker_removed	milk_1 and its init region are removed because prior rollouts repeatedly collided with and toppled it. | Exhaustive C(6,4) subset after blocker removal; no instruction-order duplicates are created. | Object identity has its own original LIBERO-Object pick-to-basket trajectory; its pose in the composite scene may differ. | Object identity has its own original LIBERO-Object pick-to-basket trajectory; its pose in the composite scene may differ. | Object identity has its own original LIBERO-Object pick-to-basket trajectory; its pose in the composite scene may differ. | Object identity has its own original LIBERO-Object pick-to-basket trajectory; its pose in the composite scene may differ.	5	8	comparison_png/COMPOSE_175__put_the_alphabet_soup_the_butter_the_ketchup_and_the_orange_juice_in_the_basket_one_after_another.png	tasks/compose_175__put_the_alphabet_soup_the_butter_the_ketchup_and_the_orange_juice_in_the_basket_one_after_another	composition|16d60b6417ebeed74645d67ef8834e2dfb629ef82039d216f1f056fba6095708|frozenset({in(alphabet_soup_1,basket_1_contain_region),in(butter_1,basket_1_contain_region),in(ketchup_1,basket_1_contain_region),in(orange_juice_1,basket_1_contain_region)})
COMPOSE_176	X4_libero10_scene2_milk_removed_4_to_basket	4	true	false	libero_10;libero_object	301;307;305;306	LIVING_ROOM_SCENE2_put_both_the_alphabet_soup_and_the_tomato_sauce_in_the_basket;pick_up_the_alphabet_soup_and_place_it_in_the_basket;pick_up_the_butter_and_place_it_in_the_basket;pick_up_the_ketchup_and_place_it_in_the_basket;pick_up_the_tomato_sauce_and_place_it_in_the_basket	put both the alphabet soup and the tomato sauce in the basket | Pick the alphabet soup and place it in the basket | Pick the butter and place it in the basket | Pick the ketchup and place it in the basket | Pick the tomato sauce and place it in the basket	Put the alphabet soup, the butter, the ketchup, and the tomato sauce in the basket one after another.	in(alphabet_soup_1, basket_1_contain_region); in(butter_1, basket_1_contain_region); in(ketchup_1, basket_1_contain_region); in(tomato_sauce_1, basket_1_contain_region)	libero10_scene2_milk_blocker_removed	milk_1 and its init region are removed because prior rollouts repeatedly collided with and toppled it. | Exhaustive C(6,4) subset after blocker removal; no instruction-order duplicates are created. | Object identity has its own original LIBERO-Object pick-to-basket trajectory; its pose in the composite scene may differ. | Object identity has its own original LIBERO-Object pick-to-basket trajectory; its pose in the composite scene may differ. | Object identity has its own original LIBERO-Object pick-to-basket trajectory; its pose in the composite scene may differ. | Object identity has its own original LIBERO-Object pick-to-basket trajectory; its pose in the composite scene may differ.	5	8	comparison_png/COMPOSE_176__put_the_alphabet_soup_the_butter_the_ketchup_and_the_tomato_sauce_in_the_basket_one_after_another.png	tasks/compose_176__put_the_alphabet_soup_the_butter_the_ketchup_and_the_tomato_sauce_in_the_basket_one_after_another	composition|16d60b6417ebeed74645d67ef8834e2dfb629ef82039d216f1f056fba6095708|frozenset({in(alphabet_soup_1,basket_1_contain_region),in(butter_1,basket_1_contain_region),in(ketchup_1,basket_1_contain_region),in(tomato_sauce_1,basket_1_contain_region)})
COMPOSE_177	X4_libero10_scene2_milk_removed_4_to_basket	4	true	false	libero_10;libero_object	301;307;310;306	LIVING_ROOM_SCENE2_put_both_the_alphabet_soup_and_the_tomato_sauce_in_the_basket;pick_up_the_alphabet_soup_and_place_it_in_the_basket;pick_up_the_butter_and_place_it_in_the_basket;pick_up_the_orange_juice_and_place_it_in_the_basket;pick_up_the_tomato_sauce_and_place_it_in_the_basket	put both the alphabet soup and the tomato sauce in the basket | Pick the alphabet soup and place it in the basket | Pick the butter and place it in the basket | Pick the orange juice and place it in the basket | Pick the tomato sauce and place it in the basket	Put the alphabet soup, the butter, the orange juice, and the tomato sauce in the basket one after another.	in(alphabet_soup_1, basket_1_contain_region); in(butter_1, basket_1_contain_region); in(orange_juice_1, basket_1_contain_region); in(tomato_sauce_1, basket_1_contain_region)	libero10_scene2_milk_blocker_removed	milk_1 and its init region are removed because prior rollouts repeatedly collided with and toppled it. | Exhaustive C(6,4) subset after blocker removal; no instruction-order duplicates are created. | Object identity has its own original LIBERO-Object pick-to-basket trajectory; its pose in the composite scene may differ. | Object identity has its own original LIBERO-Object pick-to-basket trajectory; its pose in the composite scene may differ. | Object identity has its own original LIBERO-Object pick-to-basket trajectory; its pose in the composite scene may differ. | Object identity has its own original LIBERO-Object pick-to-basket trajectory; its pose in the composite scene may differ.	5	8	comparison_png/COMPOSE_177__put_the_alphabet_soup_the_butter_the_orange_juice_and_the_tomato_sauce_in_the_basket_one_after_another.png	tasks/compose_177__put_the_alphabet_soup_the_butter_the_orange_juice_and_the_tomato_sauce_in_the_basket_one_after_another	composition|16d60b6417ebeed74645d67ef8834e2dfb629ef82039d216f1f056fba6095708|frozenset({in(alphabet_soup_1,basket_1_contain_region),in(butter_1,basket_1_contain_region),in(orange_juice_1,basket_1_contain_region),in(tomato_sauce_1,basket_1_contain_region)})
COMPOSE_178	X4_libero10_scene2_milk_removed_4_to_basket	4	true	false	libero_10;libero_object	301;302;305;310	LIVING_ROOM_SCENE2_put_both_the_alphabet_soup_and_the_tomato_sauce_in_the_basket;pick_up_the_alphabet_soup_and_place_it_in_the_basket;pick_up_the_cream_cheese_and_place_it_in_the_basket;pick_up_the_ketchup_and_place_it_in_the_basket;pick_up_the_orange_juice_and_place_it_in_the_basket	put both the alphabet soup and the tomato sauce in the basket | Pick the alphabet soup and place it in the basket | Pick the cream cheese and place it in the basket | Pick the ketchup and place it in the basket | Pick the orange juice and place it in the basket	Put the alphabet soup, the cream cheese box, the ketchup, and the orange juice in the basket one after another.	in(alphabet_soup_1, basket_1_contain_region); in(cream_cheese_1, basket_1_contain_region); in(ketchup_1, basket_1_contain_region); in(orange_juice_1, basket_1_contain_region)	libero10_scene2_milk_blocker_removed	milk_1 and its init region are removed because prior rollouts repeatedly collided with and toppled it. | Exhaustive C(6,4) subset after blocker removal; no instruction-order duplicates are created. | Object identity has its own original LIBERO-Object pick-to-basket trajectory; its pose in the composite scene may differ. | Object identity has its own original LIBERO-Object pick-to-basket trajectory; its pose in the composite scene may differ. | Object identity has its own original LIBERO-Object pick-to-basket trajectory; its pose in the composite scene may differ. | Object identity has its own original LIBERO-Object pick-to-basket trajectory; its pose in the composite scene may differ.	5	8	comparison_png/COMPOSE_178__put_the_alphabet_soup_the_cream_cheese_box_the_ketchup_and_the_orange_juice_in_the_basket_one_after_another.png	tasks/compose_178__put_the_alphabet_soup_the_cream_cheese_box_the_ketchup_and_the_orange_juice_in_the_basket_one_after_another	composition|16d60b6417ebeed74645d67ef8834e2dfb629ef82039d216f1f056fba6095708|frozenset({in(alphabet_soup_1,basket_1_contain_region),in(cream_cheese_1,basket_1_contain_region),in(ketchup_1,basket_1_contain_region),in(orange_juice_1,basket_1_contain_region)})
COMPOSE_179	X4_libero10_scene2_milk_removed_4_to_basket	4	true	false	libero_10;libero_object	301;302;305;306	LIVING_ROOM_SCENE2_put_both_the_alphabet_soup_and_the_tomato_sauce_in_the_basket;pick_up_the_alphabet_soup_and_place_it_in_the_basket;pick_up_the_cream_cheese_and_place_it_in_the_basket;pick_up_the_ketchup_and_place_it_in_the_basket;pick_up_the_tomato_sauce_and_place_it_in_the_basket	put both the alphabet soup and the tomato sauce in the basket | Pick the alphabet soup and place it in the basket | Pick the cream cheese and place it in the basket | Pick the ketchup and place it in the basket | Pick the tomato sauce and place it in the basket	Put the alphabet soup, the cream cheese box, the ketchup, and the tomato sauce in the basket one after another.	in(alphabet_soup_1, basket_1_contain_region); in(cream_cheese_1, basket_1_contain_region); in(ketchup_1, basket_1_contain_region); in(tomato_sauce_1, basket_1_contain_region)	libero10_scene2_milk_blocker_removed	milk_1 and its init region are removed because prior rollouts repeatedly collided with and toppled it. | Exhaustive C(6,4) subset after blocker removal; no instruction-order duplicates are created. | Object identity has its own original LIBERO-Object pick-to-basket trajectory; its pose in the composite scene may differ. | Object identity has its own original LIBERO-Object pick-to-basket trajectory; its pose in the composite scene may differ. | Object identity has its own original LIBERO-Object pick-to-basket trajectory; its pose in the composite scene may differ. | Object identity has its own original LIBERO-Object pick-to-basket trajectory; its pose in the composite scene may differ.	5	8	comparison_png/COMPOSE_179__put_the_alphabet_soup_the_cream_cheese_box_the_ketchup_and_the_tomato_sauce_in_the_basket_one_after_another.png	tasks/compose_179__put_the_alphabet_soup_the_cream_cheese_box_the_ketchup_and_the_tomato_sauce_in_the_basket_one_after_another	composition|16d60b6417ebeed74645d67ef8834e2dfb629ef82039d216f1f056fba6095708|frozenset({in(alphabet_soup_1,basket_1_contain_region),in(cream_cheese_1,basket_1_contain_region),in(ketchup_1,basket_1_contain_region),in(tomato_sauce_1,basket_1_contain_region)})
COMPOSE_180	X4_libero10_scene2_milk_removed_4_to_basket	4	true	false	libero_10;libero_object	301;302;310;306	LIVING_ROOM_SCENE2_put_both_the_alphabet_soup_and_the_tomato_sauce_in_the_basket;pick_up_the_alphabet_soup_and_place_it_in_the_basket;pick_up_the_cream_cheese_and_place_it_in_the_basket;pick_up_the_orange_juice_and_place_it_in_the_basket;pick_up_the_tomato_sauce_and_place_it_in_the_basket	put both the alphabet soup and the tomato sauce in the basket | Pick the alphabet soup and place it in the basket | Pick the cream cheese and place it in the basket | Pick the orange juice and place it in the basket | Pick the tomato sauce and place it in the basket	Put the alphabet soup, the cream cheese box, the orange juice, and the tomato sauce in the basket one after another.	in(alphabet_soup_1, basket_1_contain_region); in(cream_cheese_1, basket_1_contain_region); in(orange_juice_1, basket_1_contain_region); in(tomato_sauce_1, basket_1_contain_region)	libero10_scene2_milk_blocker_removed	milk_1 and its init region are removed because prior rollouts repeatedly collided with and toppled it. | Exhaustive C(6,4) subset after blocker removal; no instruction-order duplicates are created. | Object identity has its own original LIBERO-Object pick-to-basket trajectory; its pose in the composite scene may differ. | Object identity has its own original LIBERO-Object pick-to-basket trajectory; its pose in the composite scene may differ. | Object identity has its own original LIBERO-Object pick-to-basket trajectory; its pose in the composite scene may differ. | Object identity has its own original LIBERO-Object pick-to-basket trajectory; its pose in the composite scene may differ.	5	8	comparison_png/COMPOSE_180__put_the_alphabet_soup_the_cream_cheese_box_the_orange_juice_and_the_tomato_sauce_in_the_basket_one_after_another.png	tasks/compose_180__put_the_alphabet_soup_the_cream_cheese_box_the_orange_juice_and_the_tomato_sauce_in_the_basket_one_after_another	composition|16d60b6417ebeed74645d67ef8834e2dfb629ef82039d216f1f056fba6095708|frozenset({in(alphabet_soup_1,basket_1_contain_region),in(cream_cheese_1,basket_1_contain_region),in(orange_juice_1,basket_1_contain_region),in(tomato_sauce_1,basket_1_contain_region)})
COMPOSE_181	X4_libero10_scene2_milk_removed_4_to_basket	4	true	false	libero_10;libero_object	301;305;310;306	LIVING_ROOM_SCENE2_put_both_the_alphabet_soup_and_the_tomato_sauce_in_the_basket;pick_up_the_alphabet_soup_and_place_it_in_the_basket;pick_up_the_ketchup_and_place_it_in_the_basket;pick_up_the_orange_juice_and_place_it_in_the_basket;pick_up_the_tomato_sauce_and_place_it_in_the_basket	put both the alphabet soup and the tomato sauce in the basket | Pick the alphabet soup and place it in the basket | Pick the ketchup and place it in the basket | Pick the orange juice and place it in the basket | Pick the tomato sauce and place it in the basket	Put the alphabet soup, the ketchup, the orange juice, and the tomato sauce in the basket one after another.	in(alphabet_soup_1, basket_1_contain_region); in(ketchup_1, basket_1_contain_region); in(orange_juice_1, basket_1_contain_region); in(tomato_sauce_1, basket_1_contain_region)	libero10_scene2_milk_blocker_removed	milk_1 and its init region are removed because prior rollouts repeatedly collided with and toppled it. | Exhaustive C(6,4) subset after blocker removal; no instruction-order duplicates are created. | Object identity has its own original LIBERO-Object pick-to-basket trajectory; its pose in the composite scene may differ. | Object identity has its own original LIBERO-Object pick-to-basket trajectory; its pose in the composite scene may differ. | Object identity has its own original LIBERO-Object pick-to-basket trajectory; its pose in the composite scene may differ. | Object identity has its own original LIBERO-Object pick-to-basket trajectory; its pose in the composite scene may differ.	5	8	comparison_png/COMPOSE_181__put_the_alphabet_soup_the_ketchup_the_orange_juice_and_the_tomato_sauce_in_the_basket_one_after_another.png	tasks/compose_181__put_the_alphabet_soup_the_ketchup_the_orange_juice_and_the_tomato_sauce_in_the_basket_one_after_another	composition|16d60b6417ebeed74645d67ef8834e2dfb629ef82039d216f1f056fba6095708|frozenset({in(alphabet_soup_1,basket_1_contain_region),in(ketchup_1,basket_1_contain_region),in(orange_juice_1,basket_1_contain_region),in(tomato_sauce_1,basket_1_contain_region)})
COMPOSE_182	X4_libero10_scene2_milk_removed_4_to_basket	4	true	false	libero_10;libero_object	307;302;305;310	LIVING_ROOM_SCENE2_put_both_the_alphabet_soup_and_the_tomato_sauce_in_the_basket;pick_up_the_butter_and_place_it_in_the_basket;pick_up_the_cream_cheese_and_place_it_in_the_basket;pick_up_the_ketchup_and_place_it_in_the_basket;pick_up_the_orange_juice_and_place_it_in_the_basket	put both the alphabet soup and the tomato sauce in the basket | Pick the butter and place it in the basket | Pick the cream cheese and place it in the basket | Pick the ketchup and place it in the basket | Pick the orange juice and place it in the basket	Put the butter, the cream cheese box, the ketchup, and the orange juice in the basket one after another.	in(butter_1, basket_1_contain_region); in(cream_cheese_1, basket_1_contain_region); in(ketchup_1, basket_1_contain_region); in(orange_juice_1, basket_1_contain_region)	libero10_scene2_milk_blocker_removed	milk_1 and its init region are removed because prior rollouts repeatedly collided with and toppled it. | Exhaustive C(6,4) subset after blocker removal; no instruction-order duplicates are created. | Object identity has its own original LIBERO-Object pick-to-basket trajectory; its pose in the composite scene may differ. | Object identity has its own original LIBERO-Object pick-to-basket trajectory; its pose in the composite scene may differ. | Object identity has its own original LIBERO-Object pick-to-basket trajectory; its pose in the composite scene may differ. | Object identity has its own original LIBERO-Object pick-to-basket trajectory; its pose in the composite scene may differ.	5	8	comparison_png/COMPOSE_182__put_the_butter_the_cream_cheese_box_the_ketchup_and_the_orange_juice_in_the_basket_one_after_another.png	tasks/compose_182__put_the_butter_the_cream_cheese_box_the_ketchup_and_the_orange_juice_in_the_basket_one_after_another	composition|16d60b6417ebeed74645d67ef8834e2dfb629ef82039d216f1f056fba6095708|frozenset({in(butter_1,basket_1_contain_region),in(cream_cheese_1,basket_1_contain_region),in(ketchup_1,basket_1_contain_region),in(orange_juice_1,basket_1_contain_region)})
COMPOSE_183	X4_libero10_scene2_milk_removed_4_to_basket	4	true	false	libero_10;libero_object	307;302;305;306	LIVING_ROOM_SCENE2_put_both_the_alphabet_soup_and_the_tomato_sauce_in_the_basket;pick_up_the_butter_and_place_it_in_the_basket;pick_up_the_cream_cheese_and_place_it_in_the_basket;pick_up_the_ketchup_and_place_it_in_the_basket;pick_up_the_tomato_sauce_and_place_it_in_the_basket	put both the alphabet soup and the tomato sauce in the basket | Pick the butter and place it in the basket | Pick the cream cheese and place it in the basket | Pick the ketchup and place it in the basket | Pick the tomato sauce and place it in the basket	Put the butter, the cream cheese box, the ketchup, and the tomato sauce in the basket one after another.	in(butter_1, basket_1_contain_region); in(cream_cheese_1, basket_1_contain_region); in(ketchup_1, basket_1_contain_region); in(tomato_sauce_1, basket_1_contain_region)	libero10_scene2_milk_blocker_removed	milk_1 and its init region are removed because prior rollouts repeatedly collided with and toppled it. | Exhaustive C(6,4) subset after blocker removal; no instruction-order duplicates are created. | Object identity has its own original LIBERO-Object pick-to-basket trajectory; its pose in the composite scene may differ. | Object identity has its own original LIBERO-Object pick-to-basket trajectory; its pose in the composite scene may differ. | Object identity has its own original LIBERO-Object pick-to-basket trajectory; its pose in the composite scene may differ. | Object identity has its own original LIBERO-Object pick-to-basket trajectory; its pose in the composite scene may differ.	5	8	comparison_png/COMPOSE_183__put_the_butter_the_cream_cheese_box_the_ketchup_and_the_tomato_sauce_in_the_basket_one_after_another.png	tasks/compose_183__put_the_butter_the_cream_cheese_box_the_ketchup_and_the_tomato_sauce_in_the_basket_one_after_another	composition|16d60b6417ebeed74645d67ef8834e2dfb629ef82039d216f1f056fba6095708|frozenset({in(butter_1,basket_1_contain_region),in(cream_cheese_1,basket_1_contain_region),in(ketchup_1,basket_1_contain_region),in(tomato_sauce_1,basket_1_contain_region)})
COMPOSE_184	X4_libero10_scene2_milk_removed_4_to_basket	4	true	false	libero_10;libero_object	307;302;310;306	LIVING_ROOM_SCENE2_put_both_the_alphabet_soup_and_the_tomato_sauce_in_the_basket;pick_up_the_butter_and_place_it_in_the_basket;pick_up_the_cream_cheese_and_place_it_in_the_basket;pick_up_the_orange_juice_and_place_it_in_the_basket;pick_up_the_tomato_sauce_and_place_it_in_the_basket	put both the alphabet soup and the tomato sauce in the basket | Pick the butter and place it in the basket | Pick the cream cheese and place it in the basket | Pick the orange juice and place it in the basket | Pick the tomato sauce and place it in the basket	Put the butter, the cream cheese box, the orange juice, and the tomato sauce in the basket one after another.	in(butter_1, basket_1_contain_region); in(cream_cheese_1, basket_1_contain_region); in(orange_juice_1, basket_1_contain_region); in(tomato_sauce_1, basket_1_contain_region)	libero10_scene2_milk_blocker_removed	milk_1 and its init region are removed because prior rollouts repeatedly collided with and toppled it. | Exhaustive C(6,4) subset after blocker removal; no instruction-order duplicates are created. | Object identity has its own original LIBERO-Object pick-to-basket trajectory; its pose in the composite scene may differ. | Object identity has its own original LIBERO-Object pick-to-basket trajectory; its pose in the composite scene may differ. | Object identity has its own original LIBERO-Object pick-to-basket trajectory; its pose in the composite scene may differ. | Object identity has its own original LIBERO-Object pick-to-basket trajectory; its pose in the composite scene may differ.	5	8	comparison_png/COMPOSE_184__put_the_butter_the_cream_cheese_box_the_orange_juice_and_the_tomato_sauce_in_the_basket_one_after_another.png	tasks/compose_184__put_the_butter_the_cream_cheese_box_the_orange_juice_and_the_tomato_sauce_in_the_basket_one_after_another	composition|16d60b6417ebeed74645d67ef8834e2dfb629ef82039d216f1f056fba6095708|frozenset({in(butter_1,basket_1_contain_region),in(cream_cheese_1,basket_1_contain_region),in(orange_juice_1,basket_1_contain_region),in(tomato_sauce_1,basket_1_contain_region)})
COMPOSE_185	X4_libero10_scene2_milk_removed_4_to_basket	4	true	false	libero_10;libero_object	307;305;310;306	LIVING_ROOM_SCENE2_put_both_the_alphabet_soup_and_the_tomato_sauce_in_the_basket;pick_up_the_butter_and_place_it_in_the_basket;pick_up_the_ketchup_and_place_it_in_the_basket;pick_up_the_orange_juice_and_place_it_in_the_basket;pick_up_the_tomato_sauce_and_place_it_in_the_basket	put both the alphabet soup and the tomato sauce in the basket | Pick the butter and place it in the basket | Pick the ketchup and place it in the basket | Pick the orange juice and place it in the basket | Pick the tomato sauce and place it in the basket	Put the butter, the ketchup, the orange juice, and the tomato sauce in the basket one after another.	in(butter_1, basket_1_contain_region); in(ketchup_1, basket_1_contain_region); in(orange_juice_1, basket_1_contain_region); in(tomato_sauce_1, basket_1_contain_region)	libero10_scene2_milk_blocker_removed	milk_1 and its init region are removed because prior rollouts repeatedly collided with and toppled it. | Exhaustive C(6,4) subset after blocker removal; no instruction-order duplicates are created. | Object identity has its own original LIBERO-Object pick-to-basket trajectory; its pose in the composite scene may differ. | Object identity has its own original LIBERO-Object pick-to-basket trajectory; its pose in the composite scene may differ. | Object identity has its own original LIBERO-Object pick-to-basket trajectory; its pose in the composite scene may differ. | Object identity has its own original LIBERO-Object pick-to-basket trajectory; its pose in the composite scene may differ.	5	8	comparison_png/COMPOSE_185__put_the_butter_the_ketchup_the_orange_juice_and_the_tomato_sauce_in_the_basket_one_after_another.png	tasks/compose_185__put_the_butter_the_ketchup_the_orange_juice_and_the_tomato_sauce_in_the_basket_one_after_another	composition|16d60b6417ebeed74645d67ef8834e2dfb629ef82039d216f1f056fba6095708|frozenset({in(butter_1,basket_1_contain_region),in(ketchup_1,basket_1_contain_region),in(orange_juice_1,basket_1_contain_region),in(tomato_sauce_1,basket_1_contain_region)})
COMPOSE_186	X4_libero10_scene2_milk_removed_4_to_basket	4	true	false	libero_10;libero_object	302;305;310;306	LIVING_ROOM_SCENE2_put_both_the_alphabet_soup_and_the_tomato_sauce_in_the_basket;pick_up_the_cream_cheese_and_place_it_in_the_basket;pick_up_the_ketchup_and_place_it_in_the_basket;pick_up_the_orange_juice_and_place_it_in_the_basket;pick_up_the_tomato_sauce_and_place_it_in_the_basket	put both the alphabet soup and the tomato sauce in the basket | Pick the cream cheese and place it in the basket | Pick the ketchup and place it in the basket | Pick the orange juice and place it in the basket | Pick the tomato sauce and place it in the basket	Put the cream cheese box, the ketchup, the orange juice, and the tomato sauce in the basket one after another.	in(cream_cheese_1, basket_1_contain_region); in(ketchup_1, basket_1_contain_region); in(orange_juice_1, basket_1_contain_region); in(tomato_sauce_1, basket_1_contain_region)	libero10_scene2_milk_blocker_removed	milk_1 and its init region are removed because prior rollouts repeatedly collided with and toppled it. | Exhaustive C(6,4) subset after blocker removal; no instruction-order duplicates are created. | Object identity has its own original LIBERO-Object pick-to-basket trajectory; its pose in the composite scene may differ. | Object identity has its own original LIBERO-Object pick-to-basket trajectory; its pose in the composite scene may differ. | Object identity has its own original LIBERO-Object pick-to-basket trajectory; its pose in the composite scene may differ. | Object identity has its own original LIBERO-Object pick-to-basket trajectory; its pose in the composite scene may differ.	5	8	comparison_png/COMPOSE_186__put_the_cream_cheese_box_the_ketchup_the_orange_juice_and_the_tomato_sauce_in_the_basket_one_after_another.png	tasks/compose_186__put_the_cream_cheese_box_the_ketchup_the_orange_juice_and_the_tomato_sauce_in_the_basket_one_after_another	composition|16d60b6417ebeed74645d67ef8834e2dfb629ef82039d216f1f056fba6095708|frozenset({in(cream_cheese_1,basket_1_contain_region),in(ketchup_1,basket_1_contain_region),in(orange_juice_1,basket_1_contain_region),in(tomato_sauce_1,basket_1_contain_region)})
COMPOSE_187	X5_goal_four_task_clique	4	true	false	libero_goal	4;1;2;6	put_the_cream_cheese_in_the_bowl;put_the_bowl_on_the_plate;put_the_wine_bottle_on_the_rack;push_the_plate_to_the_front_of_the_stove	Put the cream cheese on the bowl | Put the bowl on the plate | Put the wine bottle on the rack | Push the plate to the front of the stove	Put the cream cheese on the black bowl, then put the black bowl on the plate, then put the wine bottle on the rack, and finally push the plate to the front of the stove.	on(cream_cheese_1, akita_black_bowl_1); on(akita_black_bowl_1, plate_1); on(wine_bottle_1, wine_rack_1_top_region); on(plate_1, main_table_stove_front_region)	libero_goal_shared_scene_four_way	All six pairwise edges of Goal clique (1, 2, 4, 6) are in the audited compatibility graph. | Goal pairs and triples were already screened in prior pools; this is the novel four-way identity.	5	8	comparison_png/COMPOSE_187__put_the_cream_cheese_on_the_black_bowl_then_put_the_black_bowl_on_the_plate_then_put_the_wine_bottle_on_the_rack_and_finally_push_the_plate_to_the_fro.png	tasks/compose_187__put_the_cream_cheese_on_the_black_bowl_then_put_the_black_bowl_on_the_plate_then_put_the_wine_bottle_on_the_rack_and_finally_push_the_plate_to_the_fro	composition|3f474b285ddc2e6e7e375309ab9cbd20d9a618ab3520cafd769b89fad2c6a2d1|frozenset({on(akita_black_bowl_1,plate_1),on(cream_cheese_1,akita_black_bowl_1),on(plate_1,main_table_stove_front_region),on(wine_bottle_1,wine_rack_1_top_region)})
COMPOSE_188	X5_goal_four_task_clique	4	true	false	libero_goal	4;1;2;7	put_the_cream_cheese_in_the_bowl;put_the_bowl_on_the_plate;put_the_wine_bottle_on_the_rack;turn_on_the_stove	Put the cream cheese on the bowl | Put the bowl on the plate | Put the wine bottle on the rack | Turn on the stove	Put the cream cheese on the black bowl, then put the black bowl on the plate, then put the wine bottle on the rack, and finally turn on the stove.	on(cream_cheese_1, akita_black_bowl_1); on(akita_black_bowl_1, plate_1); on(wine_bottle_1, wine_rack_1_top_region); turnon(flat_stove_1)	libero_goal_shared_scene_four_way	All six pairwise edges of Goal clique (1, 2, 4, 7) are in the audited compatibility graph. | Goal pairs and triples were already screened in prior pools; this is the novel four-way identity.	5	7	comparison_png/COMPOSE_188__put_the_cream_cheese_on_the_black_bowl_then_put_the_black_bowl_on_the_plate_then_put_the_wine_bottle_on_the_rack_and_finally_turn_on_the_stove.png	tasks/compose_188__put_the_cream_cheese_on_the_black_bowl_then_put_the_black_bowl_on_the_plate_then_put_the_wine_bottle_on_the_rack_and_finally_turn_on_the_stove	composition|3f474b285ddc2e6e7e375309ab9cbd20d9a618ab3520cafd769b89fad2c6a2d1|frozenset({on(akita_black_bowl_1,plate_1),on(cream_cheese_1,akita_black_bowl_1),on(wine_bottle_1,wine_rack_1_top_region),turnon(flat_stove_1)})
COMPOSE_189	X5_goal_four_task_clique	4	true	false	libero_goal	4;1;2;10	put_the_cream_cheese_in_the_bowl;put_the_bowl_on_the_plate;put_the_wine_bottle_on_the_rack;open_the_middle_drawer_of_the_cabinet	Put the cream cheese on the bowl | Put the bowl on the plate | Put the wine bottle on the rack | Open the middle layer of the drawer	Put the cream cheese on the black bowl, then put the black bowl on the plate, then put the wine bottle on the rack, and finally open the middle drawer of the cabinet.	on(cream_cheese_1, akita_black_bowl_1); on(akita_black_bowl_1, plate_1); on(wine_bottle_1, wine_rack_1_top_region); open(wooden_cabinet_1_middle_region)	libero_goal_shared_scene_four_way	All six pairwise edges of Goal clique (1, 2, 4, 10) are in the audited compatibility graph. | Goal pairs and triples were already screened in prior pools; this is the novel four-way identity.	5	7	comparison_png/COMPOSE_189__put_the_cream_cheese_on_the_black_bowl_then_put_the_black_bowl_on_the_plate_then_put_the_wine_bottle_on_the_rack_and_finally_open_the_middle_drawer_of.png	tasks/compose_189__put_the_cream_cheese_on_the_black_bowl_then_put_the_black_bowl_on_the_plate_then_put_the_wine_bottle_on_the_rack_and_finally_open_the_middle_drawer_of	composition|3f474b285ddc2e6e7e375309ab9cbd20d9a618ab3520cafd769b89fad2c6a2d1|frozenset({on(akita_black_bowl_1,plate_1),on(cream_cheese_1,akita_black_bowl_1),on(wine_bottle_1,wine_rack_1_top_region),open(wooden_cabinet_1_middle_region)})
COMPOSE_190	X5_goal_four_task_clique	4	true	false	libero_goal	1;2;6;7	put_the_bowl_on_the_plate;put_the_wine_bottle_on_the_rack;push_the_plate_to_the_front_of_the_stove;turn_on_the_stove	Put the bowl on the plate | Put the wine bottle on the rack | Push the plate to the front of the stove | Turn on the stove	Put the black bowl on the plate, then put the wine bottle on the rack, then push the plate to the front of the stove, and finally turn on the stove.	on(akita_black_bowl_1, plate_1); on(wine_bottle_1, wine_rack_1_top_region); on(plate_1, main_table_stove_front_region); turnon(flat_stove_1)	libero_goal_shared_scene_four_way	All six pairwise edges of Goal clique (1, 2, 6, 7) are in the audited compatibility graph. | Goal pairs and triples were already screened in prior pools; this is the novel four-way identity.	5	7	comparison_png/COMPOSE_190__put_the_black_bowl_on_the_plate_then_put_the_wine_bottle_on_the_rack_then_push_the_plate_to_the_front_of_the_stove_and_finally_turn_on_the_stove.png	tasks/compose_190__put_the_black_bowl_on_the_plate_then_put_the_wine_bottle_on_the_rack_then_push_the_plate_to_the_front_of_the_stove_and_finally_turn_on_the_stove	composition|3f474b285ddc2e6e7e375309ab9cbd20d9a618ab3520cafd769b89fad2c6a2d1|frozenset({on(akita_black_bowl_1,plate_1),on(plate_1,main_table_stove_front_region),on(wine_bottle_1,wine_rack_1_top_region),turnon(flat_stove_1)})
COMPOSE_191	X5_goal_four_task_clique	4	true	false	libero_goal	1;2;6;10	put_the_bowl_on_the_plate;put_the_wine_bottle_on_the_rack;push_the_plate_to_the_front_of_the_stove;open_the_middle_drawer_of_the_cabinet	Put the bowl on the plate | Put the wine bottle on the rack | Push the plate to the front of the stove | Open the middle layer of the drawer	Put the black bowl on the plate, then put the wine bottle on the rack, then push the plate to the front of the stove, and finally open the middle drawer of the cabinet.	on(akita_black_bowl_1, plate_1); on(wine_bottle_1, wine_rack_1_top_region); on(plate_1, main_table_stove_front_region); open(wooden_cabinet_1_middle_region)	libero_goal_shared_scene_four_way	All six pairwise edges of Goal clique (1, 2, 6, 10) are in the audited compatibility graph. | Goal pairs and triples were already screened in prior pools; this is the novel four-way identity.	5	7	comparison_png/COMPOSE_191__put_the_black_bowl_on_the_plate_then_put_the_wine_bottle_on_the_rack_then_push_the_plate_to_the_front_of_the_stove_and_finally_open_the_middle_drawer.png	tasks/compose_191__put_the_black_bowl_on_the_plate_then_put_the_wine_bottle_on_the_rack_then_push_the_plate_to_the_front_of_the_stove_and_finally_open_the_middle_drawer	composition|3f474b285ddc2e6e7e375309ab9cbd20d9a618ab3520cafd769b89fad2c6a2d1|frozenset({on(akita_black_bowl_1,plate_1),on(plate_1,main_table_stove_front_region),on(wine_bottle_1,wine_rack_1_top_region),open(wooden_cabinet_1_middle_region)})
COMPOSE_192	X5_goal_four_task_clique	4	true	false	libero_goal	1;2;7;10	put_the_bowl_on_the_plate;put_the_wine_bottle_on_the_rack;turn_on_the_stove;open_the_middle_drawer_of_the_cabinet	Put the bowl on the plate | Put the wine bottle on the rack | Turn on the stove | Open the middle layer of the drawer	Put the black bowl on the plate, then put the wine bottle on the rack, then turn on the stove, and finally open the middle drawer of the cabinet.	on(akita_black_bowl_1, plate_1); on(wine_bottle_1, wine_rack_1_top_region); turnon(flat_stove_1); open(wooden_cabinet_1_middle_region)	libero_goal_shared_scene_four_way	All six pairwise edges of Goal clique (1, 2, 7, 10) are in the audited compatibility graph. | Goal pairs and triples were already screened in prior pools; this is the novel four-way identity.	5	6	comparison_png/COMPOSE_192__put_the_black_bowl_on_the_plate_then_put_the_wine_bottle_on_the_rack_then_turn_on_the_stove_and_finally_open_the_middle_drawer_of_the_cabinet.png	tasks/compose_192__put_the_black_bowl_on_the_plate_then_put_the_wine_bottle_on_the_rack_then_turn_on_the_stove_and_finally_open_the_middle_drawer_of_the_cabinet	composition|3f474b285ddc2e6e7e375309ab9cbd20d9a618ab3520cafd769b89fad2c6a2d1|frozenset({on(akita_black_bowl_1,plate_1),on(wine_bottle_1,wine_rack_1_top_region),open(wooden_cabinet_1_middle_region),turnon(flat_stove_1)})
COMPOSE_193	X5_goal_four_task_clique	4	true	false	libero_goal	4;1;5;6	put_the_cream_cheese_in_the_bowl;put_the_bowl_on_the_plate;put_the_wine_bottle_on_top_of_the_cabinet;push_the_plate_to_the_front_of_the_stove	Put the cream cheese on the bowl | Put the bowl on the plate | Put the wine bottle on the top of the drawer | Push the plate to the front of the stove	Put the cream cheese on the black bowl, then put the black bowl on the plate, then put the wine bottle on top of the cabinet, and finally push the plate to the front of the stove.	on(cream_cheese_1, akita_black_bowl_1); on(akita_black_bowl_1, plate_1); on(wine_bottle_1, wooden_cabinet_1_top_side); on(plate_1, main_table_stove_front_region)	libero_goal_shared_scene_four_way	All six pairwise edges of Goal clique (1, 4, 5, 6) are in the audited compatibility graph. | Goal pairs and triples were already screened in prior pools; this is the novel four-way identity.	5	8	comparison_png/COMPOSE_193__put_the_cream_cheese_on_the_black_bowl_then_put_the_black_bowl_on_the_plate_then_put_the_wine_bottle_on_top_of_the_cabinet_and_finally_push_the_plate.png	tasks/compose_193__put_the_cream_cheese_on_the_black_bowl_then_put_the_black_bowl_on_the_plate_then_put_the_wine_bottle_on_top_of_the_cabinet_and_finally_push_the_plate	composition|3f474b285ddc2e6e7e375309ab9cbd20d9a618ab3520cafd769b89fad2c6a2d1|frozenset({on(akita_black_bowl_1,plate_1),on(cream_cheese_1,akita_black_bowl_1),on(plate_1,main_table_stove_front_region),on(wine_bottle_1,wooden_cabinet_1_top_side)})
COMPOSE_194	X5_goal_four_task_clique	4	true	false	libero_goal	4;1;5;7	put_the_cream_cheese_in_the_bowl;put_the_bowl_on_the_plate;put_the_wine_bottle_on_top_of_the_cabinet;turn_on_the_stove	Put the cream cheese on the bowl | Put the bowl on the plate | Put the wine bottle on the top of the drawer | Turn on the stove	Put the cream cheese on the black bowl, then put the black bowl on the plate, then put the wine bottle on top of the cabinet, and finally turn on the stove.	on(cream_cheese_1, akita_black_bowl_1); on(akita_black_bowl_1, plate_1); on(wine_bottle_1, wooden_cabinet_1_top_side); turnon(flat_stove_1)	libero_goal_shared_scene_four_way	All six pairwise edges of Goal clique (1, 4, 5, 7) are in the audited compatibility graph. | Goal pairs and triples were already screened in prior pools; this is the novel four-way identity.	5	7	comparison_png/COMPOSE_194__put_the_cream_cheese_on_the_black_bowl_then_put_the_black_bowl_on_the_plate_then_put_the_wine_bottle_on_top_of_the_cabinet_and_finally_turn_on_the_sto.png	tasks/compose_194__put_the_cream_cheese_on_the_black_bowl_then_put_the_black_bowl_on_the_plate_then_put_the_wine_bottle_on_top_of_the_cabinet_and_finally_turn_on_the_sto	composition|3f474b285ddc2e6e7e375309ab9cbd20d9a618ab3520cafd769b89fad2c6a2d1|frozenset({on(akita_black_bowl_1,plate_1),on(cream_cheese_1,akita_black_bowl_1),on(wine_bottle_1,wooden_cabinet_1_top_side),turnon(flat_stove_1)})
COMPOSE_195	X5_goal_four_task_clique	4	true	false	libero_goal	4;1;5;10	put_the_cream_cheese_in_the_bowl;put_the_bowl_on_the_plate;put_the_wine_bottle_on_top_of_the_cabinet;open_the_middle_drawer_of_the_cabinet	Put the cream cheese on the bowl | Put the bowl on the plate | Put the wine bottle on the top of the drawer | Open the middle layer of the drawer	Put the cream cheese on the black bowl, then put the black bowl on the plate, then put the wine bottle on top of the cabinet, and finally open the middle drawer of the cabinet.	on(cream_cheese_1, akita_black_bowl_1); on(akita_black_bowl_1, plate_1); on(wine_bottle_1, wooden_cabinet_1_top_side); open(wooden_cabinet_1_middle_region)	libero_goal_shared_scene_four_way	All six pairwise edges of Goal clique (1, 4, 5, 10) are in the audited compatibility graph. | Goal pairs and triples were already screened in prior pools; this is the novel four-way identity.	5	7	comparison_png/COMPOSE_195__put_the_cream_cheese_on_the_black_bowl_then_put_the_black_bowl_on_the_plate_then_put_the_wine_bottle_on_top_of_the_cabinet_and_finally_open_the_middle.png	tasks/compose_195__put_the_cream_cheese_on_the_black_bowl_then_put_the_black_bowl_on_the_plate_then_put_the_wine_bottle_on_top_of_the_cabinet_and_finally_open_the_middle	composition|3f474b285ddc2e6e7e375309ab9cbd20d9a618ab3520cafd769b89fad2c6a2d1|frozenset({on(akita_black_bowl_1,plate_1),on(cream_cheese_1,akita_black_bowl_1),on(wine_bottle_1,wooden_cabinet_1_top_side),open(wooden_cabinet_1_middle_region)})
COMPOSE_196	X5_goal_four_task_clique	4	true	false	libero_goal	4;1;6;7	put_the_cream_cheese_in_the_bowl;put_the_bowl_on_the_plate;push_the_plate_to_the_front_of_the_stove;turn_on_the_stove	Put the cream cheese on the bowl | Put the bowl on the plate | Push the plate to the front of the stove | Turn on the stove	Put the cream cheese on the black bowl, then put the black bowl on the plate, then push the plate to the front of the stove, and finally turn on the stove.	on(cream_cheese_1, akita_black_bowl_1); on(akita_black_bowl_1, plate_1); on(plate_1, main_table_stove_front_region); turnon(flat_stove_1)	libero_goal_shared_scene_four_way	All six pairwise edges of Goal clique (1, 4, 6, 7) are in the audited compatibility graph. | Goal pairs and triples were already screened in prior pools; this is the novel four-way identity.	5	7	comparison_png/COMPOSE_196__put_the_cream_cheese_on_the_black_bowl_then_put_the_black_bowl_on_the_plate_then_push_the_plate_to_the_front_of_the_stove_and_finally_turn_on_the_stov.png	tasks/compose_196__put_the_cream_cheese_on_the_black_bowl_then_put_the_black_bowl_on_the_plate_then_push_the_plate_to_the_front_of_the_stove_and_finally_turn_on_the_stov	composition|3f474b285ddc2e6e7e375309ab9cbd20d9a618ab3520cafd769b89fad2c6a2d1|frozenset({on(akita_black_bowl_1,plate_1),on(cream_cheese_1,akita_black_bowl_1),on(plate_1,main_table_stove_front_region),turnon(flat_stove_1)})
COMPOSE_197	X5_goal_four_task_clique	4	true	false	libero_goal	4;1;6;10	put_the_cream_cheese_in_the_bowl;put_the_bowl_on_the_plate;push_the_plate_to_the_front_of_the_stove;open_the_middle_drawer_of_the_cabinet	Put the cream cheese on the bowl | Put the bowl on the plate | Push the plate to the front of the stove | Open the middle layer of the drawer	Put the cream cheese on the black bowl, then put the black bowl on the plate, then push the plate to the front of the stove, and finally open the middle drawer of the cabinet.	on(cream_cheese_1, akita_black_bowl_1); on(akita_black_bowl_1, plate_1); on(plate_1, main_table_stove_front_region); open(wooden_cabinet_1_middle_region)	libero_goal_shared_scene_four_way	All six pairwise edges of Goal clique (1, 4, 6, 10) are in the audited compatibility graph. | Goal pairs and triples were already screened in prior pools; this is the novel four-way identity.	5	7	comparison_png/COMPOSE_197__put_the_cream_cheese_on_the_black_bowl_then_put_the_black_bowl_on_the_plate_then_push_the_plate_to_the_front_of_the_stove_and_finally_open_the_middle.png	tasks/compose_197__put_the_cream_cheese_on_the_black_bowl_then_put_the_black_bowl_on_the_plate_then_push_the_plate_to_the_front_of_the_stove_and_finally_open_the_middle	composition|3f474b285ddc2e6e7e375309ab9cbd20d9a618ab3520cafd769b89fad2c6a2d1|frozenset({on(akita_black_bowl_1,plate_1),on(cream_cheese_1,akita_black_bowl_1),on(plate_1,main_table_stove_front_region),open(wooden_cabinet_1_middle_region)})
COMPOSE_198	X5_goal_four_task_clique	4	true	false	libero_goal	4;1;7;10	put_the_cream_cheese_in_the_bowl;put_the_bowl_on_the_plate;turn_on_the_stove;open_the_middle_drawer_of_the_cabinet	Put the cream cheese on the bowl | Put the bowl on the plate | Turn on the stove | Open the middle layer of the drawer	Put the cream cheese on the black bowl, then put the black bowl on the plate, then turn on the stove, and finally open the middle drawer of the cabinet.	on(cream_cheese_1, akita_black_bowl_1); on(akita_black_bowl_1, plate_1); turnon(flat_stove_1); open(wooden_cabinet_1_middle_region)	libero_goal_shared_scene_four_way	All six pairwise edges of Goal clique (1, 4, 7, 10) are in the audited compatibility graph. | Goal pairs and triples were already screened in prior pools; this is the novel four-way identity.	5	6	comparison_png/COMPOSE_198__put_the_cream_cheese_on_the_black_bowl_then_put_the_black_bowl_on_the_plate_then_turn_on_the_stove_and_finally_open_the_middle_drawer_of_the_cabinet.png	tasks/compose_198__put_the_cream_cheese_on_the_black_bowl_then_put_the_black_bowl_on_the_plate_then_turn_on_the_stove_and_finally_open_the_middle_drawer_of_the_cabinet	composition|3f474b285ddc2e6e7e375309ab9cbd20d9a618ab3520cafd769b89fad2c6a2d1|frozenset({on(akita_black_bowl_1,plate_1),on(cream_cheese_1,akita_black_bowl_1),open(wooden_cabinet_1_middle_region),turnon(flat_stove_1)})
COMPOSE_199	X5_goal_four_task_clique	4	true	false	libero_goal	1;5;6;7	put_the_bowl_on_the_plate;put_the_wine_bottle_on_top_of_the_cabinet;push_the_plate_to_the_front_of_the_stove;turn_on_the_stove	Put the bowl on the plate | Put the wine bottle on the top of the drawer | Push the plate to the front of the stove | Turn on the stove	Put the black bowl on the plate, then put the wine bottle on top of the cabinet, then push the plate to the front of the stove, and finally turn on the stove.	on(akita_black_bowl_1, plate_1); on(wine_bottle_1, wooden_cabinet_1_top_side); on(plate_1, main_table_stove_front_region); turnon(flat_stove_1)	libero_goal_shared_scene_four_way	All six pairwise edges of Goal clique (1, 5, 6, 7) are in the audited compatibility graph. | Goal pairs and triples were already screened in prior pools; this is the novel four-way identity.	5	7	comparison_png/COMPOSE_199__put_the_black_bowl_on_the_plate_then_put_the_wine_bottle_on_top_of_the_cabinet_then_push_the_plate_to_the_front_of_the_stove_and_finally_turn_on_the_s.png	tasks/compose_199__put_the_black_bowl_on_the_plate_then_put_the_wine_bottle_on_top_of_the_cabinet_then_push_the_plate_to_the_front_of_the_stove_and_finally_turn_on_the_s	composition|3f474b285ddc2e6e7e375309ab9cbd20d9a618ab3520cafd769b89fad2c6a2d1|frozenset({on(akita_black_bowl_1,plate_1),on(plate_1,main_table_stove_front_region),on(wine_bottle_1,wooden_cabinet_1_top_side),turnon(flat_stove_1)})
COMPOSE_200	X5_goal_four_task_clique	4	true	false	libero_goal	1;5;6;10	put_the_bowl_on_the_plate;put_the_wine_bottle_on_top_of_the_cabinet;push_the_plate_to_the_front_of_the_stove;open_the_middle_drawer_of_the_cabinet	Put the bowl on the plate | Put the wine bottle on the top of the drawer | Push the plate to the front of the stove | Open the middle layer of the drawer	Put the black bowl on the plate, then put the wine bottle on top of the cabinet, then push the plate to the front of the stove, and finally open the middle drawer of the cabinet.	on(akita_black_bowl_1, plate_1); on(wine_bottle_1, wooden_cabinet_1_top_side); on(plate_1, main_table_stove_front_region); open(wooden_cabinet_1_middle_region)	libero_goal_shared_scene_four_way	All six pairwise edges of Goal clique (1, 5, 6, 10) are in the audited compatibility graph. | Goal pairs and triples were already screened in prior pools; this is the novel four-way identity.	5	7	comparison_png/COMPOSE_200__put_the_black_bowl_on_the_plate_then_put_the_wine_bottle_on_top_of_the_cabinet_then_push_the_plate_to_the_front_of_the_stove_and_finally_open_the_midd.png	tasks/compose_200__put_the_black_bowl_on_the_plate_then_put_the_wine_bottle_on_top_of_the_cabinet_then_push_the_plate_to_the_front_of_the_stove_and_finally_open_the_midd	composition|3f474b285ddc2e6e7e375309ab9cbd20d9a618ab3520cafd769b89fad2c6a2d1|frozenset({on(akita_black_bowl_1,plate_1),on(plate_1,main_table_stove_front_region),on(wine_bottle_1,wooden_cabinet_1_top_side),open(wooden_cabinet_1_middle_region)})
COMPOSE_201	X5_goal_four_task_clique	4	true	false	libero_goal	1;5;7;10	put_the_bowl_on_the_plate;put_the_wine_bottle_on_top_of_the_cabinet;turn_on_the_stove;open_the_middle_drawer_of_the_cabinet	Put the bowl on the plate | Put the wine bottle on the top of the drawer | Turn on the stove | Open the middle layer of the drawer	Put the black bowl on the plate, then put the wine bottle on top of the cabinet, then turn on the stove, and finally open the middle drawer of the cabinet.	on(akita_black_bowl_1, plate_1); on(wine_bottle_1, wooden_cabinet_1_top_side); turnon(flat_stove_1); open(wooden_cabinet_1_middle_region)	libero_goal_shared_scene_four_way	All six pairwise edges of Goal clique (1, 5, 7, 10) are in the audited compatibility graph. | Goal pairs and triples were already screened in prior pools; this is the novel four-way identity.	5	6	comparison_png/COMPOSE_201__put_the_black_bowl_on_the_plate_then_put_the_wine_bottle_on_top_of_the_cabinet_then_turn_on_the_stove_and_finally_open_the_middle_drawer_of_the_cabine.png	tasks/compose_201__put_the_black_bowl_on_the_plate_then_put_the_wine_bottle_on_top_of_the_cabinet_then_turn_on_the_stove_and_finally_open_the_middle_drawer_of_the_cabine	composition|3f474b285ddc2e6e7e375309ab9cbd20d9a618ab3520cafd769b89fad2c6a2d1|frozenset({on(akita_black_bowl_1,plate_1),on(wine_bottle_1,wooden_cabinet_1_top_side),open(wooden_cabinet_1_middle_region),turnon(flat_stove_1)})
COMPOSE_202	X5_goal_four_task_clique	4	true	false	libero_goal	1;6;7;10	put_the_bowl_on_the_plate;push_the_plate_to_the_front_of_the_stove;turn_on_the_stove;open_the_middle_drawer_of_the_cabinet	Put the bowl on the plate | Push the plate to the front of the stove | Turn on the stove | Open the middle layer of the drawer	Put the black bowl on the plate, then push the plate to the front of the stove, then turn on the stove, and finally open the middle drawer of the cabinet.	on(akita_black_bowl_1, plate_1); on(plate_1, main_table_stove_front_region); turnon(flat_stove_1); open(wooden_cabinet_1_middle_region)	libero_goal_shared_scene_four_way	All six pairwise edges of Goal clique (1, 6, 7, 10) are in the audited compatibility graph. | Goal pairs and triples were already screened in prior pools; this is the novel four-way identity.	5	6	comparison_png/COMPOSE_202__put_the_black_bowl_on_the_plate_then_push_the_plate_to_the_front_of_the_stove_then_turn_on_the_stove_and_finally_open_the_middle_drawer_of_the_cabinet.png	tasks/compose_202__put_the_black_bowl_on_the_plate_then_push_the_plate_to_the_front_of_the_stove_then_turn_on_the_stove_and_finally_open_the_middle_drawer_of_the_cabinet	composition|3f474b285ddc2e6e7e375309ab9cbd20d9a618ab3520cafd769b89fad2c6a2d1|frozenset({on(akita_black_bowl_1,plate_1),on(plate_1,main_table_stove_front_region),open(wooden_cabinet_1_middle_region),turnon(flat_stove_1)})
COMPOSE_203	X5_goal_four_task_clique	4	true	false	libero_goal	4;2;6;3	put_the_cream_cheese_in_the_bowl;put_the_wine_bottle_on_the_rack;push_the_plate_to_the_front_of_the_stove;open_the_top_drawer_and_put_the_bowl_inside	Put the cream cheese on the bowl | Put the wine bottle on the rack | Push the plate to the front of the stove | Open the top layer of the drawer and put the bowl inside	Put the cream cheese on the black bowl, then put the wine bottle on the rack, then push the plate to the front of the stove, and finally open the top drawer and put the black bowl inside.	on(cream_cheese_1, akita_black_bowl_1); on(wine_bottle_1, wine_rack_1_top_region); on(plate_1, main_table_stove_front_region); in(akita_black_bowl_1, wooden_cabinet_1_top_region)	libero_goal_shared_scene_four_way	All six pairwise edges of Goal clique (2, 3, 4, 6) are in the audited compatibility graph. | Goal pairs and triples were already screened in prior pools; this is the novel four-way identity.	5	9	comparison_png/COMPOSE_203__put_the_cream_cheese_on_the_black_bowl_then_put_the_wine_bottle_on_the_rack_then_push_the_plate_to_the_front_of_the_stove_and_finally_open_the_top_dra.png	tasks/compose_203__put_the_cream_cheese_on_the_black_bowl_then_put_the_wine_bottle_on_the_rack_then_push_the_plate_to_the_front_of_the_stove_and_finally_open_the_top_dra	composition|3f474b285ddc2e6e7e375309ab9cbd20d9a618ab3520cafd769b89fad2c6a2d1|frozenset({in(akita_black_bowl_1,wooden_cabinet_1_top_region),on(cream_cheese_1,akita_black_bowl_1),on(plate_1,main_table_stove_front_region),on(wine_bottle_1,wine_rack_1_top_region)})
COMPOSE_204	X5_goal_four_task_clique	4	true	false	libero_goal	4;2;7;3	put_the_cream_cheese_in_the_bowl;put_the_wine_bottle_on_the_rack;turn_on_the_stove;open_the_top_drawer_and_put_the_bowl_inside	Put the cream cheese on the bowl | Put the wine bottle on the rack | Turn on the stove | Open the top layer of the drawer and put the bowl inside	Put the cream cheese on the black bowl, then put the wine bottle on the rack, then turn on the stove, and finally open the top drawer and put the black bowl inside.	on(cream_cheese_1, akita_black_bowl_1); on(wine_bottle_1, wine_rack_1_top_region); turnon(flat_stove_1); in(akita_black_bowl_1, wooden_cabinet_1_top_region)	libero_goal_shared_scene_four_way	All six pairwise edges of Goal clique (2, 3, 4, 7) are in the audited compatibility graph. | Goal pairs and triples were already screened in prior pools; this is the novel four-way identity.	5	8	comparison_png/COMPOSE_204__put_the_cream_cheese_on_the_black_bowl_then_put_the_wine_bottle_on_the_rack_then_turn_on_the_stove_and_finally_open_the_top_drawer_and_put_the_black_b.png	tasks/compose_204__put_the_cream_cheese_on_the_black_bowl_then_put_the_wine_bottle_on_the_rack_then_turn_on_the_stove_and_finally_open_the_top_drawer_and_put_the_black_b	composition|3f474b285ddc2e6e7e375309ab9cbd20d9a618ab3520cafd769b89fad2c6a2d1|frozenset({in(akita_black_bowl_1,wooden_cabinet_1_top_region),on(cream_cheese_1,akita_black_bowl_1),on(wine_bottle_1,wine_rack_1_top_region),turnon(flat_stove_1)})
COMPOSE_205	X5_goal_four_task_clique	4	true	false	libero_goal	4;2;10;3	put_the_cream_cheese_in_the_bowl;put_the_wine_bottle_on_the_rack;open_the_middle_drawer_of_the_cabinet;open_the_top_drawer_and_put_the_bowl_inside	Put the cream cheese on the bowl | Put the wine bottle on the rack | Open the middle layer of the drawer | Open the top layer of the drawer and put the bowl inside	Put the cream cheese on the black bowl, then put the wine bottle on the rack, then open the middle drawer of the cabinet, and finally open the top drawer and put the black bowl inside.	on(cream_cheese_1, akita_black_bowl_1); on(wine_bottle_1, wine_rack_1_top_region); open(wooden_cabinet_1_middle_region); in(akita_black_bowl_1, wooden_cabinet_1_top_region)	libero_goal_shared_scene_four_way	All six pairwise edges of Goal clique (2, 3, 4, 10) are in the audited compatibility graph. | Goal pairs and triples were already screened in prior pools; this is the novel four-way identity.	5	8	comparison_png/COMPOSE_205__put_the_cream_cheese_on_the_black_bowl_then_put_the_wine_bottle_on_the_rack_then_open_the_middle_drawer_of_the_cabinet_and_finally_open_the_top_drawer.png	tasks/compose_205__put_the_cream_cheese_on_the_black_bowl_then_put_the_wine_bottle_on_the_rack_then_open_the_middle_drawer_of_the_cabinet_and_finally_open_the_top_drawer	composition|3f474b285ddc2e6e7e375309ab9cbd20d9a618ab3520cafd769b89fad2c6a2d1|frozenset({in(akita_black_bowl_1,wooden_cabinet_1_top_region),on(cream_cheese_1,akita_black_bowl_1),on(wine_bottle_1,wine_rack_1_top_region),open(wooden_cabinet_1_middle_region)})
COMPOSE_206	X5_goal_four_task_clique	4	true	false	libero_goal	2;6;7;3	put_the_wine_bottle_on_the_rack;push_the_plate_to_the_front_of_the_stove;turn_on_the_stove;open_the_top_drawer_and_put_the_bowl_inside	Put the wine bottle on the rack | Push the plate to the front of the stove | Turn on the stove | Open the top layer of the drawer and put the bowl inside	Put the wine bottle on the rack, then push the plate to the front of the stove, then turn on the stove, and finally open the top drawer and put the black bowl inside.	on(wine_bottle_1, wine_rack_1_top_region); on(plate_1, main_table_stove_front_region); turnon(flat_stove_1); in(akita_black_bowl_1, wooden_cabinet_1_top_region)	libero_goal_shared_scene_four_way	All six pairwise edges of Goal clique (2, 3, 6, 7) are in the audited compatibility graph. | Goal pairs and triples were already screened in prior pools; this is the novel four-way identity.	5	8	comparison_png/COMPOSE_206__put_the_wine_bottle_on_the_rack_then_push_the_plate_to_the_front_of_the_stove_then_turn_on_the_stove_and_finally_open_the_top_drawer_and_put_the_black.png	tasks/compose_206__put_the_wine_bottle_on_the_rack_then_push_the_plate_to_the_front_of_the_stove_then_turn_on_the_stove_and_finally_open_the_top_drawer_and_put_the_black	composition|3f474b285ddc2e6e7e375309ab9cbd20d9a618ab3520cafd769b89fad2c6a2d1|frozenset({in(akita_black_bowl_1,wooden_cabinet_1_top_region),on(plate_1,main_table_stove_front_region),on(wine_bottle_1,wine_rack_1_top_region),turnon(flat_stove_1)})
COMPOSE_207	X5_goal_four_task_clique	4	true	false	libero_goal	2;6;10;3	put_the_wine_bottle_on_the_rack;push_the_plate_to_the_front_of_the_stove;open_the_middle_drawer_of_the_cabinet;open_the_top_drawer_and_put_the_bowl_inside	Put the wine bottle on the rack | Push the plate to the front of the stove | Open the middle layer of the drawer | Open the top layer of the drawer and put the bowl inside	Put the wine bottle on the rack, then push the plate to the front of the stove, then open the middle drawer of the cabinet, and finally open the top drawer and put the black bowl inside.	on(wine_bottle_1, wine_rack_1_top_region); on(plate_1, main_table_stove_front_region); open(wooden_cabinet_1_middle_region); in(akita_black_bowl_1, wooden_cabinet_1_top_region)	libero_goal_shared_scene_four_way	All six pairwise edges of Goal clique (2, 3, 6, 10) are in the audited compatibility graph. | Goal pairs and triples were already screened in prior pools; this is the novel four-way identity.	5	8	comparison_png/COMPOSE_207__put_the_wine_bottle_on_the_rack_then_push_the_plate_to_the_front_of_the_stove_then_open_the_middle_drawer_of_the_cabinet_and_finally_open_the_top_draw.png	tasks/compose_207__put_the_wine_bottle_on_the_rack_then_push_the_plate_to_the_front_of_the_stove_then_open_the_middle_drawer_of_the_cabinet_and_finally_open_the_top_draw	composition|3f474b285ddc2e6e7e375309ab9cbd20d9a618ab3520cafd769b89fad2c6a2d1|frozenset({in(akita_black_bowl_1,wooden_cabinet_1_top_region),on(plate_1,main_table_stove_front_region),on(wine_bottle_1,wine_rack_1_top_region),open(wooden_cabinet_1_middle_region)})
COMPOSE_208	X5_goal_four_task_clique	4	true	false	libero_goal	2;7;10;3	put_the_wine_bottle_on_the_rack;turn_on_the_stove;open_the_middle_drawer_of_the_cabinet;open_the_top_drawer_and_put_the_bowl_inside	Put the wine bottle on the rack | Turn on the stove | Open the middle layer of the drawer | Open the top layer of the drawer and put the bowl inside	Put the wine bottle on the rack, then turn on the stove, then open the middle drawer of the cabinet, and finally open the top drawer and put the black bowl inside.	on(wine_bottle_1, wine_rack_1_top_region); turnon(flat_stove_1); open(wooden_cabinet_1_middle_region); in(akita_black_bowl_1, wooden_cabinet_1_top_region)	libero_goal_shared_scene_four_way	All six pairwise edges of Goal clique (2, 3, 7, 10) are in the audited compatibility graph. | Goal pairs and triples were already screened in prior pools; this is the novel four-way identity.	5	7	comparison_png/COMPOSE_208__put_the_wine_bottle_on_the_rack_then_turn_on_the_stove_then_open_the_middle_drawer_of_the_cabinet_and_finally_open_the_top_drawer_and_put_the_black_bo.png	tasks/compose_208__put_the_wine_bottle_on_the_rack_then_turn_on_the_stove_then_open_the_middle_drawer_of_the_cabinet_and_finally_open_the_top_drawer_and_put_the_black_bo	composition|3f474b285ddc2e6e7e375309ab9cbd20d9a618ab3520cafd769b89fad2c6a2d1|frozenset({in(akita_black_bowl_1,wooden_cabinet_1_top_region),on(wine_bottle_1,wine_rack_1_top_region),open(wooden_cabinet_1_middle_region),turnon(flat_stove_1)})
COMPOSE_209	X5_goal_four_task_clique	4	true	false	libero_goal	4;2;6;7	put_the_cream_cheese_in_the_bowl;put_the_wine_bottle_on_the_rack;push_the_plate_to_the_front_of_the_stove;turn_on_the_stove	Put the cream cheese on the bowl | Put the wine bottle on the rack | Push the plate to the front of the stove | Turn on the stove	Put the cream cheese on the black bowl, then put the wine bottle on the rack, then push the plate to the front of the stove, and finally turn on the stove.	on(cream_cheese_1, akita_black_bowl_1); on(wine_bottle_1, wine_rack_1_top_region); on(plate_1, main_table_stove_front_region); turnon(flat_stove_1)	libero_goal_shared_scene_four_way	All six pairwise edges of Goal clique (2, 4, 6, 7) are in the audited compatibility graph. | Goal pairs and triples were already screened in prior pools; this is the novel four-way identity.	5	7	comparison_png/COMPOSE_209__put_the_cream_cheese_on_the_black_bowl_then_put_the_wine_bottle_on_the_rack_then_push_the_plate_to_the_front_of_the_stove_and_finally_turn_on_the_stov.png	tasks/compose_209__put_the_cream_cheese_on_the_black_bowl_then_put_the_wine_bottle_on_the_rack_then_push_the_plate_to_the_front_of_the_stove_and_finally_turn_on_the_stov	composition|3f474b285ddc2e6e7e375309ab9cbd20d9a618ab3520cafd769b89fad2c6a2d1|frozenset({on(cream_cheese_1,akita_black_bowl_1),on(plate_1,main_table_stove_front_region),on(wine_bottle_1,wine_rack_1_top_region),turnon(flat_stove_1)})
COMPOSE_210	X5_goal_four_task_clique	4	true	false	libero_goal	4;2;6;8	put_the_cream_cheese_in_the_bowl;put_the_wine_bottle_on_the_rack;push_the_plate_to_the_front_of_the_stove;put_the_bowl_on_the_stove	Put the cream cheese on the bowl | Put the wine bottle on the rack | Push the plate to the front of the stove | Put the bowl on the stove	Put the cream cheese on the black bowl, then put the wine bottle on the rack, then push the plate to the front of the stove, and finally put the black bowl on the stove.	on(cream_cheese_1, akita_black_bowl_1); on(wine_bottle_1, wine_rack_1_top_region); on(plate_1, main_table_stove_front_region); on(akita_black_bowl_1, flat_stove_1_cook_region)	libero_goal_shared_scene_four_way	All six pairwise edges of Goal clique (2, 4, 6, 8) are in the audited compatibility graph. | Goal pairs and triples were already screened in prior pools; this is the novel four-way identity.	5	8	comparison_png/COMPOSE_210__put_the_cream_cheese_on_the_black_bowl_then_put_the_wine_bottle_on_the_rack_then_push_the_plate_to_the_front_of_the_stove_and_finally_put_the_black_bo.png	tasks/compose_210__put_the_cream_cheese_on_the_black_bowl_then_put_the_wine_bottle_on_the_rack_then_push_the_plate_to_the_front_of_the_stove_and_finally_put_the_black_bo	composition|3f474b285ddc2e6e7e375309ab9cbd20d9a618ab3520cafd769b89fad2c6a2d1|frozenset({on(akita_black_bowl_1,flat_stove_1_cook_region),on(cream_cheese_1,akita_black_bowl_1),on(plate_1,main_table_stove_front_region),on(wine_bottle_1,wine_rack_1_top_region)})
COMPOSE_211	X5_goal_four_task_clique	4	true	false	libero_goal	4;2;6;9	put_the_cream_cheese_in_the_bowl;put_the_wine_bottle_on_the_rack;push_the_plate_to_the_front_of_the_stove;put_the_bowl_on_top_of_the_cabinet	Put the cream cheese on the bowl | Put the wine bottle on the rack | Push the plate to the front of the stove | Put the bowl on the top of the drawer	Put the cream cheese on the black bowl, then put the wine bottle on the rack, then push the plate to the front of the stove, and finally put the black bowl on top of the cabinet.	on(cream_cheese_1, akita_black_bowl_1); on(wine_bottle_1, wine_rack_1_top_region); on(plate_1, main_table_stove_front_region); on(akita_black_bowl_1, wooden_cabinet_1_top_side)	libero_goal_shared_scene_four_way	All six pairwise edges of Goal clique (2, 4, 6, 9) are in the audited compatibility graph. | Goal pairs and triples were already screened in prior pools; this is the novel four-way identity.	5	8	comparison_png/COMPOSE_211__put_the_cream_cheese_on_the_black_bowl_then_put_the_wine_bottle_on_the_rack_then_push_the_plate_to_the_front_of_the_stove_and_finally_put_the_black_bo.png	tasks/compose_211__put_the_cream_cheese_on_the_black_bowl_then_put_the_wine_bottle_on_the_rack_then_push_the_plate_to_the_front_of_the_stove_and_finally_put_the_black_bo	composition|3f474b285ddc2e6e7e375309ab9cbd20d9a618ab3520cafd769b89fad2c6a2d1|frozenset({on(akita_black_bowl_1,wooden_cabinet_1_top_side),on(cream_cheese_1,akita_black_bowl_1),on(plate_1,main_table_stove_front_region),on(wine_bottle_1,wine_rack_1_top_region)})
COMPOSE_212	X5_goal_four_task_clique	4	true	false	libero_goal	4;2;6;10	put_the_cream_cheese_in_the_bowl;put_the_wine_bottle_on_the_rack;push_the_plate_to_the_front_of_the_stove;open_the_middle_drawer_of_the_cabinet	Put the cream cheese on the bowl | Put the wine bottle on the rack | Push the plate to the front of the stove | Open the middle layer of the drawer	Put the cream cheese on the black bowl, then put the wine bottle on the rack, then push the plate to the front of the stove, and finally open the middle drawer of the cabinet.	on(cream_cheese_1, akita_black_bowl_1); on(wine_bottle_1, wine_rack_1_top_region); on(plate_1, main_table_stove_front_region); open(wooden_cabinet_1_middle_region)	libero_goal_shared_scene_four_way	All six pairwise edges of Goal clique (2, 4, 6, 10) are in the audited compatibility graph. | Goal pairs and triples were already screened in prior pools; this is the novel four-way identity.	5	7	comparison_png/COMPOSE_212__put_the_cream_cheese_on_the_black_bowl_then_put_the_wine_bottle_on_the_rack_then_push_the_plate_to_the_front_of_the_stove_and_finally_open_the_middle.png	tasks/compose_212__put_the_cream_cheese_on_the_black_bowl_then_put_the_wine_bottle_on_the_rack_then_push_the_plate_to_the_front_of_the_stove_and_finally_open_the_middle	composition|3f474b285ddc2e6e7e375309ab9cbd20d9a618ab3520cafd769b89fad2c6a2d1|frozenset({on(cream_cheese_1,akita_black_bowl_1),on(plate_1,main_table_stove_front_region),on(wine_bottle_1,wine_rack_1_top_region),open(wooden_cabinet_1_middle_region)})
COMPOSE_213	X5_goal_four_task_clique	4	true	false	libero_goal	4;2;7;8	put_the_cream_cheese_in_the_bowl;put_the_wine_bottle_on_the_rack;turn_on_the_stove;put_the_bowl_on_the_stove	Put the cream cheese on the bowl | Put the wine bottle on the rack | Turn on the stove | Put the bowl on the stove	Put the cream cheese on the black bowl, then put the wine bottle on the rack, then turn on the stove, and finally put the black bowl on the stove.	on(cream_cheese_1, akita_black_bowl_1); on(wine_bottle_1, wine_rack_1_top_region); turnon(flat_stove_1); on(akita_black_bowl_1, flat_stove_1_cook_region)	libero_goal_shared_scene_four_way	All six pairwise edges of Goal clique (2, 4, 7, 8) are in the audited compatibility graph. | Goal pairs and triples were already screened in prior pools; this is the novel four-way identity.	5	7	comparison_png/COMPOSE_213__put_the_cream_cheese_on_the_black_bowl_then_put_the_wine_bottle_on_the_rack_then_turn_on_the_stove_and_finally_put_the_black_bowl_on_the_stove.png	tasks/compose_213__put_the_cream_cheese_on_the_black_bowl_then_put_the_wine_bottle_on_the_rack_then_turn_on_the_stove_and_finally_put_the_black_bowl_on_the_stove	composition|3f474b285ddc2e6e7e375309ab9cbd20d9a618ab3520cafd769b89fad2c6a2d1|frozenset({on(akita_black_bowl_1,flat_stove_1_cook_region),on(cream_cheese_1,akita_black_bowl_1),on(wine_bottle_1,wine_rack_1_top_region),turnon(flat_stove_1)})
COMPOSE_214	X5_goal_four_task_clique	4	true	false	libero_goal	4;2;7;9	put_the_cream_cheese_in_the_bowl;put_the_wine_bottle_on_the_rack;turn_on_the_stove;put_the_bowl_on_top_of_the_cabinet	Put the cream cheese on the bowl | Put the wine bottle on the rack | Turn on the stove | Put the bowl on the top of the drawer	Put the cream cheese on the black bowl, then put the wine bottle on the rack, then turn on the stove, and finally put the black bowl on top of the cabinet.	on(cream_cheese_1, akita_black_bowl_1); on(wine_bottle_1, wine_rack_1_top_region); turnon(flat_stove_1); on(akita_black_bowl_1, wooden_cabinet_1_top_side)	libero_goal_shared_scene_four_way	All six pairwise edges of Goal clique (2, 4, 7, 9) are in the audited compatibility graph. | Goal pairs and triples were already screened in prior pools; this is the novel four-way identity.	5	7	comparison_png/COMPOSE_214__put_the_cream_cheese_on_the_black_bowl_then_put_the_wine_bottle_on_the_rack_then_turn_on_the_stove_and_finally_put_the_black_bowl_on_top_of_the_cabine.png	tasks/compose_214__put_the_cream_cheese_on_the_black_bowl_then_put_the_wine_bottle_on_the_rack_then_turn_on_the_stove_and_finally_put_the_black_bowl_on_top_of_the_cabine	composition|3f474b285ddc2e6e7e375309ab9cbd20d9a618ab3520cafd769b89fad2c6a2d1|frozenset({on(akita_black_bowl_1,wooden_cabinet_1_top_side),on(cream_cheese_1,akita_black_bowl_1),on(wine_bottle_1,wine_rack_1_top_region),turnon(flat_stove_1)})
COMPOSE_215	X5_goal_four_task_clique	4	true	false	libero_goal	4;2;7;10	put_the_cream_cheese_in_the_bowl;put_the_wine_bottle_on_the_rack;turn_on_the_stove;open_the_middle_drawer_of_the_cabinet	Put the cream cheese on the bowl | Put the wine bottle on the rack | Turn on the stove | Open the middle layer of the drawer	Put the cream cheese on the black bowl, then put the wine bottle on the rack, then turn on the stove, and finally open the middle drawer of the cabinet.	on(cream_cheese_1, akita_black_bowl_1); on(wine_bottle_1, wine_rack_1_top_region); turnon(flat_stove_1); open(wooden_cabinet_1_middle_region)	libero_goal_shared_scene_four_way	All six pairwise edges of Goal clique (2, 4, 7, 10) are in the audited compatibility graph. | Goal pairs and triples were already screened in prior pools; this is the novel four-way identity.	5	6	comparison_png/COMPOSE_215__put_the_cream_cheese_on_the_black_bowl_then_put_the_wine_bottle_on_the_rack_then_turn_on_the_stove_and_finally_open_the_middle_drawer_of_the_cabinet.png	tasks/compose_215__put_the_cream_cheese_on_the_black_bowl_then_put_the_wine_bottle_on_the_rack_then_turn_on_the_stove_and_finally_open_the_middle_drawer_of_the_cabinet	composition|3f474b285ddc2e6e7e375309ab9cbd20d9a618ab3520cafd769b89fad2c6a2d1|frozenset({on(cream_cheese_1,akita_black_bowl_1),on(wine_bottle_1,wine_rack_1_top_region),open(wooden_cabinet_1_middle_region),turnon(flat_stove_1)})
COMPOSE_216	X5_goal_four_task_clique	4	true	false	libero_goal	4;2;10;8	put_the_cream_cheese_in_the_bowl;put_the_wine_bottle_on_the_rack;open_the_middle_drawer_of_the_cabinet;put_the_bowl_on_the_stove	Put the cream cheese on the bowl | Put the wine bottle on the rack | Open the middle layer of the drawer | Put the bowl on the stove	Put the cream cheese on the black bowl, then put the wine bottle on the rack, then open the middle drawer of the cabinet, and finally put the black bowl on the stove.	on(cream_cheese_1, akita_black_bowl_1); on(wine_bottle_1, wine_rack_1_top_region); open(wooden_cabinet_1_middle_region); on(akita_black_bowl_1, flat_stove_1_cook_region)	libero_goal_shared_scene_four_way	All six pairwise edges of Goal clique (2, 4, 8, 10) are in the audited compatibility graph. | Goal pairs and triples were already screened in prior pools; this is the novel four-way identity.	5	7	comparison_png/COMPOSE_216__put_the_cream_cheese_on_the_black_bowl_then_put_the_wine_bottle_on_the_rack_then_open_the_middle_drawer_of_the_cabinet_and_finally_put_the_black_bowl.png	tasks/compose_216__put_the_cream_cheese_on_the_black_bowl_then_put_the_wine_bottle_on_the_rack_then_open_the_middle_drawer_of_the_cabinet_and_finally_put_the_black_bowl	composition|3f474b285ddc2e6e7e375309ab9cbd20d9a618ab3520cafd769b89fad2c6a2d1|frozenset({on(akita_black_bowl_1,flat_stove_1_cook_region),on(cream_cheese_1,akita_black_bowl_1),on(wine_bottle_1,wine_rack_1_top_region),open(wooden_cabinet_1_middle_region)})
COMPOSE_217	X5_goal_four_task_clique	4	true	false	libero_goal	4;2;10;9	put_the_cream_cheese_in_the_bowl;put_the_wine_bottle_on_the_rack;open_the_middle_drawer_of_the_cabinet;put_the_bowl_on_top_of_the_cabinet	Put the cream cheese on the bowl | Put the wine bottle on the rack | Open the middle layer of the drawer | Put the bowl on the top of the drawer	Put the cream cheese on the black bowl, then put the wine bottle on the rack, then open the middle drawer of the cabinet, and finally put the black bowl on top of the cabinet.	on(cream_cheese_1, akita_black_bowl_1); on(wine_bottle_1, wine_rack_1_top_region); open(wooden_cabinet_1_middle_region); on(akita_black_bowl_1, wooden_cabinet_1_top_side)	libero_goal_shared_scene_four_way	All six pairwise edges of Goal clique (2, 4, 9, 10) are in the audited compatibility graph. | Goal pairs and triples were already screened in prior pools; this is the novel four-way identity.	5	7	comparison_png/COMPOSE_217__put_the_cream_cheese_on_the_black_bowl_then_put_the_wine_bottle_on_the_rack_then_open_the_middle_drawer_of_the_cabinet_and_finally_put_the_black_bowl.png	tasks/compose_217__put_the_cream_cheese_on_the_black_bowl_then_put_the_wine_bottle_on_the_rack_then_open_the_middle_drawer_of_the_cabinet_and_finally_put_the_black_bowl	composition|3f474b285ddc2e6e7e375309ab9cbd20d9a618ab3520cafd769b89fad2c6a2d1|frozenset({on(akita_black_bowl_1,wooden_cabinet_1_top_side),on(cream_cheese_1,akita_black_bowl_1),on(wine_bottle_1,wine_rack_1_top_region),open(wooden_cabinet_1_middle_region)})
COMPOSE_218	X5_goal_four_task_clique	4	true	false	libero_goal	2;6;7;8	put_the_wine_bottle_on_the_rack;push_the_plate_to_the_front_of_the_stove;turn_on_the_stove;put_the_bowl_on_the_stove	Put the wine bottle on the rack | Push the plate to the front of the stove | Turn on the stove | Put the bowl on the stove	Put the wine bottle on the rack, then push the plate to the front of the stove, then turn on the stove, and finally put the black bowl on the stove.	on(wine_bottle_1, wine_rack_1_top_region); on(plate_1, main_table_stove_front_region); turnon(flat_stove_1); on(akita_black_bowl_1, flat_stove_1_cook_region)	libero_goal_shared_scene_four_way	All six pairwise edges of Goal clique (2, 6, 7, 8) are in the audited compatibility graph. | Goal pairs and triples were already screened in prior pools; this is the novel four-way identity.	5	7	comparison_png/COMPOSE_218__put_the_wine_bottle_on_the_rack_then_push_the_plate_to_the_front_of_the_stove_then_turn_on_the_stove_and_finally_put_the_black_bowl_on_the_stove.png	tasks/compose_218__put_the_wine_bottle_on_the_rack_then_push_the_plate_to_the_front_of_the_stove_then_turn_on_the_stove_and_finally_put_the_black_bowl_on_the_stove	composition|3f474b285ddc2e6e7e375309ab9cbd20d9a618ab3520cafd769b89fad2c6a2d1|frozenset({on(akita_black_bowl_1,flat_stove_1_cook_region),on(plate_1,main_table_stove_front_region),on(wine_bottle_1,wine_rack_1_top_region),turnon(flat_stove_1)})
COMPOSE_219	X5_goal_four_task_clique	4	true	false	libero_goal	2;6;7;9	put_the_wine_bottle_on_the_rack;push_the_plate_to_the_front_of_the_stove;turn_on_the_stove;put_the_bowl_on_top_of_the_cabinet	Put the wine bottle on the rack | Push the plate to the front of the stove | Turn on the stove | Put the bowl on the top of the drawer	Put the wine bottle on the rack, then push the plate to the front of the stove, then turn on the stove, and finally put the black bowl on top of the cabinet.	on(wine_bottle_1, wine_rack_1_top_region); on(plate_1, main_table_stove_front_region); turnon(flat_stove_1); on(akita_black_bowl_1, wooden_cabinet_1_top_side)	libero_goal_shared_scene_four_way	All six pairwise edges of Goal clique (2, 6, 7, 9) are in the audited compatibility graph. | Goal pairs and triples were already screened in prior pools; this is the novel four-way identity.	5	7	comparison_png/COMPOSE_219__put_the_wine_bottle_on_the_rack_then_push_the_plate_to_the_front_of_the_stove_then_turn_on_the_stove_and_finally_put_the_black_bowl_on_top_of_the_cabi.png	tasks/compose_219__put_the_wine_bottle_on_the_rack_then_push_the_plate_to_the_front_of_the_stove_then_turn_on_the_stove_and_finally_put_the_black_bowl_on_top_of_the_cabi	composition|3f474b285ddc2e6e7e375309ab9cbd20d9a618ab3520cafd769b89fad2c6a2d1|frozenset({on(akita_black_bowl_1,wooden_cabinet_1_top_side),on(plate_1,main_table_stove_front_region),on(wine_bottle_1,wine_rack_1_top_region),turnon(flat_stove_1)})
COMPOSE_220	X5_goal_four_task_clique	4	true	false	libero_goal	2;6;7;10	put_the_wine_bottle_on_the_rack;push_the_plate_to_the_front_of_the_stove;turn_on_the_stove;open_the_middle_drawer_of_the_cabinet	Put the wine bottle on the rack | Push the plate to the front of the stove | Turn on the stove | Open the middle layer of the drawer	Put the wine bottle on the rack, then push the plate to the front of the stove, then turn on the stove, and finally open the middle drawer of the cabinet.	on(wine_bottle_1, wine_rack_1_top_region); on(plate_1, main_table_stove_front_region); turnon(flat_stove_1); open(wooden_cabinet_1_middle_region)	libero_goal_shared_scene_four_way	All six pairwise edges of Goal clique (2, 6, 7, 10) are in the audited compatibility graph. | Goal pairs and triples were already screened in prior pools; this is the novel four-way identity.	5	6	comparison_png/COMPOSE_220__put_the_wine_bottle_on_the_rack_then_push_the_plate_to_the_front_of_the_stove_then_turn_on_the_stove_and_finally_open_the_middle_drawer_of_the_cabinet.png	tasks/compose_220__put_the_wine_bottle_on_the_rack_then_push_the_plate_to_the_front_of_the_stove_then_turn_on_the_stove_and_finally_open_the_middle_drawer_of_the_cabinet	composition|3f474b285ddc2e6e7e375309ab9cbd20d9a618ab3520cafd769b89fad2c6a2d1|frozenset({on(plate_1,main_table_stove_front_region),on(wine_bottle_1,wine_rack_1_top_region),open(wooden_cabinet_1_middle_region),turnon(flat_stove_1)})
COMPOSE_221	X5_goal_four_task_clique	4	true	false	libero_goal	2;6;10;8	put_the_wine_bottle_on_the_rack;push_the_plate_to_the_front_of_the_stove;open_the_middle_drawer_of_the_cabinet;put_the_bowl_on_the_stove	Put the wine bottle on the rack | Push the plate to the front of the stove | Open the middle layer of the drawer | Put the bowl on the stove	Put the wine bottle on the rack, then push the plate to the front of the stove, then open the middle drawer of the cabinet, and finally put the black bowl on the stove.	on(wine_bottle_1, wine_rack_1_top_region); on(plate_1, main_table_stove_front_region); open(wooden_cabinet_1_middle_region); on(akita_black_bowl_1, flat_stove_1_cook_region)	libero_goal_shared_scene_four_way	All six pairwise edges of Goal clique (2, 6, 8, 10) are in the audited compatibility graph. | Goal pairs and triples were already screened in prior pools; this is the novel four-way identity.	5	7	comparison_png/COMPOSE_221__put_the_wine_bottle_on_the_rack_then_push_the_plate_to_the_front_of_the_stove_then_open_the_middle_drawer_of_the_cabinet_and_finally_put_the_black_bow.png	tasks/compose_221__put_the_wine_bottle_on_the_rack_then_push_the_plate_to_the_front_of_the_stove_then_open_the_middle_drawer_of_the_cabinet_and_finally_put_the_black_bow	composition|3f474b285ddc2e6e7e375309ab9cbd20d9a618ab3520cafd769b89fad2c6a2d1|frozenset({on(akita_black_bowl_1,flat_stove_1_cook_region),on(plate_1,main_table_stove_front_region),on(wine_bottle_1,wine_rack_1_top_region),open(wooden_cabinet_1_middle_region)})
COMPOSE_222	X5_goal_four_task_clique	4	true	false	libero_goal	2;6;10;9	put_the_wine_bottle_on_the_rack;push_the_plate_to_the_front_of_the_stove;open_the_middle_drawer_of_the_cabinet;put_the_bowl_on_top_of_the_cabinet	Put the wine bottle on the rack | Push the plate to the front of the stove | Open the middle layer of the drawer | Put the bowl on the top of the drawer	Put the wine bottle on the rack, then push the plate to the front of the stove, then open the middle drawer of the cabinet, and finally put the black bowl on top of the cabinet.	on(wine_bottle_1, wine_rack_1_top_region); on(plate_1, main_table_stove_front_region); open(wooden_cabinet_1_middle_region); on(akita_black_bowl_1, wooden_cabinet_1_top_side)	libero_goal_shared_scene_four_way	All six pairwise edges of Goal clique (2, 6, 9, 10) are in the audited compatibility graph. | Goal pairs and triples were already screened in prior pools; this is the novel four-way identity.	5	7	comparison_png/COMPOSE_222__put_the_wine_bottle_on_the_rack_then_push_the_plate_to_the_front_of_the_stove_then_open_the_middle_drawer_of_the_cabinet_and_finally_put_the_black_bow.png	tasks/compose_222__put_the_wine_bottle_on_the_rack_then_push_the_plate_to_the_front_of_the_stove_then_open_the_middle_drawer_of_the_cabinet_and_finally_put_the_black_bow	composition|3f474b285ddc2e6e7e375309ab9cbd20d9a618ab3520cafd769b89fad2c6a2d1|frozenset({on(akita_black_bowl_1,wooden_cabinet_1_top_side),on(plate_1,main_table_stove_front_region),on(wine_bottle_1,wine_rack_1_top_region),open(wooden_cabinet_1_middle_region)})
COMPOSE_223	X5_goal_four_task_clique	4	true	false	libero_goal	2;7;10;8	put_the_wine_bottle_on_the_rack;turn_on_the_stove;open_the_middle_drawer_of_the_cabinet;put_the_bowl_on_the_stove	Put the wine bottle on the rack | Turn on the stove | Open the middle layer of the drawer | Put the bowl on the stove	Put the wine bottle on the rack, then turn on the stove, then open the middle drawer of the cabinet, and finally put the black bowl on the stove.	on(wine_bottle_1, wine_rack_1_top_region); turnon(flat_stove_1); open(wooden_cabinet_1_middle_region); on(akita_black_bowl_1, flat_stove_1_cook_region)	libero_goal_shared_scene_four_way	All six pairwise edges of Goal clique (2, 7, 8, 10) are in the audited compatibility graph. | Goal pairs and triples were already screened in prior pools; this is the novel four-way identity.	5	6	comparison_png/COMPOSE_223__put_the_wine_bottle_on_the_rack_then_turn_on_the_stove_then_open_the_middle_drawer_of_the_cabinet_and_finally_put_the_black_bowl_on_the_stove.png	tasks/compose_223__put_the_wine_bottle_on_the_rack_then_turn_on_the_stove_then_open_the_middle_drawer_of_the_cabinet_and_finally_put_the_black_bowl_on_the_stove	composition|3f474b285ddc2e6e7e375309ab9cbd20d9a618ab3520cafd769b89fad2c6a2d1|frozenset({on(akita_black_bowl_1,flat_stove_1_cook_region),on(wine_bottle_1,wine_rack_1_top_region),open(wooden_cabinet_1_middle_region),turnon(flat_stove_1)})
COMPOSE_224	X5_goal_four_task_clique	4	true	false	libero_goal	2;7;10;9	put_the_wine_bottle_on_the_rack;turn_on_the_stove;open_the_middle_drawer_of_the_cabinet;put_the_bowl_on_top_of_the_cabinet	Put the wine bottle on the rack | Turn on the stove | Open the middle layer of the drawer | Put the bowl on the top of the drawer	Put the wine bottle on the rack, then turn on the stove, then open the middle drawer of the cabinet, and finally put the black bowl on top of the cabinet.	on(wine_bottle_1, wine_rack_1_top_region); turnon(flat_stove_1); open(wooden_cabinet_1_middle_region); on(akita_black_bowl_1, wooden_cabinet_1_top_side)	libero_goal_shared_scene_four_way	All six pairwise edges of Goal clique (2, 7, 9, 10) are in the audited compatibility graph. | Goal pairs and triples were already screened in prior pools; this is the novel four-way identity.	5	6	comparison_png/COMPOSE_224__put_the_wine_bottle_on_the_rack_then_turn_on_the_stove_then_open_the_middle_drawer_of_the_cabinet_and_finally_put_the_black_bowl_on_top_of_the_cabinet.png	tasks/compose_224__put_the_wine_bottle_on_the_rack_then_turn_on_the_stove_then_open_the_middle_drawer_of_the_cabinet_and_finally_put_the_black_bowl_on_top_of_the_cabinet	composition|3f474b285ddc2e6e7e375309ab9cbd20d9a618ab3520cafd769b89fad2c6a2d1|frozenset({on(akita_black_bowl_1,wooden_cabinet_1_top_side),on(wine_bottle_1,wine_rack_1_top_region),open(wooden_cabinet_1_middle_region),turnon(flat_stove_1)})
COMPOSE_225	X5_goal_four_task_clique	4	true	false	libero_goal	4;5;6;3	put_the_cream_cheese_in_the_bowl;put_the_wine_bottle_on_top_of_the_cabinet;push_the_plate_to_the_front_of_the_stove;open_the_top_drawer_and_put_the_bowl_inside	Put the cream cheese on the bowl | Put the wine bottle on the top of the drawer | Push the plate to the front of the stove | Open the top layer of the drawer and put the bowl inside	Put the cream cheese on the black bowl, then put the wine bottle on top of the cabinet, then push the plate to the front of the stove, and finally open the top drawer and put the black bowl inside.	on(cream_cheese_1, akita_black_bowl_1); on(wine_bottle_1, wooden_cabinet_1_top_side); on(plate_1, main_table_stove_front_region); in(akita_black_bowl_1, wooden_cabinet_1_top_region)	libero_goal_shared_scene_four_way	All six pairwise edges of Goal clique (3, 4, 5, 6) are in the audited compatibility graph. | Goal pairs and triples were already screened in prior pools; this is the novel four-way identity.	5	9	comparison_png/COMPOSE_225__put_the_cream_cheese_on_the_black_bowl_then_put_the_wine_bottle_on_top_of_the_cabinet_then_push_the_plate_to_the_front_of_the_stove_and_finally_open_t.png	tasks/compose_225__put_the_cream_cheese_on_the_black_bowl_then_put_the_wine_bottle_on_top_of_the_cabinet_then_push_the_plate_to_the_front_of_the_stove_and_finally_open_t	composition|3f474b285ddc2e6e7e375309ab9cbd20d9a618ab3520cafd769b89fad2c6a2d1|frozenset({in(akita_black_bowl_1,wooden_cabinet_1_top_region),on(cream_cheese_1,akita_black_bowl_1),on(plate_1,main_table_stove_front_region),on(wine_bottle_1,wooden_cabinet_1_top_side)})
COMPOSE_226	X5_goal_four_task_clique	4	true	false	libero_goal	4;5;7;3	put_the_cream_cheese_in_the_bowl;put_the_wine_bottle_on_top_of_the_cabinet;turn_on_the_stove;open_the_top_drawer_and_put_the_bowl_inside	Put the cream cheese on the bowl | Put the wine bottle on the top of the drawer | Turn on the stove | Open the top layer of the drawer and put the bowl inside	Put the cream cheese on the black bowl, then put the wine bottle on top of the cabinet, then turn on the stove, and finally open the top drawer and put the black bowl inside.	on(cream_cheese_1, akita_black_bowl_1); on(wine_bottle_1, wooden_cabinet_1_top_side); turnon(flat_stove_1); in(akita_black_bowl_1, wooden_cabinet_1_top_region)	libero_goal_shared_scene_four_way	All six pairwise edges of Goal clique (3, 4, 5, 7) are in the audited compatibility graph. | Goal pairs and triples were already screened in prior pools; this is the novel four-way identity.	5	8	comparison_png/COMPOSE_226__put_the_cream_cheese_on_the_black_bowl_then_put_the_wine_bottle_on_top_of_the_cabinet_then_turn_on_the_stove_and_finally_open_the_top_drawer_and_put_t.png	tasks/compose_226__put_the_cream_cheese_on_the_black_bowl_then_put_the_wine_bottle_on_top_of_the_cabinet_then_turn_on_the_stove_and_finally_open_the_top_drawer_and_put_t	composition|3f474b285ddc2e6e7e375309ab9cbd20d9a618ab3520cafd769b89fad2c6a2d1|frozenset({in(akita_black_bowl_1,wooden_cabinet_1_top_region),on(cream_cheese_1,akita_black_bowl_1),on(wine_bottle_1,wooden_cabinet_1_top_side),turnon(flat_stove_1)})
COMPOSE_227	X5_goal_four_task_clique	4	true	false	libero_goal	4;5;10;3	put_the_cream_cheese_in_the_bowl;put_the_wine_bottle_on_top_of_the_cabinet;open_the_middle_drawer_of_the_cabinet;open_the_top_drawer_and_put_the_bowl_inside	Put the cream cheese on the bowl | Put the wine bottle on the top of the drawer | Open the middle layer of the drawer | Open the top layer of the drawer and put the bowl inside	Put the cream cheese on the black bowl, then put the wine bottle on top of the cabinet, then open the middle drawer of the cabinet, and finally open the top drawer and put the black bowl inside.	on(cream_cheese_1, akita_black_bowl_1); on(wine_bottle_1, wooden_cabinet_1_top_side); open(wooden_cabinet_1_middle_region); in(akita_black_bowl_1, wooden_cabinet_1_top_region)	libero_goal_shared_scene_four_way	All six pairwise edges of Goal clique (3, 4, 5, 10) are in the audited compatibility graph. | Goal pairs and triples were already screened in prior pools; this is the novel four-way identity.	5	8	comparison_png/COMPOSE_227__put_the_cream_cheese_on_the_black_bowl_then_put_the_wine_bottle_on_top_of_the_cabinet_then_open_the_middle_drawer_of_the_cabinet_and_finally_open_the.png	tasks/compose_227__put_the_cream_cheese_on_the_black_bowl_then_put_the_wine_bottle_on_top_of_the_cabinet_then_open_the_middle_drawer_of_the_cabinet_and_finally_open_the	composition|3f474b285ddc2e6e7e375309ab9cbd20d9a618ab3520cafd769b89fad2c6a2d1|frozenset({in(akita_black_bowl_1,wooden_cabinet_1_top_region),on(cream_cheese_1,akita_black_bowl_1),on(wine_bottle_1,wooden_cabinet_1_top_side),open(wooden_cabinet_1_middle_region)})
COMPOSE_228	X5_goal_four_task_clique	4	true	false	libero_goal	4;6;7;3	put_the_cream_cheese_in_the_bowl;push_the_plate_to_the_front_of_the_stove;turn_on_the_stove;open_the_top_drawer_and_put_the_bowl_inside	Put the cream cheese on the bowl | Push the plate to the front of the stove | Turn on the stove | Open the top layer of the drawer and put the bowl inside	Put the cream cheese on the black bowl, then push the plate to the front of the stove, then turn on the stove, and finally open the top drawer and put the black bowl inside.	on(cream_cheese_1, akita_black_bowl_1); on(plate_1, main_table_stove_front_region); turnon(flat_stove_1); in(akita_black_bowl_1, wooden_cabinet_1_top_region)	libero_goal_shared_scene_four_way	All six pairwise edges of Goal clique (3, 4, 6, 7) are in the audited compatibility graph. | Goal pairs and triples were already screened in prior pools; this is the novel four-way identity.	5	8	comparison_png/COMPOSE_228__put_the_cream_cheese_on_the_black_bowl_then_push_the_plate_to_the_front_of_the_stove_then_turn_on_the_stove_and_finally_open_the_top_drawer_and_put_th.png	tasks/compose_228__put_the_cream_cheese_on_the_black_bowl_then_push_the_plate_to_the_front_of_the_stove_then_turn_on_the_stove_and_finally_open_the_top_drawer_and_put_th	composition|3f474b285ddc2e6e7e375309ab9cbd20d9a618ab3520cafd769b89fad2c6a2d1|frozenset({in(akita_black_bowl_1,wooden_cabinet_1_top_region),on(cream_cheese_1,akita_black_bowl_1),on(plate_1,main_table_stove_front_region),turnon(flat_stove_1)})
COMPOSE_229	X5_goal_four_task_clique	4	true	false	libero_goal	4;6;10;3	put_the_cream_cheese_in_the_bowl;push_the_plate_to_the_front_of_the_stove;open_the_middle_drawer_of_the_cabinet;open_the_top_drawer_and_put_the_bowl_inside	Put the cream cheese on the bowl | Push the plate to the front of the stove | Open the middle layer of the drawer | Open the top layer of the drawer and put the bowl inside	Put the cream cheese on the black bowl, then push the plate to the front of the stove, then open the middle drawer of the cabinet, and finally open the top drawer and put the black bowl inside.	on(cream_cheese_1, akita_black_bowl_1); on(plate_1, main_table_stove_front_region); open(wooden_cabinet_1_middle_region); in(akita_black_bowl_1, wooden_cabinet_1_top_region)	libero_goal_shared_scene_four_way	All six pairwise edges of Goal clique (3, 4, 6, 10) are in the audited compatibility graph. | Goal pairs and triples were already screened in prior pools; this is the novel four-way identity.	5	8	comparison_png/COMPOSE_229__put_the_cream_cheese_on_the_black_bowl_then_push_the_plate_to_the_front_of_the_stove_then_open_the_middle_drawer_of_the_cabinet_and_finally_open_the_t.png	tasks/compose_229__put_the_cream_cheese_on_the_black_bowl_then_push_the_plate_to_the_front_of_the_stove_then_open_the_middle_drawer_of_the_cabinet_and_finally_open_the_t	composition|3f474b285ddc2e6e7e375309ab9cbd20d9a618ab3520cafd769b89fad2c6a2d1|frozenset({in(akita_black_bowl_1,wooden_cabinet_1_top_region),on(cream_cheese_1,akita_black_bowl_1),on(plate_1,main_table_stove_front_region),open(wooden_cabinet_1_middle_region)})
COMPOSE_230	X5_goal_four_task_clique	4	true	false	libero_goal	4;7;10;3	put_the_cream_cheese_in_the_bowl;turn_on_the_stove;open_the_middle_drawer_of_the_cabinet;open_the_top_drawer_and_put_the_bowl_inside	Put the cream cheese on the bowl | Turn on the stove | Open the middle layer of the drawer | Open the top layer of the drawer and put the bowl inside	Put the cream cheese on the black bowl, then turn on the stove, then open the middle drawer of the cabinet, and finally open the top drawer and put the black bowl inside.	on(cream_cheese_1, akita_black_bowl_1); turnon(flat_stove_1); open(wooden_cabinet_1_middle_region); in(akita_black_bowl_1, wooden_cabinet_1_top_region)	libero_goal_shared_scene_four_way	All six pairwise edges of Goal clique (3, 4, 7, 10) are in the audited compatibility graph. | Goal pairs and triples were already screened in prior pools; this is the novel four-way identity.	5	7	comparison_png/COMPOSE_230__put_the_cream_cheese_on_the_black_bowl_then_turn_on_the_stove_then_open_the_middle_drawer_of_the_cabinet_and_finally_open_the_top_drawer_and_put_the_b.png	tasks/compose_230__put_the_cream_cheese_on_the_black_bowl_then_turn_on_the_stove_then_open_the_middle_drawer_of_the_cabinet_and_finally_open_the_top_drawer_and_put_the_b	composition|3f474b285ddc2e6e7e375309ab9cbd20d9a618ab3520cafd769b89fad2c6a2d1|frozenset({in(akita_black_bowl_1,wooden_cabinet_1_top_region),on(cream_cheese_1,akita_black_bowl_1),open(wooden_cabinet_1_middle_region),turnon(flat_stove_1)})
COMPOSE_231	X5_goal_four_task_clique	4	true	false	libero_goal	5;6;7;3	put_the_wine_bottle_on_top_of_the_cabinet;push_the_plate_to_the_front_of_the_stove;turn_on_the_stove;open_the_top_drawer_and_put_the_bowl_inside	Put the wine bottle on the top of the drawer | Push the plate to the front of the stove | Turn on the stove | Open the top layer of the drawer and put the bowl inside	Put the wine bottle on top of the cabinet, then push the plate to the front of the stove, then turn on the stove, and finally open the top drawer and put the black bowl inside.	on(wine_bottle_1, wooden_cabinet_1_top_side); on(plate_1, main_table_stove_front_region); turnon(flat_stove_1); in(akita_black_bowl_1, wooden_cabinet_1_top_region)	libero_goal_shared_scene_four_way	All six pairwise edges of Goal clique (3, 5, 6, 7) are in the audited compatibility graph. | Goal pairs and triples were already screened in prior pools; this is the novel four-way identity.	5	8	comparison_png/COMPOSE_231__put_the_wine_bottle_on_top_of_the_cabinet_then_push_the_plate_to_the_front_of_the_stove_then_turn_on_the_stove_and_finally_open_the_top_drawer_and_put.png	tasks/compose_231__put_the_wine_bottle_on_top_of_the_cabinet_then_push_the_plate_to_the_front_of_the_stove_then_turn_on_the_stove_and_finally_open_the_top_drawer_and_put	composition|3f474b285ddc2e6e7e375309ab9cbd20d9a618ab3520cafd769b89fad2c6a2d1|frozenset({in(akita_black_bowl_1,wooden_cabinet_1_top_region),on(plate_1,main_table_stove_front_region),on(wine_bottle_1,wooden_cabinet_1_top_side),turnon(flat_stove_1)})
COMPOSE_232	X5_goal_four_task_clique	4	true	false	libero_goal	5;6;10;3	put_the_wine_bottle_on_top_of_the_cabinet;push_the_plate_to_the_front_of_the_stove;open_the_middle_drawer_of_the_cabinet;open_the_top_drawer_and_put_the_bowl_inside	Put the wine bottle on the top of the drawer | Push the plate to the front of the stove | Open the middle layer of the drawer | Open the top layer of the drawer and put the bowl inside	Put the wine bottle on top of the cabinet, then push the plate to the front of the stove, then open the middle drawer of the cabinet, and finally open the top drawer and put the black bowl inside.	on(wine_bottle_1, wooden_cabinet_1_top_side); on(plate_1, main_table_stove_front_region); open(wooden_cabinet_1_middle_region); in(akita_black_bowl_1, wooden_cabinet_1_top_region)	libero_goal_shared_scene_four_way	All six pairwise edges of Goal clique (3, 5, 6, 10) are in the audited compatibility graph. | Goal pairs and triples were already screened in prior pools; this is the novel four-way identity.	5	8	comparison_png/COMPOSE_232__put_the_wine_bottle_on_top_of_the_cabinet_then_push_the_plate_to_the_front_of_the_stove_then_open_the_middle_drawer_of_the_cabinet_and_finally_open_th.png	tasks/compose_232__put_the_wine_bottle_on_top_of_the_cabinet_then_push_the_plate_to_the_front_of_the_stove_then_open_the_middle_drawer_of_the_cabinet_and_finally_open_th	composition|3f474b285ddc2e6e7e375309ab9cbd20d9a618ab3520cafd769b89fad2c6a2d1|frozenset({in(akita_black_bowl_1,wooden_cabinet_1_top_region),on(plate_1,main_table_stove_front_region),on(wine_bottle_1,wooden_cabinet_1_top_side),open(wooden_cabinet_1_middle_region)})
COMPOSE_233	X5_goal_four_task_clique	4	true	false	libero_goal	5;7;10;3	put_the_wine_bottle_on_top_of_the_cabinet;turn_on_the_stove;open_the_middle_drawer_of_the_cabinet;open_the_top_drawer_and_put_the_bowl_inside	Put the wine bottle on the top of the drawer | Turn on the stove | Open the middle layer of the drawer | Open the top layer of the drawer and put the bowl inside	Put the wine bottle on top of the cabinet, then turn on the stove, then open the middle drawer of the cabinet, and finally open the top drawer and put the black bowl inside.	on(wine_bottle_1, wooden_cabinet_1_top_side); turnon(flat_stove_1); open(wooden_cabinet_1_middle_region); in(akita_black_bowl_1, wooden_cabinet_1_top_region)	libero_goal_shared_scene_four_way	All six pairwise edges of Goal clique (3, 5, 7, 10) are in the audited compatibility graph. | Goal pairs and triples were already screened in prior pools; this is the novel four-way identity.	5	7	comparison_png/COMPOSE_233__put_the_wine_bottle_on_top_of_the_cabinet_then_turn_on_the_stove_then_open_the_middle_drawer_of_the_cabinet_and_finally_open_the_top_drawer_and_put_th.png	tasks/compose_233__put_the_wine_bottle_on_top_of_the_cabinet_then_turn_on_the_stove_then_open_the_middle_drawer_of_the_cabinet_and_finally_open_the_top_drawer_and_put_th	composition|3f474b285ddc2e6e7e375309ab9cbd20d9a618ab3520cafd769b89fad2c6a2d1|frozenset({in(akita_black_bowl_1,wooden_cabinet_1_top_region),on(wine_bottle_1,wooden_cabinet_1_top_side),open(wooden_cabinet_1_middle_region),turnon(flat_stove_1)})
COMPOSE_234	X5_goal_four_task_clique	4	true	false	libero_goal	6;7;10;3	push_the_plate_to_the_front_of_the_stove;turn_on_the_stove;open_the_middle_drawer_of_the_cabinet;open_the_top_drawer_and_put_the_bowl_inside	Push the plate to the front of the stove | Turn on the stove | Open the middle layer of the drawer | Open the top layer of the drawer and put the bowl inside	Push the plate to the front of the stove, then turn on the stove, then open the middle drawer of the cabinet, and finally open the top drawer and put the black bowl inside.	on(plate_1, main_table_stove_front_region); turnon(flat_stove_1); open(wooden_cabinet_1_middle_region); in(akita_black_bowl_1, wooden_cabinet_1_top_region)	libero_goal_shared_scene_four_way	All six pairwise edges of Goal clique (3, 6, 7, 10) are in the audited compatibility graph. | Goal pairs and triples were already screened in prior pools; this is the novel four-way identity.	5	7	comparison_png/COMPOSE_234__push_the_plate_to_the_front_of_the_stove_then_turn_on_the_stove_then_open_the_middle_drawer_of_the_cabinet_and_finally_open_the_top_drawer_and_put_the.png	tasks/compose_234__push_the_plate_to_the_front_of_the_stove_then_turn_on_the_stove_then_open_the_middle_drawer_of_the_cabinet_and_finally_open_the_top_drawer_and_put_the	composition|3f474b285ddc2e6e7e375309ab9cbd20d9a618ab3520cafd769b89fad2c6a2d1|frozenset({in(akita_black_bowl_1,wooden_cabinet_1_top_region),on(plate_1,main_table_stove_front_region),open(wooden_cabinet_1_middle_region),turnon(flat_stove_1)})
COMPOSE_235	X5_goal_four_task_clique	4	true	false	libero_goal	4;5;6;7	put_the_cream_cheese_in_the_bowl;put_the_wine_bottle_on_top_of_the_cabinet;push_the_plate_to_the_front_of_the_stove;turn_on_the_stove	Put the cream cheese on the bowl | Put the wine bottle on the top of the drawer | Push the plate to the front of the stove | Turn on the stove	Put the cream cheese on the black bowl, then put the wine bottle on top of the cabinet, then push the plate to the front of the stove, and finally turn on the stove.	on(cream_cheese_1, akita_black_bowl_1); on(wine_bottle_1, wooden_cabinet_1_top_side); on(plate_1, main_table_stove_front_region); turnon(flat_stove_1)	libero_goal_shared_scene_four_way	All six pairwise edges of Goal clique (4, 5, 6, 7) are in the audited compatibility graph. | Goal pairs and triples were already screened in prior pools; this is the novel four-way identity.	5	7	comparison_png/COMPOSE_235__put_the_cream_cheese_on_the_black_bowl_then_put_the_wine_bottle_on_top_of_the_cabinet_then_push_the_plate_to_the_front_of_the_stove_and_finally_turn_o.png	tasks/compose_235__put_the_cream_cheese_on_the_black_bowl_then_put_the_wine_bottle_on_top_of_the_cabinet_then_push_the_plate_to_the_front_of_the_stove_and_finally_turn_o	composition|3f474b285ddc2e6e7e375309ab9cbd20d9a618ab3520cafd769b89fad2c6a2d1|frozenset({on(cream_cheese_1,akita_black_bowl_1),on(plate_1,main_table_stove_front_region),on(wine_bottle_1,wooden_cabinet_1_top_side),turnon(flat_stove_1)})
COMPOSE_236	X5_goal_four_task_clique	4	true	false	libero_goal	4;5;6;8	put_the_cream_cheese_in_the_bowl;put_the_wine_bottle_on_top_of_the_cabinet;push_the_plate_to_the_front_of_the_stove;put_the_bowl_on_the_stove	Put the cream cheese on the bowl | Put the wine bottle on the top of the drawer | Push the plate to the front of the stove | Put the bowl on the stove	Put the cream cheese on the black bowl, then put the wine bottle on top of the cabinet, then push the plate to the front of the stove, and finally put the black bowl on the stove.	on(cream_cheese_1, akita_black_bowl_1); on(wine_bottle_1, wooden_cabinet_1_top_side); on(plate_1, main_table_stove_front_region); on(akita_black_bowl_1, flat_stove_1_cook_region)	libero_goal_shared_scene_four_way	All six pairwise edges of Goal clique (4, 5, 6, 8) are in the audited compatibility graph. | Goal pairs and triples were already screened in prior pools; this is the novel four-way identity.	5	8	comparison_png/COMPOSE_236__put_the_cream_cheese_on_the_black_bowl_then_put_the_wine_bottle_on_top_of_the_cabinet_then_push_the_plate_to_the_front_of_the_stove_and_finally_put_th.png	tasks/compose_236__put_the_cream_cheese_on_the_black_bowl_then_put_the_wine_bottle_on_top_of_the_cabinet_then_push_the_plate_to_the_front_of_the_stove_and_finally_put_th	composition|3f474b285ddc2e6e7e375309ab9cbd20d9a618ab3520cafd769b89fad2c6a2d1|frozenset({on(akita_black_bowl_1,flat_stove_1_cook_region),on(cream_cheese_1,akita_black_bowl_1),on(plate_1,main_table_stove_front_region),on(wine_bottle_1,wooden_cabinet_1_top_side)})
COMPOSE_237	X5_goal_four_task_clique	4	true	false	libero_goal	4;5;6;10	put_the_cream_cheese_in_the_bowl;put_the_wine_bottle_on_top_of_the_cabinet;push_the_plate_to_the_front_of_the_stove;open_the_middle_drawer_of_the_cabinet	Put the cream cheese on the bowl | Put the wine bottle on the top of the drawer | Push the plate to the front of the stove | Open the middle layer of the drawer	Put the cream cheese on the black bowl, then put the wine bottle on top of the cabinet, then push the plate to the front of the stove, and finally open the middle drawer of the cabinet.	on(cream_cheese_1, akita_black_bowl_1); on(wine_bottle_1, wooden_cabinet_1_top_side); on(plate_1, main_table_stove_front_region); open(wooden_cabinet_1_middle_region)	libero_goal_shared_scene_four_way	All six pairwise edges of Goal clique (4, 5, 6, 10) are in the audited compatibility graph. | Goal pairs and triples were already screened in prior pools; this is the novel four-way identity.	5	7	comparison_png/COMPOSE_237__put_the_cream_cheese_on_the_black_bowl_then_put_the_wine_bottle_on_top_of_the_cabinet_then_push_the_plate_to_the_front_of_the_stove_and_finally_open_t.png	tasks/compose_237__put_the_cream_cheese_on_the_black_bowl_then_put_the_wine_bottle_on_top_of_the_cabinet_then_push_the_plate_to_the_front_of_the_stove_and_finally_open_t	composition|3f474b285ddc2e6e7e375309ab9cbd20d9a618ab3520cafd769b89fad2c6a2d1|frozenset({on(cream_cheese_1,akita_black_bowl_1),on(plate_1,main_table_stove_front_region),on(wine_bottle_1,wooden_cabinet_1_top_side),open(wooden_cabinet_1_middle_region)})
COMPOSE_238	X5_goal_four_task_clique	4	true	false	libero_goal	4;5;7;8	put_the_cream_cheese_in_the_bowl;put_the_wine_bottle_on_top_of_the_cabinet;turn_on_the_stove;put_the_bowl_on_the_stove	Put the cream cheese on the bowl | Put the wine bottle on the top of the drawer | Turn on the stove | Put the bowl on the stove	Put the cream cheese on the black bowl, then put the wine bottle on top of the cabinet, then turn on the stove, and finally put the black bowl on the stove.	on(cream_cheese_1, akita_black_bowl_1); on(wine_bottle_1, wooden_cabinet_1_top_side); turnon(flat_stove_1); on(akita_black_bowl_1, flat_stove_1_cook_region)	libero_goal_shared_scene_four_way	All six pairwise edges of Goal clique (4, 5, 7, 8) are in the audited compatibility graph. | Goal pairs and triples were already screened in prior pools; this is the novel four-way identity.	5	7	comparison_png/COMPOSE_238__put_the_cream_cheese_on_the_black_bowl_then_put_the_wine_bottle_on_top_of_the_cabinet_then_turn_on_the_stove_and_finally_put_the_black_bowl_on_the_sto.png	tasks/compose_238__put_the_cream_cheese_on_the_black_bowl_then_put_the_wine_bottle_on_top_of_the_cabinet_then_turn_on_the_stove_and_finally_put_the_black_bowl_on_the_sto	composition|3f474b285ddc2e6e7e375309ab9cbd20d9a618ab3520cafd769b89fad2c6a2d1|frozenset({on(akita_black_bowl_1,flat_stove_1_cook_region),on(cream_cheese_1,akita_black_bowl_1),on(wine_bottle_1,wooden_cabinet_1_top_side),turnon(flat_stove_1)})
COMPOSE_239	X5_goal_four_task_clique	4	true	false	libero_goal	4;5;7;10	put_the_cream_cheese_in_the_bowl;put_the_wine_bottle_on_top_of_the_cabinet;turn_on_the_stove;open_the_middle_drawer_of_the_cabinet	Put the cream cheese on the bowl | Put the wine bottle on the top of the drawer | Turn on the stove | Open the middle layer of the drawer	Put the cream cheese on the black bowl, then put the wine bottle on top of the cabinet, then turn on the stove, and finally open the middle drawer of the cabinet.	on(cream_cheese_1, akita_black_bowl_1); on(wine_bottle_1, wooden_cabinet_1_top_side); turnon(flat_stove_1); open(wooden_cabinet_1_middle_region)	libero_goal_shared_scene_four_way	All six pairwise edges of Goal clique (4, 5, 7, 10) are in the audited compatibility graph. | Goal pairs and triples were already screened in prior pools; this is the novel four-way identity.	5	6	comparison_png/COMPOSE_239__put_the_cream_cheese_on_the_black_bowl_then_put_the_wine_bottle_on_top_of_the_cabinet_then_turn_on_the_stove_and_finally_open_the_middle_drawer_of_the.png	tasks/compose_239__put_the_cream_cheese_on_the_black_bowl_then_put_the_wine_bottle_on_top_of_the_cabinet_then_turn_on_the_stove_and_finally_open_the_middle_drawer_of_the	composition|3f474b285ddc2e6e7e375309ab9cbd20d9a618ab3520cafd769b89fad2c6a2d1|frozenset({on(cream_cheese_1,akita_black_bowl_1),on(wine_bottle_1,wooden_cabinet_1_top_side),open(wooden_cabinet_1_middle_region),turnon(flat_stove_1)})
COMPOSE_240	X5_goal_four_task_clique	4	true	false	libero_goal	4;5;10;8	put_the_cream_cheese_in_the_bowl;put_the_wine_bottle_on_top_of_the_cabinet;open_the_middle_drawer_of_the_cabinet;put_the_bowl_on_the_stove	Put the cream cheese on the bowl | Put the wine bottle on the top of the drawer | Open the middle layer of the drawer | Put the bowl on the stove	Put the cream cheese on the black bowl, then put the wine bottle on top of the cabinet, then open the middle drawer of the cabinet, and finally put the black bowl on the stove.	on(cream_cheese_1, akita_black_bowl_1); on(wine_bottle_1, wooden_cabinet_1_top_side); open(wooden_cabinet_1_middle_region); on(akita_black_bowl_1, flat_stove_1_cook_region)	libero_goal_shared_scene_four_way	All six pairwise edges of Goal clique (4, 5, 8, 10) are in the audited compatibility graph. | Goal pairs and triples were already screened in prior pools; this is the novel four-way identity.	5	7	comparison_png/COMPOSE_240__put_the_cream_cheese_on_the_black_bowl_then_put_the_wine_bottle_on_top_of_the_cabinet_then_open_the_middle_drawer_of_the_cabinet_and_finally_put_the_b.png	tasks/compose_240__put_the_cream_cheese_on_the_black_bowl_then_put_the_wine_bottle_on_top_of_the_cabinet_then_open_the_middle_drawer_of_the_cabinet_and_finally_put_the_b	composition|3f474b285ddc2e6e7e375309ab9cbd20d9a618ab3520cafd769b89fad2c6a2d1|frozenset({on(akita_black_bowl_1,flat_stove_1_cook_region),on(cream_cheese_1,akita_black_bowl_1),on(wine_bottle_1,wooden_cabinet_1_top_side),open(wooden_cabinet_1_middle_region)})
COMPOSE_241	X5_goal_four_task_clique	4	true	false	libero_goal	4;6;7;8	put_the_cream_cheese_in_the_bowl;push_the_plate_to_the_front_of_the_stove;turn_on_the_stove;put_the_bowl_on_the_stove	Put the cream cheese on the bowl | Push the plate to the front of the stove | Turn on the stove | Put the bowl on the stove	Put the cream cheese on the black bowl, then push the plate to the front of the stove, then turn on the stove, and finally put the black bowl on the stove.	on(cream_cheese_1, akita_black_bowl_1); on(plate_1, main_table_stove_front_region); turnon(flat_stove_1); on(akita_black_bowl_1, flat_stove_1_cook_region)	libero_goal_shared_scene_four_way	All six pairwise edges of Goal clique (4, 6, 7, 8) are in the audited compatibility graph. | Goal pairs and triples were already screened in prior pools; this is the novel four-way identity.	5	7	comparison_png/COMPOSE_241__put_the_cream_cheese_on_the_black_bowl_then_push_the_plate_to_the_front_of_the_stove_then_turn_on_the_stove_and_finally_put_the_black_bowl_on_the_stov.png	tasks/compose_241__put_the_cream_cheese_on_the_black_bowl_then_push_the_plate_to_the_front_of_the_stove_then_turn_on_the_stove_and_finally_put_the_black_bowl_on_the_stov	composition|3f474b285ddc2e6e7e375309ab9cbd20d9a618ab3520cafd769b89fad2c6a2d1|frozenset({on(akita_black_bowl_1,flat_stove_1_cook_region),on(cream_cheese_1,akita_black_bowl_1),on(plate_1,main_table_stove_front_region),turnon(flat_stove_1)})
COMPOSE_242	X5_goal_four_task_clique	4	true	false	libero_goal	4;6;7;9	put_the_cream_cheese_in_the_bowl;push_the_plate_to_the_front_of_the_stove;turn_on_the_stove;put_the_bowl_on_top_of_the_cabinet	Put the cream cheese on the bowl | Push the plate to the front of the stove | Turn on the stove | Put the bowl on the top of the drawer	Put the cream cheese on the black bowl, then push the plate to the front of the stove, then turn on the stove, and finally put the black bowl on top of the cabinet.	on(cream_cheese_1, akita_black_bowl_1); on(plate_1, main_table_stove_front_region); turnon(flat_stove_1); on(akita_black_bowl_1, wooden_cabinet_1_top_side)	libero_goal_shared_scene_four_way	All six pairwise edges of Goal clique (4, 6, 7, 9) are in the audited compatibility graph. | Goal pairs and triples were already screened in prior pools; this is the novel four-way identity.	5	7	comparison_png/COMPOSE_242__put_the_cream_cheese_on_the_black_bowl_then_push_the_plate_to_the_front_of_the_stove_then_turn_on_the_stove_and_finally_put_the_black_bowl_on_top_of_t.png	tasks/compose_242__put_the_cream_cheese_on_the_black_bowl_then_push_the_plate_to_the_front_of_the_stove_then_turn_on_the_stove_and_finally_put_the_black_bowl_on_top_of_t	composition|3f474b285ddc2e6e7e375309ab9cbd20d9a618ab3520cafd769b89fad2c6a2d1|frozenset({on(akita_black_bowl_1,wooden_cabinet_1_top_side),on(cream_cheese_1,akita_black_bowl_1),on(plate_1,main_table_stove_front_region),turnon(flat_stove_1)})
COMPOSE_243	X5_goal_four_task_clique	4	true	false	libero_goal	4;6;7;10	put_the_cream_cheese_in_the_bowl;push_the_plate_to_the_front_of_the_stove;turn_on_the_stove;open_the_middle_drawer_of_the_cabinet	Put the cream cheese on the bowl | Push the plate to the front of the stove | Turn on the stove | Open the middle layer of the drawer	Put the cream cheese on the black bowl, then push the plate to the front of the stove, then turn on the stove, and finally open the middle drawer of the cabinet.	on(cream_cheese_1, akita_black_bowl_1); on(plate_1, main_table_stove_front_region); turnon(flat_stove_1); open(wooden_cabinet_1_middle_region)	libero_goal_shared_scene_four_way	All six pairwise edges of Goal clique (4, 6, 7, 10) are in the audited compatibility graph. | Goal pairs and triples were already screened in prior pools; this is the novel four-way identity.	5	6	comparison_png/COMPOSE_243__put_the_cream_cheese_on_the_black_bowl_then_push_the_plate_to_the_front_of_the_stove_then_turn_on_the_stove_and_finally_open_the_middle_drawer_of_the.png	tasks/compose_243__put_the_cream_cheese_on_the_black_bowl_then_push_the_plate_to_the_front_of_the_stove_then_turn_on_the_stove_and_finally_open_the_middle_drawer_of_the	composition|3f474b285ddc2e6e7e375309ab9cbd20d9a618ab3520cafd769b89fad2c6a2d1|frozenset({on(cream_cheese_1,akita_black_bowl_1),on(plate_1,main_table_stove_front_region),open(wooden_cabinet_1_middle_region),turnon(flat_stove_1)})
COMPOSE_244	X5_goal_four_task_clique	4	true	false	libero_goal	4;6;10;8	put_the_cream_cheese_in_the_bowl;push_the_plate_to_the_front_of_the_stove;open_the_middle_drawer_of_the_cabinet;put_the_bowl_on_the_stove	Put the cream cheese on the bowl | Push the plate to the front of the stove | Open the middle layer of the drawer | Put the bowl on the stove	Put the cream cheese on the black bowl, then push the plate to the front of the stove, then open the middle drawer of the cabinet, and finally put the black bowl on the stove.	on(cream_cheese_1, akita_black_bowl_1); on(plate_1, main_table_stove_front_region); open(wooden_cabinet_1_middle_region); on(akita_black_bowl_1, flat_stove_1_cook_region)	libero_goal_shared_scene_four_way	All six pairwise edges of Goal clique (4, 6, 8, 10) are in the audited compatibility graph. | Goal pairs and triples were already screened in prior pools; this is the novel four-way identity.	5	7	comparison_png/COMPOSE_244__put_the_cream_cheese_on_the_black_bowl_then_push_the_plate_to_the_front_of_the_stove_then_open_the_middle_drawer_of_the_cabinet_and_finally_put_the_bl.png	tasks/compose_244__put_the_cream_cheese_on_the_black_bowl_then_push_the_plate_to_the_front_of_the_stove_then_open_the_middle_drawer_of_the_cabinet_and_finally_put_the_bl	composition|3f474b285ddc2e6e7e375309ab9cbd20d9a618ab3520cafd769b89fad2c6a2d1|frozenset({on(akita_black_bowl_1,flat_stove_1_cook_region),on(cream_cheese_1,akita_black_bowl_1),on(plate_1,main_table_stove_front_region),open(wooden_cabinet_1_middle_region)})
COMPOSE_245	X5_goal_four_task_clique	4	true	false	libero_goal	4;6;10;9	put_the_cream_cheese_in_the_bowl;push_the_plate_to_the_front_of_the_stove;open_the_middle_drawer_of_the_cabinet;put_the_bowl_on_top_of_the_cabinet	Put the cream cheese on the bowl | Push the plate to the front of the stove | Open the middle layer of the drawer | Put the bowl on the top of the drawer	Put the cream cheese on the black bowl, then push the plate to the front of the stove, then open the middle drawer of the cabinet, and finally put the black bowl on top of the cabinet.	on(cream_cheese_1, akita_black_bowl_1); on(plate_1, main_table_stove_front_region); open(wooden_cabinet_1_middle_region); on(akita_black_bowl_1, wooden_cabinet_1_top_side)	libero_goal_shared_scene_four_way	All six pairwise edges of Goal clique (4, 6, 9, 10) are in the audited compatibility graph. | Goal pairs and triples were already screened in prior pools; this is the novel four-way identity.	5	7	comparison_png/COMPOSE_245__put_the_cream_cheese_on_the_black_bowl_then_push_the_plate_to_the_front_of_the_stove_then_open_the_middle_drawer_of_the_cabinet_and_finally_put_the_bl.png	tasks/compose_245__put_the_cream_cheese_on_the_black_bowl_then_push_the_plate_to_the_front_of_the_stove_then_open_the_middle_drawer_of_the_cabinet_and_finally_put_the_bl	composition|3f474b285ddc2e6e7e375309ab9cbd20d9a618ab3520cafd769b89fad2c6a2d1|frozenset({on(akita_black_bowl_1,wooden_cabinet_1_top_side),on(cream_cheese_1,akita_black_bowl_1),on(plate_1,main_table_stove_front_region),open(wooden_cabinet_1_middle_region)})
COMPOSE_246	X5_goal_four_task_clique	4	true	false	libero_goal	4;7;10;8	put_the_cream_cheese_in_the_bowl;turn_on_the_stove;open_the_middle_drawer_of_the_cabinet;put_the_bowl_on_the_stove	Put the cream cheese on the bowl | Turn on the stove | Open the middle layer of the drawer | Put the bowl on the stove	Put the cream cheese on the black bowl, then turn on the stove, then open the middle drawer of the cabinet, and finally put the black bowl on the stove.	on(cream_cheese_1, akita_black_bowl_1); turnon(flat_stove_1); open(wooden_cabinet_1_middle_region); on(akita_black_bowl_1, flat_stove_1_cook_region)	libero_goal_shared_scene_four_way	All six pairwise edges of Goal clique (4, 7, 8, 10) are in the audited compatibility graph. | Goal pairs and triples were already screened in prior pools; this is the novel four-way identity.	5	6	comparison_png/COMPOSE_246__put_the_cream_cheese_on_the_black_bowl_then_turn_on_the_stove_then_open_the_middle_drawer_of_the_cabinet_and_finally_put_the_black_bowl_on_the_stove.png	tasks/compose_246__put_the_cream_cheese_on_the_black_bowl_then_turn_on_the_stove_then_open_the_middle_drawer_of_the_cabinet_and_finally_put_the_black_bowl_on_the_stove	composition|3f474b285ddc2e6e7e375309ab9cbd20d9a618ab3520cafd769b89fad2c6a2d1|frozenset({on(akita_black_bowl_1,flat_stove_1_cook_region),on(cream_cheese_1,akita_black_bowl_1),open(wooden_cabinet_1_middle_region),turnon(flat_stove_1)})
COMPOSE_247	X5_goal_four_task_clique	4	true	false	libero_goal	4;7;10;9	put_the_cream_cheese_in_the_bowl;turn_on_the_stove;open_the_middle_drawer_of_the_cabinet;put_the_bowl_on_top_of_the_cabinet	Put the cream cheese on the bowl | Turn on the stove | Open the middle layer of the drawer | Put the bowl on the top of the drawer	Put the cream cheese on the black bowl, then turn on the stove, then open the middle drawer of the cabinet, and finally put the black bowl on top of the cabinet.	on(cream_cheese_1, akita_black_bowl_1); turnon(flat_stove_1); open(wooden_cabinet_1_middle_region); on(akita_black_bowl_1, wooden_cabinet_1_top_side)	libero_goal_shared_scene_four_way	All six pairwise edges of Goal clique (4, 7, 9, 10) are in the audited compatibility graph. | Goal pairs and triples were already screened in prior pools; this is the novel four-way identity.	5	6	comparison_png/COMPOSE_247__put_the_cream_cheese_on_the_black_bowl_then_turn_on_the_stove_then_open_the_middle_drawer_of_the_cabinet_and_finally_put_the_black_bowl_on_top_of_the.png	tasks/compose_247__put_the_cream_cheese_on_the_black_bowl_then_turn_on_the_stove_then_open_the_middle_drawer_of_the_cabinet_and_finally_put_the_black_bowl_on_top_of_the	composition|3f474b285ddc2e6e7e375309ab9cbd20d9a618ab3520cafd769b89fad2c6a2d1|frozenset({on(akita_black_bowl_1,wooden_cabinet_1_top_side),on(cream_cheese_1,akita_black_bowl_1),open(wooden_cabinet_1_middle_region),turnon(flat_stove_1)})
COMPOSE_248	X5_goal_four_task_clique	4	true	false	libero_goal	5;6;7;8	put_the_wine_bottle_on_top_of_the_cabinet;push_the_plate_to_the_front_of_the_stove;turn_on_the_stove;put_the_bowl_on_the_stove	Put the wine bottle on the top of the drawer | Push the plate to the front of the stove | Turn on the stove | Put the bowl on the stove	Put the wine bottle on top of the cabinet, then push the plate to the front of the stove, then turn on the stove, and finally put the black bowl on the stove.	on(wine_bottle_1, wooden_cabinet_1_top_side); on(plate_1, main_table_stove_front_region); turnon(flat_stove_1); on(akita_black_bowl_1, flat_stove_1_cook_region)	libero_goal_shared_scene_four_way	All six pairwise edges of Goal clique (5, 6, 7, 8) are in the audited compatibility graph. | Goal pairs and triples were already screened in prior pools; this is the novel four-way identity.	5	7	comparison_png/COMPOSE_248__put_the_wine_bottle_on_top_of_the_cabinet_then_push_the_plate_to_the_front_of_the_stove_then_turn_on_the_stove_and_finally_put_the_black_bowl_on_the_s.png	tasks/compose_248__put_the_wine_bottle_on_top_of_the_cabinet_then_push_the_plate_to_the_front_of_the_stove_then_turn_on_the_stove_and_finally_put_the_black_bowl_on_the_s	composition|3f474b285ddc2e6e7e375309ab9cbd20d9a618ab3520cafd769b89fad2c6a2d1|frozenset({on(akita_black_bowl_1,flat_stove_1_cook_region),on(plate_1,main_table_stove_front_region),on(wine_bottle_1,wooden_cabinet_1_top_side),turnon(flat_stove_1)})
COMPOSE_249	X5_goal_four_task_clique	4	true	false	libero_goal	5;6;7;10	put_the_wine_bottle_on_top_of_the_cabinet;push_the_plate_to_the_front_of_the_stove;turn_on_the_stove;open_the_middle_drawer_of_the_cabinet	Put the wine bottle on the top of the drawer | Push the plate to the front of the stove | Turn on the stove | Open the middle layer of the drawer	Put the wine bottle on top of the cabinet, then push the plate to the front of the stove, then turn on the stove, and finally open the middle drawer of the cabinet.	on(wine_bottle_1, wooden_cabinet_1_top_side); on(plate_1, main_table_stove_front_region); turnon(flat_stove_1); open(wooden_cabinet_1_middle_region)	libero_goal_shared_scene_four_way	All six pairwise edges of Goal clique (5, 6, 7, 10) are in the audited compatibility graph. | Goal pairs and triples were already screened in prior pools; this is the novel four-way identity.	5	6	comparison_png/COMPOSE_249__put_the_wine_bottle_on_top_of_the_cabinet_then_push_the_plate_to_the_front_of_the_stove_then_turn_on_the_stove_and_finally_open_the_middle_drawer_of_t.png	tasks/compose_249__put_the_wine_bottle_on_top_of_the_cabinet_then_push_the_plate_to_the_front_of_the_stove_then_turn_on_the_stove_and_finally_open_the_middle_drawer_of_t	composition|3f474b285ddc2e6e7e375309ab9cbd20d9a618ab3520cafd769b89fad2c6a2d1|frozenset({on(plate_1,main_table_stove_front_region),on(wine_bottle_1,wooden_cabinet_1_top_side),open(wooden_cabinet_1_middle_region),turnon(flat_stove_1)})
COMPOSE_250	X5_goal_four_task_clique	4	true	false	libero_goal	5;6;10;8	put_the_wine_bottle_on_top_of_the_cabinet;push_the_plate_to_the_front_of_the_stove;open_the_middle_drawer_of_the_cabinet;put_the_bowl_on_the_stove	Put the wine bottle on the top of the drawer | Push the plate to the front of the stove | Open the middle layer of the drawer | Put the bowl on the stove	Put the wine bottle on top of the cabinet, then push the plate to the front of the stove, then open the middle drawer of the cabinet, and finally put the black bowl on the stove.	on(wine_bottle_1, wooden_cabinet_1_top_side); on(plate_1, main_table_stove_front_region); open(wooden_cabinet_1_middle_region); on(akita_black_bowl_1, flat_stove_1_cook_region)	libero_goal_shared_scene_four_way	All six pairwise edges of Goal clique (5, 6, 8, 10) are in the audited compatibility graph. | Goal pairs and triples were already screened in prior pools; this is the novel four-way identity.	5	7	comparison_png/COMPOSE_250__put_the_wine_bottle_on_top_of_the_cabinet_then_push_the_plate_to_the_front_of_the_stove_then_open_the_middle_drawer_of_the_cabinet_and_finally_put_the.png	tasks/compose_250__put_the_wine_bottle_on_top_of_the_cabinet_then_push_the_plate_to_the_front_of_the_stove_then_open_the_middle_drawer_of_the_cabinet_and_finally_put_the	composition|3f474b285ddc2e6e7e375309ab9cbd20d9a618ab3520cafd769b89fad2c6a2d1|frozenset({on(akita_black_bowl_1,flat_stove_1_cook_region),on(plate_1,main_table_stove_front_region),on(wine_bottle_1,wooden_cabinet_1_top_side),open(wooden_cabinet_1_middle_region)})
COMPOSE_251	X5_goal_four_task_clique	4	true	false	libero_goal	5;7;10;8	put_the_wine_bottle_on_top_of_the_cabinet;turn_on_the_stove;open_the_middle_drawer_of_the_cabinet;put_the_bowl_on_the_stove	Put the wine bottle on the top of the drawer | Turn on the stove | Open the middle layer of the drawer | Put the bowl on the stove	Put the wine bottle on top of the cabinet, then turn on the stove, then open the middle drawer of the cabinet, and finally put the black bowl on the stove.	on(wine_bottle_1, wooden_cabinet_1_top_side); turnon(flat_stove_1); open(wooden_cabinet_1_middle_region); on(akita_black_bowl_1, flat_stove_1_cook_region)	libero_goal_shared_scene_four_way	All six pairwise edges of Goal clique (5, 7, 8, 10) are in the audited compatibility graph. | Goal pairs and triples were already screened in prior pools; this is the novel four-way identity.	5	6	comparison_png/COMPOSE_251__put_the_wine_bottle_on_top_of_the_cabinet_then_turn_on_the_stove_then_open_the_middle_drawer_of_the_cabinet_and_finally_put_the_black_bowl_on_the_stov.png	tasks/compose_251__put_the_wine_bottle_on_top_of_the_cabinet_then_turn_on_the_stove_then_open_the_middle_drawer_of_the_cabinet_and_finally_put_the_black_bowl_on_the_stov	composition|3f474b285ddc2e6e7e375309ab9cbd20d9a618ab3520cafd769b89fad2c6a2d1|frozenset({on(akita_black_bowl_1,flat_stove_1_cook_region),on(wine_bottle_1,wooden_cabinet_1_top_side),open(wooden_cabinet_1_middle_region),turnon(flat_stove_1)})
COMPOSE_252	X5_goal_four_task_clique	4	true	false	libero_goal	6;7;10;8	push_the_plate_to_the_front_of_the_stove;turn_on_the_stove;open_the_middle_drawer_of_the_cabinet;put_the_bowl_on_the_stove	Push the plate to the front of the stove | Turn on the stove | Open the middle layer of the drawer | Put the bowl on the stove	Push the plate to the front of the stove, then turn on the stove, then open the middle drawer of the cabinet, and finally put the black bowl on the stove.	on(plate_1, main_table_stove_front_region); turnon(flat_stove_1); open(wooden_cabinet_1_middle_region); on(akita_black_bowl_1, flat_stove_1_cook_region)	libero_goal_shared_scene_four_way	All six pairwise edges of Goal clique (6, 7, 8, 10) are in the audited compatibility graph. | Goal pairs and triples were already screened in prior pools; this is the novel four-way identity.	5	6	comparison_png/COMPOSE_252__push_the_plate_to_the_front_of_the_stove_then_turn_on_the_stove_then_open_the_middle_drawer_of_the_cabinet_and_finally_put_the_black_bowl_on_the_stove.png	tasks/compose_252__push_the_plate_to_the_front_of_the_stove_then_turn_on_the_stove_then_open_the_middle_drawer_of_the_cabinet_and_finally_put_the_black_bowl_on_the_stove	composition|3f474b285ddc2e6e7e375309ab9cbd20d9a618ab3520cafd769b89fad2c6a2d1|frozenset({on(akita_black_bowl_1,flat_stove_1_cook_region),on(plate_1,main_table_stove_front_region),open(wooden_cabinet_1_middle_region),turnon(flat_stove_1)})
COMPOSE_253	X5_goal_four_task_clique	4	true	false	libero_goal	6;7;10;9	push_the_plate_to_the_front_of_the_stove;turn_on_the_stove;open_the_middle_drawer_of_the_cabinet;put_the_bowl_on_top_of_the_cabinet	Push the plate to the front of the stove | Turn on the stove | Open the middle layer of the drawer | Put the bowl on the top of the drawer	Push the plate to the front of the stove, then turn on the stove, then open the middle drawer of the cabinet, and finally put the black bowl on top of the cabinet.	on(plate_1, main_table_stove_front_region); turnon(flat_stove_1); open(wooden_cabinet_1_middle_region); on(akita_black_bowl_1, wooden_cabinet_1_top_side)	libero_goal_shared_scene_four_way	All six pairwise edges of Goal clique (6, 7, 9, 10) are in the audited compatibility graph. | Goal pairs and triples were already screened in prior pools; this is the novel four-way identity.	5	6	comparison_png/COMPOSE_253__push_the_plate_to_the_front_of_the_stove_then_turn_on_the_stove_then_open_the_middle_drawer_of_the_cabinet_and_finally_put_the_black_bowl_on_top_of_th.png	tasks/compose_253__push_the_plate_to_the_front_of_the_stove_then_turn_on_the_stove_then_open_the_middle_drawer_of_the_cabinet_and_finally_put_the_black_bowl_on_top_of_th	composition|3f474b285ddc2e6e7e375309ab9cbd20d9a618ab3520cafd769b89fad2c6a2d1|frozenset({on(akita_black_bowl_1,wooden_cabinet_1_top_side),on(plate_1,main_table_stove_front_region),open(wooden_cabinet_1_middle_region),turnon(flat_stove_1)})
COMPOSE_254	X6_goal_plus_left_basket_2_task	2	true	false	libero_goal;libero_object	1;302	put_the_bowl_on_the_plate;pick_up_the_cream_cheese_and_place_it_in_the_basket	Put the bowl on the plate | Pick the cream cheese and place it in the basket	Put the black bowl on the plate, and then put the cream cheese box in the basket.	on(akita_black_bowl_1, plate_1); in(cream_cheese_1, basket_1_contain_region)	libero_goal_with_robot_left_basket	One basket is added at the exact robot-left donor coordinate used by LIBERO basket scenes. | A learned cream-cheese-to-basket primitive is composed with compatible Goal clique (1,). | Goal component 4 is excluded because it assigns the same cream cheese to a conflicting final destination. | Object identity has its own original LIBERO-Object pick-to-basket trajectory; its pose in the composite scene may differ.	5	4	comparison_png/COMPOSE_254__put_the_black_bowl_on_the_plate_and_then_put_the_cream_cheese_box_in_the_basket.png	tasks/compose_254__put_the_black_bowl_on_the_plate_and_then_put_the_cream_cheese_box_in_the_basket	composition|05a0f4aa6ec2927b002a80c1e016371d3df5a67f5230599b7ae1e58a54662be9|frozenset({in(cream_cheese_1,basket_1_contain_region),on(akita_black_bowl_1,plate_1)})
COMPOSE_255	X6_goal_plus_left_basket_2_task	2	true	false	libero_goal;libero_object	2;302	put_the_wine_bottle_on_the_rack;pick_up_the_cream_cheese_and_place_it_in_the_basket	Put the wine bottle on the rack | Pick the cream cheese and place it in the basket	Put the wine bottle on the rack, and then put the cream cheese box in the basket.	on(wine_bottle_1, wine_rack_1_top_region); in(cream_cheese_1, basket_1_contain_region)	libero_goal_with_robot_left_basket	One basket is added at the exact robot-left donor coordinate used by LIBERO basket scenes. | A learned cream-cheese-to-basket primitive is composed with compatible Goal clique (2,). | Goal component 4 is excluded because it assigns the same cream cheese to a conflicting final destination. | Object identity has its own original LIBERO-Object pick-to-basket trajectory; its pose in the composite scene may differ.	5	4	comparison_png/COMPOSE_255__put_the_wine_bottle_on_the_rack_and_then_put_the_cream_cheese_box_in_the_basket.png	tasks/compose_255__put_the_wine_bottle_on_the_rack_and_then_put_the_cream_cheese_box_in_the_basket	composition|05a0f4aa6ec2927b002a80c1e016371d3df5a67f5230599b7ae1e58a54662be9|frozenset({in(cream_cheese_1,basket_1_contain_region),on(wine_bottle_1,wine_rack_1_top_region)})
COMPOSE_256	X6_goal_plus_left_basket_2_task	2	true	false	libero_goal;libero_object	3;302	open_the_top_drawer_and_put_the_bowl_inside;pick_up_the_cream_cheese_and_place_it_in_the_basket	Open the top layer of the drawer and put the bowl inside | Pick the cream cheese and place it in the basket	Open the top drawer and put the black bowl inside, and then put the cream cheese box in the basket.	in(akita_black_bowl_1, wooden_cabinet_1_top_region); in(cream_cheese_1, basket_1_contain_region)	libero_goal_with_robot_left_basket	One basket is added at the exact robot-left donor coordinate used by LIBERO basket scenes. | A learned cream-cheese-to-basket primitive is composed with compatible Goal clique (3,). | Goal component 4 is excluded because it assigns the same cream cheese to a conflicting final destination. | Object identity has its own original LIBERO-Object pick-to-basket trajectory; its pose in the composite scene may differ.	5	5	comparison_png/COMPOSE_256__open_the_top_drawer_and_put_the_black_bowl_inside_and_then_put_the_cream_cheese_box_in_the_basket.png	tasks/compose_256__open_the_top_drawer_and_put_the_black_bowl_inside_and_then_put_the_cream_cheese_box_in_the_basket	composition|05a0f4aa6ec2927b002a80c1e016371d3df5a67f5230599b7ae1e58a54662be9|frozenset({in(akita_black_bowl_1,wooden_cabinet_1_top_region),in(cream_cheese_1,basket_1_contain_region)})
COMPOSE_257	X6_goal_plus_left_basket_2_task	2	true	false	libero_goal;libero_object	5;302	put_the_wine_bottle_on_top_of_the_cabinet;pick_up_the_cream_cheese_and_place_it_in_the_basket	Put the wine bottle on the top of the drawer | Pick the cream cheese and place it in the basket	Put the wine bottle on top of the cabinet, and then put the cream cheese box in the basket.	on(wine_bottle_1, wooden_cabinet_1_top_side); in(cream_cheese_1, basket_1_contain_region)	libero_goal_with_robot_left_basket	One basket is added at the exact robot-left donor coordinate used by LIBERO basket scenes. | A learned cream-cheese-to-basket primitive is composed with compatible Goal clique (5,). | Goal component 4 is excluded because it assigns the same cream cheese to a conflicting final destination. | Object identity has its own original LIBERO-Object pick-to-basket trajectory; its pose in the composite scene may differ.	5	4	comparison_png/COMPOSE_257__put_the_wine_bottle_on_top_of_the_cabinet_and_then_put_the_cream_cheese_box_in_the_basket.png	tasks/compose_257__put_the_wine_bottle_on_top_of_the_cabinet_and_then_put_the_cream_cheese_box_in_the_basket	composition|05a0f4aa6ec2927b002a80c1e016371d3df5a67f5230599b7ae1e58a54662be9|frozenset({in(cream_cheese_1,basket_1_contain_region),on(wine_bottle_1,wooden_cabinet_1_top_side)})
COMPOSE_258	X6_goal_plus_left_basket_2_task	2	true	false	libero_goal;libero_object	6;302	push_the_plate_to_the_front_of_the_stove;pick_up_the_cream_cheese_and_place_it_in_the_basket	Push the plate to the front of the stove | Pick the cream cheese and place it in the basket	Push the plate to the front of the stove, and then put the cream cheese box in the basket.	on(plate_1, main_table_stove_front_region); in(cream_cheese_1, basket_1_contain_region)	libero_goal_with_robot_left_basket	One basket is added at the exact robot-left donor coordinate used by LIBERO basket scenes. | A learned cream-cheese-to-basket primitive is composed with compatible Goal clique (6,). | Goal component 4 is excluded because it assigns the same cream cheese to a conflicting final destination. | Object identity has its own original LIBERO-Object pick-to-basket trajectory; its pose in the composite scene may differ.	5	4	comparison_png/COMPOSE_258__push_the_plate_to_the_front_of_the_stove_and_then_put_the_cream_cheese_box_in_the_basket.png	tasks/compose_258__push_the_plate_to_the_front_of_the_stove_and_then_put_the_cream_cheese_box_in_the_basket	composition|05a0f4aa6ec2927b002a80c1e016371d3df5a67f5230599b7ae1e58a54662be9|frozenset({in(cream_cheese_1,basket_1_contain_region),on(plate_1,main_table_stove_front_region)})
COMPOSE_259	X6_goal_plus_left_basket_2_task	2	true	false	libero_goal;libero_object	7;302	turn_on_the_stove;pick_up_the_cream_cheese_and_place_it_in_the_basket	Turn on the stove | Pick the cream cheese and place it in the basket	Turn on the stove, and then put the cream cheese box in the basket.	turnon(flat_stove_1); in(cream_cheese_1, basket_1_contain_region)	libero_goal_with_robot_left_basket	One basket is added at the exact robot-left donor coordinate used by LIBERO basket scenes. | A learned cream-cheese-to-basket primitive is composed with compatible Goal clique (7,). | Goal component 4 is excluded because it assigns the same cream cheese to a conflicting final destination. | Object identity has its own original LIBERO-Object pick-to-basket trajectory; its pose in the composite scene may differ.	5	3	comparison_png/COMPOSE_259__turn_on_the_stove_and_then_put_the_cream_cheese_box_in_the_basket.png	tasks/compose_259__turn_on_the_stove_and_then_put_the_cream_cheese_box_in_the_basket	composition|05a0f4aa6ec2927b002a80c1e016371d3df5a67f5230599b7ae1e58a54662be9|frozenset({in(cream_cheese_1,basket_1_contain_region),turnon(flat_stove_1)})
COMPOSE_260	X6_goal_plus_left_basket_2_task	2	true	false	libero_goal;libero_object	8;302	put_the_bowl_on_the_stove;pick_up_the_cream_cheese_and_place_it_in_the_basket	Put the bowl on the stove | Pick the cream cheese and place it in the basket	Put the black bowl on the stove, and then put the cream cheese box in the basket.	on(akita_black_bowl_1, flat_stove_1_cook_region); in(cream_cheese_1, basket_1_contain_region)	libero_goal_with_robot_left_basket	One basket is added at the exact robot-left donor coordinate used by LIBERO basket scenes. | A learned cream-cheese-to-basket primitive is composed with compatible Goal clique (8,). | Goal component 4 is excluded because it assigns the same cream cheese to a conflicting final destination. | Object identity has its own original LIBERO-Object pick-to-basket trajectory; its pose in the composite scene may differ.	5	4	comparison_png/COMPOSE_260__put_the_black_bowl_on_the_stove_and_then_put_the_cream_cheese_box_in_the_basket.png	tasks/compose_260__put_the_black_bowl_on_the_stove_and_then_put_the_cream_cheese_box_in_the_basket	composition|05a0f4aa6ec2927b002a80c1e016371d3df5a67f5230599b7ae1e58a54662be9|frozenset({in(cream_cheese_1,basket_1_contain_region),on(akita_black_bowl_1,flat_stove_1_cook_region)})
COMPOSE_261	X6_goal_plus_left_basket_2_task	2	true	false	libero_goal;libero_object	9;302	put_the_bowl_on_top_of_the_cabinet;pick_up_the_cream_cheese_and_place_it_in_the_basket	Put the bowl on the top of the drawer | Pick the cream cheese and place it in the basket	Put the black bowl on top of the cabinet, and then put the cream cheese box in the basket.	on(akita_black_bowl_1, wooden_cabinet_1_top_side); in(cream_cheese_1, basket_1_contain_region)	libero_goal_with_robot_left_basket	One basket is added at the exact robot-left donor coordinate used by LIBERO basket scenes. | A learned cream-cheese-to-basket primitive is composed with compatible Goal clique (9,). | Goal component 4 is excluded because it assigns the same cream cheese to a conflicting final destination. | Object identity has its own original LIBERO-Object pick-to-basket trajectory; its pose in the composite scene may differ.	5	4	comparison_png/COMPOSE_261__put_the_black_bowl_on_top_of_the_cabinet_and_then_put_the_cream_cheese_box_in_the_basket.png	tasks/compose_261__put_the_black_bowl_on_top_of_the_cabinet_and_then_put_the_cream_cheese_box_in_the_basket	composition|05a0f4aa6ec2927b002a80c1e016371d3df5a67f5230599b7ae1e58a54662be9|frozenset({in(cream_cheese_1,basket_1_contain_region),on(akita_black_bowl_1,wooden_cabinet_1_top_side)})
COMPOSE_262	X6_goal_plus_left_basket_2_task	2	true	false	libero_goal;libero_object	10;302	open_the_middle_drawer_of_the_cabinet;pick_up_the_cream_cheese_and_place_it_in_the_basket	Open the middle layer of the drawer | Pick the cream cheese and place it in the basket	Open the middle drawer of the cabinet, and then put the cream cheese box in the basket.	open(wooden_cabinet_1_middle_region); in(cream_cheese_1, basket_1_contain_region)	libero_goal_with_robot_left_basket	One basket is added at the exact robot-left donor coordinate used by LIBERO basket scenes. | A learned cream-cheese-to-basket primitive is composed with compatible Goal clique (10,). | Goal component 4 is excluded because it assigns the same cream cheese to a conflicting final destination. | Object identity has its own original LIBERO-Object pick-to-basket trajectory; its pose in the composite scene may differ.	5	3	comparison_png/COMPOSE_262__open_the_middle_drawer_of_the_cabinet_and_then_put_the_cream_cheese_box_in_the_basket.png	tasks/compose_262__open_the_middle_drawer_of_the_cabinet_and_then_put_the_cream_cheese_box_in_the_basket	composition|05a0f4aa6ec2927b002a80c1e016371d3df5a67f5230599b7ae1e58a54662be9|frozenset({in(cream_cheese_1,basket_1_contain_region),open(wooden_cabinet_1_middle_region)})
COMPOSE_263	X7_goal_plus_left_basket_3_task	3	true	false	libero_goal;libero_object	1;2;302	put_the_bowl_on_the_plate;put_the_wine_bottle_on_the_rack;pick_up_the_cream_cheese_and_place_it_in_the_basket	Put the bowl on the plate | Put the wine bottle on the rack | Pick the cream cheese and place it in the basket	Put the black bowl on the plate, then put the wine bottle on the rack, and finally put the cream cheese box in the basket.	on(akita_black_bowl_1, plate_1); on(wine_bottle_1, wine_rack_1_top_region); in(cream_cheese_1, basket_1_contain_region)	libero_goal_with_robot_left_basket	One basket is added at the exact robot-left donor coordinate used by LIBERO basket scenes. | A learned cream-cheese-to-basket primitive is composed with compatible Goal clique (1, 2). | Goal component 4 is excluded because it assigns the same cream cheese to a conflicting final destination. | Object identity has its own original LIBERO-Object pick-to-basket trajectory; its pose in the composite scene may differ.	5	6	comparison_png/COMPOSE_263__put_the_black_bowl_on_the_plate_then_put_the_wine_bottle_on_the_rack_and_finally_put_the_cream_cheese_box_in_the_basket.png	tasks/compose_263__put_the_black_bowl_on_the_plate_then_put_the_wine_bottle_on_the_rack_and_finally_put_the_cream_cheese_box_in_the_basket	composition|05a0f4aa6ec2927b002a80c1e016371d3df5a67f5230599b7ae1e58a54662be9|frozenset({in(cream_cheese_1,basket_1_contain_region),on(akita_black_bowl_1,plate_1),on(wine_bottle_1,wine_rack_1_top_region)})
COMPOSE_264	X7_goal_plus_left_basket_3_task	3	true	false	libero_goal;libero_object	1;5;302	put_the_bowl_on_the_plate;put_the_wine_bottle_on_top_of_the_cabinet;pick_up_the_cream_cheese_and_place_it_in_the_basket	Put the bowl on the plate | Put the wine bottle on the top of the drawer | Pick the cream cheese and place it in the basket	Put the black bowl on the plate, then put the wine bottle on top of the cabinet, and finally put the cream cheese box in the basket.	on(akita_black_bowl_1, plate_1); on(wine_bottle_1, wooden_cabinet_1_top_side); in(cream_cheese_1, basket_1_contain_region)	libero_goal_with_robot_left_basket	One basket is added at the exact robot-left donor coordinate used by LIBERO basket scenes. | A learned cream-cheese-to-basket primitive is composed with compatible Goal clique (1, 5). | Goal component 4 is excluded because it assigns the same cream cheese to a conflicting final destination. | Object identity has its own original LIBERO-Object pick-to-basket trajectory; its pose in the composite scene may differ.	5	6	comparison_png/COMPOSE_264__put_the_black_bowl_on_the_plate_then_put_the_wine_bottle_on_top_of_the_cabinet_and_finally_put_the_cream_cheese_box_in_the_basket.png	tasks/compose_264__put_the_black_bowl_on_the_plate_then_put_the_wine_bottle_on_top_of_the_cabinet_and_finally_put_the_cream_cheese_box_in_the_basket	composition|05a0f4aa6ec2927b002a80c1e016371d3df5a67f5230599b7ae1e58a54662be9|frozenset({in(cream_cheese_1,basket_1_contain_region),on(akita_black_bowl_1,plate_1),on(wine_bottle_1,wooden_cabinet_1_top_side)})
COMPOSE_265	X7_goal_plus_left_basket_3_task	3	true	false	libero_goal;libero_object	1;6;302	put_the_bowl_on_the_plate;push_the_plate_to_the_front_of_the_stove;pick_up_the_cream_cheese_and_place_it_in_the_basket	Put the bowl on the plate | Push the plate to the front of the stove | Pick the cream cheese and place it in the basket	Put the black bowl on the plate, then push the plate to the front of the stove, and finally put the cream cheese box in the basket.	on(akita_black_bowl_1, plate_1); on(plate_1, main_table_stove_front_region); in(cream_cheese_1, basket_1_contain_region)	libero_goal_with_robot_left_basket	One basket is added at the exact robot-left donor coordinate used by LIBERO basket scenes. | A learned cream-cheese-to-basket primitive is composed with compatible Goal clique (1, 6). | Goal component 4 is excluded because it assigns the same cream cheese to a conflicting final destination. | Object identity has its own original LIBERO-Object pick-to-basket trajectory; its pose in the composite scene may differ.	5	6	comparison_png/COMPOSE_265__put_the_black_bowl_on_the_plate_then_push_the_plate_to_the_front_of_the_stove_and_finally_put_the_cream_cheese_box_in_the_basket.png	tasks/compose_265__put_the_black_bowl_on_the_plate_then_push_the_plate_to_the_front_of_the_stove_and_finally_put_the_cream_cheese_box_in_the_basket	composition|05a0f4aa6ec2927b002a80c1e016371d3df5a67f5230599b7ae1e58a54662be9|frozenset({in(cream_cheese_1,basket_1_contain_region),on(akita_black_bowl_1,plate_1),on(plate_1,main_table_stove_front_region)})
COMPOSE_266	X7_goal_plus_left_basket_3_task	3	true	false	libero_goal;libero_object	1;7;302	put_the_bowl_on_the_plate;turn_on_the_stove;pick_up_the_cream_cheese_and_place_it_in_the_basket	Put the bowl on the plate | Turn on the stove | Pick the cream cheese and place it in the basket	Put the black bowl on the plate, then turn on the stove, and finally put the cream cheese box in the basket.	on(akita_black_bowl_1, plate_1); turnon(flat_stove_1); in(cream_cheese_1, basket_1_contain_region)	libero_goal_with_robot_left_basket	One basket is added at the exact robot-left donor coordinate used by LIBERO basket scenes. | A learned cream-cheese-to-basket primitive is composed with compatible Goal clique (1, 7). | Goal component 4 is excluded because it assigns the same cream cheese to a conflicting final destination. | Object identity has its own original LIBERO-Object pick-to-basket trajectory; its pose in the composite scene may differ.	5	5	comparison_png/COMPOSE_266__put_the_black_bowl_on_the_plate_then_turn_on_the_stove_and_finally_put_the_cream_cheese_box_in_the_basket.png	tasks/compose_266__put_the_black_bowl_on_the_plate_then_turn_on_the_stove_and_finally_put_the_cream_cheese_box_in_the_basket	composition|05a0f4aa6ec2927b002a80c1e016371d3df5a67f5230599b7ae1e58a54662be9|frozenset({in(cream_cheese_1,basket_1_contain_region),on(akita_black_bowl_1,plate_1),turnon(flat_stove_1)})
COMPOSE_267	X7_goal_plus_left_basket_3_task	3	true	false	libero_goal;libero_object	1;10;302	put_the_bowl_on_the_plate;open_the_middle_drawer_of_the_cabinet;pick_up_the_cream_cheese_and_place_it_in_the_basket	Put the bowl on the plate | Open the middle layer of the drawer | Pick the cream cheese and place it in the basket	Put the black bowl on the plate, then open the middle drawer of the cabinet, and finally put the cream cheese box in the basket.	on(akita_black_bowl_1, plate_1); open(wooden_cabinet_1_middle_region); in(cream_cheese_1, basket_1_contain_region)	libero_goal_with_robot_left_basket	One basket is added at the exact robot-left donor coordinate used by LIBERO basket scenes. | A learned cream-cheese-to-basket primitive is composed with compatible Goal clique (1, 10). | Goal component 4 is excluded because it assigns the same cream cheese to a conflicting final destination. | Object identity has its own original LIBERO-Object pick-to-basket trajectory; its pose in the composite scene may differ.	5	5	comparison_png/COMPOSE_267__put_the_black_bowl_on_the_plate_then_open_the_middle_drawer_of_the_cabinet_and_finally_put_the_cream_cheese_box_in_the_basket.png	tasks/compose_267__put_the_black_bowl_on_the_plate_then_open_the_middle_drawer_of_the_cabinet_and_finally_put_the_cream_cheese_box_in_the_basket	composition|05a0f4aa6ec2927b002a80c1e016371d3df5a67f5230599b7ae1e58a54662be9|frozenset({in(cream_cheese_1,basket_1_contain_region),on(akita_black_bowl_1,plate_1),open(wooden_cabinet_1_middle_region)})
COMPOSE_268	X7_goal_plus_left_basket_3_task	3	true	false	libero_goal;libero_object	2;3;302	put_the_wine_bottle_on_the_rack;open_the_top_drawer_and_put_the_bowl_inside;pick_up_the_cream_cheese_and_place_it_in_the_basket	Put the wine bottle on the rack | Open the top layer of the drawer and put the bowl inside | Pick the cream cheese and place it in the basket	Put the wine bottle on the rack, then open the top drawer and put the black bowl inside, and finally put the cream cheese box in the basket.	on(wine_bottle_1, wine_rack_1_top_region); in(akita_black_bowl_1, wooden_cabinet_1_top_region); in(cream_cheese_1, basket_1_contain_region)	libero_goal_with_robot_left_basket	One basket is added at the exact robot-left donor coordinate used by LIBERO basket scenes. | A learned cream-cheese-to-basket primitive is composed with compatible Goal clique (2, 3). | Goal component 4 is excluded because it assigns the same cream cheese to a conflicting final destination. | Object identity has its own original LIBERO-Object pick-to-basket trajectory; its pose in the composite scene may differ.	5	7	comparison_png/COMPOSE_268__put_the_wine_bottle_on_the_rack_then_open_the_top_drawer_and_put_the_black_bowl_inside_and_finally_put_the_cream_cheese_box_in_the_basket.png	tasks/compose_268__put_the_wine_bottle_on_the_rack_then_open_the_top_drawer_and_put_the_black_bowl_inside_and_finally_put_the_cream_cheese_box_in_the_basket	composition|05a0f4aa6ec2927b002a80c1e016371d3df5a67f5230599b7ae1e58a54662be9|frozenset({in(akita_black_bowl_1,wooden_cabinet_1_top_region),in(cream_cheese_1,basket_1_contain_region),on(wine_bottle_1,wine_rack_1_top_region)})
COMPOSE_269	X7_goal_plus_left_basket_3_task	3	true	false	libero_goal;libero_object	2;6;302	put_the_wine_bottle_on_the_rack;push_the_plate_to_the_front_of_the_stove;pick_up_the_cream_cheese_and_place_it_in_the_basket	Put the wine bottle on the rack | Push the plate to the front of the stove | Pick the cream cheese and place it in the basket	Put the wine bottle on the rack, then push the plate to the front of the stove, and finally put the cream cheese box in the basket.	on(wine_bottle_1, wine_rack_1_top_region); on(plate_1, main_table_stove_front_region); in(cream_cheese_1, basket_1_contain_region)	libero_goal_with_robot_left_basket	One basket is added at the exact robot-left donor coordinate used by LIBERO basket scenes. | A learned cream-cheese-to-basket primitive is composed with compatible Goal clique (2, 6). | Goal component 4 is excluded because it assigns the same cream cheese to a conflicting final destination. | Object identity has its own original LIBERO-Object pick-to-basket trajectory; its pose in the composite scene may differ.	5	6	comparison_png/COMPOSE_269__put_the_wine_bottle_on_the_rack_then_push_the_plate_to_the_front_of_the_stove_and_finally_put_the_cream_cheese_box_in_the_basket.png	tasks/compose_269__put_the_wine_bottle_on_the_rack_then_push_the_plate_to_the_front_of_the_stove_and_finally_put_the_cream_cheese_box_in_the_basket	composition|05a0f4aa6ec2927b002a80c1e016371d3df5a67f5230599b7ae1e58a54662be9|frozenset({in(cream_cheese_1,basket_1_contain_region),on(plate_1,main_table_stove_front_region),on(wine_bottle_1,wine_rack_1_top_region)})
COMPOSE_270	X7_goal_plus_left_basket_3_task	3	true	false	libero_goal;libero_object	2;7;302	put_the_wine_bottle_on_the_rack;turn_on_the_stove;pick_up_the_cream_cheese_and_place_it_in_the_basket	Put the wine bottle on the rack | Turn on the stove | Pick the cream cheese and place it in the basket	Put the wine bottle on the rack, then turn on the stove, and finally put the cream cheese box in the basket.	on(wine_bottle_1, wine_rack_1_top_region); turnon(flat_stove_1); in(cream_cheese_1, basket_1_contain_region)	libero_goal_with_robot_left_basket	One basket is added at the exact robot-left donor coordinate used by LIBERO basket scenes. | A learned cream-cheese-to-basket primitive is composed with compatible Goal clique (2, 7). | Goal component 4 is excluded because it assigns the same cream cheese to a conflicting final destination. | Object identity has its own original LIBERO-Object pick-to-basket trajectory; its pose in the composite scene may differ.	5	5	comparison_png/COMPOSE_270__put_the_wine_bottle_on_the_rack_then_turn_on_the_stove_and_finally_put_the_cream_cheese_box_in_the_basket.png	tasks/compose_270__put_the_wine_bottle_on_the_rack_then_turn_on_the_stove_and_finally_put_the_cream_cheese_box_in_the_basket	composition|05a0f4aa6ec2927b002a80c1e016371d3df5a67f5230599b7ae1e58a54662be9|frozenset({in(cream_cheese_1,basket_1_contain_region),on(wine_bottle_1,wine_rack_1_top_region),turnon(flat_stove_1)})
COMPOSE_271	X7_goal_plus_left_basket_3_task	3	true	false	libero_goal;libero_object	2;8;302	put_the_wine_bottle_on_the_rack;put_the_bowl_on_the_stove;pick_up_the_cream_cheese_and_place_it_in_the_basket	Put the wine bottle on the rack | Put the bowl on the stove | Pick the cream cheese and place it in the basket	Put the wine bottle on the rack, then put the black bowl on the stove, and finally put the cream cheese box in the basket.	on(wine_bottle_1, wine_rack_1_top_region); on(akita_black_bowl_1, flat_stove_1_cook_region); in(cream_cheese_1, basket_1_contain_region)	libero_goal_with_robot_left_basket	One basket is added at the exact robot-left donor coordinate used by LIBERO basket scenes. | A learned cream-cheese-to-basket primitive is composed with compatible Goal clique (2, 8). | Goal component 4 is excluded because it assigns the same cream cheese to a conflicting final destination. | Object identity has its own original LIBERO-Object pick-to-basket trajectory; its pose in the composite scene may differ.	5	6	comparison_png/COMPOSE_271__put_the_wine_bottle_on_the_rack_then_put_the_black_bowl_on_the_stove_and_finally_put_the_cream_cheese_box_in_the_basket.png	tasks/compose_271__put_the_wine_bottle_on_the_rack_then_put_the_black_bowl_on_the_stove_and_finally_put_the_cream_cheese_box_in_the_basket	composition|05a0f4aa6ec2927b002a80c1e016371d3df5a67f5230599b7ae1e58a54662be9|frozenset({in(cream_cheese_1,basket_1_contain_region),on(akita_black_bowl_1,flat_stove_1_cook_region),on(wine_bottle_1,wine_rack_1_top_region)})
COMPOSE_272	X7_goal_plus_left_basket_3_task	3	true	false	libero_goal;libero_object	2;9;302	put_the_wine_bottle_on_the_rack;put_the_bowl_on_top_of_the_cabinet;pick_up_the_cream_cheese_and_place_it_in_the_basket	Put the wine bottle on the rack | Put the bowl on the top of the drawer | Pick the cream cheese and place it in the basket	Put the wine bottle on the rack, then put the black bowl on top of the cabinet, and finally put the cream cheese box in the basket.	on(wine_bottle_1, wine_rack_1_top_region); on(akita_black_bowl_1, wooden_cabinet_1_top_side); in(cream_cheese_1, basket_1_contain_region)	libero_goal_with_robot_left_basket	One basket is added at the exact robot-left donor coordinate used by LIBERO basket scenes. | A learned cream-cheese-to-basket primitive is composed with compatible Goal clique (2, 9). | Goal component 4 is excluded because it assigns the same cream cheese to a conflicting final destination. | Object identity has its own original LIBERO-Object pick-to-basket trajectory; its pose in the composite scene may differ.	5	6	comparison_png/COMPOSE_272__put_the_wine_bottle_on_the_rack_then_put_the_black_bowl_on_top_of_the_cabinet_and_finally_put_the_cream_cheese_box_in_the_basket.png	tasks/compose_272__put_the_wine_bottle_on_the_rack_then_put_the_black_bowl_on_top_of_the_cabinet_and_finally_put_the_cream_cheese_box_in_the_basket	composition|05a0f4aa6ec2927b002a80c1e016371d3df5a67f5230599b7ae1e58a54662be9|frozenset({in(cream_cheese_1,basket_1_contain_region),on(akita_black_bowl_1,wooden_cabinet_1_top_side),on(wine_bottle_1,wine_rack_1_top_region)})
COMPOSE_273	X7_goal_plus_left_basket_3_task	3	true	false	libero_goal;libero_object	2;10;302	put_the_wine_bottle_on_the_rack;open_the_middle_drawer_of_the_cabinet;pick_up_the_cream_cheese_and_place_it_in_the_basket	Put the wine bottle on the rack | Open the middle layer of the drawer | Pick the cream cheese and place it in the basket	Put the wine bottle on the rack, then open the middle drawer of the cabinet, and finally put the cream cheese box in the basket.	on(wine_bottle_1, wine_rack_1_top_region); open(wooden_cabinet_1_middle_region); in(cream_cheese_1, basket_1_contain_region)	libero_goal_with_robot_left_basket	One basket is added at the exact robot-left donor coordinate used by LIBERO basket scenes. | A learned cream-cheese-to-basket primitive is composed with compatible Goal clique (2, 10). | Goal component 4 is excluded because it assigns the same cream cheese to a conflicting final destination. | Object identity has its own original LIBERO-Object pick-to-basket trajectory; its pose in the composite scene may differ.	5	5	comparison_png/COMPOSE_273__put_the_wine_bottle_on_the_rack_then_open_the_middle_drawer_of_the_cabinet_and_finally_put_the_cream_cheese_box_in_the_basket.png	tasks/compose_273__put_the_wine_bottle_on_the_rack_then_open_the_middle_drawer_of_the_cabinet_and_finally_put_the_cream_cheese_box_in_the_basket	composition|05a0f4aa6ec2927b002a80c1e016371d3df5a67f5230599b7ae1e58a54662be9|frozenset({in(cream_cheese_1,basket_1_contain_region),on(wine_bottle_1,wine_rack_1_top_region),open(wooden_cabinet_1_middle_region)})
COMPOSE_274	X7_goal_plus_left_basket_3_task	3	true	false	libero_goal;libero_object	5;3;302	put_the_wine_bottle_on_top_of_the_cabinet;open_the_top_drawer_and_put_the_bowl_inside;pick_up_the_cream_cheese_and_place_it_in_the_basket	Put the wine bottle on the top of the drawer | Open the top layer of the drawer and put the bowl inside | Pick the cream cheese and place it in the basket	Put the wine bottle on top of the cabinet, then open the top drawer and put the black bowl inside, and finally put the cream cheese box in the basket.	on(wine_bottle_1, wooden_cabinet_1_top_side); in(akita_black_bowl_1, wooden_cabinet_1_top_region); in(cream_cheese_1, basket_1_contain_region)	libero_goal_with_robot_left_basket	One basket is added at the exact robot-left donor coordinate used by LIBERO basket scenes. | A learned cream-cheese-to-basket primitive is composed with compatible Goal clique (3, 5). | Goal component 4 is excluded because it assigns the same cream cheese to a conflicting final destination. | Object identity has its own original LIBERO-Object pick-to-basket trajectory; its pose in the composite scene may differ.	5	7	comparison_png/COMPOSE_274__put_the_wine_bottle_on_top_of_the_cabinet_then_open_the_top_drawer_and_put_the_black_bowl_inside_and_finally_put_the_cream_cheese_box_in_the_basket.png	tasks/compose_274__put_the_wine_bottle_on_top_of_the_cabinet_then_open_the_top_drawer_and_put_the_black_bowl_inside_and_finally_put_the_cream_cheese_box_in_the_basket	composition|05a0f4aa6ec2927b002a80c1e016371d3df5a67f5230599b7ae1e58a54662be9|frozenset({in(akita_black_bowl_1,wooden_cabinet_1_top_region),in(cream_cheese_1,basket_1_contain_region),on(wine_bottle_1,wooden_cabinet_1_top_side)})
COMPOSE_275	X7_goal_plus_left_basket_3_task	3	true	false	libero_goal;libero_object	6;3;302	push_the_plate_to_the_front_of_the_stove;open_the_top_drawer_and_put_the_bowl_inside;pick_up_the_cream_cheese_and_place_it_in_the_basket	Push the plate to the front of the stove | Open the top layer of the drawer and put the bowl inside | Pick the cream cheese and place it in the basket	Push the plate to the front of the stove, then open the top drawer and put the black bowl inside, and finally put the cream cheese box in the basket.	on(plate_1, main_table_stove_front_region); in(akita_black_bowl_1, wooden_cabinet_1_top_region); in(cream_cheese_1, basket_1_contain_region)	libero_goal_with_robot_left_basket	One basket is added at the exact robot-left donor coordinate used by LIBERO basket scenes. | A learned cream-cheese-to-basket primitive is composed with compatible Goal clique (3, 6). | Goal component 4 is excluded because it assigns the same cream cheese to a conflicting final destination. | Object identity has its own original LIBERO-Object pick-to-basket trajectory; its pose in the composite scene may differ.	5	7	comparison_png/COMPOSE_275__push_the_plate_to_the_front_of_the_stove_then_open_the_top_drawer_and_put_the_black_bowl_inside_and_finally_put_the_cream_cheese_box_in_the_basket.png	tasks/compose_275__push_the_plate_to_the_front_of_the_stove_then_open_the_top_drawer_and_put_the_black_bowl_inside_and_finally_put_the_cream_cheese_box_in_the_basket	composition|05a0f4aa6ec2927b002a80c1e016371d3df5a67f5230599b7ae1e58a54662be9|frozenset({in(akita_black_bowl_1,wooden_cabinet_1_top_region),in(cream_cheese_1,basket_1_contain_region),on(plate_1,main_table_stove_front_region)})
COMPOSE_276	X7_goal_plus_left_basket_3_task	3	true	false	libero_goal;libero_object	7;3;302	turn_on_the_stove;open_the_top_drawer_and_put_the_bowl_inside;pick_up_the_cream_cheese_and_place_it_in_the_basket	Turn on the stove | Open the top layer of the drawer and put the bowl inside | Pick the cream cheese and place it in the basket	Turn on the stove, then open the top drawer and put the black bowl inside, and finally put the cream cheese box in the basket.	turnon(flat_stove_1); in(akita_black_bowl_1, wooden_cabinet_1_top_region); in(cream_cheese_1, basket_1_contain_region)	libero_goal_with_robot_left_basket	One basket is added at the exact robot-left donor coordinate used by LIBERO basket scenes. | A learned cream-cheese-to-basket primitive is composed with compatible Goal clique (3, 7). | Goal component 4 is excluded because it assigns the same cream cheese to a conflicting final destination. | Object identity has its own original LIBERO-Object pick-to-basket trajectory; its pose in the composite scene may differ.	5	6	comparison_png/COMPOSE_276__turn_on_the_stove_then_open_the_top_drawer_and_put_the_black_bowl_inside_and_finally_put_the_cream_cheese_box_in_the_basket.png	tasks/compose_276__turn_on_the_stove_then_open_the_top_drawer_and_put_the_black_bowl_inside_and_finally_put_the_cream_cheese_box_in_the_basket	composition|05a0f4aa6ec2927b002a80c1e016371d3df5a67f5230599b7ae1e58a54662be9|frozenset({in(akita_black_bowl_1,wooden_cabinet_1_top_region),in(cream_cheese_1,basket_1_contain_region),turnon(flat_stove_1)})
COMPOSE_277	X7_goal_plus_left_basket_3_task	3	true	false	libero_goal;libero_object	10;3;302	open_the_middle_drawer_of_the_cabinet;open_the_top_drawer_and_put_the_bowl_inside;pick_up_the_cream_cheese_and_place_it_in_the_basket	Open the middle layer of the drawer | Open the top layer of the drawer and put the bowl inside | Pick the cream cheese and place it in the basket	Open the middle drawer of the cabinet, then open the top drawer and put the black bowl inside, and finally put the cream cheese box in the basket.	open(wooden_cabinet_1_middle_region); in(akita_black_bowl_1, wooden_cabinet_1_top_region); in(cream_cheese_1, basket_1_contain_region)	libero_goal_with_robot_left_basket	One basket is added at the exact robot-left donor coordinate used by LIBERO basket scenes. | A learned cream-cheese-to-basket primitive is composed with compatible Goal clique (3, 10). | Goal component 4 is excluded because it assigns the same cream cheese to a conflicting final destination. | Object identity has its own original LIBERO-Object pick-to-basket trajectory; its pose in the composite scene may differ.	5	6	comparison_png/COMPOSE_277__open_the_middle_drawer_of_the_cabinet_then_open_the_top_drawer_and_put_the_black_bowl_inside_and_finally_put_the_cream_cheese_box_in_the_basket.png	tasks/compose_277__open_the_middle_drawer_of_the_cabinet_then_open_the_top_drawer_and_put_the_black_bowl_inside_and_finally_put_the_cream_cheese_box_in_the_basket	composition|05a0f4aa6ec2927b002a80c1e016371d3df5a67f5230599b7ae1e58a54662be9|frozenset({in(akita_black_bowl_1,wooden_cabinet_1_top_region),in(cream_cheese_1,basket_1_contain_region),open(wooden_cabinet_1_middle_region)})
COMPOSE_278	X7_goal_plus_left_basket_3_task	3	true	false	libero_goal;libero_object	5;6;302	put_the_wine_bottle_on_top_of_the_cabinet;push_the_plate_to_the_front_of_the_stove;pick_up_the_cream_cheese_and_place_it_in_the_basket	Put the wine bottle on the top of the drawer | Push the plate to the front of the stove | Pick the cream cheese and place it in the basket	Put the wine bottle on top of the cabinet, then push the plate to the front of the stove, and finally put the cream cheese box in the basket.	on(wine_bottle_1, wooden_cabinet_1_top_side); on(plate_1, main_table_stove_front_region); in(cream_cheese_1, basket_1_contain_region)	libero_goal_with_robot_left_basket	One basket is added at the exact robot-left donor coordinate used by LIBERO basket scenes. | A learned cream-cheese-to-basket primitive is composed with compatible Goal clique (5, 6). | Goal component 4 is excluded because it assigns the same cream cheese to a conflicting final destination. | Object identity has its own original LIBERO-Object pick-to-basket trajectory; its pose in the composite scene may differ.	5	6	comparison_png/COMPOSE_278__put_the_wine_bottle_on_top_of_the_cabinet_then_push_the_plate_to_the_front_of_the_stove_and_finally_put_the_cream_cheese_box_in_the_basket.png	tasks/compose_278__put_the_wine_bottle_on_top_of_the_cabinet_then_push_the_plate_to_the_front_of_the_stove_and_finally_put_the_cream_cheese_box_in_the_basket	composition|05a0f4aa6ec2927b002a80c1e016371d3df5a67f5230599b7ae1e58a54662be9|frozenset({in(cream_cheese_1,basket_1_contain_region),on(plate_1,main_table_stove_front_region),on(wine_bottle_1,wooden_cabinet_1_top_side)})
COMPOSE_279	X7_goal_plus_left_basket_3_task	3	true	false	libero_goal;libero_object	5;7;302	put_the_wine_bottle_on_top_of_the_cabinet;turn_on_the_stove;pick_up_the_cream_cheese_and_place_it_in_the_basket	Put the wine bottle on the top of the drawer | Turn on the stove | Pick the cream cheese and place it in the basket	Put the wine bottle on top of the cabinet, then turn on the stove, and finally put the cream cheese box in the basket.	on(wine_bottle_1, wooden_cabinet_1_top_side); turnon(flat_stove_1); in(cream_cheese_1, basket_1_contain_region)	libero_goal_with_robot_left_basket	One basket is added at the exact robot-left donor coordinate used by LIBERO basket scenes. | A learned cream-cheese-to-basket primitive is composed with compatible Goal clique (5, 7). | Goal component 4 is excluded because it assigns the same cream cheese to a conflicting final destination. | Object identity has its own original LIBERO-Object pick-to-basket trajectory; its pose in the composite scene may differ.	5	5	comparison_png/COMPOSE_279__put_the_wine_bottle_on_top_of_the_cabinet_then_turn_on_the_stove_and_finally_put_the_cream_cheese_box_in_the_basket.png	tasks/compose_279__put_the_wine_bottle_on_top_of_the_cabinet_then_turn_on_the_stove_and_finally_put_the_cream_cheese_box_in_the_basket	composition|05a0f4aa6ec2927b002a80c1e016371d3df5a67f5230599b7ae1e58a54662be9|frozenset({in(cream_cheese_1,basket_1_contain_region),on(wine_bottle_1,wooden_cabinet_1_top_side),turnon(flat_stove_1)})
COMPOSE_280	X7_goal_plus_left_basket_3_task	3	true	false	libero_goal;libero_object	5;8;302	put_the_wine_bottle_on_top_of_the_cabinet;put_the_bowl_on_the_stove;pick_up_the_cream_cheese_and_place_it_in_the_basket	Put the wine bottle on the top of the drawer | Put the bowl on the stove | Pick the cream cheese and place it in the basket	Put the wine bottle on top of the cabinet, then put the black bowl on the stove, and finally put the cream cheese box in the basket.	on(wine_bottle_1, wooden_cabinet_1_top_side); on(akita_black_bowl_1, flat_stove_1_cook_region); in(cream_cheese_1, basket_1_contain_region)	libero_goal_with_robot_left_basket	One basket is added at the exact robot-left donor coordinate used by LIBERO basket scenes. | A learned cream-cheese-to-basket primitive is composed with compatible Goal clique (5, 8). | Goal component 4 is excluded because it assigns the same cream cheese to a conflicting final destination. | Object identity has its own original LIBERO-Object pick-to-basket trajectory; its pose in the composite scene may differ.	5	6	comparison_png/COMPOSE_280__put_the_wine_bottle_on_top_of_the_cabinet_then_put_the_black_bowl_on_the_stove_and_finally_put_the_cream_cheese_box_in_the_basket.png	tasks/compose_280__put_the_wine_bottle_on_top_of_the_cabinet_then_put_the_black_bowl_on_the_stove_and_finally_put_the_cream_cheese_box_in_the_basket	composition|05a0f4aa6ec2927b002a80c1e016371d3df5a67f5230599b7ae1e58a54662be9|frozenset({in(cream_cheese_1,basket_1_contain_region),on(akita_black_bowl_1,flat_stove_1_cook_region),on(wine_bottle_1,wooden_cabinet_1_top_side)})
COMPOSE_281	X7_goal_plus_left_basket_3_task	3	true	false	libero_goal;libero_object	5;10;302	put_the_wine_bottle_on_top_of_the_cabinet;open_the_middle_drawer_of_the_cabinet;pick_up_the_cream_cheese_and_place_it_in_the_basket	Put the wine bottle on the top of the drawer | Open the middle layer of the drawer | Pick the cream cheese and place it in the basket	Put the wine bottle on top of the cabinet, then open the middle drawer of the cabinet, and finally put the cream cheese box in the basket.	on(wine_bottle_1, wooden_cabinet_1_top_side); open(wooden_cabinet_1_middle_region); in(cream_cheese_1, basket_1_contain_region)	libero_goal_with_robot_left_basket	One basket is added at the exact robot-left donor coordinate used by LIBERO basket scenes. | A learned cream-cheese-to-basket primitive is composed with compatible Goal clique (5, 10). | Goal component 4 is excluded because it assigns the same cream cheese to a conflicting final destination. | Object identity has its own original LIBERO-Object pick-to-basket trajectory; its pose in the composite scene may differ.	5	5	comparison_png/COMPOSE_281__put_the_wine_bottle_on_top_of_the_cabinet_then_open_the_middle_drawer_of_the_cabinet_and_finally_put_the_cream_cheese_box_in_the_basket.png	tasks/compose_281__put_the_wine_bottle_on_top_of_the_cabinet_then_open_the_middle_drawer_of_the_cabinet_and_finally_put_the_cream_cheese_box_in_the_basket	composition|05a0f4aa6ec2927b002a80c1e016371d3df5a67f5230599b7ae1e58a54662be9|frozenset({in(cream_cheese_1,basket_1_contain_region),on(wine_bottle_1,wooden_cabinet_1_top_side),open(wooden_cabinet_1_middle_region)})
COMPOSE_282	X7_goal_plus_left_basket_3_task	3	true	false	libero_goal;libero_object	6;7;302	push_the_plate_to_the_front_of_the_stove;turn_on_the_stove;pick_up_the_cream_cheese_and_place_it_in_the_basket	Push the plate to the front of the stove | Turn on the stove | Pick the cream cheese and place it in the basket	Push the plate to the front of the stove, then turn on the stove, and finally put the cream cheese box in the basket.	on(plate_1, main_table_stove_front_region); turnon(flat_stove_1); in(cream_cheese_1, basket_1_contain_region)	libero_goal_with_robot_left_basket	One basket is added at the exact robot-left donor coordinate used by LIBERO basket scenes. | A learned cream-cheese-to-basket primitive is composed with compatible Goal clique (6, 7). | Goal component 4 is excluded because it assigns the same cream cheese to a conflicting final destination. | Object identity has its own original LIBERO-Object pick-to-basket trajectory; its pose in the composite scene may differ.	5	5	comparison_png/COMPOSE_282__push_the_plate_to_the_front_of_the_stove_then_turn_on_the_stove_and_finally_put_the_cream_cheese_box_in_the_basket.png	tasks/compose_282__push_the_plate_to_the_front_of_the_stove_then_turn_on_the_stove_and_finally_put_the_cream_cheese_box_in_the_basket	composition|05a0f4aa6ec2927b002a80c1e016371d3df5a67f5230599b7ae1e58a54662be9|frozenset({in(cream_cheese_1,basket_1_contain_region),on(plate_1,main_table_stove_front_region),turnon(flat_stove_1)})
COMPOSE_283	X7_goal_plus_left_basket_3_task	3	true	false	libero_goal;libero_object	6;8;302	push_the_plate_to_the_front_of_the_stove;put_the_bowl_on_the_stove;pick_up_the_cream_cheese_and_place_it_in_the_basket	Push the plate to the front of the stove | Put the bowl on the stove | Pick the cream cheese and place it in the basket	Push the plate to the front of the stove, then put the black bowl on the stove, and finally put the cream cheese box in the basket.	on(plate_1, main_table_stove_front_region); on(akita_black_bowl_1, flat_stove_1_cook_region); in(cream_cheese_1, basket_1_contain_region)	libero_goal_with_robot_left_basket	One basket is added at the exact robot-left donor coordinate used by LIBERO basket scenes. | A learned cream-cheese-to-basket primitive is composed with compatible Goal clique (6, 8). | Goal component 4 is excluded because it assigns the same cream cheese to a conflicting final destination. | Object identity has its own original LIBERO-Object pick-to-basket trajectory; its pose in the composite scene may differ.	5	6	comparison_png/COMPOSE_283__push_the_plate_to_the_front_of_the_stove_then_put_the_black_bowl_on_the_stove_and_finally_put_the_cream_cheese_box_in_the_basket.png	tasks/compose_283__push_the_plate_to_the_front_of_the_stove_then_put_the_black_bowl_on_the_stove_and_finally_put_the_cream_cheese_box_in_the_basket	composition|05a0f4aa6ec2927b002a80c1e016371d3df5a67f5230599b7ae1e58a54662be9|frozenset({in(cream_cheese_1,basket_1_contain_region),on(akita_black_bowl_1,flat_stove_1_cook_region),on(plate_1,main_table_stove_front_region)})
COMPOSE_284	X7_goal_plus_left_basket_3_task	3	true	false	libero_goal;libero_object	6;9;302	push_the_plate_to_the_front_of_the_stove;put_the_bowl_on_top_of_the_cabinet;pick_up_the_cream_cheese_and_place_it_in_the_basket	Push the plate to the front of the stove | Put the bowl on the top of the drawer | Pick the cream cheese and place it in the basket	Push the plate to the front of the stove, then put the black bowl on top of the cabinet, and finally put the cream cheese box in the basket.	on(plate_1, main_table_stove_front_region); on(akita_black_bowl_1, wooden_cabinet_1_top_side); in(cream_cheese_1, basket_1_contain_region)	libero_goal_with_robot_left_basket	One basket is added at the exact robot-left donor coordinate used by LIBERO basket scenes. | A learned cream-cheese-to-basket primitive is composed with compatible Goal clique (6, 9). | Goal component 4 is excluded because it assigns the same cream cheese to a conflicting final destination. | Object identity has its own original LIBERO-Object pick-to-basket trajectory; its pose in the composite scene may differ.	5	6	comparison_png/COMPOSE_284__push_the_plate_to_the_front_of_the_stove_then_put_the_black_bowl_on_top_of_the_cabinet_and_finally_put_the_cream_cheese_box_in_the_basket.png	tasks/compose_284__push_the_plate_to_the_front_of_the_stove_then_put_the_black_bowl_on_top_of_the_cabinet_and_finally_put_the_cream_cheese_box_in_the_basket	composition|05a0f4aa6ec2927b002a80c1e016371d3df5a67f5230599b7ae1e58a54662be9|frozenset({in(cream_cheese_1,basket_1_contain_region),on(akita_black_bowl_1,wooden_cabinet_1_top_side),on(plate_1,main_table_stove_front_region)})
COMPOSE_285	X7_goal_plus_left_basket_3_task	3	true	false	libero_goal;libero_object	6;10;302	push_the_plate_to_the_front_of_the_stove;open_the_middle_drawer_of_the_cabinet;pick_up_the_cream_cheese_and_place_it_in_the_basket	Push the plate to the front of the stove | Open the middle layer of the drawer | Pick the cream cheese and place it in the basket	Push the plate to the front of the stove, then open the middle drawer of the cabinet, and finally put the cream cheese box in the basket.	on(plate_1, main_table_stove_front_region); open(wooden_cabinet_1_middle_region); in(cream_cheese_1, basket_1_contain_region)	libero_goal_with_robot_left_basket	One basket is added at the exact robot-left donor coordinate used by LIBERO basket scenes. | A learned cream-cheese-to-basket primitive is composed with compatible Goal clique (6, 10). | Goal component 4 is excluded because it assigns the same cream cheese to a conflicting final destination. | Object identity has its own original LIBERO-Object pick-to-basket trajectory; its pose in the composite scene may differ.	5	5	comparison_png/COMPOSE_285__push_the_plate_to_the_front_of_the_stove_then_open_the_middle_drawer_of_the_cabinet_and_finally_put_the_cream_cheese_box_in_the_basket.png	tasks/compose_285__push_the_plate_to_the_front_of_the_stove_then_open_the_middle_drawer_of_the_cabinet_and_finally_put_the_cream_cheese_box_in_the_basket	composition|05a0f4aa6ec2927b002a80c1e016371d3df5a67f5230599b7ae1e58a54662be9|frozenset({in(cream_cheese_1,basket_1_contain_region),on(plate_1,main_table_stove_front_region),open(wooden_cabinet_1_middle_region)})
COMPOSE_286	X7_goal_plus_left_basket_3_task	3	true	false	libero_goal;libero_object	7;8;302	turn_on_the_stove;put_the_bowl_on_the_stove;pick_up_the_cream_cheese_and_place_it_in_the_basket	Turn on the stove | Put the bowl on the stove | Pick the cream cheese and place it in the basket	Turn on the stove, then put the black bowl on the stove, and finally put the cream cheese box in the basket.	turnon(flat_stove_1); on(akita_black_bowl_1, flat_stove_1_cook_region); in(cream_cheese_1, basket_1_contain_region)	libero_goal_with_robot_left_basket	One basket is added at the exact robot-left donor coordinate used by LIBERO basket scenes. | A learned cream-cheese-to-basket primitive is composed with compatible Goal clique (7, 8). | Goal component 4 is excluded because it assigns the same cream cheese to a conflicting final destination. | Object identity has its own original LIBERO-Object pick-to-basket trajectory; its pose in the composite scene may differ.	5	5	comparison_png/COMPOSE_286__turn_on_the_stove_then_put_the_black_bowl_on_the_stove_and_finally_put_the_cream_cheese_box_in_the_basket.png	tasks/compose_286__turn_on_the_stove_then_put_the_black_bowl_on_the_stove_and_finally_put_the_cream_cheese_box_in_the_basket	composition|05a0f4aa6ec2927b002a80c1e016371d3df5a67f5230599b7ae1e58a54662be9|frozenset({in(cream_cheese_1,basket_1_contain_region),on(akita_black_bowl_1,flat_stove_1_cook_region),turnon(flat_stove_1)})
COMPOSE_287	X7_goal_plus_left_basket_3_task	3	true	false	libero_goal;libero_object	7;9;302	turn_on_the_stove;put_the_bowl_on_top_of_the_cabinet;pick_up_the_cream_cheese_and_place_it_in_the_basket	Turn on the stove | Put the bowl on the top of the drawer | Pick the cream cheese and place it in the basket	Turn on the stove, then put the black bowl on top of the cabinet, and finally put the cream cheese box in the basket.	turnon(flat_stove_1); on(akita_black_bowl_1, wooden_cabinet_1_top_side); in(cream_cheese_1, basket_1_contain_region)	libero_goal_with_robot_left_basket	One basket is added at the exact robot-left donor coordinate used by LIBERO basket scenes. | A learned cream-cheese-to-basket primitive is composed with compatible Goal clique (7, 9). | Goal component 4 is excluded because it assigns the same cream cheese to a conflicting final destination. | Object identity has its own original LIBERO-Object pick-to-basket trajectory; its pose in the composite scene may differ.	5	5	comparison_png/COMPOSE_287__turn_on_the_stove_then_put_the_black_bowl_on_top_of_the_cabinet_and_finally_put_the_cream_cheese_box_in_the_basket.png	tasks/compose_287__turn_on_the_stove_then_put_the_black_bowl_on_top_of_the_cabinet_and_finally_put_the_cream_cheese_box_in_the_basket	composition|05a0f4aa6ec2927b002a80c1e016371d3df5a67f5230599b7ae1e58a54662be9|frozenset({in(cream_cheese_1,basket_1_contain_region),on(akita_black_bowl_1,wooden_cabinet_1_top_side),turnon(flat_stove_1)})
COMPOSE_288	X7_goal_plus_left_basket_3_task	3	true	false	libero_goal;libero_object	7;10;302	turn_on_the_stove;open_the_middle_drawer_of_the_cabinet;pick_up_the_cream_cheese_and_place_it_in_the_basket	Turn on the stove | Open the middle layer of the drawer | Pick the cream cheese and place it in the basket	Turn on the stove, then open the middle drawer of the cabinet, and finally put the cream cheese box in the basket.	turnon(flat_stove_1); open(wooden_cabinet_1_middle_region); in(cream_cheese_1, basket_1_contain_region)	libero_goal_with_robot_left_basket	One basket is added at the exact robot-left donor coordinate used by LIBERO basket scenes. | A learned cream-cheese-to-basket primitive is composed with compatible Goal clique (7, 10). | Goal component 4 is excluded because it assigns the same cream cheese to a conflicting final destination. | Object identity has its own original LIBERO-Object pick-to-basket trajectory; its pose in the composite scene may differ.	5	4	comparison_png/COMPOSE_288__turn_on_the_stove_then_open_the_middle_drawer_of_the_cabinet_and_finally_put_the_cream_cheese_box_in_the_basket.png	tasks/compose_288__turn_on_the_stove_then_open_the_middle_drawer_of_the_cabinet_and_finally_put_the_cream_cheese_box_in_the_basket	composition|05a0f4aa6ec2927b002a80c1e016371d3df5a67f5230599b7ae1e58a54662be9|frozenset({in(cream_cheese_1,basket_1_contain_region),open(wooden_cabinet_1_middle_region),turnon(flat_stove_1)})
COMPOSE_289	X7_goal_plus_left_basket_3_task	3	true	false	libero_goal;libero_object	10;8;302	open_the_middle_drawer_of_the_cabinet;put_the_bowl_on_the_stove;pick_up_the_cream_cheese_and_place_it_in_the_basket	Open the middle layer of the drawer | Put the bowl on the stove | Pick the cream cheese and place it in the basket	Open the middle drawer of the cabinet, then put the black bowl on the stove, and finally put the cream cheese box in the basket.	open(wooden_cabinet_1_middle_region); on(akita_black_bowl_1, flat_stove_1_cook_region); in(cream_cheese_1, basket_1_contain_region)	libero_goal_with_robot_left_basket	One basket is added at the exact robot-left donor coordinate used by LIBERO basket scenes. | A learned cream-cheese-to-basket primitive is composed with compatible Goal clique (8, 10). | Goal component 4 is excluded because it assigns the same cream cheese to a conflicting final destination. | Object identity has its own original LIBERO-Object pick-to-basket trajectory; its pose in the composite scene may differ.	5	5	comparison_png/COMPOSE_289__open_the_middle_drawer_of_the_cabinet_then_put_the_black_bowl_on_the_stove_and_finally_put_the_cream_cheese_box_in_the_basket.png	tasks/compose_289__open_the_middle_drawer_of_the_cabinet_then_put_the_black_bowl_on_the_stove_and_finally_put_the_cream_cheese_box_in_the_basket	composition|05a0f4aa6ec2927b002a80c1e016371d3df5a67f5230599b7ae1e58a54662be9|frozenset({in(cream_cheese_1,basket_1_contain_region),on(akita_black_bowl_1,flat_stove_1_cook_region),open(wooden_cabinet_1_middle_region)})
COMPOSE_290	X7_goal_plus_left_basket_3_task	3	true	false	libero_goal;libero_object	10;9;302	open_the_middle_drawer_of_the_cabinet;put_the_bowl_on_top_of_the_cabinet;pick_up_the_cream_cheese_and_place_it_in_the_basket	Open the middle layer of the drawer | Put the bowl on the top of the drawer | Pick the cream cheese and place it in the basket	Open the middle drawer of the cabinet, then put the black bowl on top of the cabinet, and finally put the cream cheese box in the basket.	open(wooden_cabinet_1_middle_region); on(akita_black_bowl_1, wooden_cabinet_1_top_side); in(cream_cheese_1, basket_1_contain_region)	libero_goal_with_robot_left_basket	One basket is added at the exact robot-left donor coordinate used by LIBERO basket scenes. | A learned cream-cheese-to-basket primitive is composed with compatible Goal clique (9, 10). | Goal component 4 is excluded because it assigns the same cream cheese to a conflicting final destination. | Object identity has its own original LIBERO-Object pick-to-basket trajectory; its pose in the composite scene may differ.	5	5	comparison_png/COMPOSE_290__open_the_middle_drawer_of_the_cabinet_then_put_the_black_bowl_on_top_of_the_cabinet_and_finally_put_the_cream_cheese_box_in_the_basket.png	tasks/compose_290__open_the_middle_drawer_of_the_cabinet_then_put_the_black_bowl_on_top_of_the_cabinet_and_finally_put_the_cream_cheese_box_in_the_basket	composition|05a0f4aa6ec2927b002a80c1e016371d3df5a67f5230599b7ae1e58a54662be9|frozenset({in(cream_cheese_1,basket_1_contain_region),on(akita_black_bowl_1,wooden_cabinet_1_top_side),open(wooden_cabinet_1_middle_region)})
COMPOSE_291	X8_goal_plus_left_basket_4_task	4	true	false	libero_goal;libero_object	1;2;6;302	put_the_bowl_on_the_plate;put_the_wine_bottle_on_the_rack;push_the_plate_to_the_front_of_the_stove;pick_up_the_cream_cheese_and_place_it_in_the_basket	Put the bowl on the plate | Put the wine bottle on the rack | Push the plate to the front of the stove | Pick the cream cheese and place it in the basket	Put the black bowl on the plate, then put the wine bottle on the rack, then push the plate to the front of the stove, and finally put the cream cheese box in the basket.	on(akita_black_bowl_1, plate_1); on(wine_bottle_1, wine_rack_1_top_region); on(plate_1, main_table_stove_front_region); in(cream_cheese_1, basket_1_contain_region)	libero_goal_with_robot_left_basket	One basket is added at the exact robot-left donor coordinate used by LIBERO basket scenes. | A learned cream-cheese-to-basket primitive is composed with compatible Goal clique (1, 2, 6). | Goal component 4 is excluded because it assigns the same cream cheese to a conflicting final destination. | Object identity has its own original LIBERO-Object pick-to-basket trajectory; its pose in the composite scene may differ.	5	8	comparison_png/COMPOSE_291__put_the_black_bowl_on_the_plate_then_put_the_wine_bottle_on_the_rack_then_push_the_plate_to_the_front_of_the_stove_and_finally_put_the_cream_cheese_bo.png	tasks/compose_291__put_the_black_bowl_on_the_plate_then_put_the_wine_bottle_on_the_rack_then_push_the_plate_to_the_front_of_the_stove_and_finally_put_the_cream_cheese_bo	composition|05a0f4aa6ec2927b002a80c1e016371d3df5a67f5230599b7ae1e58a54662be9|frozenset({in(cream_cheese_1,basket_1_contain_region),on(akita_black_bowl_1,plate_1),on(plate_1,main_table_stove_front_region),on(wine_bottle_1,wine_rack_1_top_region)})
COMPOSE_292	X8_goal_plus_left_basket_4_task	4	true	false	libero_goal;libero_object	1;2;7;302	put_the_bowl_on_the_plate;put_the_wine_bottle_on_the_rack;turn_on_the_stove;pick_up_the_cream_cheese_and_place_it_in_the_basket	Put the bowl on the plate | Put the wine bottle on the rack | Turn on the stove | Pick the cream cheese and place it in the basket	Put the black bowl on the plate, then put the wine bottle on the rack, then turn on the stove, and finally put the cream cheese box in the basket.	on(akita_black_bowl_1, plate_1); on(wine_bottle_1, wine_rack_1_top_region); turnon(flat_stove_1); in(cream_cheese_1, basket_1_contain_region)	libero_goal_with_robot_left_basket	One basket is added at the exact robot-left donor coordinate used by LIBERO basket scenes. | A learned cream-cheese-to-basket primitive is composed with compatible Goal clique (1, 2, 7). | Goal component 4 is excluded because it assigns the same cream cheese to a conflicting final destination. | Object identity has its own original LIBERO-Object pick-to-basket trajectory; its pose in the composite scene may differ.	5	7	comparison_png/COMPOSE_292__put_the_black_bowl_on_the_plate_then_put_the_wine_bottle_on_the_rack_then_turn_on_the_stove_and_finally_put_the_cream_cheese_box_in_the_basket.png	tasks/compose_292__put_the_black_bowl_on_the_plate_then_put_the_wine_bottle_on_the_rack_then_turn_on_the_stove_and_finally_put_the_cream_cheese_box_in_the_basket	composition|05a0f4aa6ec2927b002a80c1e016371d3df5a67f5230599b7ae1e58a54662be9|frozenset({in(cream_cheese_1,basket_1_contain_region),on(akita_black_bowl_1,plate_1),on(wine_bottle_1,wine_rack_1_top_region),turnon(flat_stove_1)})
COMPOSE_293	X8_goal_plus_left_basket_4_task	4	true	false	libero_goal;libero_object	1;2;10;302	put_the_bowl_on_the_plate;put_the_wine_bottle_on_the_rack;open_the_middle_drawer_of_the_cabinet;pick_up_the_cream_cheese_and_place_it_in_the_basket	Put the bowl on the plate | Put the wine bottle on the rack | Open the middle layer of the drawer | Pick the cream cheese and place it in the basket	Put the black bowl on the plate, then put the wine bottle on the rack, then open the middle drawer of the cabinet, and finally put the cream cheese box in the basket.	on(akita_black_bowl_1, plate_1); on(wine_bottle_1, wine_rack_1_top_region); open(wooden_cabinet_1_middle_region); in(cream_cheese_1, basket_1_contain_region)	libero_goal_with_robot_left_basket	One basket is added at the exact robot-left donor coordinate used by LIBERO basket scenes. | A learned cream-cheese-to-basket primitive is composed with compatible Goal clique (1, 2, 10). | Goal component 4 is excluded because it assigns the same cream cheese to a conflicting final destination. | Object identity has its own original LIBERO-Object pick-to-basket trajectory; its pose in the composite scene may differ.	5	7	comparison_png/COMPOSE_293__put_the_black_bowl_on_the_plate_then_put_the_wine_bottle_on_the_rack_then_open_the_middle_drawer_of_the_cabinet_and_finally_put_the_cream_cheese_box_i.png	tasks/compose_293__put_the_black_bowl_on_the_plate_then_put_the_wine_bottle_on_the_rack_then_open_the_middle_drawer_of_the_cabinet_and_finally_put_the_cream_cheese_box_i	composition|05a0f4aa6ec2927b002a80c1e016371d3df5a67f5230599b7ae1e58a54662be9|frozenset({in(cream_cheese_1,basket_1_contain_region),on(akita_black_bowl_1,plate_1),on(wine_bottle_1,wine_rack_1_top_region),open(wooden_cabinet_1_middle_region)})
COMPOSE_294	X8_goal_plus_left_basket_4_task	4	true	false	libero_goal;libero_object	1;5;6;302	put_the_bowl_on_the_plate;put_the_wine_bottle_on_top_of_the_cabinet;push_the_plate_to_the_front_of_the_stove;pick_up_the_cream_cheese_and_place_it_in_the_basket	Put the bowl on the plate | Put the wine bottle on the top of the drawer | Push the plate to the front of the stove | Pick the cream cheese and place it in the basket	Put the black bowl on the plate, then put the wine bottle on top of the cabinet, then push the plate to the front of the stove, and finally put the cream cheese box in the basket.	on(akita_black_bowl_1, plate_1); on(wine_bottle_1, wooden_cabinet_1_top_side); on(plate_1, main_table_stove_front_region); in(cream_cheese_1, basket_1_contain_region)	libero_goal_with_robot_left_basket	One basket is added at the exact robot-left donor coordinate used by LIBERO basket scenes. | A learned cream-cheese-to-basket primitive is composed with compatible Goal clique (1, 5, 6). | Goal component 4 is excluded because it assigns the same cream cheese to a conflicting final destination. | Object identity has its own original LIBERO-Object pick-to-basket trajectory; its pose in the composite scene may differ.	5	8	comparison_png/COMPOSE_294__put_the_black_bowl_on_the_plate_then_put_the_wine_bottle_on_top_of_the_cabinet_then_push_the_plate_to_the_front_of_the_stove_and_finally_put_the_cream.png	tasks/compose_294__put_the_black_bowl_on_the_plate_then_put_the_wine_bottle_on_top_of_the_cabinet_then_push_the_plate_to_the_front_of_the_stove_and_finally_put_the_cream	composition|05a0f4aa6ec2927b002a80c1e016371d3df5a67f5230599b7ae1e58a54662be9|frozenset({in(cream_cheese_1,basket_1_contain_region),on(akita_black_bowl_1,plate_1),on(plate_1,main_table_stove_front_region),on(wine_bottle_1,wooden_cabinet_1_top_side)})
COMPOSE_295	X8_goal_plus_left_basket_4_task	4	true	false	libero_goal;libero_object	1;5;7;302	put_the_bowl_on_the_plate;put_the_wine_bottle_on_top_of_the_cabinet;turn_on_the_stove;pick_up_the_cream_cheese_and_place_it_in_the_basket	Put the bowl on the plate | Put the wine bottle on the top of the drawer | Turn on the stove | Pick the cream cheese and place it in the basket	Put the black bowl on the plate, then put the wine bottle on top of the cabinet, then turn on the stove, and finally put the cream cheese box in the basket.	on(akita_black_bowl_1, plate_1); on(wine_bottle_1, wooden_cabinet_1_top_side); turnon(flat_stove_1); in(cream_cheese_1, basket_1_contain_region)	libero_goal_with_robot_left_basket	One basket is added at the exact robot-left donor coordinate used by LIBERO basket scenes. | A learned cream-cheese-to-basket primitive is composed with compatible Goal clique (1, 5, 7). | Goal component 4 is excluded because it assigns the same cream cheese to a conflicting final destination. | Object identity has its own original LIBERO-Object pick-to-basket trajectory; its pose in the composite scene may differ.	5	7	comparison_png/COMPOSE_295__put_the_black_bowl_on_the_plate_then_put_the_wine_bottle_on_top_of_the_cabinet_then_turn_on_the_stove_and_finally_put_the_cream_cheese_box_in_the_bask.png	tasks/compose_295__put_the_black_bowl_on_the_plate_then_put_the_wine_bottle_on_top_of_the_cabinet_then_turn_on_the_stove_and_finally_put_the_cream_cheese_box_in_the_bask	composition|05a0f4aa6ec2927b002a80c1e016371d3df5a67f5230599b7ae1e58a54662be9|frozenset({in(cream_cheese_1,basket_1_contain_region),on(akita_black_bowl_1,plate_1),on(wine_bottle_1,wooden_cabinet_1_top_side),turnon(flat_stove_1)})
COMPOSE_296	X8_goal_plus_left_basket_4_task	4	true	false	libero_goal;libero_object	1;5;10;302	put_the_bowl_on_the_plate;put_the_wine_bottle_on_top_of_the_cabinet;open_the_middle_drawer_of_the_cabinet;pick_up_the_cream_cheese_and_place_it_in_the_basket	Put the bowl on the plate | Put the wine bottle on the top of the drawer | Open the middle layer of the drawer | Pick the cream cheese and place it in the basket	Put the black bowl on the plate, then put the wine bottle on top of the cabinet, then open the middle drawer of the cabinet, and finally put the cream cheese box in the basket.	on(akita_black_bowl_1, plate_1); on(wine_bottle_1, wooden_cabinet_1_top_side); open(wooden_cabinet_1_middle_region); in(cream_cheese_1, basket_1_contain_region)	libero_goal_with_robot_left_basket	One basket is added at the exact robot-left donor coordinate used by LIBERO basket scenes. | A learned cream-cheese-to-basket primitive is composed with compatible Goal clique (1, 5, 10). | Goal component 4 is excluded because it assigns the same cream cheese to a conflicting final destination. | Object identity has its own original LIBERO-Object pick-to-basket trajectory; its pose in the composite scene may differ.	5	7	comparison_png/COMPOSE_296__put_the_black_bowl_on_the_plate_then_put_the_wine_bottle_on_top_of_the_cabinet_then_open_the_middle_drawer_of_the_cabinet_and_finally_put_the_cream_ch.png	tasks/compose_296__put_the_black_bowl_on_the_plate_then_put_the_wine_bottle_on_top_of_the_cabinet_then_open_the_middle_drawer_of_the_cabinet_and_finally_put_the_cream_ch	composition|05a0f4aa6ec2927b002a80c1e016371d3df5a67f5230599b7ae1e58a54662be9|frozenset({in(cream_cheese_1,basket_1_contain_region),on(akita_black_bowl_1,plate_1),on(wine_bottle_1,wooden_cabinet_1_top_side),open(wooden_cabinet_1_middle_region)})
COMPOSE_297	X8_goal_plus_left_basket_4_task	4	true	false	libero_goal;libero_object	1;6;7;302	put_the_bowl_on_the_plate;push_the_plate_to_the_front_of_the_stove;turn_on_the_stove;pick_up_the_cream_cheese_and_place_it_in_the_basket	Put the bowl on the plate | Push the plate to the front of the stove | Turn on the stove | Pick the cream cheese and place it in the basket	Put the black bowl on the plate, then push the plate to the front of the stove, then turn on the stove, and finally put the cream cheese box in the basket.	on(akita_black_bowl_1, plate_1); on(plate_1, main_table_stove_front_region); turnon(flat_stove_1); in(cream_cheese_1, basket_1_contain_region)	libero_goal_with_robot_left_basket	One basket is added at the exact robot-left donor coordinate used by LIBERO basket scenes. | A learned cream-cheese-to-basket primitive is composed with compatible Goal clique (1, 6, 7). | Goal component 4 is excluded because it assigns the same cream cheese to a conflicting final destination. | Object identity has its own original LIBERO-Object pick-to-basket trajectory; its pose in the composite scene may differ.	5	7	comparison_png/COMPOSE_297__put_the_black_bowl_on_the_plate_then_push_the_plate_to_the_front_of_the_stove_then_turn_on_the_stove_and_finally_put_the_cream_cheese_box_in_the_baske.png	tasks/compose_297__put_the_black_bowl_on_the_plate_then_push_the_plate_to_the_front_of_the_stove_then_turn_on_the_stove_and_finally_put_the_cream_cheese_box_in_the_baske	composition|05a0f4aa6ec2927b002a80c1e016371d3df5a67f5230599b7ae1e58a54662be9|frozenset({in(cream_cheese_1,basket_1_contain_region),on(akita_black_bowl_1,plate_1),on(plate_1,main_table_stove_front_region),turnon(flat_stove_1)})
COMPOSE_298	X8_goal_plus_left_basket_4_task	4	true	false	libero_goal;libero_object	1;6;10;302	put_the_bowl_on_the_plate;push_the_plate_to_the_front_of_the_stove;open_the_middle_drawer_of_the_cabinet;pick_up_the_cream_cheese_and_place_it_in_the_basket	Put the bowl on the plate | Push the plate to the front of the stove | Open the middle layer of the drawer | Pick the cream cheese and place it in the basket	Put the black bowl on the plate, then push the plate to the front of the stove, then open the middle drawer of the cabinet, and finally put the cream cheese box in the basket.	on(akita_black_bowl_1, plate_1); on(plate_1, main_table_stove_front_region); open(wooden_cabinet_1_middle_region); in(cream_cheese_1, basket_1_contain_region)	libero_goal_with_robot_left_basket	One basket is added at the exact robot-left donor coordinate used by LIBERO basket scenes. | A learned cream-cheese-to-basket primitive is composed with compatible Goal clique (1, 6, 10). | Goal component 4 is excluded because it assigns the same cream cheese to a conflicting final destination. | Object identity has its own original LIBERO-Object pick-to-basket trajectory; its pose in the composite scene may differ.	5	7	comparison_png/COMPOSE_298__put_the_black_bowl_on_the_plate_then_push_the_plate_to_the_front_of_the_stove_then_open_the_middle_drawer_of_the_cabinet_and_finally_put_the_cream_che.png	tasks/compose_298__put_the_black_bowl_on_the_plate_then_push_the_plate_to_the_front_of_the_stove_then_open_the_middle_drawer_of_the_cabinet_and_finally_put_the_cream_che	composition|05a0f4aa6ec2927b002a80c1e016371d3df5a67f5230599b7ae1e58a54662be9|frozenset({in(cream_cheese_1,basket_1_contain_region),on(akita_black_bowl_1,plate_1),on(plate_1,main_table_stove_front_region),open(wooden_cabinet_1_middle_region)})
COMPOSE_299	X8_goal_plus_left_basket_4_task	4	true	false	libero_goal;libero_object	1;7;10;302	put_the_bowl_on_the_plate;turn_on_the_stove;open_the_middle_drawer_of_the_cabinet;pick_up_the_cream_cheese_and_place_it_in_the_basket	Put the bowl on the plate | Turn on the stove | Open the middle layer of the drawer | Pick the cream cheese and place it in the basket	Put the black bowl on the plate, then turn on the stove, then open the middle drawer of the cabinet, and finally put the cream cheese box in the basket.	on(akita_black_bowl_1, plate_1); turnon(flat_stove_1); open(wooden_cabinet_1_middle_region); in(cream_cheese_1, basket_1_contain_region)	libero_goal_with_robot_left_basket	One basket is added at the exact robot-left donor coordinate used by LIBERO basket scenes. | A learned cream-cheese-to-basket primitive is composed with compatible Goal clique (1, 7, 10). | Goal component 4 is excluded because it assigns the same cream cheese to a conflicting final destination. | Object identity has its own original LIBERO-Object pick-to-basket trajectory; its pose in the composite scene may differ.	5	6	comparison_png/COMPOSE_299__put_the_black_bowl_on_the_plate_then_turn_on_the_stove_then_open_the_middle_drawer_of_the_cabinet_and_finally_put_the_cream_cheese_box_in_the_basket.png	tasks/compose_299__put_the_black_bowl_on_the_plate_then_turn_on_the_stove_then_open_the_middle_drawer_of_the_cabinet_and_finally_put_the_cream_cheese_box_in_the_basket	composition|05a0f4aa6ec2927b002a80c1e016371d3df5a67f5230599b7ae1e58a54662be9|frozenset({in(cream_cheese_1,basket_1_contain_region),on(akita_black_bowl_1,plate_1),open(wooden_cabinet_1_middle_region),turnon(flat_stove_1)})
COMPOSE_300	X8_goal_plus_left_basket_4_task	4	true	false	libero_goal;libero_object	2;6;3;302	put_the_wine_bottle_on_the_rack;push_the_plate_to_the_front_of_the_stove;open_the_top_drawer_and_put_the_bowl_inside;pick_up_the_cream_cheese_and_place_it_in_the_basket	Put the wine bottle on the rack | Push the plate to the front of the stove | Open the top layer of the drawer and put the bowl inside | Pick the cream cheese and place it in the basket	Put the wine bottle on the rack, then push the plate to the front of the stove, then open the top drawer and put the black bowl inside, and finally put the cream cheese box in the basket.	on(wine_bottle_1, wine_rack_1_top_region); on(plate_1, main_table_stove_front_region); in(akita_black_bowl_1, wooden_cabinet_1_top_region); in(cream_cheese_1, basket_1_contain_region)	libero_goal_with_robot_left_basket	One basket is added at the exact robot-left donor coordinate used by LIBERO basket scenes. | A learned cream-cheese-to-basket primitive is composed with compatible Goal clique (2, 3, 6). | Goal component 4 is excluded because it assigns the same cream cheese to a conflicting final destination. | Object identity has its own original LIBERO-Object pick-to-basket trajectory; its pose in the composite scene may differ.	5	9	comparison_png/COMPOSE_300__put_the_wine_bottle_on_the_rack_then_push_the_plate_to_the_front_of_the_stove_then_open_the_top_drawer_and_put_the_black_bowl_inside_and_finally_put_t.png	tasks/compose_300__put_the_wine_bottle_on_the_rack_then_push_the_plate_to_the_front_of_the_stove_then_open_the_top_drawer_and_put_the_black_bowl_inside_and_finally_put_t	composition|05a0f4aa6ec2927b002a80c1e016371d3df5a67f5230599b7ae1e58a54662be9|frozenset({in(akita_black_bowl_1,wooden_cabinet_1_top_region),in(cream_cheese_1,basket_1_contain_region),on(plate_1,main_table_stove_front_region),on(wine_bottle_1,wine_rack_1_top_region)})
COMPOSE_301	X8_goal_plus_left_basket_4_task	4	true	false	libero_goal;libero_object	2;7;3;302	put_the_wine_bottle_on_the_rack;turn_on_the_stove;open_the_top_drawer_and_put_the_bowl_inside;pick_up_the_cream_cheese_and_place_it_in_the_basket	Put the wine bottle on the rack | Turn on the stove | Open the top layer of the drawer and put the bowl inside | Pick the cream cheese and place it in the basket	Put the wine bottle on the rack, then turn on the stove, then open the top drawer and put the black bowl inside, and finally put the cream cheese box in the basket.	on(wine_bottle_1, wine_rack_1_top_region); turnon(flat_stove_1); in(akita_black_bowl_1, wooden_cabinet_1_top_region); in(cream_cheese_1, basket_1_contain_region)	libero_goal_with_robot_left_basket	One basket is added at the exact robot-left donor coordinate used by LIBERO basket scenes. | A learned cream-cheese-to-basket primitive is composed with compatible Goal clique (2, 3, 7). | Goal component 4 is excluded because it assigns the same cream cheese to a conflicting final destination. | Object identity has its own original LIBERO-Object pick-to-basket trajectory; its pose in the composite scene may differ.	5	8	comparison_png/COMPOSE_301__put_the_wine_bottle_on_the_rack_then_turn_on_the_stove_then_open_the_top_drawer_and_put_the_black_bowl_inside_and_finally_put_the_cream_cheese_box_in.png	tasks/compose_301__put_the_wine_bottle_on_the_rack_then_turn_on_the_stove_then_open_the_top_drawer_and_put_the_black_bowl_inside_and_finally_put_the_cream_cheese_box_in	composition|05a0f4aa6ec2927b002a80c1e016371d3df5a67f5230599b7ae1e58a54662be9|frozenset({in(akita_black_bowl_1,wooden_cabinet_1_top_region),in(cream_cheese_1,basket_1_contain_region),on(wine_bottle_1,wine_rack_1_top_region),turnon(flat_stove_1)})
COMPOSE_302	X8_goal_plus_left_basket_4_task	4	true	false	libero_goal;libero_object	2;10;3;302	put_the_wine_bottle_on_the_rack;open_the_middle_drawer_of_the_cabinet;open_the_top_drawer_and_put_the_bowl_inside;pick_up_the_cream_cheese_and_place_it_in_the_basket	Put the wine bottle on the rack | Open the middle layer of the drawer | Open the top layer of the drawer and put the bowl inside | Pick the cream cheese and place it in the basket	Put the wine bottle on the rack, then open the middle drawer of the cabinet, then open the top drawer and put the black bowl inside, and finally put the cream cheese box in the basket.	on(wine_bottle_1, wine_rack_1_top_region); open(wooden_cabinet_1_middle_region); in(akita_black_bowl_1, wooden_cabinet_1_top_region); in(cream_cheese_1, basket_1_contain_region)	libero_goal_with_robot_left_basket	One basket is added at the exact robot-left donor coordinate used by LIBERO basket scenes. | A learned cream-cheese-to-basket primitive is composed with compatible Goal clique (2, 3, 10). | Goal component 4 is excluded because it assigns the same cream cheese to a conflicting final destination. | Object identity has its own original LIBERO-Object pick-to-basket trajectory; its pose in the composite scene may differ.	5	8	comparison_png/COMPOSE_302__put_the_wine_bottle_on_the_rack_then_open_the_middle_drawer_of_the_cabinet_then_open_the_top_drawer_and_put_the_black_bowl_inside_and_finally_put_the.png	tasks/compose_302__put_the_wine_bottle_on_the_rack_then_open_the_middle_drawer_of_the_cabinet_then_open_the_top_drawer_and_put_the_black_bowl_inside_and_finally_put_the	composition|05a0f4aa6ec2927b002a80c1e016371d3df5a67f5230599b7ae1e58a54662be9|frozenset({in(akita_black_bowl_1,wooden_cabinet_1_top_region),in(cream_cheese_1,basket_1_contain_region),on(wine_bottle_1,wine_rack_1_top_region),open(wooden_cabinet_1_middle_region)})
COMPOSE_303	X8_goal_plus_left_basket_4_task	4	true	false	libero_goal;libero_object	2;6;7;302	put_the_wine_bottle_on_the_rack;push_the_plate_to_the_front_of_the_stove;turn_on_the_stove;pick_up_the_cream_cheese_and_place_it_in_the_basket	Put the wine bottle on the rack | Push the plate to the front of the stove | Turn on the stove | Pick the cream cheese and place it in the basket	Put the wine bottle on the rack, then push the plate to the front of the stove, then turn on the stove, and finally put the cream cheese box in the basket.	on(wine_bottle_1, wine_rack_1_top_region); on(plate_1, main_table_stove_front_region); turnon(flat_stove_1); in(cream_cheese_1, basket_1_contain_region)	libero_goal_with_robot_left_basket	One basket is added at the exact robot-left donor coordinate used by LIBERO basket scenes. | A learned cream-cheese-to-basket primitive is composed with compatible Goal clique (2, 6, 7). | Goal component 4 is excluded because it assigns the same cream cheese to a conflicting final destination. | Object identity has its own original LIBERO-Object pick-to-basket trajectory; its pose in the composite scene may differ.	5	7	comparison_png/COMPOSE_303__put_the_wine_bottle_on_the_rack_then_push_the_plate_to_the_front_of_the_stove_then_turn_on_the_stove_and_finally_put_the_cream_cheese_box_in_the_baske.png	tasks/compose_303__put_the_wine_bottle_on_the_rack_then_push_the_plate_to_the_front_of_the_stove_then_turn_on_the_stove_and_finally_put_the_cream_cheese_box_in_the_baske	composition|05a0f4aa6ec2927b002a80c1e016371d3df5a67f5230599b7ae1e58a54662be9|frozenset({in(cream_cheese_1,basket_1_contain_region),on(plate_1,main_table_stove_front_region),on(wine_bottle_1,wine_rack_1_top_region),turnon(flat_stove_1)})
COMPOSE_304	X8_goal_plus_left_basket_4_task	4	true	false	libero_goal;libero_object	2;6;8;302	put_the_wine_bottle_on_the_rack;push_the_plate_to_the_front_of_the_stove;put_the_bowl_on_the_stove;pick_up_the_cream_cheese_and_place_it_in_the_basket	Put the wine bottle on the rack | Push the plate to the front of the stove | Put the bowl on the stove | Pick the cream cheese and place it in the basket	Put the wine bottle on the rack, then push the plate to the front of the stove, then put the black bowl on the stove, and finally put the cream cheese box in the basket.	on(wine_bottle_1, wine_rack_1_top_region); on(plate_1, main_table_stove_front_region); on(akita_black_bowl_1, flat_stove_1_cook_region); in(cream_cheese_1, basket_1_contain_region)	libero_goal_with_robot_left_basket	One basket is added at the exact robot-left donor coordinate used by LIBERO basket scenes. | A learned cream-cheese-to-basket primitive is composed with compatible Goal clique (2, 6, 8). | Goal component 4 is excluded because it assigns the same cream cheese to a conflicting final destination. | Object identity has its own original LIBERO-Object pick-to-basket trajectory; its pose in the composite scene may differ.	5	8	comparison_png/COMPOSE_304__put_the_wine_bottle_on_the_rack_then_push_the_plate_to_the_front_of_the_stove_then_put_the_black_bowl_on_the_stove_and_finally_put_the_cream_cheese_bo.png	tasks/compose_304__put_the_wine_bottle_on_the_rack_then_push_the_plate_to_the_front_of_the_stove_then_put_the_black_bowl_on_the_stove_and_finally_put_the_cream_cheese_bo	composition|05a0f4aa6ec2927b002a80c1e016371d3df5a67f5230599b7ae1e58a54662be9|frozenset({in(cream_cheese_1,basket_1_contain_region),on(akita_black_bowl_1,flat_stove_1_cook_region),on(plate_1,main_table_stove_front_region),on(wine_bottle_1,wine_rack_1_top_region)})
COMPOSE_305	X8_goal_plus_left_basket_4_task	4	true	false	libero_goal;libero_object	2;6;9;302	put_the_wine_bottle_on_the_rack;push_the_plate_to_the_front_of_the_stove;put_the_bowl_on_top_of_the_cabinet;pick_up_the_cream_cheese_and_place_it_in_the_basket	Put the wine bottle on the rack | Push the plate to the front of the stove | Put the bowl on the top of the drawer | Pick the cream cheese and place it in the basket	Put the wine bottle on the rack, then push the plate to the front of the stove, then put the black bowl on top of the cabinet, and finally put the cream cheese box in the basket.	on(wine_bottle_1, wine_rack_1_top_region); on(plate_1, main_table_stove_front_region); on(akita_black_bowl_1, wooden_cabinet_1_top_side); in(cream_cheese_1, basket_1_contain_region)	libero_goal_with_robot_left_basket	One basket is added at the exact robot-left donor coordinate used by LIBERO basket scenes. | A learned cream-cheese-to-basket primitive is composed with compatible Goal clique (2, 6, 9). | Goal component 4 is excluded because it assigns the same cream cheese to a conflicting final destination. | Object identity has its own original LIBERO-Object pick-to-basket trajectory; its pose in the composite scene may differ.	5	8	comparison_png/COMPOSE_305__put_the_wine_bottle_on_the_rack_then_push_the_plate_to_the_front_of_the_stove_then_put_the_black_bowl_on_top_of_the_cabinet_and_finally_put_the_cream.png	tasks/compose_305__put_the_wine_bottle_on_the_rack_then_push_the_plate_to_the_front_of_the_stove_then_put_the_black_bowl_on_top_of_the_cabinet_and_finally_put_the_cream	composition|05a0f4aa6ec2927b002a80c1e016371d3df5a67f5230599b7ae1e58a54662be9|frozenset({in(cream_cheese_1,basket_1_contain_region),on(akita_black_bowl_1,wooden_cabinet_1_top_side),on(plate_1,main_table_stove_front_region),on(wine_bottle_1,wine_rack_1_top_region)})
COMPOSE_306	X8_goal_plus_left_basket_4_task	4	true	false	libero_goal;libero_object	2;6;10;302	put_the_wine_bottle_on_the_rack;push_the_plate_to_the_front_of_the_stove;open_the_middle_drawer_of_the_cabinet;pick_up_the_cream_cheese_and_place_it_in_the_basket	Put the wine bottle on the rack | Push the plate to the front of the stove | Open the middle layer of the drawer | Pick the cream cheese and place it in the basket	Put the wine bottle on the rack, then push the plate to the front of the stove, then open the middle drawer of the cabinet, and finally put the cream cheese box in the basket.	on(wine_bottle_1, wine_rack_1_top_region); on(plate_1, main_table_stove_front_region); open(wooden_cabinet_1_middle_region); in(cream_cheese_1, basket_1_contain_region)	libero_goal_with_robot_left_basket	One basket is added at the exact robot-left donor coordinate used by LIBERO basket scenes. | A learned cream-cheese-to-basket primitive is composed with compatible Goal clique (2, 6, 10). | Goal component 4 is excluded because it assigns the same cream cheese to a conflicting final destination. | Object identity has its own original LIBERO-Object pick-to-basket trajectory; its pose in the composite scene may differ.	5	7	comparison_png/COMPOSE_306__put_the_wine_bottle_on_the_rack_then_push_the_plate_to_the_front_of_the_stove_then_open_the_middle_drawer_of_the_cabinet_and_finally_put_the_cream_che.png	tasks/compose_306__put_the_wine_bottle_on_the_rack_then_push_the_plate_to_the_front_of_the_stove_then_open_the_middle_drawer_of_the_cabinet_and_finally_put_the_cream_che	composition|05a0f4aa6ec2927b002a80c1e016371d3df5a67f5230599b7ae1e58a54662be9|frozenset({in(cream_cheese_1,basket_1_contain_region),on(plate_1,main_table_stove_front_region),on(wine_bottle_1,wine_rack_1_top_region),open(wooden_cabinet_1_middle_region)})
COMPOSE_307	X8_goal_plus_left_basket_4_task	4	true	false	libero_goal;libero_object	2;7;8;302	put_the_wine_bottle_on_the_rack;turn_on_the_stove;put_the_bowl_on_the_stove;pick_up_the_cream_cheese_and_place_it_in_the_basket	Put the wine bottle on the rack | Turn on the stove | Put the bowl on the stove | Pick the cream cheese and place it in the basket	Put the wine bottle on the rack, then turn on the stove, then put the black bowl on the stove, and finally put the cream cheese box in the basket.	on(wine_bottle_1, wine_rack_1_top_region); turnon(flat_stove_1); on(akita_black_bowl_1, flat_stove_1_cook_region); in(cream_cheese_1, basket_1_contain_region)	libero_goal_with_robot_left_basket	One basket is added at the exact robot-left donor coordinate used by LIBERO basket scenes. | A learned cream-cheese-to-basket primitive is composed with compatible Goal clique (2, 7, 8). | Goal component 4 is excluded because it assigns the same cream cheese to a conflicting final destination. | Object identity has its own original LIBERO-Object pick-to-basket trajectory; its pose in the composite scene may differ.	5	7	comparison_png/COMPOSE_307__put_the_wine_bottle_on_the_rack_then_turn_on_the_stove_then_put_the_black_bowl_on_the_stove_and_finally_put_the_cream_cheese_box_in_the_basket.png	tasks/compose_307__put_the_wine_bottle_on_the_rack_then_turn_on_the_stove_then_put_the_black_bowl_on_the_stove_and_finally_put_the_cream_cheese_box_in_the_basket	composition|05a0f4aa6ec2927b002a80c1e016371d3df5a67f5230599b7ae1e58a54662be9|frozenset({in(cream_cheese_1,basket_1_contain_region),on(akita_black_bowl_1,flat_stove_1_cook_region),on(wine_bottle_1,wine_rack_1_top_region),turnon(flat_stove_1)})
COMPOSE_308	X8_goal_plus_left_basket_4_task	4	true	false	libero_goal;libero_object	2;7;9;302	put_the_wine_bottle_on_the_rack;turn_on_the_stove;put_the_bowl_on_top_of_the_cabinet;pick_up_the_cream_cheese_and_place_it_in_the_basket	Put the wine bottle on the rack | Turn on the stove | Put the bowl on the top of the drawer | Pick the cream cheese and place it in the basket	Put the wine bottle on the rack, then turn on the stove, then put the black bowl on top of the cabinet, and finally put the cream cheese box in the basket.	on(wine_bottle_1, wine_rack_1_top_region); turnon(flat_stove_1); on(akita_black_bowl_1, wooden_cabinet_1_top_side); in(cream_cheese_1, basket_1_contain_region)	libero_goal_with_robot_left_basket	One basket is added at the exact robot-left donor coordinate used by LIBERO basket scenes. | A learned cream-cheese-to-basket primitive is composed with compatible Goal clique (2, 7, 9). | Goal component 4 is excluded because it assigns the same cream cheese to a conflicting final destination. | Object identity has its own original LIBERO-Object pick-to-basket trajectory; its pose in the composite scene may differ.	5	7	comparison_png/COMPOSE_308__put_the_wine_bottle_on_the_rack_then_turn_on_the_stove_then_put_the_black_bowl_on_top_of_the_cabinet_and_finally_put_the_cream_cheese_box_in_the_baske.png	tasks/compose_308__put_the_wine_bottle_on_the_rack_then_turn_on_the_stove_then_put_the_black_bowl_on_top_of_the_cabinet_and_finally_put_the_cream_cheese_box_in_the_baske	composition|05a0f4aa6ec2927b002a80c1e016371d3df5a67f5230599b7ae1e58a54662be9|frozenset({in(cream_cheese_1,basket_1_contain_region),on(akita_black_bowl_1,wooden_cabinet_1_top_side),on(wine_bottle_1,wine_rack_1_top_region),turnon(flat_stove_1)})
COMPOSE_309	X8_goal_plus_left_basket_4_task	4	true	false	libero_goal;libero_object	2;7;10;302	put_the_wine_bottle_on_the_rack;turn_on_the_stove;open_the_middle_drawer_of_the_cabinet;pick_up_the_cream_cheese_and_place_it_in_the_basket	Put the wine bottle on the rack | Turn on the stove | Open the middle layer of the drawer | Pick the cream cheese and place it in the basket	Put the wine bottle on the rack, then turn on the stove, then open the middle drawer of the cabinet, and finally put the cream cheese box in the basket.	on(wine_bottle_1, wine_rack_1_top_region); turnon(flat_stove_1); open(wooden_cabinet_1_middle_region); in(cream_cheese_1, basket_1_contain_region)	libero_goal_with_robot_left_basket	One basket is added at the exact robot-left donor coordinate used by LIBERO basket scenes. | A learned cream-cheese-to-basket primitive is composed with compatible Goal clique (2, 7, 10). | Goal component 4 is excluded because it assigns the same cream cheese to a conflicting final destination. | Object identity has its own original LIBERO-Object pick-to-basket trajectory; its pose in the composite scene may differ.	5	6	comparison_png/COMPOSE_309__put_the_wine_bottle_on_the_rack_then_turn_on_the_stove_then_open_the_middle_drawer_of_the_cabinet_and_finally_put_the_cream_cheese_box_in_the_basket.png	tasks/compose_309__put_the_wine_bottle_on_the_rack_then_turn_on_the_stove_then_open_the_middle_drawer_of_the_cabinet_and_finally_put_the_cream_cheese_box_in_the_basket	composition|05a0f4aa6ec2927b002a80c1e016371d3df5a67f5230599b7ae1e58a54662be9|frozenset({in(cream_cheese_1,basket_1_contain_region),on(wine_bottle_1,wine_rack_1_top_region),open(wooden_cabinet_1_middle_region),turnon(flat_stove_1)})
COMPOSE_310	X8_goal_plus_left_basket_4_task	4	true	false	libero_goal;libero_object	2;10;8;302	put_the_wine_bottle_on_the_rack;open_the_middle_drawer_of_the_cabinet;put_the_bowl_on_the_stove;pick_up_the_cream_cheese_and_place_it_in_the_basket	Put the wine bottle on the rack | Open the middle layer of the drawer | Put the bowl on the stove | Pick the cream cheese and place it in the basket	Put the wine bottle on the rack, then open the middle drawer of the cabinet, then put the black bowl on the stove, and finally put the cream cheese box in the basket.	on(wine_bottle_1, wine_rack_1_top_region); open(wooden_cabinet_1_middle_region); on(akita_black_bowl_1, flat_stove_1_cook_region); in(cream_cheese_1, basket_1_contain_region)	libero_goal_with_robot_left_basket	One basket is added at the exact robot-left donor coordinate used by LIBERO basket scenes. | A learned cream-cheese-to-basket primitive is composed with compatible Goal clique (2, 8, 10). | Goal component 4 is excluded because it assigns the same cream cheese to a conflicting final destination. | Object identity has its own original LIBERO-Object pick-to-basket trajectory; its pose in the composite scene may differ.	5	7	comparison_png/COMPOSE_310__put_the_wine_bottle_on_the_rack_then_open_the_middle_drawer_of_the_cabinet_then_put_the_black_bowl_on_the_stove_and_finally_put_the_cream_cheese_box_i.png	tasks/compose_310__put_the_wine_bottle_on_the_rack_then_open_the_middle_drawer_of_the_cabinet_then_put_the_black_bowl_on_the_stove_and_finally_put_the_cream_cheese_box_i	composition|05a0f4aa6ec2927b002a80c1e016371d3df5a67f5230599b7ae1e58a54662be9|frozenset({in(cream_cheese_1,basket_1_contain_region),on(akita_black_bowl_1,flat_stove_1_cook_region),on(wine_bottle_1,wine_rack_1_top_region),open(wooden_cabinet_1_middle_region)})
COMPOSE_311	X8_goal_plus_left_basket_4_task	4	true	false	libero_goal;libero_object	2;10;9;302	put_the_wine_bottle_on_the_rack;open_the_middle_drawer_of_the_cabinet;put_the_bowl_on_top_of_the_cabinet;pick_up_the_cream_cheese_and_place_it_in_the_basket	Put the wine bottle on the rack | Open the middle layer of the drawer | Put the bowl on the top of the drawer | Pick the cream cheese and place it in the basket	Put the wine bottle on the rack, then open the middle drawer of the cabinet, then put the black bowl on top of the cabinet, and finally put the cream cheese box in the basket.	on(wine_bottle_1, wine_rack_1_top_region); open(wooden_cabinet_1_middle_region); on(akita_black_bowl_1, wooden_cabinet_1_top_side); in(cream_cheese_1, basket_1_contain_region)	libero_goal_with_robot_left_basket	One basket is added at the exact robot-left donor coordinate used by LIBERO basket scenes. | A learned cream-cheese-to-basket primitive is composed with compatible Goal clique (2, 9, 10). | Goal component 4 is excluded because it assigns the same cream cheese to a conflicting final destination. | Object identity has its own original LIBERO-Object pick-to-basket trajectory; its pose in the composite scene may differ.	5	7	comparison_png/COMPOSE_311__put_the_wine_bottle_on_the_rack_then_open_the_middle_drawer_of_the_cabinet_then_put_the_black_bowl_on_top_of_the_cabinet_and_finally_put_the_cream_che.png	tasks/compose_311__put_the_wine_bottle_on_the_rack_then_open_the_middle_drawer_of_the_cabinet_then_put_the_black_bowl_on_top_of_the_cabinet_and_finally_put_the_cream_che	composition|05a0f4aa6ec2927b002a80c1e016371d3df5a67f5230599b7ae1e58a54662be9|frozenset({in(cream_cheese_1,basket_1_contain_region),on(akita_black_bowl_1,wooden_cabinet_1_top_side),on(wine_bottle_1,wine_rack_1_top_region),open(wooden_cabinet_1_middle_region)})
COMPOSE_312	X8_goal_plus_left_basket_4_task	4	true	false	libero_goal;libero_object	5;6;3;302	put_the_wine_bottle_on_top_of_the_cabinet;push_the_plate_to_the_front_of_the_stove;open_the_top_drawer_and_put_the_bowl_inside;pick_up_the_cream_cheese_and_place_it_in_the_basket	Put the wine bottle on the top of the drawer | Push the plate to the front of the stove | Open the top layer of the drawer and put the bowl inside | Pick the cream cheese and place it in the basket	Put the wine bottle on top of the cabinet, then push the plate to the front of the stove, then open the top drawer and put the black bowl inside, and finally put the cream cheese box in the basket.	on(wine_bottle_1, wooden_cabinet_1_top_side); on(plate_1, main_table_stove_front_region); in(akita_black_bowl_1, wooden_cabinet_1_top_region); in(cream_cheese_1, basket_1_contain_region)	libero_goal_with_robot_left_basket	One basket is added at the exact robot-left donor coordinate used by LIBERO basket scenes. | A learned cream-cheese-to-basket primitive is composed with compatible Goal clique (3, 5, 6). | Goal component 4 is excluded because it assigns the same cream cheese to a conflicting final destination. | Object identity has its own original LIBERO-Object pick-to-basket trajectory; its pose in the composite scene may differ.	5	9	comparison_png/COMPOSE_312__put_the_wine_bottle_on_top_of_the_cabinet_then_push_the_plate_to_the_front_of_the_stove_then_open_the_top_drawer_and_put_the_black_bowl_inside_and_fin.png	tasks/compose_312__put_the_wine_bottle_on_top_of_the_cabinet_then_push_the_plate_to_the_front_of_the_stove_then_open_the_top_drawer_and_put_the_black_bowl_inside_and_fin	composition|05a0f4aa6ec2927b002a80c1e016371d3df5a67f5230599b7ae1e58a54662be9|frozenset({in(akita_black_bowl_1,wooden_cabinet_1_top_region),in(cream_cheese_1,basket_1_contain_region),on(plate_1,main_table_stove_front_region),on(wine_bottle_1,wooden_cabinet_1_top_side)})
COMPOSE_313	X8_goal_plus_left_basket_4_task	4	true	false	libero_goal;libero_object	5;7;3;302	put_the_wine_bottle_on_top_of_the_cabinet;turn_on_the_stove;open_the_top_drawer_and_put_the_bowl_inside;pick_up_the_cream_cheese_and_place_it_in_the_basket	Put the wine bottle on the top of the drawer | Turn on the stove | Open the top layer of the drawer and put the bowl inside | Pick the cream cheese and place it in the basket	Put the wine bottle on top of the cabinet, then turn on the stove, then open the top drawer and put the black bowl inside, and finally put the cream cheese box in the basket.	on(wine_bottle_1, wooden_cabinet_1_top_side); turnon(flat_stove_1); in(akita_black_bowl_1, wooden_cabinet_1_top_region); in(cream_cheese_1, basket_1_contain_region)	libero_goal_with_robot_left_basket	One basket is added at the exact robot-left donor coordinate used by LIBERO basket scenes. | A learned cream-cheese-to-basket primitive is composed with compatible Goal clique (3, 5, 7). | Goal component 4 is excluded because it assigns the same cream cheese to a conflicting final destination. | Object identity has its own original LIBERO-Object pick-to-basket trajectory; its pose in the composite scene may differ.	5	8	comparison_png/COMPOSE_313__put_the_wine_bottle_on_top_of_the_cabinet_then_turn_on_the_stove_then_open_the_top_drawer_and_put_the_black_bowl_inside_and_finally_put_the_cream_chee.png	tasks/compose_313__put_the_wine_bottle_on_top_of_the_cabinet_then_turn_on_the_stove_then_open_the_top_drawer_and_put_the_black_bowl_inside_and_finally_put_the_cream_chee	composition|05a0f4aa6ec2927b002a80c1e016371d3df5a67f5230599b7ae1e58a54662be9|frozenset({in(akita_black_bowl_1,wooden_cabinet_1_top_region),in(cream_cheese_1,basket_1_contain_region),on(wine_bottle_1,wooden_cabinet_1_top_side),turnon(flat_stove_1)})
COMPOSE_314	X8_goal_plus_left_basket_4_task	4	true	false	libero_goal;libero_object	5;10;3;302	put_the_wine_bottle_on_top_of_the_cabinet;open_the_middle_drawer_of_the_cabinet;open_the_top_drawer_and_put_the_bowl_inside;pick_up_the_cream_cheese_and_place_it_in_the_basket	Put the wine bottle on the top of the drawer | Open the middle layer of the drawer | Open the top layer of the drawer and put the bowl inside | Pick the cream cheese and place it in the basket	Put the wine bottle on top of the cabinet, then open the middle drawer of the cabinet, then open the top drawer and put the black bowl inside, and finally put the cream cheese box in the basket.	on(wine_bottle_1, wooden_cabinet_1_top_side); open(wooden_cabinet_1_middle_region); in(akita_black_bowl_1, wooden_cabinet_1_top_region); in(cream_cheese_1, basket_1_contain_region)	libero_goal_with_robot_left_basket	One basket is added at the exact robot-left donor coordinate used by LIBERO basket scenes. | A learned cream-cheese-to-basket primitive is composed with compatible Goal clique (3, 5, 10). | Goal component 4 is excluded because it assigns the same cream cheese to a conflicting final destination. | Object identity has its own original LIBERO-Object pick-to-basket trajectory; its pose in the composite scene may differ.	5	8	comparison_png/COMPOSE_314__put_the_wine_bottle_on_top_of_the_cabinet_then_open_the_middle_drawer_of_the_cabinet_then_open_the_top_drawer_and_put_the_black_bowl_inside_and_finall.png	tasks/compose_314__put_the_wine_bottle_on_top_of_the_cabinet_then_open_the_middle_drawer_of_the_cabinet_then_open_the_top_drawer_and_put_the_black_bowl_inside_and_finall	composition|05a0f4aa6ec2927b002a80c1e016371d3df5a67f5230599b7ae1e58a54662be9|frozenset({in(akita_black_bowl_1,wooden_cabinet_1_top_region),in(cream_cheese_1,basket_1_contain_region),on(wine_bottle_1,wooden_cabinet_1_top_side),open(wooden_cabinet_1_middle_region)})
COMPOSE_315	X8_goal_plus_left_basket_4_task	4	true	false	libero_goal;libero_object	6;7;3;302	push_the_plate_to_the_front_of_the_stove;turn_on_the_stove;open_the_top_drawer_and_put_the_bowl_inside;pick_up_the_cream_cheese_and_place_it_in_the_basket	Push the plate to the front of the stove | Turn on the stove | Open the top layer of the drawer and put the bowl inside | Pick the cream cheese and place it in the basket	Push the plate to the front of the stove, then turn on the stove, then open the top drawer and put the black bowl inside, and finally put the cream cheese box in the basket.	on(plate_1, main_table_stove_front_region); turnon(flat_stove_1); in(akita_black_bowl_1, wooden_cabinet_1_top_region); in(cream_cheese_1, basket_1_contain_region)	libero_goal_with_robot_left_basket	One basket is added at the exact robot-left donor coordinate used by LIBERO basket scenes. | A learned cream-cheese-to-basket primitive is composed with compatible Goal clique (3, 6, 7). | Goal component 4 is excluded because it assigns the same cream cheese to a conflicting final destination. | Object identity has its own original LIBERO-Object pick-to-basket trajectory; its pose in the composite scene may differ.	5	8	comparison_png/COMPOSE_315__push_the_plate_to_the_front_of_the_stove_then_turn_on_the_stove_then_open_the_top_drawer_and_put_the_black_bowl_inside_and_finally_put_the_cream_chees.png	tasks/compose_315__push_the_plate_to_the_front_of_the_stove_then_turn_on_the_stove_then_open_the_top_drawer_and_put_the_black_bowl_inside_and_finally_put_the_cream_chees	composition|05a0f4aa6ec2927b002a80c1e016371d3df5a67f5230599b7ae1e58a54662be9|frozenset({in(akita_black_bowl_1,wooden_cabinet_1_top_region),in(cream_cheese_1,basket_1_contain_region),on(plate_1,main_table_stove_front_region),turnon(flat_stove_1)})
COMPOSE_316	X8_goal_plus_left_basket_4_task	4	true	false	libero_goal;libero_object	6;10;3;302	push_the_plate_to_the_front_of_the_stove;open_the_middle_drawer_of_the_cabinet;open_the_top_drawer_and_put_the_bowl_inside;pick_up_the_cream_cheese_and_place_it_in_the_basket	Push the plate to the front of the stove | Open the middle layer of the drawer | Open the top layer of the drawer and put the bowl inside | Pick the cream cheese and place it in the basket	Push the plate to the front of the stove, then open the middle drawer of the cabinet, then open the top drawer and put the black bowl inside, and finally put the cream cheese box in the basket.	on(plate_1, main_table_stove_front_region); open(wooden_cabinet_1_middle_region); in(akita_black_bowl_1, wooden_cabinet_1_top_region); in(cream_cheese_1, basket_1_contain_region)	libero_goal_with_robot_left_basket	One basket is added at the exact robot-left donor coordinate used by LIBERO basket scenes. | A learned cream-cheese-to-basket primitive is composed with compatible Goal clique (3, 6, 10). | Goal component 4 is excluded because it assigns the same cream cheese to a conflicting final destination. | Object identity has its own original LIBERO-Object pick-to-basket trajectory; its pose in the composite scene may differ.	5	8	comparison_png/COMPOSE_316__push_the_plate_to_the_front_of_the_stove_then_open_the_middle_drawer_of_the_cabinet_then_open_the_top_drawer_and_put_the_black_bowl_inside_and_finally.png	tasks/compose_316__push_the_plate_to_the_front_of_the_stove_then_open_the_middle_drawer_of_the_cabinet_then_open_the_top_drawer_and_put_the_black_bowl_inside_and_finally	composition|05a0f4aa6ec2927b002a80c1e016371d3df5a67f5230599b7ae1e58a54662be9|frozenset({in(akita_black_bowl_1,wooden_cabinet_1_top_region),in(cream_cheese_1,basket_1_contain_region),on(plate_1,main_table_stove_front_region),open(wooden_cabinet_1_middle_region)})
COMPOSE_317	X8_goal_plus_left_basket_4_task	4	true	false	libero_goal;libero_object	7;10;3;302	turn_on_the_stove;open_the_middle_drawer_of_the_cabinet;open_the_top_drawer_and_put_the_bowl_inside;pick_up_the_cream_cheese_and_place_it_in_the_basket	Turn on the stove | Open the middle layer of the drawer | Open the top layer of the drawer and put the bowl inside | Pick the cream cheese and place it in the basket	Turn on the stove, then open the middle drawer of the cabinet, then open the top drawer and put the black bowl inside, and finally put the cream cheese box in the basket.	turnon(flat_stove_1); open(wooden_cabinet_1_middle_region); in(akita_black_bowl_1, wooden_cabinet_1_top_region); in(cream_cheese_1, basket_1_contain_region)	libero_goal_with_robot_left_basket	One basket is added at the exact robot-left donor coordinate used by LIBERO basket scenes. | A learned cream-cheese-to-basket primitive is composed with compatible Goal clique (3, 7, 10). | Goal component 4 is excluded because it assigns the same cream cheese to a conflicting final destination. | Object identity has its own original LIBERO-Object pick-to-basket trajectory; its pose in the composite scene may differ.	5	7	comparison_png/COMPOSE_317__turn_on_the_stove_then_open_the_middle_drawer_of_the_cabinet_then_open_the_top_drawer_and_put_the_black_bowl_inside_and_finally_put_the_cream_cheese_b.png	tasks/compose_317__turn_on_the_stove_then_open_the_middle_drawer_of_the_cabinet_then_open_the_top_drawer_and_put_the_black_bowl_inside_and_finally_put_the_cream_cheese_b	composition|05a0f4aa6ec2927b002a80c1e016371d3df5a67f5230599b7ae1e58a54662be9|frozenset({in(akita_black_bowl_1,wooden_cabinet_1_top_region),in(cream_cheese_1,basket_1_contain_region),open(wooden_cabinet_1_middle_region),turnon(flat_stove_1)})
COMPOSE_318	X8_goal_plus_left_basket_4_task	4	true	false	libero_goal;libero_object	5;6;7;302	put_the_wine_bottle_on_top_of_the_cabinet;push_the_plate_to_the_front_of_the_stove;turn_on_the_stove;pick_up_the_cream_cheese_and_place_it_in_the_basket	Put the wine bottle on the top of the drawer | Push the plate to the front of the stove | Turn on the stove | Pick the cream cheese and place it in the basket	Put the wine bottle on top of the cabinet, then push the plate to the front of the stove, then turn on the stove, and finally put the cream cheese box in the basket.	on(wine_bottle_1, wooden_cabinet_1_top_side); on(plate_1, main_table_stove_front_region); turnon(flat_stove_1); in(cream_cheese_1, basket_1_contain_region)	libero_goal_with_robot_left_basket	One basket is added at the exact robot-left donor coordinate used by LIBERO basket scenes. | A learned cream-cheese-to-basket primitive is composed with compatible Goal clique (5, 6, 7). | Goal component 4 is excluded because it assigns the same cream cheese to a conflicting final destination. | Object identity has its own original LIBERO-Object pick-to-basket trajectory; its pose in the composite scene may differ.	5	7	comparison_png/COMPOSE_318__put_the_wine_bottle_on_top_of_the_cabinet_then_push_the_plate_to_the_front_of_the_stove_then_turn_on_the_stove_and_finally_put_the_cream_cheese_box_in.png	tasks/compose_318__put_the_wine_bottle_on_top_of_the_cabinet_then_push_the_plate_to_the_front_of_the_stove_then_turn_on_the_stove_and_finally_put_the_cream_cheese_box_in	composition|05a0f4aa6ec2927b002a80c1e016371d3df5a67f5230599b7ae1e58a54662be9|frozenset({in(cream_cheese_1,basket_1_contain_region),on(plate_1,main_table_stove_front_region),on(wine_bottle_1,wooden_cabinet_1_top_side),turnon(flat_stove_1)})
COMPOSE_319	X8_goal_plus_left_basket_4_task	4	true	false	libero_goal;libero_object	5;6;8;302	put_the_wine_bottle_on_top_of_the_cabinet;push_the_plate_to_the_front_of_the_stove;put_the_bowl_on_the_stove;pick_up_the_cream_cheese_and_place_it_in_the_basket	Put the wine bottle on the top of the drawer | Push the plate to the front of the stove | Put the bowl on the stove | Pick the cream cheese and place it in the basket	Put the wine bottle on top of the cabinet, then push the plate to the front of the stove, then put the black bowl on the stove, and finally put the cream cheese box in the basket.	on(wine_bottle_1, wooden_cabinet_1_top_side); on(plate_1, main_table_stove_front_region); on(akita_black_bowl_1, flat_stove_1_cook_region); in(cream_cheese_1, basket_1_contain_region)	libero_goal_with_robot_left_basket	One basket is added at the exact robot-left donor coordinate used by LIBERO basket scenes. | A learned cream-cheese-to-basket primitive is composed with compatible Goal clique (5, 6, 8). | Goal component 4 is excluded because it assigns the same cream cheese to a conflicting final destination. | Object identity has its own original LIBERO-Object pick-to-basket trajectory; its pose in the composite scene may differ.	5	8	comparison_png/COMPOSE_319__put_the_wine_bottle_on_top_of_the_cabinet_then_push_the_plate_to_the_front_of_the_stove_then_put_the_black_bowl_on_the_stove_and_finally_put_the_cream.png	tasks/compose_319__put_the_wine_bottle_on_top_of_the_cabinet_then_push_the_plate_to_the_front_of_the_stove_then_put_the_black_bowl_on_the_stove_and_finally_put_the_cream	composition|05a0f4aa6ec2927b002a80c1e016371d3df5a67f5230599b7ae1e58a54662be9|frozenset({in(cream_cheese_1,basket_1_contain_region),on(akita_black_bowl_1,flat_stove_1_cook_region),on(plate_1,main_table_stove_front_region),on(wine_bottle_1,wooden_cabinet_1_top_side)})
COMPOSE_320	X8_goal_plus_left_basket_4_task	4	true	false	libero_goal;libero_object	5;6;10;302	put_the_wine_bottle_on_top_of_the_cabinet;push_the_plate_to_the_front_of_the_stove;open_the_middle_drawer_of_the_cabinet;pick_up_the_cream_cheese_and_place_it_in_the_basket	Put the wine bottle on the top of the drawer | Push the plate to the front of the stove | Open the middle layer of the drawer | Pick the cream cheese and place it in the basket	Put the wine bottle on top of the cabinet, then push the plate to the front of the stove, then open the middle drawer of the cabinet, and finally put the cream cheese box in the basket.	on(wine_bottle_1, wooden_cabinet_1_top_side); on(plate_1, main_table_stove_front_region); open(wooden_cabinet_1_middle_region); in(cream_cheese_1, basket_1_contain_region)	libero_goal_with_robot_left_basket	One basket is added at the exact robot-left donor coordinate used by LIBERO basket scenes. | A learned cream-cheese-to-basket primitive is composed with compatible Goal clique (5, 6, 10). | Goal component 4 is excluded because it assigns the same cream cheese to a conflicting final destination. | Object identity has its own original LIBERO-Object pick-to-basket trajectory; its pose in the composite scene may differ.	5	7	comparison_png/COMPOSE_320__put_the_wine_bottle_on_top_of_the_cabinet_then_push_the_plate_to_the_front_of_the_stove_then_open_the_middle_drawer_of_the_cabinet_and_finally_put_the.png	tasks/compose_320__put_the_wine_bottle_on_top_of_the_cabinet_then_push_the_plate_to_the_front_of_the_stove_then_open_the_middle_drawer_of_the_cabinet_and_finally_put_the	composition|05a0f4aa6ec2927b002a80c1e016371d3df5a67f5230599b7ae1e58a54662be9|frozenset({in(cream_cheese_1,basket_1_contain_region),on(plate_1,main_table_stove_front_region),on(wine_bottle_1,wooden_cabinet_1_top_side),open(wooden_cabinet_1_middle_region)})
COMPOSE_321	X8_goal_plus_left_basket_4_task	4	true	false	libero_goal;libero_object	5;7;8;302	put_the_wine_bottle_on_top_of_the_cabinet;turn_on_the_stove;put_the_bowl_on_the_stove;pick_up_the_cream_cheese_and_place_it_in_the_basket	Put the wine bottle on the top of the drawer | Turn on the stove | Put the bowl on the stove | Pick the cream cheese and place it in the basket	Put the wine bottle on top of the cabinet, then turn on the stove, then put the black bowl on the stove, and finally put the cream cheese box in the basket.	on(wine_bottle_1, wooden_cabinet_1_top_side); turnon(flat_stove_1); on(akita_black_bowl_1, flat_stove_1_cook_region); in(cream_cheese_1, basket_1_contain_region)	libero_goal_with_robot_left_basket	One basket is added at the exact robot-left donor coordinate used by LIBERO basket scenes. | A learned cream-cheese-to-basket primitive is composed with compatible Goal clique (5, 7, 8). | Goal component 4 is excluded because it assigns the same cream cheese to a conflicting final destination. | Object identity has its own original LIBERO-Object pick-to-basket trajectory; its pose in the composite scene may differ.	5	7	comparison_png/COMPOSE_321__put_the_wine_bottle_on_top_of_the_cabinet_then_turn_on_the_stove_then_put_the_black_bowl_on_the_stove_and_finally_put_the_cream_cheese_box_in_the_bask.png	tasks/compose_321__put_the_wine_bottle_on_top_of_the_cabinet_then_turn_on_the_stove_then_put_the_black_bowl_on_the_stove_and_finally_put_the_cream_cheese_box_in_the_bask	composition|05a0f4aa6ec2927b002a80c1e016371d3df5a67f5230599b7ae1e58a54662be9|frozenset({in(cream_cheese_1,basket_1_contain_region),on(akita_black_bowl_1,flat_stove_1_cook_region),on(wine_bottle_1,wooden_cabinet_1_top_side),turnon(flat_stove_1)})
COMPOSE_322	X8_goal_plus_left_basket_4_task	4	true	false	libero_goal;libero_object	5;7;10;302	put_the_wine_bottle_on_top_of_the_cabinet;turn_on_the_stove;open_the_middle_drawer_of_the_cabinet;pick_up_the_cream_cheese_and_place_it_in_the_basket	Put the wine bottle on the top of the drawer | Turn on the stove | Open the middle layer of the drawer | Pick the cream cheese and place it in the basket	Put the wine bottle on top of the cabinet, then turn on the stove, then open the middle drawer of the cabinet, and finally put the cream cheese box in the basket.	on(wine_bottle_1, wooden_cabinet_1_top_side); turnon(flat_stove_1); open(wooden_cabinet_1_middle_region); in(cream_cheese_1, basket_1_contain_region)	libero_goal_with_robot_left_basket	One basket is added at the exact robot-left donor coordinate used by LIBERO basket scenes. | A learned cream-cheese-to-basket primitive is composed with compatible Goal clique (5, 7, 10). | Goal component 4 is excluded because it assigns the same cream cheese to a conflicting final destination. | Object identity has its own original LIBERO-Object pick-to-basket trajectory; its pose in the composite scene may differ.	5	6	comparison_png/COMPOSE_322__put_the_wine_bottle_on_top_of_the_cabinet_then_turn_on_the_stove_then_open_the_middle_drawer_of_the_cabinet_and_finally_put_the_cream_cheese_box_in_th.png	tasks/compose_322__put_the_wine_bottle_on_top_of_the_cabinet_then_turn_on_the_stove_then_open_the_middle_drawer_of_the_cabinet_and_finally_put_the_cream_cheese_box_in_th	composition|05a0f4aa6ec2927b002a80c1e016371d3df5a67f5230599b7ae1e58a54662be9|frozenset({in(cream_cheese_1,basket_1_contain_region),on(wine_bottle_1,wooden_cabinet_1_top_side),open(wooden_cabinet_1_middle_region),turnon(flat_stove_1)})
COMPOSE_323	X8_goal_plus_left_basket_4_task	4	true	false	libero_goal;libero_object	5;10;8;302	put_the_wine_bottle_on_top_of_the_cabinet;open_the_middle_drawer_of_the_cabinet;put_the_bowl_on_the_stove;pick_up_the_cream_cheese_and_place_it_in_the_basket	Put the wine bottle on the top of the drawer | Open the middle layer of the drawer | Put the bowl on the stove | Pick the cream cheese and place it in the basket	Put the wine bottle on top of the cabinet, then open the middle drawer of the cabinet, then put the black bowl on the stove, and finally put the cream cheese box in the basket.	on(wine_bottle_1, wooden_cabinet_1_top_side); open(wooden_cabinet_1_middle_region); on(akita_black_bowl_1, flat_stove_1_cook_region); in(cream_cheese_1, basket_1_contain_region)	libero_goal_with_robot_left_basket	One basket is added at the exact robot-left donor coordinate used by LIBERO basket scenes. | A learned cream-cheese-to-basket primitive is composed with compatible Goal clique (5, 8, 10). | Goal component 4 is excluded because it assigns the same cream cheese to a conflicting final destination. | Object identity has its own original LIBERO-Object pick-to-basket trajectory; its pose in the composite scene may differ.	5	7	comparison_png/COMPOSE_323__put_the_wine_bottle_on_top_of_the_cabinet_then_open_the_middle_drawer_of_the_cabinet_then_put_the_black_bowl_on_the_stove_and_finally_put_the_cream_ch.png	tasks/compose_323__put_the_wine_bottle_on_top_of_the_cabinet_then_open_the_middle_drawer_of_the_cabinet_then_put_the_black_bowl_on_the_stove_and_finally_put_the_cream_ch	composition|05a0f4aa6ec2927b002a80c1e016371d3df5a67f5230599b7ae1e58a54662be9|frozenset({in(cream_cheese_1,basket_1_contain_region),on(akita_black_bowl_1,flat_stove_1_cook_region),on(wine_bottle_1,wooden_cabinet_1_top_side),open(wooden_cabinet_1_middle_region)})
COMPOSE_324	X8_goal_plus_left_basket_4_task	4	true	false	libero_goal;libero_object	6;7;8;302	push_the_plate_to_the_front_of_the_stove;turn_on_the_stove;put_the_bowl_on_the_stove;pick_up_the_cream_cheese_and_place_it_in_the_basket	Push the plate to the front of the stove | Turn on the stove | Put the bowl on the stove | Pick the cream cheese and place it in the basket	Push the plate to the front of the stove, then turn on the stove, then put the black bowl on the stove, and finally put the cream cheese box in the basket.	on(plate_1, main_table_stove_front_region); turnon(flat_stove_1); on(akita_black_bowl_1, flat_stove_1_cook_region); in(cream_cheese_1, basket_1_contain_region)	libero_goal_with_robot_left_basket	One basket is added at the exact robot-left donor coordinate used by LIBERO basket scenes. | A learned cream-cheese-to-basket primitive is composed with compatible Goal clique (6, 7, 8). | Goal component 4 is excluded because it assigns the same cream cheese to a conflicting final destination. | Object identity has its own original LIBERO-Object pick-to-basket trajectory; its pose in the composite scene may differ.	5	7	comparison_png/COMPOSE_324__push_the_plate_to_the_front_of_the_stove_then_turn_on_the_stove_then_put_the_black_bowl_on_the_stove_and_finally_put_the_cream_cheese_box_in_the_baske.png	tasks/compose_324__push_the_plate_to_the_front_of_the_stove_then_turn_on_the_stove_then_put_the_black_bowl_on_the_stove_and_finally_put_the_cream_cheese_box_in_the_baske	composition|05a0f4aa6ec2927b002a80c1e016371d3df5a67f5230599b7ae1e58a54662be9|frozenset({in(cream_cheese_1,basket_1_contain_region),on(akita_black_bowl_1,flat_stove_1_cook_region),on(plate_1,main_table_stove_front_region),turnon(flat_stove_1)})
COMPOSE_325	X8_goal_plus_left_basket_4_task	4	true	false	libero_goal;libero_object	6;7;9;302	push_the_plate_to_the_front_of_the_stove;turn_on_the_stove;put_the_bowl_on_top_of_the_cabinet;pick_up_the_cream_cheese_and_place_it_in_the_basket	Push the plate to the front of the stove | Turn on the stove | Put the bowl on the top of the drawer | Pick the cream cheese and place it in the basket	Push the plate to the front of the stove, then turn on the stove, then put the black bowl on top of the cabinet, and finally put the cream cheese box in the basket.	on(plate_1, main_table_stove_front_region); turnon(flat_stove_1); on(akita_black_bowl_1, wooden_cabinet_1_top_side); in(cream_cheese_1, basket_1_contain_region)	libero_goal_with_robot_left_basket	One basket is added at the exact robot-left donor coordinate used by LIBERO basket scenes. | A learned cream-cheese-to-basket primitive is composed with compatible Goal clique (6, 7, 9). | Goal component 4 is excluded because it assigns the same cream cheese to a conflicting final destination. | Object identity has its own original LIBERO-Object pick-to-basket trajectory; its pose in the composite scene may differ.	5	7	comparison_png/COMPOSE_325__push_the_plate_to_the_front_of_the_stove_then_turn_on_the_stove_then_put_the_black_bowl_on_top_of_the_cabinet_and_finally_put_the_cream_cheese_box_in.png	tasks/compose_325__push_the_plate_to_the_front_of_the_stove_then_turn_on_the_stove_then_put_the_black_bowl_on_top_of_the_cabinet_and_finally_put_the_cream_cheese_box_in	composition|05a0f4aa6ec2927b002a80c1e016371d3df5a67f5230599b7ae1e58a54662be9|frozenset({in(cream_cheese_1,basket_1_contain_region),on(akita_black_bowl_1,wooden_cabinet_1_top_side),on(plate_1,main_table_stove_front_region),turnon(flat_stove_1)})
COMPOSE_326	X8_goal_plus_left_basket_4_task	4	true	false	libero_goal;libero_object	6;7;10;302	push_the_plate_to_the_front_of_the_stove;turn_on_the_stove;open_the_middle_drawer_of_the_cabinet;pick_up_the_cream_cheese_and_place_it_in_the_basket	Push the plate to the front of the stove | Turn on the stove | Open the middle layer of the drawer | Pick the cream cheese and place it in the basket	Push the plate to the front of the stove, then turn on the stove, then open the middle drawer of the cabinet, and finally put the cream cheese box in the basket.	on(plate_1, main_table_stove_front_region); turnon(flat_stove_1); open(wooden_cabinet_1_middle_region); in(cream_cheese_1, basket_1_contain_region)	libero_goal_with_robot_left_basket	One basket is added at the exact robot-left donor coordinate used by LIBERO basket scenes. | A learned cream-cheese-to-basket primitive is composed with compatible Goal clique (6, 7, 10). | Goal component 4 is excluded because it assigns the same cream cheese to a conflicting final destination. | Object identity has its own original LIBERO-Object pick-to-basket trajectory; its pose in the composite scene may differ.	5	6	comparison_png/COMPOSE_326__push_the_plate_to_the_front_of_the_stove_then_turn_on_the_stove_then_open_the_middle_drawer_of_the_cabinet_and_finally_put_the_cream_cheese_box_in_the.png	tasks/compose_326__push_the_plate_to_the_front_of_the_stove_then_turn_on_the_stove_then_open_the_middle_drawer_of_the_cabinet_and_finally_put_the_cream_cheese_box_in_the	composition|05a0f4aa6ec2927b002a80c1e016371d3df5a67f5230599b7ae1e58a54662be9|frozenset({in(cream_cheese_1,basket_1_contain_region),on(plate_1,main_table_stove_front_region),open(wooden_cabinet_1_middle_region),turnon(flat_stove_1)})
COMPOSE_327	X8_goal_plus_left_basket_4_task	4	true	false	libero_goal;libero_object	6;10;8;302	push_the_plate_to_the_front_of_the_stove;open_the_middle_drawer_of_the_cabinet;put_the_bowl_on_the_stove;pick_up_the_cream_cheese_and_place_it_in_the_basket	Push the plate to the front of the stove | Open the middle layer of the drawer | Put the bowl on the stove | Pick the cream cheese and place it in the basket	Push the plate to the front of the stove, then open the middle drawer of the cabinet, then put the black bowl on the stove, and finally put the cream cheese box in the basket.	on(plate_1, main_table_stove_front_region); open(wooden_cabinet_1_middle_region); on(akita_black_bowl_1, flat_stove_1_cook_region); in(cream_cheese_1, basket_1_contain_region)	libero_goal_with_robot_left_basket	One basket is added at the exact robot-left donor coordinate used by LIBERO basket scenes. | A learned cream-cheese-to-basket primitive is composed with compatible Goal clique (6, 8, 10). | Goal component 4 is excluded because it assigns the same cream cheese to a conflicting final destination. | Object identity has its own original LIBERO-Object pick-to-basket trajectory; its pose in the composite scene may differ.	5	7	comparison_png/COMPOSE_327__push_the_plate_to_the_front_of_the_stove_then_open_the_middle_drawer_of_the_cabinet_then_put_the_black_bowl_on_the_stove_and_finally_put_the_cream_che.png	tasks/compose_327__push_the_plate_to_the_front_of_the_stove_then_open_the_middle_drawer_of_the_cabinet_then_put_the_black_bowl_on_the_stove_and_finally_put_the_cream_che	composition|05a0f4aa6ec2927b002a80c1e016371d3df5a67f5230599b7ae1e58a54662be9|frozenset({in(cream_cheese_1,basket_1_contain_region),on(akita_black_bowl_1,flat_stove_1_cook_region),on(plate_1,main_table_stove_front_region),open(wooden_cabinet_1_middle_region)})
COMPOSE_328	X8_goal_plus_left_basket_4_task	4	true	false	libero_goal;libero_object	6;10;9;302	push_the_plate_to_the_front_of_the_stove;open_the_middle_drawer_of_the_cabinet;put_the_bowl_on_top_of_the_cabinet;pick_up_the_cream_cheese_and_place_it_in_the_basket	Push the plate to the front of the stove | Open the middle layer of the drawer | Put the bowl on the top of the drawer | Pick the cream cheese and place it in the basket	Push the plate to the front of the stove, then open the middle drawer of the cabinet, then put the black bowl on top of the cabinet, and finally put the cream cheese box in the basket.	on(plate_1, main_table_stove_front_region); open(wooden_cabinet_1_middle_region); on(akita_black_bowl_1, wooden_cabinet_1_top_side); in(cream_cheese_1, basket_1_contain_region)	libero_goal_with_robot_left_basket	One basket is added at the exact robot-left donor coordinate used by LIBERO basket scenes. | A learned cream-cheese-to-basket primitive is composed with compatible Goal clique (6, 9, 10). | Goal component 4 is excluded because it assigns the same cream cheese to a conflicting final destination. | Object identity has its own original LIBERO-Object pick-to-basket trajectory; its pose in the composite scene may differ.	5	7	comparison_png/COMPOSE_328__push_the_plate_to_the_front_of_the_stove_then_open_the_middle_drawer_of_the_cabinet_then_put_the_black_bowl_on_top_of_the_cabinet_and_finally_put_the.png	tasks/compose_328__push_the_plate_to_the_front_of_the_stove_then_open_the_middle_drawer_of_the_cabinet_then_put_the_black_bowl_on_top_of_the_cabinet_and_finally_put_the	composition|05a0f4aa6ec2927b002a80c1e016371d3df5a67f5230599b7ae1e58a54662be9|frozenset({in(cream_cheese_1,basket_1_contain_region),on(akita_black_bowl_1,wooden_cabinet_1_top_side),on(plate_1,main_table_stove_front_region),open(wooden_cabinet_1_middle_region)})
COMPOSE_329	X8_goal_plus_left_basket_4_task	4	true	false	libero_goal;libero_object	7;10;8;302	turn_on_the_stove;open_the_middle_drawer_of_the_cabinet;put_the_bowl_on_the_stove;pick_up_the_cream_cheese_and_place_it_in_the_basket	Turn on the stove | Open the middle layer of the drawer | Put the bowl on the stove | Pick the cream cheese and place it in the basket	Turn on the stove, then open the middle drawer of the cabinet, then put the black bowl on the stove, and finally put the cream cheese box in the basket.	turnon(flat_stove_1); open(wooden_cabinet_1_middle_region); on(akita_black_bowl_1, flat_stove_1_cook_region); in(cream_cheese_1, basket_1_contain_region)	libero_goal_with_robot_left_basket	One basket is added at the exact robot-left donor coordinate used by LIBERO basket scenes. | A learned cream-cheese-to-basket primitive is composed with compatible Goal clique (7, 8, 10). | Goal component 4 is excluded because it assigns the same cream cheese to a conflicting final destination. | Object identity has its own original LIBERO-Object pick-to-basket trajectory; its pose in the composite scene may differ.	5	6	comparison_png/COMPOSE_329__turn_on_the_stove_then_open_the_middle_drawer_of_the_cabinet_then_put_the_black_bowl_on_the_stove_and_finally_put_the_cream_cheese_box_in_the_basket.png	tasks/compose_329__turn_on_the_stove_then_open_the_middle_drawer_of_the_cabinet_then_put_the_black_bowl_on_the_stove_and_finally_put_the_cream_cheese_box_in_the_basket	composition|05a0f4aa6ec2927b002a80c1e016371d3df5a67f5230599b7ae1e58a54662be9|frozenset({in(cream_cheese_1,basket_1_contain_region),on(akita_black_bowl_1,flat_stove_1_cook_region),open(wooden_cabinet_1_middle_region),turnon(flat_stove_1)})
COMPOSE_330	X8_goal_plus_left_basket_4_task	4	true	false	libero_goal;libero_object	7;10;9;302	turn_on_the_stove;open_the_middle_drawer_of_the_cabinet;put_the_bowl_on_top_of_the_cabinet;pick_up_the_cream_cheese_and_place_it_in_the_basket	Turn on the stove | Open the middle layer of the drawer | Put the bowl on the top of the drawer | Pick the cream cheese and place it in the basket	Turn on the stove, then open the middle drawer of the cabinet, then put the black bowl on top of the cabinet, and finally put the cream cheese box in the basket.	turnon(flat_stove_1); open(wooden_cabinet_1_middle_region); on(akita_black_bowl_1, wooden_cabinet_1_top_side); in(cream_cheese_1, basket_1_contain_region)	libero_goal_with_robot_left_basket	One basket is added at the exact robot-left donor coordinate used by LIBERO basket scenes. | A learned cream-cheese-to-basket primitive is composed with compatible Goal clique (7, 9, 10). | Goal component 4 is excluded because it assigns the same cream cheese to a conflicting final destination. | Object identity has its own original LIBERO-Object pick-to-basket trajectory; its pose in the composite scene may differ.	5	6	comparison_png/COMPOSE_330__turn_on_the_stove_then_open_the_middle_drawer_of_the_cabinet_then_put_the_black_bowl_on_top_of_the_cabinet_and_finally_put_the_cream_cheese_box_in_the.png	tasks/compose_330__turn_on_the_stove_then_open_the_middle_drawer_of_the_cabinet_then_put_the_black_bowl_on_top_of_the_cabinet_and_finally_put_the_cream_cheese_box_in_the	composition|05a0f4aa6ec2927b002a80c1e016371d3df5a67f5230599b7ae1e58a54662be9|frozenset({in(cream_cheese_1,basket_1_contain_region),on(akita_black_bowl_1,wooden_cabinet_1_top_side),open(wooden_cabinet_1_middle_region),turnon(flat_stove_1)})
COMPOSE_331	X9_goal_open_insert_close_sequence	3	false	true	libero_goal;libero_10	3;103	open_the_top_drawer_and_put_the_bowl_inside;KITCHEN_SCENE4_put_the_black_bowl_in_the_bottom_drawer_of_the_cabinet_and_close_it	Open the top layer of the drawer and put the bowl inside | put the black bowl in the bottom drawer of the cabinet and close it	Open the top drawer, then put the black bowl inside the open top drawer, and finally close the top drawer.	in(akita_black_bowl_1, wooden_cabinet_1_top_region); close(wooden_cabinet_1_top_region)	libero_goal_shared_scene_close_sequence	Ordered scoring proves open -> insert -> close; a final closed drawer alone cannot satisfy the task. | This exact drawer-opening subtrajectory is present in the cited LIBERO-40 task. | Exact bowl-in-top-drawer continuation from LIBERO-Goal task 04. | Closing a drawer is learned in LIBERO-10 Scene4, but applying it to the top wooden drawer is a requested same-fixture-class transfer.	5	4	comparison_png/COMPOSE_331__open_the_top_drawer_then_put_the_black_bowl_inside_the_open_top_drawer_and_finally_close_the_top_drawer.png	tasks/compose_331__open_the_top_drawer_then_put_the_black_bowl_inside_the_open_top_drawer_and_finally_close_the_top_drawer	composition|3f474b285ddc2e6e7e375309ab9cbd20d9a618ab3520cafd769b89fad2c6a2d1|frozenset({close(wooden_cabinet_1_top_region),in(akita_black_bowl_1,wooden_cabinet_1_top_region)})
COMPOSE_332	X9_goal_open_insert_close_sequence	4	false	true	libero_goal;libero_10	3;103;10	open_the_top_drawer_and_put_the_bowl_inside;KITCHEN_SCENE4_put_the_black_bowl_in_the_bottom_drawer_of_the_cabinet_and_close_it;open_the_middle_drawer_of_the_cabinet	Open the top layer of the drawer and put the bowl inside | put the black bowl in the bottom drawer of the cabinet and close it | Open the middle layer of the drawer	Open the top drawer, then put the black bowl inside the open top drawer, then close the top drawer, and finally open the middle drawer of the cabinet.	in(akita_black_bowl_1, wooden_cabinet_1_top_region); close(wooden_cabinet_1_top_region); open(wooden_cabinet_1_middle_region)	libero_goal_shared_scene_close_sequence	Ordered scoring proves open top -> insert -> close top -> open middle. | This exact drawer-opening subtrajectory is present in the cited LIBERO-40 task. | Exact bowl-in-top-drawer continuation from LIBERO-Goal task 04. | Closing a drawer is learned in LIBERO-10 Scene4, but applying it to the top wooden drawer is a requested same-fixture-class transfer.	5	5	comparison_png/COMPOSE_332__open_the_top_drawer_then_put_the_black_bowl_inside_the_open_top_drawer_then_close_the_top_drawer_and_finally_open_the_middle_drawer_of_the_cabinet.png	tasks/compose_332__open_the_top_drawer_then_put_the_black_bowl_inside_the_open_top_drawer_then_close_the_top_drawer_and_finally_open_the_middle_drawer_of_the_cabinet	composition|3f474b285ddc2e6e7e375309ab9cbd20d9a618ab3520cafd769b89fad2c6a2d1|frozenset({close(wooden_cabinet_1_top_region),in(akita_black_bowl_1,wooden_cabinet_1_top_region),open(wooden_cabinet_1_middle_region)})
COMPOSE_333	X10_kitchen3_two_stove_temporal_transfer	3	true	true	libero_10	101	KITCHEN_SCENE3_turn_on_the_stove_and_put_the_moka_pot_on_it	turn on the stove and put the moka pot on it	Turn on the first stove, then put the moka pot on the first stove, and finally move the moka pot to the other stove.	turnon(flat_stove_1); on(moka_pot_1, flat_stove_2_cook_region)	libero10_kitchen3_two_opposed_stoves_no_frypan	The second stove uses the exact opposite-side KITCHEN_SCENE8 stove coordinate and unchanged orientation. | The frypan is removed because its original pose intersects the added stove footprint. | Each turn mask names only the requested stove instance's rotary button. | Exact learned stove-on primitive transferred only across repeated instances of the same flat-stove class. | Exact moka-pot-to-flat-stove relation, transferred across same-class stove instances. | Exact moka-pot-to-flat-stove relation, transferred across same-class stove instances.	5	5	comparison_png/COMPOSE_333__turn_on_the_first_stove_then_put_the_moka_pot_on_the_first_stove_and_finally_move_the_moka_pot_to_the_other_stove.png	tasks/compose_333__turn_on_the_first_stove_then_put_the_moka_pot_on_the_first_stove_and_finally_move_the_moka_pot_to_the_other_stove	composition|f021976f10e2e66762cf8204aa6f8d87c100ade8582c0673138e052d2d547ca7|frozenset({on(moka_pot_1,flat_stove_2_cook_region),turnon(flat_stove_1)})
COMPOSE_334	X10_kitchen3_two_stove_temporal_transfer	3	true	true	libero_10	101	KITCHEN_SCENE3_turn_on_the_stove_and_put_the_moka_pot_on_it	turn on the stove and put the moka pot on it	Turn on the second stove, then put the moka pot on the second stove, and finally move the moka pot to the other stove.	turnon(flat_stove_2); on(moka_pot_1, flat_stove_1_cook_region)	libero10_kitchen3_two_opposed_stoves_no_frypan	The second stove uses the exact opposite-side KITCHEN_SCENE8 stove coordinate and unchanged orientation. | The frypan is removed because its original pose intersects the added stove footprint. | Each turn mask names only the requested stove instance's rotary button. | Exact learned stove-on primitive transferred only across repeated instances of the same flat-stove class. | Exact moka-pot-to-flat-stove relation, transferred across same-class stove instances. | Exact moka-pot-to-flat-stove relation, transferred across same-class stove instances.	5	5	comparison_png/COMPOSE_334__turn_on_the_second_stove_then_put_the_moka_pot_on_the_second_stove_and_finally_move_the_moka_pot_to_the_other_stove.png	tasks/compose_334__turn_on_the_second_stove_then_put_the_moka_pot_on_the_second_stove_and_finally_move_the_moka_pot_to_the_other_stove	composition|f021976f10e2e66762cf8204aa6f8d87c100ade8582c0673138e052d2d547ca7|frozenset({on(moka_pot_1,flat_stove_1_cook_region),turnon(flat_stove_2)})
COMPOSE_335	X11_kitchen4_goal_two_cabinet_hybrid	2	true	false	libero_10	103	KITCHEN_SCENE4_put_the_black_bowl_in_the_bottom_drawer_of_the_cabinet_and_close_it	put the black bowl in the bottom drawer of the cabinet and close it	Put the black bowl in the bottom drawer of the left white cabinet, and then close the bottom drawer of the left white cabinet.	in(akita_black_bowl_1, white_cabinet_1_bottom_region); close(white_cabinet_1_bottom_region)	libero10_kitchen4_plus_goal_right_drawer_and_rack	The original left white cabinet is unchanged; a Goal wooden cabinet is added at its exact original right-side pose. | The existing rack is moved to its exact Goal pose to avoid overlap with the added wooden cabinet.	5	3	comparison_png/COMPOSE_335__put_the_black_bowl_in_the_bottom_drawer_of_the_left_white_cabinet_and_then_close_the_bottom_drawer_of_the_left_white_cabinet.png	tasks/compose_335__put_the_black_bowl_in_the_bottom_drawer_of_the_left_white_cabinet_and_then_close_the_bottom_drawer_of_the_left_white_cabinet	composition|242b6ed12734ae1c6cadd1a3e6700dfe18aaf15fd69bbce2aef21dea87f379c5|frozenset({close(white_cabinet_1_bottom_region),in(akita_black_bowl_1,white_cabinet_1_bottom_region)})
COMPOSE_336	X11_kitchen4_goal_two_cabinet_hybrid	2	true	false	libero_10;libero_goal	103;5	KITCHEN_SCENE4_put_the_black_bowl_in_the_bottom_drawer_of_the_cabinet_and_close_it;put_the_wine_bottle_on_top_of_the_cabinet	put the black bowl in the bottom drawer of the cabinet and close it | Put the wine bottle on the top of the drawer	Put the black bowl in the bottom drawer of the left white cabinet, and then put the wine bottle on top of the right wooden cabinet.	in(akita_black_bowl_1, white_cabinet_1_bottom_region); on(wine_bottle_1, wooden_cabinet_1_top_side)	libero10_kitchen4_plus_goal_right_drawer_and_rack	The original left white cabinet is unchanged; a Goal wooden cabinet is added at its exact original right-side pose. | The existing rack is moved to its exact Goal pose to avoid overlap with the added wooden cabinet.	5	4	comparison_png/COMPOSE_336__put_the_black_bowl_in_the_bottom_drawer_of_the_left_white_cabinet_and_then_put_the_wine_bottle_on_top_of_the_right_wooden_cabinet.png	tasks/compose_336__put_the_black_bowl_in_the_bottom_drawer_of_the_left_white_cabinet_and_then_put_the_wine_bottle_on_top_of_the_right_wooden_cabinet	composition|242b6ed12734ae1c6cadd1a3e6700dfe18aaf15fd69bbce2aef21dea87f379c5|frozenset({in(akita_black_bowl_1,white_cabinet_1_bottom_region),on(wine_bottle_1,wooden_cabinet_1_top_side)})
COMPOSE_337	X11_kitchen4_goal_two_cabinet_hybrid	3	true	false	libero_10;libero_goal	103;3	KITCHEN_SCENE4_put_the_black_bowl_in_the_bottom_drawer_of_the_cabinet_and_close_it;open_the_top_drawer_and_put_the_bowl_inside	put the black bowl in the bottom drawer of the cabinet and close it | Open the top layer of the drawer and put the bowl inside	Put the black bowl in the bottom drawer of the left white cabinet, then close the bottom drawer of the left white cabinet, and finally open the top drawer of the right wooden cabinet.	in(akita_black_bowl_1, white_cabinet_1_bottom_region); close(white_cabinet_1_bottom_region); open(wooden_cabinet_1_top_region)	libero10_kitchen4_plus_goal_right_drawer_and_rack	The original left white cabinet is unchanged; a Goal wooden cabinet is added at its exact original right-side pose. | The existing rack is moved to its exact Goal pose to avoid overlap with the added wooden cabinet. | This exact drawer-opening subtrajectory is present in the cited LIBERO-40 task.	5	4	comparison_png/COMPOSE_337__put_the_black_bowl_in_the_bottom_drawer_of_the_left_white_cabinet_then_close_the_bottom_drawer_of_the_left_white_cabinet_and_finally_open_the_top_draw.png	tasks/compose_337__put_the_black_bowl_in_the_bottom_drawer_of_the_left_white_cabinet_then_close_the_bottom_drawer_of_the_left_white_cabinet_and_finally_open_the_top_draw	composition|242b6ed12734ae1c6cadd1a3e6700dfe18aaf15fd69bbce2aef21dea87f379c5|frozenset({close(white_cabinet_1_bottom_region),in(akita_black_bowl_1,white_cabinet_1_bottom_region),open(wooden_cabinet_1_top_region)})
COMPOSE_338	X11_kitchen4_goal_two_cabinet_hybrid	3	true	false	libero_10;libero_goal	103;10	KITCHEN_SCENE4_put_the_black_bowl_in_the_bottom_drawer_of_the_cabinet_and_close_it;open_the_middle_drawer_of_the_cabinet	put the black bowl in the bottom drawer of the cabinet and close it | Open the middle layer of the drawer	Put the black bowl in the bottom drawer of the left white cabinet, then close the bottom drawer of the left white cabinet, and finally open the middle drawer of the right wooden cabinet.	in(akita_black_bowl_1, white_cabinet_1_bottom_region); close(white_cabinet_1_bottom_region); open(wooden_cabinet_1_middle_region)	libero10_kitchen4_plus_goal_right_drawer_and_rack	The original left white cabinet is unchanged; a Goal wooden cabinet is added at its exact original right-side pose. | The existing rack is moved to its exact Goal pose to avoid overlap with the added wooden cabinet.	5	4	comparison_png/COMPOSE_338__put_the_black_bowl_in_the_bottom_drawer_of_the_left_white_cabinet_then_close_the_bottom_drawer_of_the_left_white_cabinet_and_finally_open_the_middle_d.png	tasks/compose_338__put_the_black_bowl_in_the_bottom_drawer_of_the_left_white_cabinet_then_close_the_bottom_drawer_of_the_left_white_cabinet_and_finally_open_the_middle_d	composition|242b6ed12734ae1c6cadd1a3e6700dfe18aaf15fd69bbce2aef21dea87f379c5|frozenset({close(white_cabinet_1_bottom_region),in(akita_black_bowl_1,white_cabinet_1_bottom_region),open(wooden_cabinet_1_middle_region)})
COMPOSE_339	X11_kitchen4_goal_two_cabinet_hybrid	3	true	false	libero_10;libero_goal	103;5	KITCHEN_SCENE4_put_the_black_bowl_in_the_bottom_drawer_of_the_cabinet_and_close_it;put_the_wine_bottle_on_top_of_the_cabinet	put the black bowl in the bottom drawer of the cabinet and close it | Put the wine bottle on the top of the drawer	Put the black bowl in the bottom drawer of the left white cabinet, then close the bottom drawer of the left white cabinet, and finally put the wine bottle on top of the right wooden cabinet.	in(akita_black_bowl_1, white_cabinet_1_bottom_region); close(white_cabinet_1_bottom_region); on(wine_bottle_1, wooden_cabinet_1_top_side)	libero10_kitchen4_plus_goal_right_drawer_and_rack	The original left white cabinet is unchanged; a Goal wooden cabinet is added at its exact original right-side pose. | The existing rack is moved to its exact Goal pose to avoid overlap with the added wooden cabinet.	5	5	comparison_png/COMPOSE_339__put_the_black_bowl_in_the_bottom_drawer_of_the_left_white_cabinet_then_close_the_bottom_drawer_of_the_left_white_cabinet_and_finally_put_the_wine_bott.png	tasks/compose_339__put_the_black_bowl_in_the_bottom_drawer_of_the_left_white_cabinet_then_close_the_bottom_drawer_of_the_left_white_cabinet_and_finally_put_the_wine_bott	composition|242b6ed12734ae1c6cadd1a3e6700dfe18aaf15fd69bbce2aef21dea87f379c5|frozenset({close(white_cabinet_1_bottom_region),in(akita_black_bowl_1,white_cabinet_1_bottom_region),on(wine_bottle_1,wooden_cabinet_1_top_side)})
COMPOSE_340	X11_kitchen4_goal_two_cabinet_hybrid	3	true	false	libero_10;libero_goal	103;2	KITCHEN_SCENE4_put_the_black_bowl_in_the_bottom_drawer_of_the_cabinet_and_close_it;put_the_wine_bottle_on_the_rack	put the black bowl in the bottom drawer of the cabinet and close it | Put the wine bottle on the rack	Put the black bowl in the bottom drawer of the left white cabinet, then close the bottom drawer of the left white cabinet, and finally put the wine bottle on the rack.	in(akita_black_bowl_1, white_cabinet_1_bottom_region); close(white_cabinet_1_bottom_region); on(wine_bottle_1, wine_rack_1_top_region)	libero10_kitchen4_plus_goal_right_drawer_and_rack	The original left white cabinet is unchanged; a Goal wooden cabinet is added at its exact original right-side pose. | The existing rack is moved to its exact Goal pose to avoid overlap with the added wooden cabinet.	5	5	comparison_png/COMPOSE_340__put_the_black_bowl_in_the_bottom_drawer_of_the_left_white_cabinet_then_close_the_bottom_drawer_of_the_left_white_cabinet_and_finally_put_the_wine_bott.png	tasks/compose_340__put_the_black_bowl_in_the_bottom_drawer_of_the_left_white_cabinet_then_close_the_bottom_drawer_of_the_left_white_cabinet_and_finally_put_the_wine_bott	composition|242b6ed12734ae1c6cadd1a3e6700dfe18aaf15fd69bbce2aef21dea87f379c5|frozenset({close(white_cabinet_1_bottom_region),in(akita_black_bowl_1,white_cabinet_1_bottom_region),on(wine_bottle_1,wine_rack_1_top_region)})
COMPOSE_341	X11_kitchen4_goal_two_cabinet_hybrid	4	true	false	libero_10;libero_goal	103;3;10	KITCHEN_SCENE4_put_the_black_bowl_in_the_bottom_drawer_of_the_cabinet_and_close_it;open_the_top_drawer_and_put_the_bowl_inside;open_the_middle_drawer_of_the_cabinet	put the black bowl in the bottom drawer of the cabinet and close it | Open the top layer of the drawer and put the bowl inside | Open the middle layer of the drawer	Put the black bowl in the bottom drawer of the left white cabinet, then close the bottom drawer of the left white cabinet, then open the top drawer of the right wooden cabinet, and finally open the middle drawer of the right wooden cabinet.	in(akita_black_bowl_1, white_cabinet_1_bottom_region); close(white_cabinet_1_bottom_region); open(wooden_cabinet_1_top_region); open(wooden_cabinet_1_middle_region)	libero10_kitchen4_plus_goal_right_drawer_and_rack	The original left white cabinet is unchanged; a Goal wooden cabinet is added at its exact original right-side pose. | The existing rack is moved to its exact Goal pose to avoid overlap with the added wooden cabinet. | This exact drawer-opening subtrajectory is present in the cited LIBERO-40 task.	5	5	comparison_png/COMPOSE_341__put_the_black_bowl_in_the_bottom_drawer_of_the_left_white_cabinet_then_close_the_bottom_drawer_of_the_left_white_cabinet_then_open_the_top_drawer_of_t.png	tasks/compose_341__put_the_black_bowl_in_the_bottom_drawer_of_the_left_white_cabinet_then_close_the_bottom_drawer_of_the_left_white_cabinet_then_open_the_top_drawer_of_t	composition|242b6ed12734ae1c6cadd1a3e6700dfe18aaf15fd69bbce2aef21dea87f379c5|frozenset({close(white_cabinet_1_bottom_region),in(akita_black_bowl_1,white_cabinet_1_bottom_region),open(wooden_cabinet_1_middle_region),open(wooden_cabinet_1_top_region)})
COMPOSE_342	X11_kitchen4_goal_two_cabinet_hybrid	4	true	false	libero_10;libero_goal	103;3;5	KITCHEN_SCENE4_put_the_black_bowl_in_the_bottom_drawer_of_the_cabinet_and_close_it;open_the_top_drawer_and_put_the_bowl_inside;put_the_wine_bottle_on_top_of_the_cabinet	put the black bowl in the bottom drawer of the cabinet and close it | Open the top layer of the drawer and put the bowl inside | Put the wine bottle on the top of the drawer	Put the black bowl in the bottom drawer of the left white cabinet, then close the bottom drawer of the left white cabinet, then open the top drawer of the right wooden cabinet, and finally put the wine bottle on top of the right wooden cabinet.	in(akita_black_bowl_1, white_cabinet_1_bottom_region); close(white_cabinet_1_bottom_region); open(wooden_cabinet_1_top_region); on(wine_bottle_1, wooden_cabinet_1_top_side)	libero10_kitchen4_plus_goal_right_drawer_and_rack	The original left white cabinet is unchanged; a Goal wooden cabinet is added at its exact original right-side pose. | The existing rack is moved to its exact Goal pose to avoid overlap with the added wooden cabinet. | This exact drawer-opening subtrajectory is present in the cited LIBERO-40 task.	5	6	comparison_png/COMPOSE_342__put_the_black_bowl_in_the_bottom_drawer_of_the_left_white_cabinet_then_close_the_bottom_drawer_of_the_left_white_cabinet_then_open_the_top_drawer_of_t.png	tasks/compose_342__put_the_black_bowl_in_the_bottom_drawer_of_the_left_white_cabinet_then_close_the_bottom_drawer_of_the_left_white_cabinet_then_open_the_top_drawer_of_t	composition|242b6ed12734ae1c6cadd1a3e6700dfe18aaf15fd69bbce2aef21dea87f379c5|frozenset({close(white_cabinet_1_bottom_region),in(akita_black_bowl_1,white_cabinet_1_bottom_region),on(wine_bottle_1,wooden_cabinet_1_top_side),open(wooden_cabinet_1_top_region)})
COMPOSE_343	X11_kitchen4_goal_two_cabinet_hybrid	4	true	false	libero_10;libero_goal	103;3;2	KITCHEN_SCENE4_put_the_black_bowl_in_the_bottom_drawer_of_the_cabinet_and_close_it;open_the_top_drawer_and_put_the_bowl_inside;put_the_wine_bottle_on_the_rack	put the black bowl in the bottom drawer of the cabinet and close it | Open the top layer of the drawer and put the bowl inside | Put the wine bottle on the rack	Put the black bowl in the bottom drawer of the left white cabinet, then close the bottom drawer of the left white cabinet, then open the top drawer of the right wooden cabinet, and finally put the wine bottle on the rack.	in(akita_black_bowl_1, white_cabinet_1_bottom_region); close(white_cabinet_1_bottom_region); open(wooden_cabinet_1_top_region); on(wine_bottle_1, wine_rack_1_top_region)	libero10_kitchen4_plus_goal_right_drawer_and_rack	The original left white cabinet is unchanged; a Goal wooden cabinet is added at its exact original right-side pose. | The existing rack is moved to its exact Goal pose to avoid overlap with the added wooden cabinet. | This exact drawer-opening subtrajectory is present in the cited LIBERO-40 task.	5	6	comparison_png/COMPOSE_343__put_the_black_bowl_in_the_bottom_drawer_of_the_left_white_cabinet_then_close_the_bottom_drawer_of_the_left_white_cabinet_then_open_the_top_drawer_of_t.png	tasks/compose_343__put_the_black_bowl_in_the_bottom_drawer_of_the_left_white_cabinet_then_close_the_bottom_drawer_of_the_left_white_cabinet_then_open_the_top_drawer_of_t	composition|242b6ed12734ae1c6cadd1a3e6700dfe18aaf15fd69bbce2aef21dea87f379c5|frozenset({close(white_cabinet_1_bottom_region),in(akita_black_bowl_1,white_cabinet_1_bottom_region),on(wine_bottle_1,wine_rack_1_top_region),open(wooden_cabinet_1_top_region)})
COMPOSE_344	X11_kitchen4_goal_two_cabinet_hybrid	4	true	false	libero_10;libero_goal	103;10;5	KITCHEN_SCENE4_put_the_black_bowl_in_the_bottom_drawer_of_the_cabinet_and_close_it;open_the_middle_drawer_of_the_cabinet;put_the_wine_bottle_on_top_of_the_cabinet	put the black bowl in the bottom drawer of the cabinet and close it | Open the middle layer of the drawer | Put the wine bottle on the top of the drawer	Put the black bowl in the bottom drawer of the left white cabinet, then close the bottom drawer of the left white cabinet, then open the middle drawer of the right wooden cabinet, and finally put the wine bottle on top of the right wooden cabinet.	in(akita_black_bowl_1, white_cabinet_1_bottom_region); close(white_cabinet_1_bottom_region); open(wooden_cabinet_1_middle_region); on(wine_bottle_1, wooden_cabinet_1_top_side)	libero10_kitchen4_plus_goal_right_drawer_and_rack	The original left white cabinet is unchanged; a Goal wooden cabinet is added at its exact original right-side pose. | The existing rack is moved to its exact Goal pose to avoid overlap with the added wooden cabinet.	5	6	comparison_png/COMPOSE_344__put_the_black_bowl_in_the_bottom_drawer_of_the_left_white_cabinet_then_close_the_bottom_drawer_of_the_left_white_cabinet_then_open_the_middle_drawer_o.png	tasks/compose_344__put_the_black_bowl_in_the_bottom_drawer_of_the_left_white_cabinet_then_close_the_bottom_drawer_of_the_left_white_cabinet_then_open_the_middle_drawer_o	composition|242b6ed12734ae1c6cadd1a3e6700dfe18aaf15fd69bbce2aef21dea87f379c5|frozenset({close(white_cabinet_1_bottom_region),in(akita_black_bowl_1,white_cabinet_1_bottom_region),on(wine_bottle_1,wooden_cabinet_1_top_side),open(wooden_cabinet_1_middle_region)})
COMPOSE_345	X11_kitchen4_goal_two_cabinet_hybrid	4	true	false	libero_10;libero_goal	103;10;2	KITCHEN_SCENE4_put_the_black_bowl_in_the_bottom_drawer_of_the_cabinet_and_close_it;open_the_middle_drawer_of_the_cabinet;put_the_wine_bottle_on_the_rack	put the black bowl in the bottom drawer of the cabinet and close it | Open the middle layer of the drawer | Put the wine bottle on the rack	Put the black bowl in the bottom drawer of the left white cabinet, then close the bottom drawer of the left white cabinet, then open the middle drawer of the right wooden cabinet, and finally put the wine bottle on the rack.	in(akita_black_bowl_1, white_cabinet_1_bottom_region); close(white_cabinet_1_bottom_region); open(wooden_cabinet_1_middle_region); on(wine_bottle_1, wine_rack_1_top_region)	libero10_kitchen4_plus_goal_right_drawer_and_rack	The original left white cabinet is unchanged; a Goal wooden cabinet is added at its exact original right-side pose. | The existing rack is moved to its exact Goal pose to avoid overlap with the added wooden cabinet.	5	6	comparison_png/COMPOSE_345__put_the_black_bowl_in_the_bottom_drawer_of_the_left_white_cabinet_then_close_the_bottom_drawer_of_the_left_white_cabinet_then_open_the_middle_drawer_o.png	tasks/compose_345__put_the_black_bowl_in_the_bottom_drawer_of_the_left_white_cabinet_then_close_the_bottom_drawer_of_the_left_white_cabinet_then_open_the_middle_drawer_o	composition|242b6ed12734ae1c6cadd1a3e6700dfe18aaf15fd69bbce2aef21dea87f379c5|frozenset({close(white_cabinet_1_bottom_region),in(akita_black_bowl_1,white_cabinet_1_bottom_region),on(wine_bottle_1,wine_rack_1_top_region),open(wooden_cabinet_1_middle_region)})
COMPOSE_346	X12_living5_plus_scene6_pudding_plate_hybrid	3	true	false	libero_10	104;107	LIVING_ROOM_SCENE5_put_the_white_mug_on_the_left_plate_and_put_the_yellow_and_white_mug_on_the_right_plate;LIVING_ROOM_SCENE6_put_the_white_mug_on_the_plate_and_put_the_chocolate_pudding_to_the_right_of_the_plate	put the white mug on the left plate and put the yellow and white mug on the right plate | put the white mug on the plate and put the chocolate pudding to the right of the plate	Put the white mug on the left plate, then put the yellow and white mug on the right plate, and finally put the chocolate pudding to the right of the added plate.	on(porcelain_mug_1, plate_1); on(white_yellow_mug_1, plate_2); on(chocolate_pudding_1, living_room_table_plate_right_region)	libero10_living5_plus_scene6_plate_and_pudding	Scene5 mug/plate poses are unchanged; Scene6 plate_3 and pudding are added at non-overlapping reachable slots. | The canonical Scene6 living_room_table_plate_right_region name is retained for current-BDDL projection. | Exact Scene6 pudding-to-right-of-plate relation applied to the added plate context.	5	6	comparison_png/COMPOSE_346__put_the_white_mug_on_the_left_plate_then_put_the_yellow_and_white_mug_on_the_right_plate_and_finally_put_the_chocolate_pudding_to_the_right_of_the_add.png	tasks/compose_346__put_the_white_mug_on_the_left_plate_then_put_the_yellow_and_white_mug_on_the_right_plate_and_finally_put_the_chocolate_pudding_to_the_right_of_the_add	composition|740705f0104738db191794fd4e549a00be27f5f0187328c3a2bc7016a96a1c3a|frozenset({on(chocolate_pudding_1,living_room_table_plate_right_region),on(porcelain_mug_1,plate_1),on(white_yellow_mug_1,plate_2)})
COMPOSE_347	X12_living5_plus_scene6_pudding_plate_hybrid	3	false	false	libero_10;libero_object	104;309	LIVING_ROOM_SCENE5_put_the_white_mug_on_the_left_plate_and_put_the_yellow_and_white_mug_on_the_right_plate;pick_up_the_chocolate_pudding_and_place_it_in_the_basket	put the white mug on the left plate and put the yellow and white mug on the right plate | Pick the chocolate pudding and place it in the basket	Put the white mug on the left plate, then put the yellow and white mug on the right plate, and finally put the chocolate pudding on the added plate.	on(porcelain_mug_1, plate_1); on(white_yellow_mug_1, plate_2); on(chocolate_pudding_1, plate_3)	libero10_living5_plus_scene6_plate_and_pudding	Scene5 mug/plate poses are unchanged; Scene6 plate_3 and pudding are added at non-overlapping reachable slots. | The canonical Scene6 living_room_table_plate_right_region name is retained for current-BDDL projection. | Pudding grasp and plate placement are learned separately, but this exact object-relation pair is compositional transfer.	5	6	comparison_png/COMPOSE_347__put_the_white_mug_on_the_left_plate_then_put_the_yellow_and_white_mug_on_the_right_plate_and_finally_put_the_chocolate_pudding_on_the_added_plate.png	tasks/compose_347__put_the_white_mug_on_the_left_plate_then_put_the_yellow_and_white_mug_on_the_right_plate_and_finally_put_the_chocolate_pudding_on_the_added_plate	composition|740705f0104738db191794fd4e549a00be27f5f0187328c3a2bc7016a96a1c3a|frozenset({on(chocolate_pudding_1,plate_3),on(porcelain_mug_1,plate_1),on(white_yellow_mug_1,plate_2)})
COMPOSE_348	X12_living5_plus_scene6_pudding_plate_hybrid	4	false	false	libero_10	104;107	LIVING_ROOM_SCENE5_put_the_white_mug_on_the_left_plate_and_put_the_yellow_and_white_mug_on_the_right_plate;LIVING_ROOM_SCENE6_put_the_white_mug_on_the_plate_and_put_the_chocolate_pudding_to_the_right_of_the_plate	put the white mug on the left plate and put the yellow and white mug on the right plate | put the white mug on the plate and put the chocolate pudding to the right of the plate	Put the white mug on the left plate, then put the yellow and white mug on the right plate, then put the chocolate pudding to the right of the added plate, and finally put the red mug on the added plate.	on(porcelain_mug_1, plate_1); on(white_yellow_mug_1, plate_2); on(chocolate_pudding_1, living_room_table_plate_right_region); on(red_coffee_mug_1, plate_3)	libero10_living5_plus_scene6_plate_and_pudding	Scene5 mug/plate poses are unchanged; Scene6 plate_3 and pudding are added at non-overlapping reachable slots. | The canonical Scene6 living_room_table_plate_right_region name is retained for current-BDDL projection. | Exact Scene6 pudding-to-right-of-plate relation applied to the added plate context. | The red mug is a Scene5 distractor with no direct LIBERO-40 goal trajectory.	5	8	comparison_png/COMPOSE_348__put_the_white_mug_on_the_left_plate_then_put_the_yellow_and_white_mug_on_the_right_plate_then_put_the_chocolate_pudding_to_the_right_of_the_added_plat.png	tasks/compose_348__put_the_white_mug_on_the_left_plate_then_put_the_yellow_and_white_mug_on_the_right_plate_then_put_the_chocolate_pudding_to_the_right_of_the_added_plat	composition|740705f0104738db191794fd4e549a00be27f5f0187328c3a2bc7016a96a1c3a|frozenset({on(chocolate_pudding_1,living_room_table_plate_right_region),on(porcelain_mug_1,plate_1),on(red_coffee_mug_1,plate_3),on(white_yellow_mug_1,plate_2)})
COMPOSE_349	X12_living5_plus_scene6_pudding_plate_hybrid	4	false	false	libero_10;libero_object	104;309	LIVING_ROOM_SCENE5_put_the_white_mug_on_the_left_plate_and_put_the_yellow_and_white_mug_on_the_right_plate;pick_up_the_chocolate_pudding_and_place_it_in_the_basket;LIVING_ROOM_SCENE6_put_the_white_mug_on_the_plate_and_put_the_chocolate_pudding_to_the_right_of_the_plate	put the white mug on the left plate and put the yellow and white mug on the right plate | Pick the chocolate pudding and place it in the basket | put the white mug on the plate and put the chocolate pudding to the right of the plate	Put the white mug on the left plate, then put the yellow and white mug on the right plate, then put the chocolate pudding on the added plate, and finally put the red mug to the right of the added plate.	on(porcelain_mug_1, plate_1); on(white_yellow_mug_1, plate_2); on(chocolate_pudding_1, plate_3); on(red_coffee_mug_1, living_room_table_plate_right_region)	libero10_living5_plus_scene6_plate_and_pudding	Scene5 mug/plate poses are unchanged; Scene6 plate_3 and pudding are added at non-overlapping reachable slots. | The canonical Scene6 living_room_table_plate_right_region name is retained for current-BDDL projection. | Pudding grasp and plate placement are learned separately, but this exact object-relation pair is compositional transfer. | The red mug is an undemonstrated distractor; the right-of-plate relation is learned from Scene6.	5	8	comparison_png/COMPOSE_349__put_the_white_mug_on_the_left_plate_then_put_the_yellow_and_white_mug_on_the_right_plate_then_put_the_chocolate_pudding_on_the_added_plate_and_finally.png	tasks/compose_349__put_the_white_mug_on_the_left_plate_then_put_the_yellow_and_white_mug_on_the_right_plate_then_put_the_chocolate_pudding_on_the_added_plate_and_finally	composition|740705f0104738db191794fd4e549a00be27f5f0187328c3a2bc7016a96a1c3a|frozenset({on(chocolate_pudding_1,plate_3),on(porcelain_mug_1,plate_1),on(red_coffee_mug_1,living_room_table_plate_right_region),on(white_yellow_mug_1,plate_2)})
COMPOSE_350	X13_kitchen8_two_moka_then_turn_on	3	true	false	libero_10;libero_goal	108;7	KITCHEN_SCENE8_put_both_moka_pots_on_the_stove;turn_on_the_stove	put both moka pots on the stove | Turn on the stove	Put the right moka pot on the stove, then put the left moka pot on the stove, and finally turn on the stove.	on(moka_pot_1, flat_stove_1_cook_region); on(moka_pot_2, flat_stove_1_cook_region); turnon(flat_stove_1)	libero10_kitchen8_stove_off_at_init	The source's initially-on stove state is removed so the turn-on clause is not true at reset. | The interaction mask is flat_stove_1_button only; the whole stove is forbidden as fallback. | Exact learned stove-on primitive transferred only across repeated instances of the same flat-stove class.	5	5	comparison_png/COMPOSE_350__put_the_right_moka_pot_on_the_stove_then_put_the_left_moka_pot_on_the_stove_and_finally_turn_on_the_stove.png	tasks/compose_350__put_the_right_moka_pot_on_the_stove_then_put_the_left_moka_pot_on_the_stove_and_finally_turn_on_the_stove	composition|c78b4099dc4be933f2b8309d1e550cd1a902da2f95be5f14b4c7e009eb449328|frozenset({on(moka_pot_1,flat_stove_1_cook_region),on(moka_pot_2,flat_stove_1_cook_region),turnon(flat_stove_1)})
