task_id	family	instruction	semantic_count	components	full_successes	full_episodes	full_sr	failure_episode	goal_atoms	atom_first_steps	atom_final	max_simultaneous	combination_first_steps	subtasks_reached	num_subtasks	partial_kind	derived_two_step_instruction	failure_video	comparison_png	stove_turn_knob_frames
COMP_001	C1_goal_three_task_clique	Put the cream cheese on the black bowl, then put the black bowl on the plate, and finally put the wine bottle on the rack.	3	Put the cream cheese on the black bowl | Put the black bowl on the plate | Put the wine bottle on the rack	0	5	0.0	0	on(cream_cheese_1, akita_black_bowl_1) | on(akita_black_bowl_1, plate_1) | on(wine_bottle_1, wine_rack_1_top_region)	[109, null, null]	[true, false, false]	1	"{""000"": 0, ""100"": 109}"	6	6			../assets/composition/failure_videos/COMP_001/COMP_001_ep000_fail.mp4	../assets/composition/comparison_png/COMP_001__put_the_cream_cheese_on_the_black_bowl_then_put_the_black_bowl_on_the_plate_and_finally_put_the_wine_bottle_on_the_rack.png	0
COMP_002	C1_goal_three_task_clique	Put the black bowl on the plate, then put the wine bottle on the rack, and finally push the plate to the front of the stove.	3	Put the black bowl on the plate | Put the wine bottle on the rack | Push the plate to the front of the stove	0	5	0.0	3	on(akita_black_bowl_1, plate_1) | on(wine_bottle_1, wine_rack_1_top_region) | on(plate_1, main_table_stove_front_region)	[68, null, null]	[true, false, false]	1	"{""000"": 0, ""100"": 68}"	6	6			../assets/composition/failure_videos/COMP_002/COMP_002_ep003_fail.mp4	../assets/composition/comparison_png/COMP_002__put_the_black_bowl_on_the_plate_then_put_the_wine_bottle_on_the_rack_and_finally_push_the_plate_to_the_front_of_the_stove.png	0
COMP_003	C1_goal_three_task_clique	Put the black bowl on the plate, then put the wine bottle on the rack, and finally turn on the stove.	3	Put the black bowl on the plate | Put the wine bottle on the rack | Turn on the stove	0	5	0.0	0	on(akita_black_bowl_1, plate_1) | on(wine_bottle_1, wine_rack_1_top_region) | turnon(flat_stove_1)	[80, null, null]	[false, false, false]	1	"{""000"": 0, ""100"": 80}"	5	5			../assets/composition/failure_videos/COMP_003/COMP_003_ep000_fail.mp4	../assets/composition/comparison_png/COMP_003__put_the_black_bowl_on_the_plate_then_put_the_wine_bottle_on_the_rack_and_finally_turn_on_the_stove.png	46
COMP_004	C1_goal_three_task_clique	Put the black bowl on the plate, then put the wine bottle on the rack, and finally open the middle drawer of the cabinet.	3	Put the black bowl on the plate | Put the wine bottle on the rack | Open the middle drawer of the cabinet	0	5	0.0	2	on(akita_black_bowl_1, plate_1) | on(wine_bottle_1, wine_rack_1_top_region) | open(wooden_cabinet_1_middle_region)	[82, null, null]	[true, false, false]	1	"{""000"": 0, ""100"": 82}"	5	5			../assets/composition/failure_videos/COMP_004/COMP_004_ep002_fail.mp4	../assets/composition/comparison_png/COMP_004__put_the_black_bowl_on_the_plate_then_put_the_wine_bottle_on_the_rack_and_finally_open_the_middle_drawer_of_the_cabinet.png	0
COMP_005	C1_goal_three_task_clique	Put the cream cheese on the black bowl, then put the black bowl on the plate, and finally put the wine bottle on top of the cabinet.	3	Put the cream cheese on the black bowl | Put the black bowl on the plate | Put the wine bottle on top of the cabinet	0	5	0.0	0	on(cream_cheese_1, akita_black_bowl_1) | on(akita_black_bowl_1, plate_1) | on(wine_bottle_1, wooden_cabinet_1_top_side)	[108, null, null]	[true, false, false]	1	"{""000"": 0, ""100"": 108}"	6	6			../assets/composition/failure_videos/COMP_005/COMP_005_ep000_fail.mp4	../assets/composition/comparison_png/COMP_005__put_the_cream_cheese_on_the_black_bowl_then_put_the_black_bowl_on_the_plate_and_finally_put_the_wine_bottle_on_top_of_the_cabinet.png	0
COMP_006	C1_goal_three_task_clique	Put the cream cheese on the black bowl, then put the black bowl on the plate, and finally push the plate to the front of the stove.	3	Put the cream cheese on the black bowl | Put the black bowl on the plate | Push the plate to the front of the stove	0	5	0.0	0	on(cream_cheese_1, akita_black_bowl_1) | on(akita_black_bowl_1, plate_1) | on(plate_1, main_table_stove_front_region)	[111, null, null]	[true, false, false]	1	"{""000"": 0, ""100"": 111}"	6	6			../assets/composition/failure_videos/COMP_006/COMP_006_ep000_fail.mp4	../assets/composition/comparison_png/COMP_006__put_the_cream_cheese_on_the_black_bowl_then_put_the_black_bowl_on_the_plate_and_finally_push_the_plate_to_the_front_of_the_stove.png	0
COMP_007	C1_goal_three_task_clique	Put the cream cheese on the black bowl, then put the black bowl on the plate, and finally turn on the stove.	3	Put the cream cheese on the black bowl | Put the black bowl on the plate | Turn on the stove	0	5	0.0	0	on(cream_cheese_1, akita_black_bowl_1) | on(akita_black_bowl_1, plate_1) | turnon(flat_stove_1)	[109, null, null]	[true, false, false]	1	"{""000"": 0, ""100"": 109}"	5	5			../assets/composition/failure_videos/COMP_007/COMP_007_ep000_fail.mp4	../assets/composition/comparison_png/COMP_007__put_the_cream_cheese_on_the_black_bowl_then_put_the_black_bowl_on_the_plate_and_finally_turn_on_the_stove.png	81
COMP_008	C1_goal_three_task_clique	Put the cream cheese on the black bowl, then put the black bowl on the plate, and finally open the middle drawer of the cabinet.	3	Put the cream cheese on the black bowl | Put the black bowl on the plate | Open the middle drawer of the cabinet	0	5	0.0	0	on(cream_cheese_1, akita_black_bowl_1) | on(akita_black_bowl_1, plate_1) | open(wooden_cabinet_1_middle_region)	[111, null, 453]	[true, false, true]	2	"{""000"": 0, ""100"": 111, ""101"": 453}"	5	5	non-prefix pair	Put the cream cheese on the black bowl, and then open the middle drawer of the cabinet.	../assets/composition/failure_videos/COMP_008/COMP_008_ep000_fail.mp4	../assets/composition/comparison_png/COMP_008__put_the_cream_cheese_on_the_black_bowl_then_put_the_black_bowl_on_the_plate_and_finally_open_the_middle_drawer_of_the_cabinet.png	0
COMP_009	C1_goal_three_task_clique	Put the black bowl on the plate, then put the wine bottle on top of the cabinet, and finally push the plate to the front of the stove.	3	Put the black bowl on the plate | Put the wine bottle on top of the cabinet | Push the plate to the front of the stove	0	5	0.0	2	on(akita_black_bowl_1, plate_1) | on(wine_bottle_1, wooden_cabinet_1_top_side) | on(plate_1, main_table_stove_front_region)	[78, null, null]	[false, false, false]	1	"{""000"": 0, ""100"": 78}"	5	6			../assets/composition/failure_videos/COMP_009/COMP_009_ep002_fail.mp4	../assets/composition/comparison_png/COMP_009__put_the_black_bowl_on_the_plate_then_put_the_wine_bottle_on_top_of_the_cabinet_and_finally_push_the_plate_to_the_front_of_the_stove.png	0
COMP_010	C1_goal_three_task_clique	Put the black bowl on the plate, then put the wine bottle on top of the cabinet, and finally turn on the stove.	3	Put the black bowl on the plate | Put the wine bottle on top of the cabinet | Turn on the stove	0	5	0.0	0	on(akita_black_bowl_1, plate_1) | on(wine_bottle_1, wooden_cabinet_1_top_side) | turnon(flat_stove_1)	[78, null, null]	[true, false, false]	1	"{""000"": 0, ""100"": 78}"	5	5			../assets/composition/failure_videos/COMP_010/COMP_010_ep000_fail.mp4	../assets/composition/comparison_png/COMP_010__put_the_black_bowl_on_the_plate_then_put_the_wine_bottle_on_top_of_the_cabinet_and_finally_turn_on_the_stove.png	44
COMP_011	C1_goal_three_task_clique	Put the black bowl on the plate, then put the wine bottle on top of the cabinet, and finally open the middle drawer of the cabinet.	3	Put the black bowl on the plate | Put the wine bottle on top of the cabinet | Open the middle drawer of the cabinet	0	5	0.0	0	on(akita_black_bowl_1, plate_1) | on(wine_bottle_1, wooden_cabinet_1_top_side) | open(wooden_cabinet_1_middle_region)	[80, null, null]	[false, false, false]	1	"{""000"": 0, ""100"": 80}"	5	5			../assets/composition/failure_videos/COMP_011/COMP_011_ep000_fail.mp4	../assets/composition/comparison_png/COMP_011__put_the_black_bowl_on_the_plate_then_put_the_wine_bottle_on_top_of_the_cabinet_and_finally_open_the_middle_drawer_of_the_cabinet.png	0
COMP_012	C1_goal_three_task_clique	Put the black bowl on the plate, then push the plate to the front of the stove, and finally turn on the stove.	3	Put the black bowl on the plate | Push the plate to the front of the stove | Turn on the stove	0	5	0.0	0	on(akita_black_bowl_1, plate_1) | on(plate_1, main_table_stove_front_region) | turnon(flat_stove_1)	[81, null, null]	[true, false, false]	1	"{""000"": 0, ""100"": 81}"	5	5			../assets/composition/failure_videos/COMP_012/COMP_012_ep000_fail.mp4	../assets/composition/comparison_png/COMP_012__put_the_black_bowl_on_the_plate_then_push_the_plate_to_the_front_of_the_stove_and_finally_turn_on_the_stove.png	75
COMP_013	C1_goal_three_task_clique	Put the black bowl on the plate, then push the plate to the front of the stove, and finally open the middle drawer of the cabinet.	3	Put the black bowl on the plate | Push the plate to the front of the stove | Open the middle drawer of the cabinet	0	5	0.0	0	on(akita_black_bowl_1, plate_1) | on(plate_1, main_table_stove_front_region) | open(wooden_cabinet_1_middle_region)	[78, null, null]	[true, false, false]	1	"{""000"": 0, ""100"": 78}"	5	5			../assets/composition/failure_videos/COMP_013/COMP_013_ep000_fail.mp4	../assets/composition/comparison_png/COMP_013__put_the_black_bowl_on_the_plate_then_push_the_plate_to_the_front_of_the_stove_and_finally_open_the_middle_drawer_of_the_cabinet.png	0
COMP_014	C1_goal_three_task_clique	Put the black bowl on the plate, then turn on the stove, and finally open the middle drawer of the cabinet.	3	Put the black bowl on the plate | Turn on the stove | Open the middle drawer of the cabinet	0	5	0.0	0	on(akita_black_bowl_1, plate_1) | turnon(flat_stove_1) | open(wooden_cabinet_1_middle_region)	[82, null, null]	[true, false, false]	1	"{""000"": 0, ""100"": 82}"	4	4			../assets/composition/failure_videos/COMP_014/COMP_014_ep000_fail.mp4	../assets/composition/comparison_png/COMP_014__put_the_black_bowl_on_the_plate_then_turn_on_the_stove_and_finally_open_the_middle_drawer_of_the_cabinet.png	1
COMP_015	C1_goal_three_task_clique	Put the cream cheese on the black bowl, then put the wine bottle on the rack, and finally open the top drawer and put the black bowl inside.	3	Put the cream cheese on the black bowl | Put the wine bottle on the rack | Open the top drawer and put the black bowl inside	0	5	0.0	3	on(cream_cheese_1, akita_black_bowl_1) | on(wine_bottle_1, wine_rack_1_top_region) | in(akita_black_bowl_1, wooden_cabinet_1_top_region)	[105, null, null]	[true, false, false]	1	"{""000"": 0, ""100"": 105}"	7	7			../assets/composition/failure_videos/COMP_015/COMP_015_ep003_fail.mp4	../assets/composition/comparison_png/COMP_015__put_the_cream_cheese_on_the_black_bowl_then_put_the_wine_bottle_on_the_rack_and_finally_open_the_top_drawer_and_put_the_black_bowl_inside.png	0
COMP_016	C1_goal_three_task_clique	Put the wine bottle on the rack, then push the plate to the front of the stove, and finally open the top drawer and put the black bowl inside.	3	Put the wine bottle on the rack | Push the plate to the front of the stove | Open the top drawer and put the black bowl inside	0	5	0.0	0	on(wine_bottle_1, wine_rack_1_top_region) | on(plate_1, main_table_stove_front_region) | in(akita_black_bowl_1, wooden_cabinet_1_top_region)	[141, null, null]	[true, false, false]	1	"{""000"": 0, ""100"": 141}"	4	7			../assets/composition/failure_videos/COMP_016/COMP_016_ep000_fail.mp4	../assets/composition/comparison_png/COMP_016__put_the_wine_bottle_on_the_rack_then_push_the_plate_to_the_front_of_the_stove_and_finally_open_the_top_drawer_and_put_the_black_bowl_inside.png	0
COMP_017	C1_goal_three_task_clique	Put the wine bottle on the rack, then turn on the stove, and finally open the top drawer and put the black bowl inside.	3	Put the wine bottle on the rack | Turn on the stove | Open the top drawer and put the black bowl inside	0	5	0.0	0	on(wine_bottle_1, wine_rack_1_top_region) | turnon(flat_stove_1) | in(akita_black_bowl_1, wooden_cabinet_1_top_region)	[143, null, null]	[true, false, false]	1	"{""000"": 0, ""100"": 143}"	4	6			../assets/composition/failure_videos/COMP_017/COMP_017_ep000_fail.mp4	../assets/composition/comparison_png/COMP_017__put_the_wine_bottle_on_the_rack_then_turn_on_the_stove_and_finally_open_the_top_drawer_and_put_the_black_bowl_inside.png	15
COMP_018	C1_goal_three_task_clique	Put the wine bottle on the rack, then open the middle drawer of the cabinet, and finally open the top drawer and put the black bowl inside.	3	Put the wine bottle on the rack | Open the middle drawer of the cabinet | Open the top drawer and put the black bowl inside	0	5	0.0	0	on(wine_bottle_1, wine_rack_1_top_region) | open(wooden_cabinet_1_middle_region) | in(akita_black_bowl_1, wooden_cabinet_1_top_region)	[137, null, null]	[true, false, false]	1	"{""000"": 0, ""100"": 137}"	3	6			../assets/composition/failure_videos/COMP_018/COMP_018_ep000_fail.mp4	../assets/composition/comparison_png/COMP_018__put_the_wine_bottle_on_the_rack_then_open_the_middle_drawer_of_the_cabinet_and_finally_open_the_top_drawer_and_put_the_black_bowl_inside.png	0
COMP_019	C1_goal_three_task_clique	Put the cream cheese on the black bowl, then put the wine bottle on the rack, and finally push the plate to the front of the stove.	3	Put the cream cheese on the black bowl | Put the wine bottle on the rack | Push the plate to the front of the stove	0	5	0.0	1	on(cream_cheese_1, akita_black_bowl_1) | on(wine_bottle_1, wine_rack_1_top_region) | on(plate_1, main_table_stove_front_region)	[103, null, null]	[true, false, false]	1	"{""000"": 0, ""100"": 103}"	6	6			../assets/composition/failure_videos/COMP_019/COMP_019_ep001_fail.mp4	../assets/composition/comparison_png/COMP_019__put_the_cream_cheese_on_the_black_bowl_then_put_the_wine_bottle_on_the_rack_and_finally_push_the_plate_to_the_front_of_the_stove.png	0
COMP_020	C1_goal_three_task_clique	Put the cream cheese on the black bowl, then put the wine bottle on the rack, and finally turn on the stove.	3	Put the cream cheese on the black bowl | Put the wine bottle on the rack | Turn on the stove	0	5	0.0	1	on(cream_cheese_1, akita_black_bowl_1) | on(wine_bottle_1, wine_rack_1_top_region) | turnon(flat_stove_1)	[105, null, null]	[true, false, false]	1	"{""000"": 0, ""100"": 105}"	5	5			../assets/composition/failure_videos/COMP_020/COMP_020_ep001_fail.mp4	../assets/composition/comparison_png/COMP_020__put_the_cream_cheese_on_the_black_bowl_then_put_the_wine_bottle_on_the_rack_and_finally_turn_on_the_stove.png	40
COMP_021	C1_goal_three_task_clique	Put the cream cheese on the black bowl, then put the wine bottle on the rack, and finally put the black bowl on the stove.	3	Put the cream cheese on the black bowl | Put the wine bottle on the rack | Put the black bowl on the stove	0	5	0.0	0	on(cream_cheese_1, akita_black_bowl_1) | on(wine_bottle_1, wine_rack_1_top_region) | on(akita_black_bowl_1, flat_stove_1_cook_region)	[108, null, null]	[false, false, false]	1	"{""000"": 0, ""100"": 108}"	6	6			../assets/composition/failure_videos/COMP_021/COMP_021_ep000_fail.mp4	../assets/composition/comparison_png/COMP_021__put_the_cream_cheese_on_the_black_bowl_then_put_the_wine_bottle_on_the_rack_and_finally_put_the_black_bowl_on_the_stove.png	0
COMP_022	C1_goal_three_task_clique	Put the cream cheese on the black bowl, then put the wine bottle on the rack, and finally put the black bowl on top of the cabinet.	3	Put the cream cheese on the black bowl | Put the wine bottle on the rack | Put the black bowl on top of the cabinet	0	5	0.0	3	on(cream_cheese_1, akita_black_bowl_1) | on(wine_bottle_1, wine_rack_1_top_region) | on(akita_black_bowl_1, wooden_cabinet_1_top_side)	[105, null, null]	[true, false, false]	1	"{""000"": 0, ""100"": 105}"	6	6			../assets/composition/failure_videos/COMP_022/COMP_022_ep003_fail.mp4	../assets/composition/comparison_png/COMP_022__put_the_cream_cheese_on_the_black_bowl_then_put_the_wine_bottle_on_the_rack_and_finally_put_the_black_bowl_on_top_of_the_cabinet.png	0
COMP_023	C1_goal_three_task_clique	Put the cream cheese on the black bowl, then put the wine bottle on the rack, and finally open the middle drawer of the cabinet.	3	Put the cream cheese on the black bowl | Put the wine bottle on the rack | Open the middle drawer of the cabinet	0	5	0.0	0	on(cream_cheese_1, akita_black_bowl_1) | on(wine_bottle_1, wine_rack_1_top_region) | open(wooden_cabinet_1_middle_region)	[107, null, null]	[false, false, false]	1	"{""000"": 0, ""100"": 107}"	5	5			../assets/composition/failure_videos/COMP_023/COMP_023_ep000_fail.mp4	../assets/composition/comparison_png/COMP_023__put_the_cream_cheese_on_the_black_bowl_then_put_the_wine_bottle_on_the_rack_and_finally_open_the_middle_drawer_of_the_cabinet.png	0
COMP_024	C1_goal_three_task_clique	Put the wine bottle on the rack, then push the plate to the front of the stove, and finally turn on the stove.	3	Put the wine bottle on the rack | Push the plate to the front of the stove | Turn on the stove	0	5	0.0	2	on(wine_bottle_1, wine_rack_1_top_region) | on(plate_1, main_table_stove_front_region) | turnon(flat_stove_1)	[143, null, null]	[false, false, false]	1	"{""000"": 0, ""100"": 143}"	5	5			../assets/composition/failure_videos/COMP_024/COMP_024_ep002_fail.mp4	../assets/composition/comparison_png/COMP_024__put_the_wine_bottle_on_the_rack_then_push_the_plate_to_the_front_of_the_stove_and_finally_turn_on_the_stove.png	29
COMP_025	C1_goal_three_task_clique	Put the wine bottle on the rack, then push the plate to the front of the stove, and finally put the black bowl on the stove.	3	Put the wine bottle on the rack | Push the plate to the front of the stove | Put the black bowl on the stove	0	5	0.0	4	on(wine_bottle_1, wine_rack_1_top_region) | on(plate_1, main_table_stove_front_region) | on(akita_black_bowl_1, flat_stove_1_cook_region)	[139, null, null]	[false, false, false]	1	"{""000"": 0, ""100"": 139}"	5	6			../assets/composition/failure_videos/COMP_025/COMP_025_ep004_fail.mp4	../assets/composition/comparison_png/COMP_025__put_the_wine_bottle_on_the_rack_then_push_the_plate_to_the_front_of_the_stove_and_finally_put_the_black_bowl_on_the_stove.png	0
COMP_026	C1_goal_three_task_clique	Put the wine bottle on the rack, then push the plate to the front of the stove, and finally put the black bowl on top of the cabinet.	3	Put the wine bottle on the rack | Push the plate to the front of the stove | Put the black bowl on top of the cabinet	0	5	0.0	0	on(wine_bottle_1, wine_rack_1_top_region) | on(plate_1, main_table_stove_front_region) | on(akita_black_bowl_1, wooden_cabinet_1_top_side)	[143, null, null]	[true, false, false]	1	"{""000"": 0, ""100"": 143}"	5	6			../assets/composition/failure_videos/COMP_026/COMP_026_ep000_fail.mp4	../assets/composition/comparison_png/COMP_026__put_the_wine_bottle_on_the_rack_then_push_the_plate_to_the_front_of_the_stove_and_finally_put_the_black_bowl_on_top_of_the_cabinet.png	0
COMP_027	C1_goal_three_task_clique	Put the wine bottle on the rack, then push the plate to the front of the stove, and finally open the middle drawer of the cabinet.	3	Put the wine bottle on the rack | Push the plate to the front of the stove | Open the middle drawer of the cabinet	0	5	0.0	1	on(wine_bottle_1, wine_rack_1_top_region) | on(plate_1, main_table_stove_front_region) | open(wooden_cabinet_1_middle_region)	[163, null, null]	[true, false, false]	1	"{""000"": 0, ""100"": 163}"	4	5			../assets/composition/failure_videos/COMP_027/COMP_027_ep001_fail.mp4	../assets/composition/comparison_png/COMP_027__put_the_wine_bottle_on_the_rack_then_push_the_plate_to_the_front_of_the_stove_and_finally_open_the_middle_drawer_of_the_cabinet.png	0
COMP_028	C1_goal_three_task_clique	Put the wine bottle on the rack, then turn on the stove, and finally put the black bowl on the stove.	3	Put the wine bottle on the rack | Turn on the stove | Put the black bowl on the stove	0	5	0.0	3	on(wine_bottle_1, wine_rack_1_top_region) | turnon(flat_stove_1) | on(akita_black_bowl_1, flat_stove_1_cook_region)	[143, null, null]	[true, false, false]	1	"{""000"": 0, ""100"": 143}"	4	5			../assets/composition/failure_videos/COMP_028/COMP_028_ep003_fail.mp4	../assets/composition/comparison_png/COMP_028__put_the_wine_bottle_on_the_rack_then_turn_on_the_stove_and_finally_put_the_black_bowl_on_the_stove.png	2
COMP_029	C1_goal_three_task_clique	Put the wine bottle on the rack, then turn on the stove, and finally put the black bowl on top of the cabinet.	3	Put the wine bottle on the rack | Turn on the stove | Put the black bowl on top of the cabinet	0	5	0.0	1	on(wine_bottle_1, wine_rack_1_top_region) | turnon(flat_stove_1) | on(akita_black_bowl_1, wooden_cabinet_1_top_side)	[151, null, null]	[true, false, false]	1	"{""000"": 0, ""100"": 151}"	4	5			../assets/composition/failure_videos/COMP_029/COMP_029_ep001_fail.mp4	../assets/composition/comparison_png/COMP_029__put_the_wine_bottle_on_the_rack_then_turn_on_the_stove_and_finally_put_the_black_bowl_on_top_of_the_cabinet.png	31
COMP_030	C1_goal_three_task_clique	Put the wine bottle on the rack, then turn on the stove, and finally open the middle drawer of the cabinet.	3	Put the wine bottle on the rack | Turn on the stove | Open the middle drawer of the cabinet	0	5	0.0	0	on(wine_bottle_1, wine_rack_1_top_region) | turnon(flat_stove_1) | open(wooden_cabinet_1_middle_region)	[139, null, null]	[true, false, false]	1	"{""000"": 0, ""100"": 139}"	3	4			../assets/composition/failure_videos/COMP_030/COMP_030_ep000_fail.mp4	../assets/composition/comparison_png/COMP_030__put_the_wine_bottle_on_the_rack_then_turn_on_the_stove_and_finally_open_the_middle_drawer_of_the_cabinet.png	80
COMP_031	C1_goal_three_task_clique	Put the wine bottle on the rack, then open the middle drawer of the cabinet, and finally put the black bowl on the stove.	3	Put the wine bottle on the rack | Open the middle drawer of the cabinet | Put the black bowl on the stove	0	5	0.0	0	on(wine_bottle_1, wine_rack_1_top_region) | open(wooden_cabinet_1_middle_region) | on(akita_black_bowl_1, flat_stove_1_cook_region)	[126, null, null]	[false, false, false]	1	"{""000"": 0, ""100"": 126}"	3	5			../assets/composition/failure_videos/COMP_031/COMP_031_ep000_fail.mp4	../assets/composition/comparison_png/COMP_031__put_the_wine_bottle_on_the_rack_then_open_the_middle_drawer_of_the_cabinet_and_finally_put_the_black_bowl_on_the_stove.png	0
COMP_032	C1_goal_three_task_clique	Put the wine bottle on the rack, then open the middle drawer of the cabinet, and finally put the black bowl on top of the cabinet.	3	Put the wine bottle on the rack | Open the middle drawer of the cabinet | Put the black bowl on top of the cabinet	0	5	0.0	0	on(wine_bottle_1, wine_rack_1_top_region) | open(wooden_cabinet_1_middle_region) | on(akita_black_bowl_1, wooden_cabinet_1_top_side)	[139, null, null]	[true, false, false]	1	"{""000"": 0, ""100"": 139}"	3	5			../assets/composition/failure_videos/COMP_032/COMP_032_ep000_fail.mp4	../assets/composition/comparison_png/COMP_032__put_the_wine_bottle_on_the_rack_then_open_the_middle_drawer_of_the_cabinet_and_finally_put_the_black_bowl_on_top_of_the_cabinet.png	0
COMP_033	C1_goal_three_task_clique	Put the cream cheese on the black bowl, then put the wine bottle on top of the cabinet, and finally open the top drawer and put the black bowl inside.	3	Put the cream cheese on the black bowl | Put the wine bottle on top of the cabinet | Open the top drawer and put the black bowl inside	0	5	0.0	1	on(cream_cheese_1, akita_black_bowl_1) | on(wine_bottle_1, wooden_cabinet_1_top_side) | in(akita_black_bowl_1, wooden_cabinet_1_top_region)	[104, null, null]	[true, false, false]	1	"{""000"": 0, ""100"": 104}"	7	7			../assets/composition/failure_videos/COMP_033/COMP_033_ep001_fail.mp4	../assets/composition/comparison_png/COMP_033__put_the_cream_cheese_on_the_black_bowl_then_put_the_wine_bottle_on_top_of_the_cabinet_and_finally_open_the_top_drawer_and_put_the_black_bowl_inside.png	0
COMP_034	C1_goal_three_task_clique	Put the cream cheese on the black bowl, then push the plate to the front of the stove, and finally open the top drawer and put the black bowl inside.	3	Put the cream cheese on the black bowl | Push the plate to the front of the stove | Open the top drawer and put the black bowl inside	0	5	0.0	0	on(cream_cheese_1, akita_black_bowl_1) | on(plate_1, main_table_stove_front_region) | in(akita_black_bowl_1, wooden_cabinet_1_top_region)	[109, null, null]	[true, false, false]	1	"{""000"": 0, ""100"": 109}"	5	7			../assets/composition/failure_videos/COMP_034/COMP_034_ep000_fail.mp4	../assets/composition/comparison_png/COMP_034__put_the_cream_cheese_on_the_black_bowl_then_push_the_plate_to_the_front_of_the_stove_and_finally_open_the_top_drawer_and_put_the_black_bowl_inside.png	0
COMP_035	C1_goal_three_task_clique	Put the cream cheese on the black bowl, then turn on the stove, and finally open the top drawer and put the black bowl inside.	3	Put the cream cheese on the black bowl | Turn on the stove | Open the top drawer and put the black bowl inside	0	5	0.0	0	on(cream_cheese_1, akita_black_bowl_1) | turnon(flat_stove_1) | in(akita_black_bowl_1, wooden_cabinet_1_top_region)	[114, null, null]	[true, false, false]	1	"{""000"": 0, ""100"": 114}"	4	6			../assets/composition/failure_videos/COMP_035/COMP_035_ep000_fail.mp4	../assets/composition/comparison_png/COMP_035__put_the_cream_cheese_on_the_black_bowl_then_turn_on_the_stove_and_finally_open_the_top_drawer_and_put_the_black_bowl_inside.png	2
COMP_036	C1_goal_three_task_clique	Put the cream cheese on the black bowl, then open the middle drawer of the cabinet, and finally open the top drawer and put the black bowl inside.	3	Put the cream cheese on the black bowl | Open the middle drawer of the cabinet | Open the top drawer and put the black bowl inside	0	5	0.0	0	on(cream_cheese_1, akita_black_bowl_1) | open(wooden_cabinet_1_middle_region) | in(akita_black_bowl_1, wooden_cabinet_1_top_region)	[109, 398, null]	[true, true, false]	2	"{""000"": 0, ""100"": 109, ""110"": 398}"	4	6	ordered instruction prefix	Put the cream cheese on the black bowl, and then open the middle drawer of the cabinet.	../assets/composition/failure_videos/COMP_036/COMP_036_ep000_fail.mp4	../assets/composition/comparison_png/COMP_036__put_the_cream_cheese_on_the_black_bowl_then_open_the_middle_drawer_of_the_cabinet_and_finally_open_the_top_drawer_and_put_the_black_bowl_inside.png	0
COMP_037	C1_goal_three_task_clique	Put the wine bottle on top of the cabinet, then push the plate to the front of the stove, and finally open the top drawer and put the black bowl inside.	3	Put the wine bottle on top of the cabinet | Push the plate to the front of the stove | Open the top drawer and put the black bowl inside	0	5	0.0	0	on(wine_bottle_1, wooden_cabinet_1_top_side) | on(plate_1, main_table_stove_front_region) | in(akita_black_bowl_1, wooden_cabinet_1_top_region)	[110, null, null]	[true, false, false]	1	"{""000"": 0, ""100"": 110}"	4	7			../assets/composition/failure_videos/COMP_037/COMP_037_ep000_fail.mp4	../assets/composition/comparison_png/COMP_037__put_the_wine_bottle_on_top_of_the_cabinet_then_push_the_plate_to_the_front_of_the_stove_and_finally_open_the_top_drawer_and_put_the_black_bowl_inside.png	0
COMP_038	C1_goal_three_task_clique	Put the wine bottle on top of the cabinet, then turn on the stove, and finally open the top drawer and put the black bowl inside.	3	Put the wine bottle on top of the cabinet | Turn on the stove | Open the top drawer and put the black bowl inside	0	5	0.0	0	on(wine_bottle_1, wooden_cabinet_1_top_side) | turnon(flat_stove_1) | in(akita_black_bowl_1, wooden_cabinet_1_top_region)	[106, null, null]	[true, false, false]	1	"{""000"": 0, ""100"": 106}"	5	6			../assets/composition/failure_videos/COMP_038/COMP_038_ep000_fail.mp4	../assets/composition/comparison_png/COMP_038__put_the_wine_bottle_on_top_of_the_cabinet_then_turn_on_the_stove_and_finally_open_the_top_drawer_and_put_the_black_bowl_inside.png	16
COMP_039	C1_goal_three_task_clique	Put the wine bottle on top of the cabinet, then open the middle drawer of the cabinet, and finally open the top drawer and put the black bowl inside.	3	Put the wine bottle on top of the cabinet | Open the middle drawer of the cabinet | Open the top drawer and put the black bowl inside	0	5	0.0	0	on(wine_bottle_1, wooden_cabinet_1_top_side) | open(wooden_cabinet_1_middle_region) | in(akita_black_bowl_1, wooden_cabinet_1_top_region)	[113, null, null]	[true, false, false]	1	"{""000"": 0, ""100"": 113}"	3	6			../assets/composition/failure_videos/COMP_039/COMP_039_ep000_fail.mp4	../assets/composition/comparison_png/COMP_039__put_the_wine_bottle_on_top_of_the_cabinet_then_open_the_middle_drawer_of_the_cabinet_and_finally_open_the_top_drawer_and_put_the_black_bowl_inside.png	0
COMP_040	C1_goal_three_task_clique	Push the plate to the front of the stove, then turn on the stove, and finally open the top drawer and put the black bowl inside.	3	Push the plate to the front of the stove | Turn on the stove | Open the top drawer and put the black bowl inside	0	5	0.0	2	on(plate_1, main_table_stove_front_region) | turnon(flat_stove_1) | in(akita_black_bowl_1, wooden_cabinet_1_top_region)	[128, null, null]	[true, false, false]	1	"{""000"": 0, ""100"": 128}"	6	6			../assets/composition/failure_videos/COMP_040/COMP_040_ep002_fail.mp4	../assets/composition/comparison_png/COMP_040__push_the_plate_to_the_front_of_the_stove_then_turn_on_the_stove_and_finally_open_the_top_drawer_and_put_the_black_bowl_inside.png	9
COMP_041	C1_goal_three_task_clique	Push the plate to the front of the stove, then open the middle drawer of the cabinet, and finally open the top drawer and put the black bowl inside.	3	Push the plate to the front of the stove | Open the middle drawer of the cabinet | Open the top drawer and put the black bowl inside	0	5	0.0	1	on(plate_1, main_table_stove_front_region) | open(wooden_cabinet_1_middle_region) | in(akita_black_bowl_1, wooden_cabinet_1_top_region)	[null, 393, null]	[false, true, false]	1	"{""000"": 0, ""010"": 393}"	4	6			../assets/composition/failure_videos/COMP_041/COMP_041_ep001_fail.mp4	../assets/composition/comparison_png/COMP_041__push_the_plate_to_the_front_of_the_stove_then_open_the_middle_drawer_of_the_cabinet_and_finally_open_the_top_drawer_and_put_the_black_bowl_inside.png	0
COMP_042	C1_goal_three_task_clique	Turn on the stove, then open the middle drawer of the cabinet, and finally open the top drawer and put the black bowl inside.	3	Turn on the stove | Open the middle drawer of the cabinet | Open the top drawer and put the black bowl inside	0	5	0.0	4	turnon(flat_stove_1) | open(wooden_cabinet_1_middle_region) | in(akita_black_bowl_1, wooden_cabinet_1_top_region)	[71, 561, null]	[true, true, false]	2	"{""000"": 0, ""100"": 71, ""110"": 561}"	3	5	ordered instruction prefix	Turn on the stove, and then open the middle drawer of the cabinet.	../assets/composition/failure_videos/COMP_042/COMP_042_ep004_fail.mp4	../assets/composition/comparison_png/COMP_042__turn_on_the_stove_then_open_the_middle_drawer_of_the_cabinet_and_finally_open_the_top_drawer_and_put_the_black_bowl_inside.png	10
COMP_043	C1_goal_three_task_clique	Put the cream cheese on the black bowl, then put the wine bottle on top of the cabinet, and finally push the plate to the front of the stove.	3	Put the cream cheese on the black bowl | Put the wine bottle on top of the cabinet | Push the plate to the front of the stove	0	5	0.0	4	on(cream_cheese_1, akita_black_bowl_1) | on(wine_bottle_1, wooden_cabinet_1_top_side) | on(plate_1, main_table_stove_front_region)	[111, null, null]	[true, false, false]	1	"{""000"": 0, ""100"": 111}"	5	6			../assets/composition/failure_videos/COMP_043/COMP_043_ep004_fail.mp4	../assets/composition/comparison_png/COMP_043__put_the_cream_cheese_on_the_black_bowl_then_put_the_wine_bottle_on_top_of_the_cabinet_and_finally_push_the_plate_to_the_front_of_the_stove.png	0
COMP_044	C1_goal_three_task_clique	Put the cream cheese on the black bowl, then put the wine bottle on top of the cabinet, and finally turn on the stove.	3	Put the cream cheese on the black bowl | Put the wine bottle on top of the cabinet | Turn on the stove	0	5	0.0	1	on(cream_cheese_1, akita_black_bowl_1) | on(wine_bottle_1, wooden_cabinet_1_top_side) | turnon(flat_stove_1)	[104, null, null]	[false, false, false]	1	"{""000"": 0, ""100"": 104}"	5	5			../assets/composition/failure_videos/COMP_044/COMP_044_ep001_fail.mp4	../assets/composition/comparison_png/COMP_044__put_the_cream_cheese_on_the_black_bowl_then_put_the_wine_bottle_on_top_of_the_cabinet_and_finally_turn_on_the_stove.png	56
COMP_045	C1_goal_three_task_clique	Put the cream cheese on the black bowl, then put the wine bottle on top of the cabinet, and finally put the black bowl on the stove.	3	Put the cream cheese on the black bowl | Put the wine bottle on top of the cabinet | Put the black bowl on the stove	0	5	0.0	0	on(cream_cheese_1, akita_black_bowl_1) | on(wine_bottle_1, wooden_cabinet_1_top_side) | on(akita_black_bowl_1, flat_stove_1_cook_region)	[114, null, null]	[true, false, false]	1	"{""000"": 0, ""100"": 114}"	6	6			../assets/composition/failure_videos/COMP_045/COMP_045_ep000_fail.mp4	../assets/composition/comparison_png/COMP_045__put_the_cream_cheese_on_the_black_bowl_then_put_the_wine_bottle_on_top_of_the_cabinet_and_finally_put_the_black_bowl_on_the_stove.png	0
COMP_046	C1_goal_three_task_clique	Put the cream cheese on the black bowl, then put the wine bottle on top of the cabinet, and finally open the middle drawer of the cabinet.	3	Put the cream cheese on the black bowl | Put the wine bottle on top of the cabinet | Open the middle drawer of the cabinet	0	5	0.0	1	on(cream_cheese_1, akita_black_bowl_1) | on(wine_bottle_1, wooden_cabinet_1_top_side) | open(wooden_cabinet_1_middle_region)	[112, null, 321]	[true, false, true]	2	"{""000"": 0, ""100"": 112, ""101"": 321}"	5	5	non-prefix pair	Put the cream cheese on the black bowl, and then open the middle drawer of the cabinet.	../assets/composition/failure_videos/COMP_046/COMP_046_ep001_fail.mp4	../assets/composition/comparison_png/COMP_046__put_the_cream_cheese_on_the_black_bowl_then_put_the_wine_bottle_on_top_of_the_cabinet_and_finally_open_the_middle_drawer_of_the_cabinet.png	0
COMP_047	C1_goal_three_task_clique	Put the cream cheese on the black bowl, then push the plate to the front of the stove, and finally turn on the stove.	3	Put the cream cheese on the black bowl | Push the plate to the front of the stove | Turn on the stove	0	5	0.0	0	on(cream_cheese_1, akita_black_bowl_1) | on(plate_1, main_table_stove_front_region) | turnon(flat_stove_1)	[112, null, null]	[true, false, false]	1	"{""000"": 0, ""100"": 112}"	5	5			../assets/composition/failure_videos/COMP_047/COMP_047_ep000_fail.mp4	../assets/composition/comparison_png/COMP_047__put_the_cream_cheese_on_the_black_bowl_then_push_the_plate_to_the_front_of_the_stove_and_finally_turn_on_the_stove.png	54
COMP_048	C1_goal_three_task_clique	Put the cream cheese on the black bowl, then push the plate to the front of the stove, and finally put the black bowl on the stove.	3	Put the cream cheese on the black bowl | Push the plate to the front of the stove | Put the black bowl on the stove	0	5	0.0	0	on(cream_cheese_1, akita_black_bowl_1) | on(plate_1, main_table_stove_front_region) | on(akita_black_bowl_1, flat_stove_1_cook_region)	[113, null, null]	[true, false, false]	1	"{""000"": 0, ""100"": 113}"	6	6			../assets/composition/failure_videos/COMP_048/COMP_048_ep000_fail.mp4	../assets/composition/comparison_png/COMP_048__put_the_cream_cheese_on_the_black_bowl_then_push_the_plate_to_the_front_of_the_stove_and_finally_put_the_black_bowl_on_the_stove.png	0
COMP_049	C1_goal_three_task_clique	Put the cream cheese on the black bowl, then push the plate to the front of the stove, and finally put the black bowl on top of the cabinet.	3	Put the cream cheese on the black bowl | Push the plate to the front of the stove | Put the black bowl on top of the cabinet	0	5	0.0	1	on(cream_cheese_1, akita_black_bowl_1) | on(plate_1, main_table_stove_front_region) | on(akita_black_bowl_1, wooden_cabinet_1_top_side)	[105, null, null]	[true, false, false]	1	"{""000"": 0, ""100"": 105}"	6	6			../assets/composition/failure_videos/COMP_049/COMP_049_ep001_fail.mp4	../assets/composition/comparison_png/COMP_049__put_the_cream_cheese_on_the_black_bowl_then_push_the_plate_to_the_front_of_the_stove_and_finally_put_the_black_bowl_on_top_of_the_cabinet.png	0
COMP_050	C1_goal_three_task_clique	Put the cream cheese on the black bowl, then push the plate to the front of the stove, and finally open the middle drawer of the cabinet.	3	Put the cream cheese on the black bowl | Push the plate to the front of the stove | Open the middle drawer of the cabinet	0	5	0.0	0	on(cream_cheese_1, akita_black_bowl_1) | on(plate_1, main_table_stove_front_region) | open(wooden_cabinet_1_middle_region)	[108, null, null]	[true, false, false]	1	"{""000"": 0, ""100"": 108}"	5	5			../assets/composition/failure_videos/COMP_050/COMP_050_ep000_fail.mp4	../assets/composition/comparison_png/COMP_050__put_the_cream_cheese_on_the_black_bowl_then_push_the_plate_to_the_front_of_the_stove_and_finally_open_the_middle_drawer_of_the_cabinet.png	0
COMP_051	C1_goal_three_task_clique	Put the cream cheese on the black bowl, then turn on the stove, and finally put the black bowl on the stove.	3	Put the cream cheese on the black bowl | Turn on the stove | Put the black bowl on the stove	0	5	0.0	0	on(cream_cheese_1, akita_black_bowl_1) | turnon(flat_stove_1) | on(akita_black_bowl_1, flat_stove_1_cook_region)	[107, null, null]	[true, false, false]	1	"{""000"": 0, ""100"": 107}"	5	5			../assets/composition/failure_videos/COMP_051/COMP_051_ep000_fail.mp4	../assets/composition/comparison_png/COMP_051__put_the_cream_cheese_on_the_black_bowl_then_turn_on_the_stove_and_finally_put_the_black_bowl_on_the_stove.png	2
COMP_052	C1_goal_three_task_clique	Put the cream cheese on the black bowl, then turn on the stove, and finally put the black bowl on top of the cabinet.	3	Put the cream cheese on the black bowl | Turn on the stove | Put the black bowl on top of the cabinet	0	5	0.0	1	on(cream_cheese_1, akita_black_bowl_1) | turnon(flat_stove_1) | on(akita_black_bowl_1, wooden_cabinet_1_top_side)	[105, null, null]	[true, false, false]	1	"{""000"": 0, ""100"": 105}"	5	5			../assets/composition/failure_videos/COMP_052/COMP_052_ep001_fail.mp4	../assets/composition/comparison_png/COMP_052__put_the_cream_cheese_on_the_black_bowl_then_turn_on_the_stove_and_finally_put_the_black_bowl_on_top_of_the_cabinet.png	5
COMP_053	C1_goal_three_task_clique	Put the cream cheese on the black bowl, then turn on the stove, and finally open the middle drawer of the cabinet.	3	Put the cream cheese on the black bowl | Turn on the stove | Open the middle drawer of the cabinet	0	5	0.0	0	on(cream_cheese_1, akita_black_bowl_1) | turnon(flat_stove_1) | open(wooden_cabinet_1_middle_region)	[114, null, null]	[true, false, false]	1	"{""000"": 0, ""100"": 114}"	4	4			../assets/composition/failure_videos/COMP_053/COMP_053_ep000_fail.mp4	../assets/composition/comparison_png/COMP_053__put_the_cream_cheese_on_the_black_bowl_then_turn_on_the_stove_and_finally_open_the_middle_drawer_of_the_cabinet.png	55
COMP_054	C1_goal_three_task_clique	Put the cream cheese on the black bowl, then open the middle drawer of the cabinet, and finally put the black bowl on the stove.	3	Put the cream cheese on the black bowl | Open the middle drawer of the cabinet | Put the black bowl on the stove	0	5	0.0	1	on(cream_cheese_1, akita_black_bowl_1) | open(wooden_cabinet_1_middle_region) | on(akita_black_bowl_1, flat_stove_1_cook_region)	[104, 744, null]	[true, true, false]	2	"{""000"": 0, ""100"": 104, ""110"": 744}"	5	5	ordered instruction prefix	Put the cream cheese on the black bowl, and then open the middle drawer of the cabinet.	../assets/composition/failure_videos/COMP_054/COMP_054_ep001_fail.mp4	../assets/composition/comparison_png/COMP_054__put_the_cream_cheese_on_the_black_bowl_then_open_the_middle_drawer_of_the_cabinet_and_finally_put_the_black_bowl_on_the_stove.png	0
COMP_055	C1_goal_three_task_clique	Put the cream cheese on the black bowl, then open the middle drawer of the cabinet, and finally put the black bowl on top of the cabinet.	3	Put the cream cheese on the black bowl | Open the middle drawer of the cabinet | Put the black bowl on top of the cabinet	0	5	0.0	0	on(cream_cheese_1, akita_black_bowl_1) | open(wooden_cabinet_1_middle_region) | on(akita_black_bowl_1, wooden_cabinet_1_top_side)	[113, 598, null]	[true, true, false]	2	"{""000"": 0, ""100"": 113, ""110"": 598}"	4	5	ordered instruction prefix	Put the cream cheese on the black bowl, and then open the middle drawer of the cabinet.	../assets/composition/failure_videos/COMP_055/COMP_055_ep000_fail.mp4	../assets/composition/comparison_png/COMP_055__put_the_cream_cheese_on_the_black_bowl_then_open_the_middle_drawer_of_the_cabinet_and_finally_put_the_black_bowl_on_top_of_the_cabinet.png	0
COMP_056	C1_goal_three_task_clique	Put the wine bottle on top of the cabinet, then push the plate to the front of the stove, and finally turn on the stove.	3	Put the wine bottle on top of the cabinet | Push the plate to the front of the stove | Turn on the stove	0	5	0.0	2	on(wine_bottle_1, wooden_cabinet_1_top_side) | on(plate_1, main_table_stove_front_region) | turnon(flat_stove_1)	[86, null, null]	[false, false, false]	1	"{""000"": 0, ""100"": 86}"	5	5			../assets/composition/failure_videos/COMP_056/COMP_056_ep002_fail.mp4	../assets/composition/comparison_png/COMP_056__put_the_wine_bottle_on_top_of_the_cabinet_then_push_the_plate_to_the_front_of_the_stove_and_finally_turn_on_the_stove.png	56
COMP_057	C1_goal_three_task_clique	Put the wine bottle on top of the cabinet, then push the plate to the front of the stove, and finally put the black bowl on the stove.	3	Put the wine bottle on top of the cabinet | Push the plate to the front of the stove | Put the black bowl on the stove	0	5	0.0	0	on(wine_bottle_1, wooden_cabinet_1_top_side) | on(plate_1, main_table_stove_front_region) | on(akita_black_bowl_1, flat_stove_1_cook_region)	[90, null, null]	[true, false, false]	1	"{""000"": 0, ""100"": 90}"	3	6			../assets/composition/failure_videos/COMP_057/COMP_057_ep000_fail.mp4	../assets/composition/comparison_png/COMP_057__put_the_wine_bottle_on_top_of_the_cabinet_then_push_the_plate_to_the_front_of_the_stove_and_finally_put_the_black_bowl_on_the_stove.png	0
COMP_058	C1_goal_three_task_clique	Put the wine bottle on top of the cabinet, then push the plate to the front of the stove, and finally open the middle drawer of the cabinet.	3	Put the wine bottle on top of the cabinet | Push the plate to the front of the stove | Open the middle drawer of the cabinet	0	5	0.0	2	on(wine_bottle_1, wooden_cabinet_1_top_side) | on(plate_1, main_table_stove_front_region) | open(wooden_cabinet_1_middle_region)	[88, null, null]	[true, false, false]	1	"{""000"": 0, ""100"": 88}"	4	5			../assets/composition/failure_videos/COMP_058/COMP_058_ep002_fail.mp4	../assets/composition/comparison_png/COMP_058__put_the_wine_bottle_on_top_of_the_cabinet_then_push_the_plate_to_the_front_of_the_stove_and_finally_open_the_middle_drawer_of_the_cabinet.png	0
COMP_059	C1_goal_three_task_clique	Put the wine bottle on top of the cabinet, then turn on the stove, and finally put the black bowl on the stove.	3	Put the wine bottle on top of the cabinet | Turn on the stove | Put the black bowl on the stove	0	5	0.0	4	on(wine_bottle_1, wooden_cabinet_1_top_side) | turnon(flat_stove_1) | on(akita_black_bowl_1, flat_stove_1_cook_region)	[104, null, null]	[true, false, false]	1	"{""000"": 0, ""100"": 104}"	5	5			../assets/composition/failure_videos/COMP_059/COMP_059_ep004_fail.mp4	../assets/composition/comparison_png/COMP_059__put_the_wine_bottle_on_top_of_the_cabinet_then_turn_on_the_stove_and_finally_put_the_black_bowl_on_the_stove.png	9
COMP_060	C1_goal_three_task_clique	Put the wine bottle on top of the cabinet, then turn on the stove, and finally open the middle drawer of the cabinet.	3	Put the wine bottle on top of the cabinet | Turn on the stove | Open the middle drawer of the cabinet	0	5	0.0	3	on(wine_bottle_1, wooden_cabinet_1_top_side) | turnon(flat_stove_1) | open(wooden_cabinet_1_middle_region)	[82, null, null]	[true, false, false]	1	"{""000"": 0, ""100"": 82}"	4	4			../assets/composition/failure_videos/COMP_060/COMP_060_ep003_fail.mp4	../assets/composition/comparison_png/COMP_060__put_the_wine_bottle_on_top_of_the_cabinet_then_turn_on_the_stove_and_finally_open_the_middle_drawer_of_the_cabinet.png	52
COMP_061	C1_goal_three_task_clique	Put the wine bottle on top of the cabinet, then open the middle drawer of the cabinet, and finally put the black bowl on the stove.	3	Put the wine bottle on top of the cabinet | Open the middle drawer of the cabinet | Put the black bowl on the stove	0	5	0.0	2	on(wine_bottle_1, wooden_cabinet_1_top_side) | open(wooden_cabinet_1_middle_region) | on(akita_black_bowl_1, flat_stove_1_cook_region)	[87, null, null]	[true, false, false]	1	"{""000"": 0, ""100"": 87}"	4	5			../assets/composition/failure_videos/COMP_061/COMP_061_ep002_fail.mp4	../assets/composition/comparison_png/COMP_061__put_the_wine_bottle_on_top_of_the_cabinet_then_open_the_middle_drawer_of_the_cabinet_and_finally_put_the_black_bowl_on_the_stove.png	0
COMP_062	C1_goal_three_task_clique	Push the plate to the front of the stove, then turn on the stove, and finally put the black bowl on the stove.	3	Push the plate to the front of the stove | Turn on the stove | Put the black bowl on the stove	0	5	0.0	0	on(plate_1, main_table_stove_front_region) | turnon(flat_stove_1) | on(akita_black_bowl_1, flat_stove_1_cook_region)	[137, 518, null]	[false, true, false]	1	"{""000"": 0, ""010"": 518, ""100"": 137}"	5	5			../assets/composition/failure_videos/COMP_062/COMP_062_ep000_fail.mp4	../assets/composition/comparison_png/COMP_062__push_the_plate_to_the_front_of_the_stove_then_turn_on_the_stove_and_finally_put_the_black_bowl_on_the_stove.png	12
COMP_063	C1_goal_three_task_clique	Push the plate to the front of the stove, then turn on the stove, and finally put the black bowl on top of the cabinet.	3	Push the plate to the front of the stove | Turn on the stove | Put the black bowl on top of the cabinet	0	5	0.0	4	on(plate_1, main_table_stove_front_region) | turnon(flat_stove_1) | on(akita_black_bowl_1, wooden_cabinet_1_top_side)	[142, 516, null]	[true, true, false]	2	"{""000"": 0, ""100"": 142, ""110"": 516}"	5	5	ordered instruction prefix	Push the plate to the front of the stove, and then turn on the stove.	../assets/composition/failure_videos/COMP_063/COMP_063_ep004_fail.mp4	../assets/composition/comparison_png/COMP_063__push_the_plate_to_the_front_of_the_stove_then_turn_on_the_stove_and_finally_put_the_black_bowl_on_top_of_the_cabinet.png	7
COMP_064	C1_goal_three_task_clique	Push the plate to the front of the stove, then turn on the stove, and finally open the middle drawer of the cabinet.	3	Push the plate to the front of the stove | Turn on the stove | Open the middle drawer of the cabinet	0	5	0.0	0	on(plate_1, main_table_stove_front_region) | turnon(flat_stove_1) | open(wooden_cabinet_1_middle_region)	[137, null, null]	[false, false, false]	1	"{""000"": 0, ""100"": 137}"	4	4			../assets/composition/failure_videos/COMP_064/COMP_064_ep000_fail.mp4	../assets/composition/comparison_png/COMP_064__push_the_plate_to_the_front_of_the_stove_then_turn_on_the_stove_and_finally_open_the_middle_drawer_of_the_cabinet.png	9
COMP_065	C1_goal_three_task_clique	Push the plate to the front of the stove, then open the middle drawer of the cabinet, and finally put the black bowl on the stove.	3	Push the plate to the front of the stove | Open the middle drawer of the cabinet | Put the black bowl on the stove	0	5	0.0	3	on(plate_1, main_table_stove_front_region) | open(wooden_cabinet_1_middle_region) | on(akita_black_bowl_1, flat_stove_1_cook_region)	[141, null, null]	[true, false, false]	1	"{""000"": 0, ""100"": 141}"	5	5			../assets/composition/failure_videos/COMP_065/COMP_065_ep003_fail.mp4	../assets/composition/comparison_png/COMP_065__push_the_plate_to_the_front_of_the_stove_then_open_the_middle_drawer_of_the_cabinet_and_finally_put_the_black_bowl_on_the_stove.png	0
COMP_066	C1_goal_three_task_clique	Push the plate to the front of the stove, then open the middle drawer of the cabinet, and finally put the black bowl on top of the cabinet.	3	Push the plate to the front of the stove | Open the middle drawer of the cabinet | Put the black bowl on top of the cabinet	0	5	0.0	4	on(plate_1, main_table_stove_front_region) | open(wooden_cabinet_1_middle_region) | on(akita_black_bowl_1, wooden_cabinet_1_top_side)	[139, null, 387]	[true, false, true]	2	"{""000"": 0, ""100"": 139, ""101"": 387}"	5	5	non-prefix pair	Push the plate to the front of the stove, and then put the black bowl on top of the cabinet.	../assets/composition/failure_videos/COMP_066/COMP_066_ep004_fail.mp4	../assets/composition/comparison_png/COMP_066__push_the_plate_to_the_front_of_the_stove_then_open_the_middle_drawer_of_the_cabinet_and_finally_put_the_black_bowl_on_top_of_the_cabinet.png	0
COMP_067	C1_goal_three_task_clique	Turn on the stove, then open the middle drawer of the cabinet, and finally put the black bowl on the stove.	3	Turn on the stove | Open the middle drawer of the cabinet | Put the black bowl on the stove	0	5	0.0	3	turnon(flat_stove_1) | open(wooden_cabinet_1_middle_region) | on(akita_black_bowl_1, flat_stove_1_cook_region)	[74, 583, null]	[true, true, false]	2	"{""000"": 0, ""100"": 74, ""110"": 583}"	3	4	ordered instruction prefix	Turn on the stove, and then open the middle drawer of the cabinet.	../assets/composition/failure_videos/COMP_067/COMP_067_ep003_fail.mp4	../assets/composition/comparison_png/COMP_067__turn_on_the_stove_then_open_the_middle_drawer_of_the_cabinet_and_finally_put_the_black_bowl_on_the_stove.png	11
COMP_068	C1_goal_three_task_clique	Turn on the stove, then open the middle drawer of the cabinet, and finally put the black bowl on top of the cabinet.	3	Turn on the stove | Open the middle drawer of the cabinet | Put the black bowl on top of the cabinet	0	5	0.0	1	turnon(flat_stove_1) | open(wooden_cabinet_1_middle_region) | on(akita_black_bowl_1, wooden_cabinet_1_top_side)	[101, 359, null]	[true, true, false]	2	"{""000"": 0, ""100"": 101, ""110"": 359}"	3	4	ordered instruction prefix	Turn on the stove, and then open the middle drawer of the cabinet.	../assets/composition/failure_videos/COMP_068/COMP_068_ep001_fail.mp4	../assets/composition/comparison_png/COMP_068__turn_on_the_stove_then_open_the_middle_drawer_of_the_cabinet_and_finally_put_the_black_bowl_on_top_of_the_cabinet.png	14
COMP_069	C2_spatial_two_task	Pick the akita black bowl between the plate and the ramekin and place it on the plate, and then open the middle drawer of the wooden cabinet.	2	Pick the akita black bowl between the plate and the ramekin and place it on the plate | Open the middle drawer of the wooden cabinet	0	5	0.0	0	on(akita_black_bowl_1, plate_1) | open(wooden_cabinet_1_middle_region)	[76, null]	[true, false]	1	"{""00"": 0, ""10"": 76}"	3	3			../assets/composition/failure_videos/COMP_069/COMP_069_ep000_fail.mp4	../assets/composition/comparison_png/COMP_069__pick_the_akita_black_bowl_between_the_plate_and_the_ramekin_and_place_it_on_the_plate_and_then_open_the_middle_drawer_of_the_wooden_cabinet.png	0
COMP_070	C2_spatial_two_task	Pick the akita black bowl between the plate and the ramekin and place it on the plate, and then turn on the stove.	2	Pick the akita black bowl between the plate and the ramekin and place it on the plate | Turn on the stove	0	5	0.0	0	on(akita_black_bowl_1, plate_1) | turnon(flat_stove_1)	[76, null]	[true, false]	1	"{""00"": 0, ""10"": 76}"	3	3			../assets/composition/failure_videos/COMP_070/COMP_070_ep000_fail.mp4	../assets/composition/comparison_png/COMP_070__pick_the_akita_black_bowl_between_the_plate_and_the_ramekin_and_place_it_on_the_plate_and_then_turn_on_the_stove.png	88
COMP_071	C2_spatial_two_task	Pick the akita black bowl between the plate and the ramekin and place it on the plate, and then put the second black bowl on top of the wooden cabinet.	2	Pick the akita black bowl between the plate and the ramekin and place it on the plate | Put the second black bowl on top of the wooden cabinet	0	5	0.0	0	on(akita_black_bowl_1, plate_1) | on(akita_black_bowl_2, wooden_cabinet_1_top_side)	[74, null]	[true, false]	1	"{""00"": 0, ""10"": 74}"	4	4			../assets/composition/failure_videos/COMP_071/COMP_071_ep000_fail.mp4	../assets/composition/comparison_png/COMP_071__pick_the_akita_black_bowl_between_the_plate_and_the_ramekin_and_place_it_on_the_plate_and_then_put_the_second_black_bowl_on_top_of_the_wooden_cabinet.png	0
COMP_072	C2_spatial_two_task	Pick the akita black bowl between the plate and the ramekin and place it on the plate, and then put the second black bowl on the stove.	2	Pick the akita black bowl between the plate and the ramekin and place it on the plate | Put the second black bowl on the stove	0	5	0.0	0	on(akita_black_bowl_1, plate_1) | on(akita_black_bowl_2, flat_stove_1_cook_region)	[79, null]	[true, false]	1	"{""00"": 0, ""10"": 79}"	4	4			../assets/composition/failure_videos/COMP_072/COMP_072_ep000_fail.mp4	../assets/composition/comparison_png/COMP_072__pick_the_akita_black_bowl_between_the_plate_and_the_ramekin_and_place_it_on_the_plate_and_then_put_the_second_black_bowl_on_the_stove.png	0
COMP_073	C2_spatial_two_task	Pick the akita black bowl between the plate and the ramekin and place it on the plate, and then put the cookies box on the stove.	2	Pick the akita black bowl between the plate and the ramekin and place it on the plate | Put the cookies box on the stove	0	5	0.0	3	on(akita_black_bowl_1, plate_1) | on(cookies_1, flat_stove_1_cook_region)	[80, null]	[true, false]	1	"{""00"": 0, ""10"": 80}"	4	4			../assets/composition/failure_videos/COMP_073/COMP_073_ep003_fail.mp4	../assets/composition/comparison_png/COMP_073__pick_the_akita_black_bowl_between_the_plate_and_the_ramekin_and_place_it_on_the_plate_and_then_put_the_cookies_box_on_the_stove.png	0
COMP_074	C2_spatial_three_task	Pick the akita black bowl between the plate and the ramekin and place it on the plate, then open the middle drawer of the wooden cabinet, and finally turn on the stove.	3	Pick the akita black bowl between the plate and the ramekin and place it on the plate | Open the middle drawer of the wooden cabinet | Turn on the stove	0	5	0.0	0	on(akita_black_bowl_1, plate_1) | open(wooden_cabinet_1_middle_region) | turnon(flat_stove_1)	[76, null, null]	[true, false, false]	1	"{""000"": 0, ""100"": 76}"	4	4			../assets/composition/failure_videos/COMP_074/COMP_074_ep000_fail.mp4	../assets/composition/comparison_png/COMP_074__pick_the_akita_black_bowl_between_the_plate_and_the_ramekin_and_place_it_on_the_plate_then_open_the_middle_drawer_of_the_wooden_cabinet_and_finally_turn_on_the_stove.png	83
COMP_075	C2_spatial_three_task	Pick the akita black bowl between the plate and the ramekin and place it on the plate, then open the middle drawer of the wooden cabinet, and finally put the second black bowl on top of the wooden cabinet.	3	Pick the akita black bowl between the plate and the ramekin and place it on the plate | Open the middle drawer of the wooden cabinet | Put the second black bowl on top of the wooden cabinet	0	5	0.0	2	on(akita_black_bowl_1, plate_1) | open(wooden_cabinet_1_middle_region) | on(akita_black_bowl_2, wooden_cabinet_1_top_side)	[83, null, null]	[true, false, false]	1	"{""000"": 0, ""100"": 83}"	5	5			../assets/composition/failure_videos/COMP_075/COMP_075_ep002_fail.mp4	../assets/composition/comparison_png/COMP_075__pick_the_akita_black_bowl_between_the_plate_and_the_ramekin_and_place_it_on_the_plate_then_open_the_middle_drawer_of_the_wooden_cabinet_and_finally_put_the_second_black_bowl_on_top_of_the_wooden_cabinet.png	0
COMP_076	C2_spatial_three_task	Pick the akita black bowl between the plate and the ramekin and place it on the plate, then open the middle drawer of the wooden cabinet, and finally put the second black bowl on the stove.	3	Pick the akita black bowl between the plate and the ramekin and place it on the plate | Open the middle drawer of the wooden cabinet | Put the second black bowl on the stove	0	5	0.0	0	on(akita_black_bowl_1, plate_1) | open(wooden_cabinet_1_middle_region) | on(akita_black_bowl_2, flat_stove_1_cook_region)	[77, null, null]	[true, false, false]	1	"{""000"": 0, ""100"": 77}"	5	5			../assets/composition/failure_videos/COMP_076/COMP_076_ep000_fail.mp4	../assets/composition/comparison_png/COMP_076__pick_the_akita_black_bowl_between_the_plate_and_the_ramekin_and_place_it_on_the_plate_then_open_the_middle_drawer_of_the_wooden_cabinet_and_finally_put_the_second_black_bowl_on_the_stove.png	0
COMP_077	C2_spatial_three_task	Pick the akita black bowl between the plate and the ramekin and place it on the plate, then open the middle drawer of the wooden cabinet, and finally put the cookies box on the stove.	3	Pick the akita black bowl between the plate and the ramekin and place it on the plate | Open the middle drawer of the wooden cabinet | Put the cookies box on the stove	0	5	0.0	0	on(akita_black_bowl_1, plate_1) | open(wooden_cabinet_1_middle_region) | on(cookies_1, flat_stove_1_cook_region)	[77, null, null]	[true, false, false]	1	"{""000"": 0, ""100"": 77}"	4	5			../assets/composition/failure_videos/COMP_077/COMP_077_ep000_fail.mp4	../assets/composition/comparison_png/COMP_077__pick_the_akita_black_bowl_between_the_plate_and_the_ramekin_and_place_it_on_the_plate_then_open_the_middle_drawer_of_the_wooden_cabinet_and_finally_put_the_cookies_box_on_the_stove.png	0
COMP_078	C2_spatial_three_task	Pick the akita black bowl between the plate and the ramekin and place it on the plate, then turn on the stove, and finally put the second black bowl on top of the wooden cabinet.	3	Pick the akita black bowl between the plate and the ramekin and place it on the plate | Turn on the stove | Put the second black bowl on top of the wooden cabinet	0	5	0.0	0	on(akita_black_bowl_1, plate_1) | turnon(flat_stove_1) | on(akita_black_bowl_2, wooden_cabinet_1_top_side)	[76, null, null]	[true, false, false]	1	"{""000"": 0, ""100"": 76}"	5	5			../assets/composition/failure_videos/COMP_078/COMP_078_ep000_fail.mp4	../assets/composition/comparison_png/COMP_078__pick_the_akita_black_bowl_between_the_plate_and_the_ramekin_and_place_it_on_the_plate_then_turn_on_the_stove_and_finally_put_the_second_black_bowl_on_top_of_the_wooden_cabinet.png	7
COMP_079	C2_spatial_three_task	Pick the akita black bowl between the plate and the ramekin and place it on the plate, then turn on the stove, and finally put the second black bowl on the stove.	3	Pick the akita black bowl between the plate and the ramekin and place it on the plate | Turn on the stove | Put the second black bowl on the stove	0	5	0.0	0	on(akita_black_bowl_1, plate_1) | turnon(flat_stove_1) | on(akita_black_bowl_2, flat_stove_1_cook_region)	[77, null, null]	[true, false, false]	1	"{""000"": 0, ""100"": 77}"	5	5			../assets/composition/failure_videos/COMP_079/COMP_079_ep000_fail.mp4	../assets/composition/comparison_png/COMP_079__pick_the_akita_black_bowl_between_the_plate_and_the_ramekin_and_place_it_on_the_plate_then_turn_on_the_stove_and_finally_put_the_second_black_bowl_on_the_stove.png	2
COMP_080	C2_spatial_three_task	Pick the akita black bowl between the plate and the ramekin and place it on the plate, then turn on the stove, and finally put the cookies box on the stove.	3	Pick the akita black bowl between the plate and the ramekin and place it on the plate | Turn on the stove | Put the cookies box on the stove	0	5	0.0	0	on(akita_black_bowl_1, plate_1) | turnon(flat_stove_1) | on(cookies_1, flat_stove_1_cook_region)	[78, null, null]	[true, false, false]	1	"{""000"": 0, ""100"": 78}"	4	5			../assets/composition/failure_videos/COMP_080/COMP_080_ep000_fail.mp4	../assets/composition/comparison_png/COMP_080__pick_the_akita_black_bowl_between_the_plate_and_the_ramekin_and_place_it_on_the_plate_then_turn_on_the_stove_and_finally_put_the_cookies_box_on_the_stove.png	24
COMP_081	C2_spatial_three_task	Pick the akita black bowl between the plate and the ramekin and place it on the plate, then put the second black bowl on top of the wooden cabinet, and finally put the cookies box on the stove.	3	Pick the akita black bowl between the plate and the ramekin and place it on the plate | Put the second black bowl on top of the wooden cabinet | Put the cookies box on the stove	0	5	0.0	0	on(akita_black_bowl_1, plate_1) | on(akita_black_bowl_2, wooden_cabinet_1_top_side) | on(cookies_1, flat_stove_1_cook_region)	[78, null, null]	[false, false, false]	1	"{""000"": 0, ""100"": 78}"	5	6			../assets/composition/failure_videos/COMP_081/COMP_081_ep000_fail.mp4	../assets/composition/comparison_png/COMP_081__pick_the_akita_black_bowl_between_the_plate_and_the_ramekin_and_place_it_on_the_plate_then_put_the_second_black_bowl_on_top_of_the_wooden_cabinet_and_finally_put_the_cookies_box_on_the_stove.png	0
COMP_082	C2_spatial_three_task	Pick the akita black bowl between the plate and the ramekin and place it on the plate, then put the second black bowl on the stove, and finally put the cookies box on the stove.	3	Pick the akita black bowl between the plate and the ramekin and place it on the plate | Put the second black bowl on the stove | Put the cookies box on the stove	0	5	0.0	1	on(akita_black_bowl_1, plate_1) | on(akita_black_bowl_2, flat_stove_1_cook_region) | on(cookies_1, flat_stove_1_cook_region)	[77, null, null]	[true, false, false]	1	"{""000"": 0, ""100"": 77}"	6	6			../assets/composition/failure_videos/COMP_082/COMP_082_ep001_fail.mp4	../assets/composition/comparison_png/COMP_082__pick_the_akita_black_bowl_between_the_plate_and_the_ramekin_and_place_it_on_the_plate_then_put_the_second_black_bowl_on_the_stove_and_finally_put_the_cookies_box_on_the_stove.png	0
COMP_083	C2_spatial_two_task	Pick the akita black bowl from table center and place it on the plate, and then open the middle drawer of the wooden cabinet.	2	Pick the akita black bowl from table center and place it on the plate | Open the middle drawer of the wooden cabinet	0	5	0.0	0	on(akita_black_bowl_1, plate_1) | open(wooden_cabinet_1_middle_region)	[97, null]	[true, false]	1	"{""00"": 0, ""10"": 97}"	3	3			../assets/composition/failure_videos/COMP_083/COMP_083_ep000_fail.mp4	../assets/composition/comparison_png/COMP_083__pick_the_akita_black_bowl_from_table_center_and_place_it_on_the_plate_and_then_open_the_middle_drawer_of_the_wooden_cabinet.png	0
COMP_084	C2_spatial_two_task	Pick the akita black bowl from table center and place it on the plate, and then turn on the stove.	2	Pick the akita black bowl from table center and place it on the plate | Turn on the stove	0	5	0.0	0	on(akita_black_bowl_1, plate_1) | turnon(flat_stove_1)	[101, null]	[true, false]	1	"{""00"": 0, ""10"": 101}"	3	3			../assets/composition/failure_videos/COMP_084/COMP_084_ep000_fail.mp4	../assets/composition/comparison_png/COMP_084__pick_the_akita_black_bowl_from_table_center_and_place_it_on_the_plate_and_then_turn_on_the_stove.png	85
COMP_085	C2_spatial_two_task	Pick the akita black bowl from table center and place it on the plate, and then put the second black bowl on top of the wooden cabinet.	2	Pick the akita black bowl from table center and place it on the plate | Put the second black bowl on top of the wooden cabinet	0	5	0.0	0	on(akita_black_bowl_1, plate_1) | on(akita_black_bowl_2, wooden_cabinet_1_top_side)	[99, null]	[true, false]	1	"{""00"": 0, ""10"": 99}"	4	4			../assets/composition/failure_videos/COMP_085/COMP_085_ep000_fail.mp4	../assets/composition/comparison_png/COMP_085__pick_the_akita_black_bowl_from_table_center_and_place_it_on_the_plate_and_then_put_the_second_black_bowl_on_top_of_the_wooden_cabinet.png	0
COMP_086	C2_spatial_two_task	Pick the akita black bowl from table center and place it on the plate, and then put the second black bowl on the stove.	2	Pick the akita black bowl from table center and place it on the plate | Put the second black bowl on the stove	0	5	0.0	0	on(akita_black_bowl_1, plate_1) | on(akita_black_bowl_2, flat_stove_1_cook_region)	[97, null]	[true, false]	1	"{""00"": 0, ""10"": 97}"	4	4			../assets/composition/failure_videos/COMP_086/COMP_086_ep000_fail.mp4	../assets/composition/comparison_png/COMP_086__pick_the_akita_black_bowl_from_table_center_and_place_it_on_the_plate_and_then_put_the_second_black_bowl_on_the_stove.png	0
COMP_087	C2_spatial_two_task	Pick the akita black bowl from table center and place it on the plate, and then put the cookies box on the stove.	2	Pick the akita black bowl from table center and place it on the plate | Put the cookies box on the stove	0	5	0.0	1	on(akita_black_bowl_1, plate_1) | on(cookies_1, flat_stove_1_cook_region)	[100, null]	[true, false]	1	"{""00"": 0, ""10"": 100}"	4	4			../assets/composition/failure_videos/COMP_087/COMP_087_ep001_fail.mp4	../assets/composition/comparison_png/COMP_087__pick_the_akita_black_bowl_from_table_center_and_place_it_on_the_plate_and_then_put_the_cookies_box_on_the_stove.png	0
COMP_088	C2_spatial_three_task	Pick the akita black bowl from table center and place it on the plate, then open the middle drawer of the wooden cabinet, and finally turn on the stove.	3	Pick the akita black bowl from table center and place it on the plate | Open the middle drawer of the wooden cabinet | Turn on the stove	0	5	0.0	1	on(akita_black_bowl_1, plate_1) | open(wooden_cabinet_1_middle_region) | turnon(flat_stove_1)	[101, null, null]	[true, false, false]	1	"{""000"": 0, ""100"": 101}"	4	4			../assets/composition/failure_videos/COMP_088/COMP_088_ep001_fail.mp4	../assets/composition/comparison_png/COMP_088__pick_the_akita_black_bowl_from_table_center_and_place_it_on_the_plate_then_open_the_middle_drawer_of_the_wooden_cabinet_and_finally_turn_on_the_stove.png	25
COMP_089	C2_spatial_three_task	Pick the akita black bowl from table center and place it on the plate, then open the middle drawer of the wooden cabinet, and finally put the second black bowl on top of the wooden cabinet.	3	Pick the akita black bowl from table center and place it on the plate | Open the middle drawer of the wooden cabinet | Put the second black bowl on top of the wooden cabinet	0	5	0.0	0	on(akita_black_bowl_1, plate_1) | open(wooden_cabinet_1_middle_region) | on(akita_black_bowl_2, wooden_cabinet_1_top_side)	[97, null, null]	[true, false, false]	1	"{""000"": 0, ""100"": 97}"	5	5			../assets/composition/failure_videos/COMP_089/COMP_089_ep000_fail.mp4	../assets/composition/comparison_png/COMP_089__pick_the_akita_black_bowl_from_table_center_and_place_it_on_the_plate_then_open_the_middle_drawer_of_the_wooden_cabinet_and_finally_put_the_second_black_bowl_on_top_of_the_wooden_cabinet.png	0
COMP_090	C2_spatial_three_task	Pick the akita black bowl from table center and place it on the plate, then open the middle drawer of the wooden cabinet, and finally put the second black bowl on the stove.	3	Pick the akita black bowl from table center and place it on the plate | Open the middle drawer of the wooden cabinet | Put the second black bowl on the stove	0	5	0.0	0	on(akita_black_bowl_1, plate_1) | open(wooden_cabinet_1_middle_region) | on(akita_black_bowl_2, flat_stove_1_cook_region)	[98, null, null]	[true, false, false]	1	"{""000"": 0, ""100"": 98}"	5	5			../assets/composition/failure_videos/COMP_090/COMP_090_ep000_fail.mp4	../assets/composition/comparison_png/COMP_090__pick_the_akita_black_bowl_from_table_center_and_place_it_on_the_plate_then_open_the_middle_drawer_of_the_wooden_cabinet_and_finally_put_the_second_black_bowl_on_the_stove.png	0
COMP_091	C2_spatial_three_task	Pick the akita black bowl from table center and place it on the plate, then open the middle drawer of the wooden cabinet, and finally put the cookies box on the stove.	3	Pick the akita black bowl from table center and place it on the plate | Open the middle drawer of the wooden cabinet | Put the cookies box on the stove	0	5	0.0	1	on(akita_black_bowl_1, plate_1) | open(wooden_cabinet_1_middle_region) | on(cookies_1, flat_stove_1_cook_region)	[96, null, null]	[false, false, false]	1	"{""000"": 0, ""100"": 96}"	5	5			../assets/composition/failure_videos/COMP_091/COMP_091_ep001_fail.mp4	../assets/composition/comparison_png/COMP_091__pick_the_akita_black_bowl_from_table_center_and_place_it_on_the_plate_then_open_the_middle_drawer_of_the_wooden_cabinet_and_finally_put_the_cookies_box_on_the_stove.png	0
COMP_092	C2_spatial_three_task	Pick the akita black bowl from table center and place it on the plate, then turn on the stove, and finally put the second black bowl on top of the wooden cabinet.	3	Pick the akita black bowl from table center and place it on the plate | Turn on the stove | Put the second black bowl on top of the wooden cabinet	0	5	0.0	0	on(akita_black_bowl_1, plate_1) | turnon(flat_stove_1) | on(akita_black_bowl_2, wooden_cabinet_1_top_side)	[100, null, null]	[true, false, false]	1	"{""000"": 0, ""100"": 100}"	5	5			../assets/composition/failure_videos/COMP_092/COMP_092_ep000_fail.mp4	../assets/composition/comparison_png/COMP_092__pick_the_akita_black_bowl_from_table_center_and_place_it_on_the_plate_then_turn_on_the_stove_and_finally_put_the_second_black_bowl_on_top_of_the_wooden_cabinet.png	2
COMP_093	C2_spatial_three_task	Pick the akita black bowl from table center and place it on the plate, then turn on the stove, and finally put the second black bowl on the stove.	3	Pick the akita black bowl from table center and place it on the plate | Turn on the stove | Put the second black bowl on the stove	0	5	0.0	0	on(akita_black_bowl_1, plate_1) | turnon(flat_stove_1) | on(akita_black_bowl_2, flat_stove_1_cook_region)	[98, null, null]	[true, false, false]	1	"{""000"": 0, ""100"": 98}"	5	5			../assets/composition/failure_videos/COMP_093/COMP_093_ep000_fail.mp4	../assets/composition/comparison_png/COMP_093__pick_the_akita_black_bowl_from_table_center_and_place_it_on_the_plate_then_turn_on_the_stove_and_finally_put_the_second_black_bowl_on_the_stove.png	2
COMP_094	C2_spatial_three_task	Pick the akita black bowl from table center and place it on the plate, then turn on the stove, and finally put the cookies box on the stove.	3	Pick the akita black bowl from table center and place it on the plate | Turn on the stove | Put the cookies box on the stove	0	5	0.0	1	on(akita_black_bowl_1, plate_1) | turnon(flat_stove_1) | on(cookies_1, flat_stove_1_cook_region)	[100, null, null]	[true, false, false]	1	"{""000"": 0, ""100"": 100}"	5	5			../assets/composition/failure_videos/COMP_094/COMP_094_ep001_fail.mp4	../assets/composition/comparison_png/COMP_094__pick_the_akita_black_bowl_from_table_center_and_place_it_on_the_plate_then_turn_on_the_stove_and_finally_put_the_cookies_box_on_the_stove.png	2
COMP_095	C2_spatial_three_task	Pick the akita black bowl from table center and place it on the plate, then put the second black bowl on top of the wooden cabinet, and finally put the cookies box on the stove.	3	Pick the akita black bowl from table center and place it on the plate | Put the second black bowl on top of the wooden cabinet | Put the cookies box on the stove	0	5	0.0	1	on(akita_black_bowl_1, plate_1) | on(akita_black_bowl_2, wooden_cabinet_1_top_side) | on(cookies_1, flat_stove_1_cook_region)	[99, null, null]	[false, false, false]	1	"{""000"": 0, ""100"": 99}"	6	6			../assets/composition/failure_videos/COMP_095/COMP_095_ep001_fail.mp4	../assets/composition/comparison_png/COMP_095__pick_the_akita_black_bowl_from_table_center_and_place_it_on_the_plate_then_put_the_second_black_bowl_on_top_of_the_wooden_cabinet_and_finally_put_the_cookies_box_on_the_stove.png	0
COMP_096	C2_spatial_three_task	Pick the akita black bowl from table center and place it on the plate, then put the second black bowl on the stove, and finally put the cookies box on the stove.	3	Pick the akita black bowl from table center and place it on the plate | Put the second black bowl on the stove | Put the cookies box on the stove	0	5	0.0	0	on(akita_black_bowl_1, plate_1) | on(akita_black_bowl_2, flat_stove_1_cook_region) | on(cookies_1, flat_stove_1_cook_region)	[98, null, null]	[true, false, false]	1	"{""000"": 0, ""100"": 98}"	5	6			../assets/composition/failure_videos/COMP_096/COMP_096_ep000_fail.mp4	../assets/composition/comparison_png/COMP_096__pick_the_akita_black_bowl_from_table_center_and_place_it_on_the_plate_then_put_the_second_black_bowl_on_the_stove_and_finally_put_the_cookies_box_on_the_stove.png	0
COMP_097	C2_spatial_two_task	Pick the akita black bowl in the top layer of the wooden cabinet and place it on the plate, and then open the middle drawer of the wooden cabinet.	2	Pick the akita black bowl in the top layer of the wooden cabinet and place it on the plate | Open the middle drawer of the wooden cabinet	0	5	0.0	0	on(akita_black_bowl_1, plate_1) | open(wooden_cabinet_1_middle_region)	[126, null]	[true, false]	1	"{""00"": 0, ""10"": 126}"	3	3			../assets/composition/failure_videos/COMP_097/COMP_097_ep000_fail.mp4	../assets/composition/comparison_png/COMP_097__pick_the_akita_black_bowl_in_the_top_layer_of_the_wooden_cabinet_and_place_it_on_the_plate_and_then_open_the_middle_drawer_of_the_wooden_cabinet.png	0
COMP_098	C2_spatial_two_task	Pick the akita black bowl in the top layer of the wooden cabinet and place it on the plate, and then turn on the stove.	2	Pick the akita black bowl in the top layer of the wooden cabinet and place it on the plate | Turn on the stove	0	5	0.0	0	on(akita_black_bowl_1, plate_1) | turnon(flat_stove_1)	[127, null]	[true, false]	1	"{""00"": 0, ""10"": 127}"	3	3			../assets/composition/failure_videos/COMP_098/COMP_098_ep000_fail.mp4	../assets/composition/comparison_png/COMP_098__pick_the_akita_black_bowl_in_the_top_layer_of_the_wooden_cabinet_and_place_it_on_the_plate_and_then_turn_on_the_stove.png	81
COMP_099	C2_spatial_two_task	Pick the akita black bowl in the top layer of the wooden cabinet and place it on the plate, and then put the second black bowl on the stove.	2	Pick the akita black bowl in the top layer of the wooden cabinet and place it on the plate | Put the second black bowl on the stove	0	5	0.0	0	on(akita_black_bowl_1, plate_1) | on(akita_black_bowl_2, flat_stove_1_cook_region)	[126, null]	[true, false]	1	"{""00"": 0, ""10"": 126}"	4	4			../assets/composition/failure_videos/COMP_099/COMP_099_ep000_fail.mp4	../assets/composition/comparison_png/COMP_099__pick_the_akita_black_bowl_in_the_top_layer_of_the_wooden_cabinet_and_place_it_on_the_plate_and_then_put_the_second_black_bowl_on_the_stove.png	0
COMP_100	C2_spatial_two_task	Pick the akita black bowl in the top layer of the wooden cabinet and place it on the plate, and then put the cookies box on the stove.	2	Pick the akita black bowl in the top layer of the wooden cabinet and place it on the plate | Put the cookies box on the stove	0	5	0.0	1	on(akita_black_bowl_1, plate_1) | on(cookies_1, flat_stove_1_cook_region)	[134, null]	[true, false]	1	"{""00"": 0, ""10"": 134}"	4	4			../assets/composition/failure_videos/COMP_100/COMP_100_ep001_fail.mp4	../assets/composition/comparison_png/COMP_100__pick_the_akita_black_bowl_in_the_top_layer_of_the_wooden_cabinet_and_place_it_on_the_plate_and_then_put_the_cookies_box_on_the_stove.png	0
COMP_101	C2_spatial_three_task	Pick the akita black bowl in the top layer of the wooden cabinet and place it on the plate, then open the middle drawer of the wooden cabinet, and finally turn on the stove.	3	Pick the akita black bowl in the top layer of the wooden cabinet and place it on the plate | Open the middle drawer of the wooden cabinet | Turn on the stove	0	5	0.0	1	on(akita_black_bowl_1, plate_1) | open(wooden_cabinet_1_middle_region) | turnon(flat_stove_1)	[131, null, null]	[true, false, false]	1	"{""000"": 0, ""100"": 131}"	4	4			../assets/composition/failure_videos/COMP_101/COMP_101_ep001_fail.mp4	../assets/composition/comparison_png/COMP_101__pick_the_akita_black_bowl_in_the_top_layer_of_the_wooden_cabinet_and_place_it_on_the_plate_then_open_the_middle_drawer_of_the_wooden_cabinet_and_finally_turn_on_the_stove.png	74
COMP_102	C2_spatial_three_task	Pick the akita black bowl in the top layer of the wooden cabinet and place it on the plate, then open the middle drawer of the wooden cabinet, and finally put the second black bowl on the stove.	3	Pick the akita black bowl in the top layer of the wooden cabinet and place it on the plate | Open the middle drawer of the wooden cabinet | Put the second black bowl on the stove	0	5	0.0	0	on(akita_black_bowl_1, plate_1) | open(wooden_cabinet_1_middle_region) | on(akita_black_bowl_2, flat_stove_1_cook_region)	[127, null, null]	[true, false, false]	1	"{""000"": 0, ""100"": 127}"	5	5			../assets/composition/failure_videos/COMP_102/COMP_102_ep000_fail.mp4	../assets/composition/comparison_png/COMP_102__pick_the_akita_black_bowl_in_the_top_layer_of_the_wooden_cabinet_and_place_it_on_the_plate_then_open_the_middle_drawer_of_the_wooden_cabinet_and_finally_put_the_second_black_bowl_on_the_stove.png	0
COMP_103	C2_spatial_three_task	Pick the akita black bowl in the top layer of the wooden cabinet and place it on the plate, then open the middle drawer of the wooden cabinet, and finally put the cookies box on the stove.	3	Pick the akita black bowl in the top layer of the wooden cabinet and place it on the plate | Open the middle drawer of the wooden cabinet | Put the cookies box on the stove	0	5	0.0	0	on(akita_black_bowl_1, plate_1) | open(wooden_cabinet_1_middle_region) | on(cookies_1, flat_stove_1_cook_region)	[126, null, null]	[true, false, false]	1	"{""000"": 0, ""100"": 126}"	4	5			../assets/composition/failure_videos/COMP_103/COMP_103_ep000_fail.mp4	../assets/composition/comparison_png/COMP_103__pick_the_akita_black_bowl_in_the_top_layer_of_the_wooden_cabinet_and_place_it_on_the_plate_then_open_the_middle_drawer_of_the_wooden_cabinet_and_finally_put_the_cookies_box_on_the_stove.png	0
COMP_104	C2_spatial_three_task	Pick the akita black bowl in the top layer of the wooden cabinet and place it on the plate, then turn on the stove, and finally put the second black bowl on the stove.	3	Pick the akita black bowl in the top layer of the wooden cabinet and place it on the plate | Turn on the stove | Put the second black bowl on the stove	0	5	0.0	3	on(akita_black_bowl_1, plate_1) | turnon(flat_stove_1) | on(akita_black_bowl_2, flat_stove_1_cook_region)	[129, null, null]	[true, false, false]	1	"{""000"": 0, ""100"": 129}"	5	5			../assets/composition/failure_videos/COMP_104/COMP_104_ep003_fail.mp4	../assets/composition/comparison_png/COMP_104__pick_the_akita_black_bowl_in_the_top_layer_of_the_wooden_cabinet_and_place_it_on_the_plate_then_turn_on_the_stove_and_finally_put_the_second_black_bowl_on_the_stove.png	23
COMP_105	C2_spatial_three_task	Pick the akita black bowl in the top layer of the wooden cabinet and place it on the plate, then turn on the stove, and finally put the cookies box on the stove.	3	Pick the akita black bowl in the top layer of the wooden cabinet and place it on the plate | Turn on the stove | Put the cookies box on the stove	0	5	0.0	0	on(akita_black_bowl_1, plate_1) | turnon(flat_stove_1) | on(cookies_1, flat_stove_1_cook_region)	[125, null, null]	[true, false, false]	1	"{""000"": 0, ""100"": 125}"	4	5			../assets/composition/failure_videos/COMP_105/COMP_105_ep000_fail.mp4	../assets/composition/comparison_png/COMP_105__pick_the_akita_black_bowl_in_the_top_layer_of_the_wooden_cabinet_and_place_it_on_the_plate_then_turn_on_the_stove_and_finally_put_the_cookies_box_on_the_stove.png	75
COMP_106	C2_spatial_three_task	Pick the akita black bowl in the top layer of the wooden cabinet and place it on the plate, then put the second black bowl on the stove, and finally put the cookies box on the stove.	3	Pick the akita black bowl in the top layer of the wooden cabinet and place it on the plate | Put the second black bowl on the stove | Put the cookies box on the stove	0	5	0.0	0	on(akita_black_bowl_1, plate_1) | on(akita_black_bowl_2, flat_stove_1_cook_region) | on(cookies_1, flat_stove_1_cook_region)	[128, null, null]	[true, false, false]	1	"{""000"": 0, ""100"": 128}"	5	6			../assets/composition/failure_videos/COMP_106/COMP_106_ep000_fail.mp4	../assets/composition/comparison_png/COMP_106__pick_the_akita_black_bowl_in_the_top_layer_of_the_wooden_cabinet_and_place_it_on_the_plate_then_put_the_second_black_bowl_on_the_stove_and_finally_put_the_cookies_box_on_the_stove.png	0
COMP_107	C2_spatial_two_task	Pick the akita black bowl next to the cookies box and place it on the plate, and then open the middle drawer of the wooden cabinet.	2	Pick the akita black bowl next to the cookies box and place it on the plate | Open the middle drawer of the wooden cabinet	0	5	0.0	0	on(akita_black_bowl_1, plate_1) | open(wooden_cabinet_1_middle_region)	[108, null]	[true, false]	1	"{""00"": 0, ""10"": 108}"	3	3			../assets/composition/failure_videos/COMP_107/COMP_107_ep000_fail.mp4	../assets/composition/comparison_png/COMP_107__pick_the_akita_black_bowl_next_to_the_cookies_box_and_place_it_on_the_plate_and_then_open_the_middle_drawer_of_the_wooden_cabinet.png	0
COMP_108	C2_spatial_two_task	Pick the akita black bowl next to the cookies box and place it on the plate, and then turn on the stove.	2	Pick the akita black bowl next to the cookies box and place it on the plate | Turn on the stove	0	5	0.0	0	on(akita_black_bowl_1, plate_1) | turnon(flat_stove_1)	[108, null]	[true, false]	1	"{""00"": 0, ""10"": 108}"	3	3			../assets/composition/failure_videos/COMP_108/COMP_108_ep000_fail.mp4	../assets/composition/comparison_png/COMP_108__pick_the_akita_black_bowl_next_to_the_cookies_box_and_place_it_on_the_plate_and_then_turn_on_the_stove.png	84
COMP_109	C2_spatial_two_task	Pick the akita black bowl next to the cookies box and place it on the plate, and then put the second black bowl on top of the wooden cabinet.	2	Pick the akita black bowl next to the cookies box and place it on the plate | Put the second black bowl on top of the wooden cabinet	0	5	0.0	0	on(akita_black_bowl_1, plate_1) | on(akita_black_bowl_2, wooden_cabinet_1_top_side)	[109, null]	[false, false]	1	"{""00"": 0, ""10"": 109}"	4	4			../assets/composition/failure_videos/COMP_109/COMP_109_ep000_fail.mp4	../assets/composition/comparison_png/COMP_109__pick_the_akita_black_bowl_next_to_the_cookies_box_and_place_it_on_the_plate_and_then_put_the_second_black_bowl_on_top_of_the_wooden_cabinet.png	0
COMP_110	C2_spatial_two_task	Pick the akita black bowl next to the cookies box and place it on the plate, and then put the cookies box on the stove.	2	Pick the akita black bowl next to the cookies box and place it on the plate | Put the cookies box on the stove	0	5	0.0	0	on(akita_black_bowl_1, plate_1) | on(cookies_1, flat_stove_1_cook_region)	[112, null]	[true, false]	1	"{""00"": 0, ""10"": 112}"	3	4			../assets/composition/failure_videos/COMP_110/COMP_110_ep000_fail.mp4	../assets/composition/comparison_png/COMP_110__pick_the_akita_black_bowl_next_to_the_cookies_box_and_place_it_on_the_plate_and_then_put_the_cookies_box_on_the_stove.png	0
COMP_111	C2_spatial_three_task	Pick the akita black bowl next to the cookies box and place it on the plate, then open the middle drawer of the wooden cabinet, and finally turn on the stove.	3	Pick the akita black bowl next to the cookies box and place it on the plate | Open the middle drawer of the wooden cabinet | Turn on the stove	0	5	0.0	0	on(akita_black_bowl_1, plate_1) | open(wooden_cabinet_1_middle_region) | turnon(flat_stove_1)	[109, null, null]	[true, false, false]	1	"{""000"": 0, ""100"": 109}"	4	4			../assets/composition/failure_videos/COMP_111/COMP_111_ep000_fail.mp4	../assets/composition/comparison_png/COMP_111__pick_the_akita_black_bowl_next_to_the_cookies_box_and_place_it_on_the_plate_then_open_the_middle_drawer_of_the_wooden_cabinet_and_finally_turn_on_the_stove.png	83
COMP_112	C2_spatial_three_task	Pick the akita black bowl next to the cookies box and place it on the plate, then open the middle drawer of the wooden cabinet, and finally put the second black bowl on top of the wooden cabinet.	3	Pick the akita black bowl next to the cookies box and place it on the plate | Open the middle drawer of the wooden cabinet | Put the second black bowl on top of the wooden cabinet	0	5	0.0	0	on(akita_black_bowl_1, plate_1) | open(wooden_cabinet_1_middle_region) | on(akita_black_bowl_2, wooden_cabinet_1_top_side)	[108, null, null]	[true, false, false]	1	"{""000"": 0, ""100"": 108}"	5	5			../assets/composition/failure_videos/COMP_112/COMP_112_ep000_fail.mp4	../assets/composition/comparison_png/COMP_112__pick_the_akita_black_bowl_next_to_the_cookies_box_and_place_it_on_the_plate_then_open_the_middle_drawer_of_the_wooden_cabinet_and_finally_put_the_second_black_bowl_on_top_of_the_wooden_cabinet.png	0
COMP_113	C2_spatial_three_task	Pick the akita black bowl next to the cookies box and place it on the plate, then open the middle drawer of the wooden cabinet, and finally put the cookies box on the stove.	3	Pick the akita black bowl next to the cookies box and place it on the plate | Open the middle drawer of the wooden cabinet | Put the cookies box on the stove	0	5	0.0	0	on(akita_black_bowl_1, plate_1) | open(wooden_cabinet_1_middle_region) | on(cookies_1, flat_stove_1_cook_region)	[108, null, null]	[true, false, false]	1	"{""000"": 0, ""100"": 108}"	4	5			../assets/composition/failure_videos/COMP_113/COMP_113_ep000_fail.mp4	../assets/composition/comparison_png/COMP_113__pick_the_akita_black_bowl_next_to_the_cookies_box_and_place_it_on_the_plate_then_open_the_middle_drawer_of_the_wooden_cabinet_and_finally_put_the_cookies_box_on_the_stove.png	0
COMP_114	C2_spatial_three_task	Pick the akita black bowl next to the cookies box and place it on the plate, then turn on the stove, and finally put the second black bowl on top of the wooden cabinet.	3	Pick the akita black bowl next to the cookies box and place it on the plate | Turn on the stove | Put the second black bowl on top of the wooden cabinet	0	5	0.0	0	on(akita_black_bowl_1, plate_1) | turnon(flat_stove_1) | on(akita_black_bowl_2, wooden_cabinet_1_top_side)	[108, null, null]	[true, false, false]	1	"{""000"": 0, ""100"": 108}"	5	5			../assets/composition/failure_videos/COMP_114/COMP_114_ep000_fail.mp4	../assets/composition/comparison_png/COMP_114__pick_the_akita_black_bowl_next_to_the_cookies_box_and_place_it_on_the_plate_then_turn_on_the_stove_and_finally_put_the_second_black_bowl_on_top_of_the_wooden_cabinet.png	4
COMP_115	C2_spatial_three_task	Pick the akita black bowl next to the cookies box and place it on the plate, then turn on the stove, and finally put the cookies box on the stove.	3	Pick the akita black bowl next to the cookies box and place it on the plate | Turn on the stove | Put the cookies box on the stove	0	5	0.0	0	on(akita_black_bowl_1, plate_1) | turnon(flat_stove_1) | on(cookies_1, flat_stove_1_cook_region)	[109, null, null]	[true, false, false]	1	"{""000"": 0, ""100"": 109}"	5	5			../assets/composition/failure_videos/COMP_115/COMP_115_ep000_fail.mp4	../assets/composition/comparison_png/COMP_115__pick_the_akita_black_bowl_next_to_the_cookies_box_and_place_it_on_the_plate_then_turn_on_the_stove_and_finally_put_the_cookies_box_on_the_stove.png	2
COMP_116	C2_spatial_three_task	Pick the akita black bowl next to the cookies box and place it on the plate, then put the second black bowl on top of the wooden cabinet, and finally put the cookies box on the stove.	3	Pick the akita black bowl next to the cookies box and place it on the plate | Put the second black bowl on top of the wooden cabinet | Put the cookies box on the stove	0	5	0.0	0	on(akita_black_bowl_1, plate_1) | on(akita_black_bowl_2, wooden_cabinet_1_top_side) | on(cookies_1, flat_stove_1_cook_region)	[110, null, null]	[false, false, false]	1	"{""000"": 0, ""100"": 110}"	5	6			../assets/composition/failure_videos/COMP_116/COMP_116_ep000_fail.mp4	../assets/composition/comparison_png/COMP_116__pick_the_akita_black_bowl_next_to_the_cookies_box_and_place_it_on_the_plate_then_put_the_second_black_bowl_on_top_of_the_wooden_cabinet_and_finally_put_the_cookies_box_on_the_stove.png	0
COMP_117	C2_spatial_two_task	Pick the akita black bowl next to the plate and place it on the plate, and then open the middle drawer of the wooden cabinet.	2	Pick the akita black bowl next to the plate and place it on the plate | Open the middle drawer of the wooden cabinet	0	5	0.0	0	on(akita_black_bowl_1, plate_1) | open(wooden_cabinet_1_middle_region)	[97, null]	[true, false]	1	"{""00"": 0, ""10"": 97}"	3	3			../assets/composition/failure_videos/COMP_117/COMP_117_ep000_fail.mp4	../assets/composition/comparison_png/COMP_117__pick_the_akita_black_bowl_next_to_the_plate_and_place_it_on_the_plate_and_then_open_the_middle_drawer_of_the_wooden_cabinet.png	0
COMP_118	C2_spatial_two_task	Pick the akita black bowl next to the plate and place it on the plate, and then turn on the stove.	2	Pick the akita black bowl next to the plate and place it on the plate | Turn on the stove	0	5	0.0	0	on(akita_black_bowl_1, plate_1) | turnon(flat_stove_1)	[96, null]	[true, false]	1	"{""00"": 0, ""10"": 96}"	3	3			../assets/composition/failure_videos/COMP_118/COMP_118_ep000_fail.mp4	../assets/composition/comparison_png/COMP_118__pick_the_akita_black_bowl_next_to_the_plate_and_place_it_on_the_plate_and_then_turn_on_the_stove.png	84
COMP_119	C2_spatial_two_task	Pick the akita black bowl next to the plate and place it on the plate, and then put the second black bowl on top of the wooden cabinet.	2	Pick the akita black bowl next to the plate and place it on the plate | Put the second black bowl on top of the wooden cabinet	0	5	0.0	0	on(akita_black_bowl_1, plate_1) | on(akita_black_bowl_2, wooden_cabinet_1_top_side)	[99, null]	[true, false]	1	"{""00"": 0, ""10"": 99}"	4	4			../assets/composition/failure_videos/COMP_119/COMP_119_ep000_fail.mp4	../assets/composition/comparison_png/COMP_119__pick_the_akita_black_bowl_next_to_the_plate_and_place_it_on_the_plate_and_then_put_the_second_black_bowl_on_top_of_the_wooden_cabinet.png	0
COMP_120	C2_spatial_two_task	Pick the akita black bowl next to the plate and place it on the plate, and then put the second black bowl on the stove.	2	Pick the akita black bowl next to the plate and place it on the plate | Put the second black bowl on the stove	0	5	0.0	0	on(akita_black_bowl_1, plate_1) | on(akita_black_bowl_2, flat_stove_1_cook_region)	[99, null]	[true, false]	1	"{""00"": 0, ""10"": 99}"	4	4			../assets/composition/failure_videos/COMP_120/COMP_120_ep000_fail.mp4	../assets/composition/comparison_png/COMP_120__pick_the_akita_black_bowl_next_to_the_plate_and_place_it_on_the_plate_and_then_put_the_second_black_bowl_on_the_stove.png	0
COMP_121	C2_spatial_two_task	Pick the akita black bowl next to the plate and place it on the plate, and then put the cookies box on the stove.	2	Pick the akita black bowl next to the plate and place it on the plate | Put the cookies box on the stove	0	5	0.0	0	on(akita_black_bowl_1, plate_1) | on(cookies_1, flat_stove_1_cook_region)	[98, null]	[true, false]	1	"{""00"": 0, ""10"": 98}"	3	4			../assets/composition/failure_videos/COMP_121/COMP_121_ep000_fail.mp4	../assets/composition/comparison_png/COMP_121__pick_the_akita_black_bowl_next_to_the_plate_and_place_it_on_the_plate_and_then_put_the_cookies_box_on_the_stove.png	0
COMP_122	C2_spatial_three_task	Pick the akita black bowl next to the plate and place it on the plate, then open the middle drawer of the wooden cabinet, and finally turn on the stove.	3	Pick the akita black bowl next to the plate and place it on the plate | Open the middle drawer of the wooden cabinet | Turn on the stove	0	5	0.0	1	on(akita_black_bowl_1, plate_1) | open(wooden_cabinet_1_middle_region) | turnon(flat_stove_1)	[101, null, null]	[true, false, false]	1	"{""000"": 0, ""100"": 101}"	4	4			../assets/composition/failure_videos/COMP_122/COMP_122_ep001_fail.mp4	../assets/composition/comparison_png/COMP_122__pick_the_akita_black_bowl_next_to_the_plate_and_place_it_on_the_plate_then_open_the_middle_drawer_of_the_wooden_cabinet_and_finally_turn_on_the_stove.png	48
COMP_123	C2_spatial_three_task	Pick the akita black bowl next to the plate and place it on the plate, then open the middle drawer of the wooden cabinet, and finally put the second black bowl on top of the wooden cabinet.	3	Pick the akita black bowl next to the plate and place it on the plate | Open the middle drawer of the wooden cabinet | Put the second black bowl on top of the wooden cabinet	0	5	0.0	0	on(akita_black_bowl_1, plate_1) | open(wooden_cabinet_1_middle_region) | on(akita_black_bowl_2, wooden_cabinet_1_top_side)	[97, null, null]	[true, false, false]	1	"{""000"": 0, ""100"": 97}"	5	5			../assets/composition/failure_videos/COMP_123/COMP_123_ep000_fail.mp4	../assets/composition/comparison_png/COMP_123__pick_the_akita_black_bowl_next_to_the_plate_and_place_it_on_the_plate_then_open_the_middle_drawer_of_the_wooden_cabinet_and_finally_put_the_second_black_bowl_on_top_of_the_wooden_cabinet.png	0
COMP_124	C2_spatial_three_task	Pick the akita black bowl next to the plate and place it on the plate, then open the middle drawer of the wooden cabinet, and finally put the second black bowl on the stove.	3	Pick the akita black bowl next to the plate and place it on the plate | Open the middle drawer of the wooden cabinet | Put the second black bowl on the stove	0	5	0.0	0	on(akita_black_bowl_1, plate_1) | open(wooden_cabinet_1_middle_region) | on(akita_black_bowl_2, flat_stove_1_cook_region)	[100, null, null]	[true, false, false]	1	"{""000"": 0, ""100"": 100}"	5	5			../assets/composition/failure_videos/COMP_124/COMP_124_ep000_fail.mp4	../assets/composition/comparison_png/COMP_124__pick_the_akita_black_bowl_next_to_the_plate_and_place_it_on_the_plate_then_open_the_middle_drawer_of_the_wooden_cabinet_and_finally_put_the_second_black_bowl_on_the_stove.png	0
COMP_125	C2_spatial_three_task	Pick the akita black bowl next to the plate and place it on the plate, then open the middle drawer of the wooden cabinet, and finally put the cookies box on the stove.	3	Pick the akita black bowl next to the plate and place it on the plate | Open the middle drawer of the wooden cabinet | Put the cookies box on the stove	0	5	0.0	2	on(akita_black_bowl_1, plate_1) | open(wooden_cabinet_1_middle_region) | on(cookies_1, flat_stove_1_cook_region)	[101, null, null]	[false, false, false]	1	"{""000"": 0, ""100"": 101}"	5	5			../assets/composition/failure_videos/COMP_125/COMP_125_ep002_fail.mp4	../assets/composition/comparison_png/COMP_125__pick_the_akita_black_bowl_next_to_the_plate_and_place_it_on_the_plate_then_open_the_middle_drawer_of_the_wooden_cabinet_and_finally_put_the_cookies_box_on_the_stove.png	0
COMP_126	C2_spatial_three_task	Pick the akita black bowl next to the plate and place it on the plate, then turn on the stove, and finally put the second black bowl on top of the wooden cabinet.	3	Pick the akita black bowl next to the plate and place it on the plate | Turn on the stove | Put the second black bowl on top of the wooden cabinet	0	5	0.0	0	on(akita_black_bowl_1, plate_1) | turnon(flat_stove_1) | on(akita_black_bowl_2, wooden_cabinet_1_top_side)	[99, null, null]	[true, false, false]	1	"{""000"": 0, ""100"": 99}"	5	5			../assets/composition/failure_videos/COMP_126/COMP_126_ep000_fail.mp4	../assets/composition/comparison_png/COMP_126__pick_the_akita_black_bowl_next_to_the_plate_and_place_it_on_the_plate_then_turn_on_the_stove_and_finally_put_the_second_black_bowl_on_top_of_the_wooden_cabinet.png	2
COMP_127	C2_spatial_three_task	Pick the akita black bowl next to the plate and place it on the plate, then turn on the stove, and finally put the second black bowl on the stove.	3	Pick the akita black bowl next to the plate and place it on the plate | Turn on the stove | Put the second black bowl on the stove	0	5	0.0	0	on(akita_black_bowl_1, plate_1) | turnon(flat_stove_1) | on(akita_black_bowl_2, flat_stove_1_cook_region)	[95, null, null]	[true, false, false]	1	"{""000"": 0, ""100"": 95}"	5	5			../assets/composition/failure_videos/COMP_127/COMP_127_ep000_fail.mp4	../assets/composition/comparison_png/COMP_127__pick_the_akita_black_bowl_next_to_the_plate_and_place_it_on_the_plate_then_turn_on_the_stove_and_finally_put_the_second_black_bowl_on_the_stove.png	4
COMP_128	C2_spatial_three_task	Pick the akita black bowl next to the plate and place it on the plate, then turn on the stove, and finally put the cookies box on the stove.	3	Pick the akita black bowl next to the plate and place it on the plate | Turn on the stove | Put the cookies box on the stove	0	5	0.0	4	on(akita_black_bowl_1, plate_1) | turnon(flat_stove_1) | on(cookies_1, flat_stove_1_cook_region)	[144, null, null]	[false, false, false]	1	"{""000"": 0, ""100"": 144}"	5	5			../assets/composition/failure_videos/COMP_128/COMP_128_ep004_fail.mp4	../assets/composition/comparison_png/COMP_128__pick_the_akita_black_bowl_next_to_the_plate_and_place_it_on_the_plate_then_turn_on_the_stove_and_finally_put_the_cookies_box_on_the_stove.png	2
COMP_129	C2_spatial_three_task	Pick the akita black bowl next to the plate and place it on the plate, then put the second black bowl on top of the wooden cabinet, and finally put the cookies box on the stove.	3	Pick the akita black bowl next to the plate and place it on the plate | Put the second black bowl on top of the wooden cabinet | Put the cookies box on the stove	0	5	0.0	0	on(akita_black_bowl_1, plate_1) | on(akita_black_bowl_2, wooden_cabinet_1_top_side) | on(cookies_1, flat_stove_1_cook_region)	[98, null, null]	[true, false, false]	1	"{""000"": 0, ""100"": 98}"	6	6			../assets/composition/failure_videos/COMP_129/COMP_129_ep000_fail.mp4	../assets/composition/comparison_png/COMP_129__pick_the_akita_black_bowl_next_to_the_plate_and_place_it_on_the_plate_then_put_the_second_black_bowl_on_top_of_the_wooden_cabinet_and_finally_put_the_cookies_box_on_the_stove.png	0
COMP_130	C2_spatial_three_task	Pick the akita black bowl next to the plate and place it on the plate, then put the second black bowl on the stove, and finally put the cookies box on the stove.	3	Pick the akita black bowl next to the plate and place it on the plate | Put the second black bowl on the stove | Put the cookies box on the stove	0	5	0.0	2	on(akita_black_bowl_1, plate_1) | on(akita_black_bowl_2, flat_stove_1_cook_region) | on(cookies_1, flat_stove_1_cook_region)	[96, null, null]	[true, false, false]	1	"{""000"": 0, ""100"": 96}"	6	6			../assets/composition/failure_videos/COMP_130/COMP_130_ep002_fail.mp4	../assets/composition/comparison_png/COMP_130__pick_the_akita_black_bowl_next_to_the_plate_and_place_it_on_the_plate_then_put_the_second_black_bowl_on_the_stove_and_finally_put_the_cookies_box_on_the_stove.png	0
COMP_131	C2_spatial_two_task	Pick the akita black bowl next to the ramekin and place it on the plate, and then open the middle drawer of the wooden cabinet.	2	Pick the akita black bowl next to the ramekin and place it on the plate | Open the middle drawer of the wooden cabinet	0	5	0.0	0	on(akita_black_bowl_1, plate_1) | open(wooden_cabinet_1_middle_region)	[114, null]	[true, false]	1	"{""00"": 0, ""10"": 114}"	3	3			../assets/composition/failure_videos/COMP_131/COMP_131_ep000_fail.mp4	../assets/composition/comparison_png/COMP_131__pick_the_akita_black_bowl_next_to_the_ramekin_and_place_it_on_the_plate_and_then_open_the_middle_drawer_of_the_wooden_cabinet.png	0
COMP_132	C2_spatial_two_task	Pick the akita black bowl next to the ramekin and place it on the plate, and then turn on the stove.	2	Pick the akita black bowl next to the ramekin and place it on the plate | Turn on the stove	0	5	0.0	0	on(akita_black_bowl_1, plate_1) | turnon(flat_stove_1)	[113, null]	[true, false]	1	"{""00"": 0, ""10"": 113}"	3	3			../assets/composition/failure_videos/COMP_132/COMP_132_ep000_fail.mp4	../assets/composition/comparison_png/COMP_132__pick_the_akita_black_bowl_next_to_the_ramekin_and_place_it_on_the_plate_and_then_turn_on_the_stove.png	83
COMP_133	C2_spatial_two_task	Pick the akita black bowl next to the ramekin and place it on the plate, and then put the second black bowl on top of the wooden cabinet.	2	Pick the akita black bowl next to the ramekin and place it on the plate | Put the second black bowl on top of the wooden cabinet	0	5	0.0	0	on(akita_black_bowl_1, plate_1) | on(akita_black_bowl_2, wooden_cabinet_1_top_side)	[113, null]	[true, false]	1	"{""00"": 0, ""10"": 113}"	4	4			../assets/composition/failure_videos/COMP_133/COMP_133_ep000_fail.mp4	../assets/composition/comparison_png/COMP_133__pick_the_akita_black_bowl_next_to_the_ramekin_and_place_it_on_the_plate_and_then_put_the_second_black_bowl_on_top_of_the_wooden_cabinet.png	0
COMP_134	C2_spatial_two_task	Pick the akita black bowl next to the ramekin and place it on the plate, and then put the second black bowl on the stove.	2	Pick the akita black bowl next to the ramekin and place it on the plate | Put the second black bowl on the stove	0	5	0.0	0	on(akita_black_bowl_1, plate_1) | on(akita_black_bowl_2, flat_stove_1_cook_region)	[111, null]	[true, false]	1	"{""00"": 0, ""10"": 111}"	4	4			../assets/composition/failure_videos/COMP_134/COMP_134_ep000_fail.mp4	../assets/composition/comparison_png/COMP_134__pick_the_akita_black_bowl_next_to_the_ramekin_and_place_it_on_the_plate_and_then_put_the_second_black_bowl_on_the_stove.png	0
COMP_135	C2_spatial_two_task	Pick the akita black bowl next to the ramekin and place it on the plate, and then put the cookies box on the stove.	2	Pick the akita black bowl next to the ramekin and place it on the plate | Put the cookies box on the stove	0	5	0.0	0	on(akita_black_bowl_1, plate_1) | on(cookies_1, flat_stove_1_cook_region)	[116, null]	[true, false]	1	"{""00"": 0, ""10"": 116}"	3	4			../assets/composition/failure_videos/COMP_135/COMP_135_ep000_fail.mp4	../assets/composition/comparison_png/COMP_135__pick_the_akita_black_bowl_next_to_the_ramekin_and_place_it_on_the_plate_and_then_put_the_cookies_box_on_the_stove.png	0
COMP_136	C2_spatial_three_task	Pick the akita black bowl next to the ramekin and place it on the plate, then open the middle drawer of the wooden cabinet, and finally turn on the stove.	3	Pick the akita black bowl next to the ramekin and place it on the plate | Open the middle drawer of the wooden cabinet | Turn on the stove	0	5	0.0	0	on(akita_black_bowl_1, plate_1) | open(wooden_cabinet_1_middle_region) | turnon(flat_stove_1)	[112, null, null]	[true, false, false]	1	"{""000"": 0, ""100"": 112}"	4	4			../assets/composition/failure_videos/COMP_136/COMP_136_ep000_fail.mp4	../assets/composition/comparison_png/COMP_136__pick_the_akita_black_bowl_next_to_the_ramekin_and_place_it_on_the_plate_then_open_the_middle_drawer_of_the_wooden_cabinet_and_finally_turn_on_the_stove.png	78
COMP_137	C2_spatial_three_task	Pick the akita black bowl next to the ramekin and place it on the plate, then open the middle drawer of the wooden cabinet, and finally put the second black bowl on top of the wooden cabinet.	3	Pick the akita black bowl next to the ramekin and place it on the plate | Open the middle drawer of the wooden cabinet | Put the second black bowl on top of the wooden cabinet	0	5	0.0	1	on(akita_black_bowl_1, plate_1) | open(wooden_cabinet_1_middle_region) | on(akita_black_bowl_2, wooden_cabinet_1_top_side)	[97, null, null]	[true, false, false]	1	"{""000"": 0, ""100"": 97}"	5	5			../assets/composition/failure_videos/COMP_137/COMP_137_ep001_fail.mp4	../assets/composition/comparison_png/COMP_137__pick_the_akita_black_bowl_next_to_the_ramekin_and_place_it_on_the_plate_then_open_the_middle_drawer_of_the_wooden_cabinet_and_finally_put_the_second_black_bowl_on_top_of_the_wooden_cabinet.png	0
COMP_138	C2_spatial_three_task	Pick the akita black bowl next to the ramekin and place it on the plate, then open the middle drawer of the wooden cabinet, and finally put the second black bowl on the stove.	3	Pick the akita black bowl next to the ramekin and place it on the plate | Open the middle drawer of the wooden cabinet | Put the second black bowl on the stove	0	5	0.0	1	on(akita_black_bowl_1, plate_1) | open(wooden_cabinet_1_middle_region) | on(akita_black_bowl_2, flat_stove_1_cook_region)	[101, null, null]	[true, false, false]	1	"{""000"": 0, ""100"": 101}"	5	5			../assets/composition/failure_videos/COMP_138/COMP_138_ep001_fail.mp4	../assets/composition/comparison_png/COMP_138__pick_the_akita_black_bowl_next_to_the_ramekin_and_place_it_on_the_plate_then_open_the_middle_drawer_of_the_wooden_cabinet_and_finally_put_the_second_black_bowl_on_the_stove.png	0
COMP_139	C2_spatial_three_task	Pick the akita black bowl next to the ramekin and place it on the plate, then open the middle drawer of the wooden cabinet, and finally put the cookies box on the stove.	3	Pick the akita black bowl next to the ramekin and place it on the plate | Open the middle drawer of the wooden cabinet | Put the cookies box on the stove	0	5	0.0	1	on(akita_black_bowl_1, plate_1) | open(wooden_cabinet_1_middle_region) | on(cookies_1, flat_stove_1_cook_region)	[100, null, null]	[true, false, false]	1	"{""000"": 0, ""100"": 100}"	5	5			../assets/composition/failure_videos/COMP_139/COMP_139_ep001_fail.mp4	../assets/composition/comparison_png/COMP_139__pick_the_akita_black_bowl_next_to_the_ramekin_and_place_it_on_the_plate_then_open_the_middle_drawer_of_the_wooden_cabinet_and_finally_put_the_cookies_box_on_the_stove.png	0
COMP_140	C2_spatial_three_task	Pick the akita black bowl next to the ramekin and place it on the plate, then turn on the stove, and finally put the second black bowl on top of the wooden cabinet.	3	Pick the akita black bowl next to the ramekin and place it on the plate | Turn on the stove | Put the second black bowl on top of the wooden cabinet	0	5	0.0	0	on(akita_black_bowl_1, plate_1) | turnon(flat_stove_1) | on(akita_black_bowl_2, wooden_cabinet_1_top_side)	[115, null, null]	[true, false, false]	1	"{""000"": 0, ""100"": 115}"	5	5			../assets/composition/failure_videos/COMP_140/COMP_140_ep000_fail.mp4	../assets/composition/comparison_png/COMP_140__pick_the_akita_black_bowl_next_to_the_ramekin_and_place_it_on_the_plate_then_turn_on_the_stove_and_finally_put_the_second_black_bowl_on_top_of_the_wooden_cabinet.png	4
COMP_141	C2_spatial_three_task	Pick the akita black bowl next to the ramekin and place it on the plate, then turn on the stove, and finally put the second black bowl on the stove.	3	Pick the akita black bowl next to the ramekin and place it on the plate | Turn on the stove | Put the second black bowl on the stove	0	5	0.0	0	on(akita_black_bowl_1, plate_1) | turnon(flat_stove_1) | on(akita_black_bowl_2, flat_stove_1_cook_region)	[112, null, null]	[false, false, false]	1	"{""000"": 0, ""100"": 112}"	5	5			../assets/composition/failure_videos/COMP_141/COMP_141_ep000_fail.mp4	../assets/composition/comparison_png/COMP_141__pick_the_akita_black_bowl_next_to_the_ramekin_and_place_it_on_the_plate_then_turn_on_the_stove_and_finally_put_the_second_black_bowl_on_the_stove.png	7
COMP_142	C2_spatial_three_task	Pick the akita black bowl next to the ramekin and place it on the plate, then turn on the stove, and finally put the cookies box on the stove.	3	Pick the akita black bowl next to the ramekin and place it on the plate | Turn on the stove | Put the cookies box on the stove	0	5	0.0	2	on(akita_black_bowl_1, plate_1) | turnon(flat_stove_1) | on(cookies_1, flat_stove_1_cook_region)	[109, null, null]	[true, false, false]	1	"{""000"": 0, ""100"": 109}"	5	5			../assets/composition/failure_videos/COMP_142/COMP_142_ep002_fail.mp4	../assets/composition/comparison_png/COMP_142__pick_the_akita_black_bowl_next_to_the_ramekin_and_place_it_on_the_plate_then_turn_on_the_stove_and_finally_put_the_cookies_box_on_the_stove.png	4
COMP_143	C2_spatial_three_task	Pick the akita black bowl next to the ramekin and place it on the plate, then put the second black bowl on top of the wooden cabinet, and finally put the cookies box on the stove.	3	Pick the akita black bowl next to the ramekin and place it on the plate | Put the second black bowl on top of the wooden cabinet | Put the cookies box on the stove	0	5	0.0	0	on(akita_black_bowl_1, plate_1) | on(akita_black_bowl_2, wooden_cabinet_1_top_side) | on(cookies_1, flat_stove_1_cook_region)	[113, null, null]	[false, false, false]	1	"{""000"": 0, ""100"": 113}"	5	6			../assets/composition/failure_videos/COMP_143/COMP_143_ep000_fail.mp4	../assets/composition/comparison_png/COMP_143__pick_the_akita_black_bowl_next_to_the_ramekin_and_place_it_on_the_plate_then_put_the_second_black_bowl_on_top_of_the_wooden_cabinet_and_finally_put_the_cookies_box_on_the_stove.png	0
COMP_144	C2_spatial_three_task	Pick the akita black bowl next to the ramekin and place it on the plate, then put the second black bowl on the stove, and finally put the cookies box on the stove.	3	Pick the akita black bowl next to the ramekin and place it on the plate | Put the second black bowl on the stove | Put the cookies box on the stove	0	5	0.0	0	on(akita_black_bowl_1, plate_1) | on(akita_black_bowl_2, flat_stove_1_cook_region) | on(cookies_1, flat_stove_1_cook_region)	[113, null, null]	[true, false, false]	1	"{""000"": 0, ""100"": 113}"	5	6			../assets/composition/failure_videos/COMP_144/COMP_144_ep000_fail.mp4	../assets/composition/comparison_png/COMP_144__pick_the_akita_black_bowl_next_to_the_ramekin_and_place_it_on_the_plate_then_put_the_second_black_bowl_on_the_stove_and_finally_put_the_cookies_box_on_the_stove.png	0
COMP_145	C2_spatial_two_task	Pick the akita black bowl on the cookies box and place it on the plate, and then open the middle drawer of the wooden cabinet.	2	Pick the akita black bowl on the cookies box and place it on the plate | Open the middle drawer of the wooden cabinet	0	5	0.0	0	on(akita_black_bowl_1, plate_1) | open(wooden_cabinet_1_middle_region)	[84, null]	[true, false]	1	"{""00"": 0, ""10"": 84}"	3	3			../assets/composition/failure_videos/COMP_145/COMP_145_ep000_fail.mp4	../assets/composition/comparison_png/COMP_145__pick_the_akita_black_bowl_on_the_cookies_box_and_place_it_on_the_plate_and_then_open_the_middle_drawer_of_the_wooden_cabinet.png	0
COMP_146	C2_spatial_two_task	Pick the akita black bowl on the cookies box and place it on the plate, and then turn on the stove.	2	Pick the akita black bowl on the cookies box and place it on the plate | Turn on the stove	0	5	0.0	0	on(akita_black_bowl_1, plate_1) | turnon(flat_stove_1)	[85, null]	[true, false]	1	"{""00"": 0, ""10"": 85}"	3	3			../assets/composition/failure_videos/COMP_146/COMP_146_ep000_fail.mp4	../assets/composition/comparison_png/COMP_146__pick_the_akita_black_bowl_on_the_cookies_box_and_place_it_on_the_plate_and_then_turn_on_the_stove.png	87
COMP_147	C2_spatial_two_task	Pick the akita black bowl on the cookies box and place it on the plate, and then put the second black bowl on the stove.	2	Pick the akita black bowl on the cookies box and place it on the plate | Put the second black bowl on the stove	0	5	0.0	1	on(akita_black_bowl_1, plate_1) | on(akita_black_bowl_2, flat_stove_1_cook_region)	[81, null]	[true, false]	1	"{""00"": 0, ""10"": 81}"	4	4			../assets/composition/failure_videos/COMP_147/COMP_147_ep001_fail.mp4	../assets/composition/comparison_png/COMP_147__pick_the_akita_black_bowl_on_the_cookies_box_and_place_it_on_the_plate_and_then_put_the_second_black_bowl_on_the_stove.png	0
COMP_148	C2_spatial_two_task	Pick the akita black bowl on the cookies box and place it on the plate, and then put the cookies box on the stove.	2	Pick the akita black bowl on the cookies box and place it on the plate | Put the cookies box on the stove	0	5	0.0	0	on(akita_black_bowl_1, plate_1) | on(cookies_1, flat_stove_1_cook_region)	[84, null]	[true, false]	1	"{""00"": 0, ""10"": 84}"	3	4			../assets/composition/failure_videos/COMP_148/COMP_148_ep000_fail.mp4	../assets/composition/comparison_png/COMP_148__pick_the_akita_black_bowl_on_the_cookies_box_and_place_it_on_the_plate_and_then_put_the_cookies_box_on_the_stove.png	0
COMP_149	C2_spatial_three_task	Pick the akita black bowl on the cookies box and place it on the plate, then open the middle drawer of the wooden cabinet, and finally turn on the stove.	3	Pick the akita black bowl on the cookies box and place it on the plate | Open the middle drawer of the wooden cabinet | Turn on the stove	0	5	0.0	0	on(akita_black_bowl_1, plate_1) | open(wooden_cabinet_1_middle_region) | turnon(flat_stove_1)	[84, null, null]	[true, false, false]	1	"{""000"": 0, ""100"": 84}"	4	4			../assets/composition/failure_videos/COMP_149/COMP_149_ep000_fail.mp4	../assets/composition/comparison_png/COMP_149__pick_the_akita_black_bowl_on_the_cookies_box_and_place_it_on_the_plate_then_open_the_middle_drawer_of_the_wooden_cabinet_and_finally_turn_on_the_stove.png	86
COMP_150	C2_spatial_three_task	Pick the akita black bowl on the cookies box and place it on the plate, then open the middle drawer of the wooden cabinet, and finally put the second black bowl on the stove.	3	Pick the akita black bowl on the cookies box and place it on the plate | Open the middle drawer of the wooden cabinet | Put the second black bowl on the stove	0	5	0.0	0	on(akita_black_bowl_1, plate_1) | open(wooden_cabinet_1_middle_region) | on(akita_black_bowl_2, flat_stove_1_cook_region)	[83, null, null]	[true, false, false]	1	"{""000"": 0, ""100"": 83}"	5	5			../assets/composition/failure_videos/COMP_150/COMP_150_ep000_fail.mp4	../assets/composition/comparison_png/COMP_150__pick_the_akita_black_bowl_on_the_cookies_box_and_place_it_on_the_plate_then_open_the_middle_drawer_of_the_wooden_cabinet_and_finally_put_the_second_black_bowl_on_the_stove.png	0
COMP_151	C2_spatial_three_task	Pick the akita black bowl on the cookies box and place it on the plate, then open the middle drawer of the wooden cabinet, and finally put the cookies box on the stove.	3	Pick the akita black bowl on the cookies box and place it on the plate | Open the middle drawer of the wooden cabinet | Put the cookies box on the stove	0	5	0.0	3	on(akita_black_bowl_1, plate_1) | open(wooden_cabinet_1_middle_region) | on(cookies_1, flat_stove_1_cook_region)	[83, null, null]	[true, false, false]	1	"{""000"": 0, ""100"": 83}"	5	5			../assets/composition/failure_videos/COMP_151/COMP_151_ep003_fail.mp4	../assets/composition/comparison_png/COMP_151__pick_the_akita_black_bowl_on_the_cookies_box_and_place_it_on_the_plate_then_open_the_middle_drawer_of_the_wooden_cabinet_and_finally_put_the_cookies_box_on_the_stove.png	0
COMP_152	C2_spatial_three_task	Pick the akita black bowl on the cookies box and place it on the plate, then turn on the stove, and finally put the second black bowl on the stove.	3	Pick the akita black bowl on the cookies box and place it on the plate | Turn on the stove | Put the second black bowl on the stove	0	5	0.0	1	on(akita_black_bowl_1, plate_1) | turnon(flat_stove_1) | on(akita_black_bowl_2, flat_stove_1_cook_region)	[85, null, null]	[true, false, false]	1	"{""000"": 0, ""100"": 85}"	5	5			../assets/composition/failure_videos/COMP_152/COMP_152_ep001_fail.mp4	../assets/composition/comparison_png/COMP_152__pick_the_akita_black_bowl_on_the_cookies_box_and_place_it_on_the_plate_then_turn_on_the_stove_and_finally_put_the_second_black_bowl_on_the_stove.png	6
COMP_153	C2_spatial_three_task	Pick the akita black bowl on the cookies box and place it on the plate, then turn on the stove, and finally put the cookies box on the stove.	3	Pick the akita black bowl on the cookies box and place it on the plate | Turn on the stove | Put the cookies box on the stove	0	5	0.0	0	on(akita_black_bowl_1, plate_1) | turnon(flat_stove_1) | on(cookies_1, flat_stove_1_cook_region)	[82, null, null]	[true, false, false]	1	"{""000"": 0, ""100"": 82}"	4	5			../assets/composition/failure_videos/COMP_153/COMP_153_ep000_fail.mp4	../assets/composition/comparison_png/COMP_153__pick_the_akita_black_bowl_on_the_cookies_box_and_place_it_on_the_plate_then_turn_on_the_stove_and_finally_put_the_cookies_box_on_the_stove.png	23
COMP_154	C2_spatial_three_task	Pick the akita black bowl on the cookies box and place it on the plate, then put the second black bowl on the stove, and finally put the cookies box on the stove.	3	Pick the akita black bowl on the cookies box and place it on the plate | Put the second black bowl on the stove | Put the cookies box on the stove	0	5	0.0	3	on(akita_black_bowl_1, plate_1) | on(akita_black_bowl_2, flat_stove_1_cook_region) | on(cookies_1, flat_stove_1_cook_region)	[84, null, null]	[false, false, false]	1	"{""000"": 0, ""100"": 84}"	6	6			../assets/composition/failure_videos/COMP_154/COMP_154_ep003_fail.mp4	../assets/composition/comparison_png/COMP_154__pick_the_akita_black_bowl_on_the_cookies_box_and_place_it_on_the_plate_then_put_the_second_black_bowl_on_the_stove_and_finally_put_the_cookies_box_on_the_stove.png	0
COMP_155	C2_spatial_two_task	Pick the akita black bowl on the ramekin and place it on the plate, and then open the middle drawer of the wooden cabinet.	2	Pick the akita black bowl on the ramekin and place it on the plate | Open the middle drawer of the wooden cabinet	0	5	0.0	0	on(akita_black_bowl_1, plate_1) | open(wooden_cabinet_1_middle_region)	[null, null]	[false, false]	0	"{""00"": 0}"	3	3			../assets/composition/failure_videos/COMP_155/COMP_155_ep000_fail.mp4	../assets/composition/comparison_png/COMP_155__pick_the_akita_black_bowl_on_the_ramekin_and_place_it_on_the_plate_and_then_open_the_middle_drawer_of_the_wooden_cabinet.png	0
COMP_156	C2_spatial_two_task	Pick the akita black bowl on the ramekin and place it on the plate, and then turn on the stove.	2	Pick the akita black bowl on the ramekin and place it on the plate | Turn on the stove	0	5	0.0	0	on(akita_black_bowl_1, plate_1) | turnon(flat_stove_1)	[null, null]	[false, false]	0	"{""00"": 0}"	3	3			../assets/composition/failure_videos/COMP_156/COMP_156_ep000_fail.mp4	../assets/composition/comparison_png/COMP_156__pick_the_akita_black_bowl_on_the_ramekin_and_place_it_on_the_plate_and_then_turn_on_the_stove.png	45
COMP_157	C2_spatial_two_task	Pick the akita black bowl on the ramekin and place it on the plate, and then put the second black bowl on top of the wooden cabinet.	2	Pick the akita black bowl on the ramekin and place it on the plate | Put the second black bowl on top of the wooden cabinet	0	5	0.0	2	on(akita_black_bowl_1, plate_1) | on(akita_black_bowl_2, wooden_cabinet_1_top_side)	[138, null]	[true, false]	1	"{""00"": 0, ""10"": 138}"	4	4			../assets/composition/failure_videos/COMP_157/COMP_157_ep002_fail.mp4	../assets/composition/comparison_png/COMP_157__pick_the_akita_black_bowl_on_the_ramekin_and_place_it_on_the_plate_and_then_put_the_second_black_bowl_on_top_of_the_wooden_cabinet.png	0
COMP_158	C2_spatial_two_task	Pick the akita black bowl on the ramekin and place it on the plate, and then put the second black bowl on the stove.	2	Pick the akita black bowl on the ramekin and place it on the plate | Put the second black bowl on the stove	0	5	0.0	0	on(akita_black_bowl_1, plate_1) | on(akita_black_bowl_2, flat_stove_1_cook_region)	[165, null]	[true, false]	1	"{""00"": 0, ""10"": 165}"	4	4			../assets/composition/failure_videos/COMP_158/COMP_158_ep000_fail.mp4	../assets/composition/comparison_png/COMP_158__pick_the_akita_black_bowl_on_the_ramekin_and_place_it_on_the_plate_and_then_put_the_second_black_bowl_on_the_stove.png	0
COMP_159	C2_spatial_two_task	Pick the akita black bowl on the ramekin and place it on the plate, and then put the cookies box on the stove.	2	Pick the akita black bowl on the ramekin and place it on the plate | Put the cookies box on the stove	0	5	0.0	0	on(akita_black_bowl_1, plate_1) | on(cookies_1, flat_stove_1_cook_region)	[170, null]	[true, false]	1	"{""00"": 0, ""10"": 170}"	4	4			../assets/composition/failure_videos/COMP_159/COMP_159_ep000_fail.mp4	../assets/composition/comparison_png/COMP_159__pick_the_akita_black_bowl_on_the_ramekin_and_place_it_on_the_plate_and_then_put_the_cookies_box_on_the_stove.png	0
COMP_160	C2_spatial_three_task	Pick the akita black bowl on the ramekin and place it on the plate, then open the middle drawer of the wooden cabinet, and finally turn on the stove.	3	Pick the akita black bowl on the ramekin and place it on the plate | Open the middle drawer of the wooden cabinet | Turn on the stove	0	5	0.0	1	on(akita_black_bowl_1, plate_1) | open(wooden_cabinet_1_middle_region) | turnon(flat_stove_1)	[111, null, null]	[true, false, false]	1	"{""000"": 0, ""100"": 111}"	4	4			../assets/composition/failure_videos/COMP_160/COMP_160_ep001_fail.mp4	../assets/composition/comparison_png/COMP_160__pick_the_akita_black_bowl_on_the_ramekin_and_place_it_on_the_plate_then_open_the_middle_drawer_of_the_wooden_cabinet_and_finally_turn_on_the_stove.png	63
COMP_161	C2_spatial_three_task	Pick the akita black bowl on the ramekin and place it on the plate, then open the middle drawer of the wooden cabinet, and finally put the second black bowl on top of the wooden cabinet.	3	Pick the akita black bowl on the ramekin and place it on the plate | Open the middle drawer of the wooden cabinet | Put the second black bowl on top of the wooden cabinet	0	5	0.0	1	on(akita_black_bowl_1, plate_1) | open(wooden_cabinet_1_middle_region) | on(akita_black_bowl_2, wooden_cabinet_1_top_side)	[100, null, null]	[true, false, false]	1	"{""000"": 0, ""100"": 100}"	5	5			../assets/composition/failure_videos/COMP_161/COMP_161_ep001_fail.mp4	../assets/composition/comparison_png/COMP_161__pick_the_akita_black_bowl_on_the_ramekin_and_place_it_on_the_plate_then_open_the_middle_drawer_of_the_wooden_cabinet_and_finally_put_the_second_black_bowl_on_top_of_the_wooden_cabinet.png	0
COMP_162	C2_spatial_three_task	Pick the akita black bowl on the ramekin and place it on the plate, then open the middle drawer of the wooden cabinet, and finally put the second black bowl on the stove.	3	Pick the akita black bowl on the ramekin and place it on the plate | Open the middle drawer of the wooden cabinet | Put the second black bowl on the stove	0	5	0.0	0	on(akita_black_bowl_1, plate_1) | open(wooden_cabinet_1_middle_region) | on(akita_black_bowl_2, flat_stove_1_cook_region)	[179, null, null]	[true, false, false]	1	"{""000"": 0, ""100"": 179}"	3	5			../assets/composition/failure_videos/COMP_162/COMP_162_ep000_fail.mp4	../assets/composition/comparison_png/COMP_162__pick_the_akita_black_bowl_on_the_ramekin_and_place_it_on_the_plate_then_open_the_middle_drawer_of_the_wooden_cabinet_and_finally_put_the_second_black_bowl_on_the_stove.png	0
COMP_163	C2_spatial_three_task	Pick the akita black bowl on the ramekin and place it on the plate, then open the middle drawer of the wooden cabinet, and finally put the cookies box on the stove.	3	Pick the akita black bowl on the ramekin and place it on the plate | Open the middle drawer of the wooden cabinet | Put the cookies box on the stove	0	5	0.0	0	on(akita_black_bowl_1, plate_1) | open(wooden_cabinet_1_middle_region) | on(cookies_1, flat_stove_1_cook_region)	[null, null, null]	[false, false, false]	0	"{""000"": 0}"	4	5			../assets/composition/failure_videos/COMP_163/COMP_163_ep000_fail.mp4	../assets/composition/comparison_png/COMP_163__pick_the_akita_black_bowl_on_the_ramekin_and_place_it_on_the_plate_then_open_the_middle_drawer_of_the_wooden_cabinet_and_finally_put_the_cookies_box_on_the_stove.png	0
COMP_164	C2_spatial_three_task	Pick the akita black bowl on the ramekin and place it on the plate, then turn on the stove, and finally put the second black bowl on top of the wooden cabinet.	3	Pick the akita black bowl on the ramekin and place it on the plate | Turn on the stove | Put the second black bowl on top of the wooden cabinet	0	5	0.0	0	on(akita_black_bowl_1, plate_1) | turnon(flat_stove_1) | on(akita_black_bowl_2, wooden_cabinet_1_top_side)	[207, null, null]	[true, false, false]	1	"{""000"": 0, ""100"": 207}"	5	5			../assets/composition/failure_videos/COMP_164/COMP_164_ep000_fail.mp4	../assets/composition/comparison_png/COMP_164__pick_the_akita_black_bowl_on_the_ramekin_and_place_it_on_the_plate_then_turn_on_the_stove_and_finally_put_the_second_black_bowl_on_top_of_the_wooden_cabinet.png	4
COMP_165	C2_spatial_three_task	Pick the akita black bowl on the ramekin and place it on the plate, then turn on the stove, and finally put the second black bowl on the stove.	3	Pick the akita black bowl on the ramekin and place it on the plate | Turn on the stove | Put the second black bowl on the stove	0	5	0.0	1	on(akita_black_bowl_1, plate_1) | turnon(flat_stove_1) | on(akita_black_bowl_2, flat_stove_1_cook_region)	[162, null, null]	[false, false, false]	1	"{""000"": 0, ""100"": 162}"	5	5			../assets/composition/failure_videos/COMP_165/COMP_165_ep001_fail.mp4	../assets/composition/comparison_png/COMP_165__pick_the_akita_black_bowl_on_the_ramekin_and_place_it_on_the_plate_then_turn_on_the_stove_and_finally_put_the_second_black_bowl_on_the_stove.png	5
COMP_166	C2_spatial_three_task	Pick the akita black bowl on the ramekin and place it on the plate, then turn on the stove, and finally put the cookies box on the stove.	3	Pick the akita black bowl on the ramekin and place it on the plate | Turn on the stove | Put the cookies box on the stove	0	5	0.0	1	on(akita_black_bowl_1, plate_1) | turnon(flat_stove_1) | on(cookies_1, flat_stove_1_cook_region)	[131, null, null]	[true, false, false]	1	"{""000"": 0, ""100"": 131}"	5	5			../assets/composition/failure_videos/COMP_166/COMP_166_ep001_fail.mp4	../assets/composition/comparison_png/COMP_166__pick_the_akita_black_bowl_on_the_ramekin_and_place_it_on_the_plate_then_turn_on_the_stove_and_finally_put_the_cookies_box_on_the_stove.png	25
COMP_167	C2_spatial_three_task	Pick the akita black bowl on the ramekin and place it on the plate, then put the second black bowl on top of the wooden cabinet, and finally put the cookies box on the stove.	3	Pick the akita black bowl on the ramekin and place it on the plate | Put the second black bowl on top of the wooden cabinet | Put the cookies box on the stove	0	5	0.0	0	on(akita_black_bowl_1, plate_1) | on(akita_black_bowl_2, wooden_cabinet_1_top_side) | on(cookies_1, flat_stove_1_cook_region)	[96, null, null]	[true, false, false]	1	"{""000"": 0, ""100"": 96}"	5	6			../assets/composition/failure_videos/COMP_167/COMP_167_ep000_fail.mp4	../assets/composition/comparison_png/COMP_167__pick_the_akita_black_bowl_on_the_ramekin_and_place_it_on_the_plate_then_put_the_second_black_bowl_on_top_of_the_wooden_cabinet_and_finally_put_the_cookies_box_on_the_stove.png	0
COMP_168	C2_spatial_three_task	Pick the akita black bowl on the ramekin and place it on the plate, then put the second black bowl on the stove, and finally put the cookies box on the stove.	3	Pick the akita black bowl on the ramekin and place it on the plate | Put the second black bowl on the stove | Put the cookies box on the stove	0	5	0.0	1	on(akita_black_bowl_1, plate_1) | on(akita_black_bowl_2, flat_stove_1_cook_region) | on(cookies_1, flat_stove_1_cook_region)	[99, null, null]	[true, false, false]	1	"{""000"": 0, ""100"": 99}"	6	6			../assets/composition/failure_videos/COMP_168/COMP_168_ep001_fail.mp4	../assets/composition/comparison_png/COMP_168__pick_the_akita_black_bowl_on_the_ramekin_and_place_it_on_the_plate_then_put_the_second_black_bowl_on_the_stove_and_finally_put_the_cookies_box_on_the_stove.png	0
COMP_169	C2_spatial_two_task	Pick the akita black bowl on the stove and place it on the plate, and then open the middle drawer of the wooden cabinet.	2	Pick the akita black bowl on the stove and place it on the plate | Open the middle drawer of the wooden cabinet	0	5	0.0	0	on(akita_black_bowl_1, plate_1) | open(wooden_cabinet_1_middle_region)	[122, null]	[true, false]	1	"{""00"": 0, ""10"": 122}"	3	3			../assets/composition/failure_videos/COMP_169/COMP_169_ep000_fail.mp4	../assets/composition/comparison_png/COMP_169__pick_the_akita_black_bowl_on_the_stove_and_place_it_on_the_plate_and_then_open_the_middle_drawer_of_the_wooden_cabinet.png	0
COMP_170	C2_spatial_two_task	Pick the akita black bowl on the stove and place it on the plate, and then turn on the stove.	2	Pick the akita black bowl on the stove and place it on the plate | Turn on the stove	0	5	0.0	0	on(akita_black_bowl_1, plate_1) | turnon(flat_stove_1)	[119, null]	[true, false]	1	"{""00"": 0, ""10"": 119}"	3	3			../assets/composition/failure_videos/COMP_170/COMP_170_ep000_fail.mp4	../assets/composition/comparison_png/COMP_170__pick_the_akita_black_bowl_on_the_stove_and_place_it_on_the_plate_and_then_turn_on_the_stove.png	84
COMP_171	C2_spatial_two_task	Pick the akita black bowl on the stove and place it on the plate, and then put the second black bowl on the stove.	2	Pick the akita black bowl on the stove and place it on the plate | Put the second black bowl on the stove	0	5	0.0	0	on(akita_black_bowl_1, plate_1) | on(akita_black_bowl_2, flat_stove_1_cook_region)	[120, null]	[true, false]	1	"{""00"": 0, ""10"": 120}"	4	4			../assets/composition/failure_videos/COMP_171/COMP_171_ep000_fail.mp4	../assets/composition/comparison_png/COMP_171__pick_the_akita_black_bowl_on_the_stove_and_place_it_on_the_plate_and_then_put_the_second_black_bowl_on_the_stove.png	0
COMP_172	C2_spatial_two_task	Pick the akita black bowl on the stove and place it on the plate, and then put the cookies box on the stove.	2	Pick the akita black bowl on the stove and place it on the plate | Put the cookies box on the stove	0	5	0.0	4	on(akita_black_bowl_1, plate_1) | on(cookies_1, flat_stove_1_cook_region)	[109, null]	[true, false]	1	"{""00"": 0, ""10"": 109}"	4	4			../assets/composition/failure_videos/COMP_172/COMP_172_ep004_fail.mp4	../assets/composition/comparison_png/COMP_172__pick_the_akita_black_bowl_on_the_stove_and_place_it_on_the_plate_and_then_put_the_cookies_box_on_the_stove.png	0
COMP_173	C2_spatial_three_task	Pick the akita black bowl on the stove and place it on the plate, then open the middle drawer of the wooden cabinet, and finally turn on the stove.	3	Pick the akita black bowl on the stove and place it on the plate | Open the middle drawer of the wooden cabinet | Turn on the stove	0	5	0.0	0	on(akita_black_bowl_1, plate_1) | open(wooden_cabinet_1_middle_region) | turnon(flat_stove_1)	[109, null, null]	[true, false, false]	1	"{""000"": 0, ""100"": 109}"	4	4			../assets/composition/failure_videos/COMP_173/COMP_173_ep000_fail.mp4	../assets/composition/comparison_png/COMP_173__pick_the_akita_black_bowl_on_the_stove_and_place_it_on_the_plate_then_open_the_middle_drawer_of_the_wooden_cabinet_and_finally_turn_on_the_stove.png	72
COMP_174	C2_spatial_three_task	Pick the akita black bowl on the stove and place it on the plate, then open the middle drawer of the wooden cabinet, and finally put the second black bowl on the stove.	3	Pick the akita black bowl on the stove and place it on the plate | Open the middle drawer of the wooden cabinet | Put the second black bowl on the stove	0	5	0.0	0	on(akita_black_bowl_1, plate_1) | open(wooden_cabinet_1_middle_region) | on(akita_black_bowl_2, flat_stove_1_cook_region)	[123, null, null]	[true, false, false]	1	"{""000"": 0, ""100"": 123}"	5	5			../assets/composition/failure_videos/COMP_174/COMP_174_ep000_fail.mp4	../assets/composition/comparison_png/COMP_174__pick_the_akita_black_bowl_on_the_stove_and_place_it_on_the_plate_then_open_the_middle_drawer_of_the_wooden_cabinet_and_finally_put_the_second_black_bowl_on_the_stove.png	0
COMP_175	C2_spatial_three_task	Pick the akita black bowl on the stove and place it on the plate, then open the middle drawer of the wooden cabinet, and finally put the cookies box on the stove.	3	Pick the akita black bowl on the stove and place it on the plate | Open the middle drawer of the wooden cabinet | Put the cookies box on the stove	0	5	0.0	4	on(akita_black_bowl_1, plate_1) | open(wooden_cabinet_1_middle_region) | on(cookies_1, flat_stove_1_cook_region)	[107, null, null]	[true, false, false]	1	"{""000"": 0, ""100"": 107}"	5	5			../assets/composition/failure_videos/COMP_175/COMP_175_ep004_fail.mp4	../assets/composition/comparison_png/COMP_175__pick_the_akita_black_bowl_on_the_stove_and_place_it_on_the_plate_then_open_the_middle_drawer_of_the_wooden_cabinet_and_finally_put_the_cookies_box_on_the_stove.png	0
COMP_176	C2_spatial_three_task	Pick the akita black bowl on the stove and place it on the plate, then turn on the stove, and finally put the second black bowl on the stove.	3	Pick the akita black bowl on the stove and place it on the plate | Turn on the stove | Put the second black bowl on the stove	0	5	0.0	0	on(akita_black_bowl_1, plate_1) | turnon(flat_stove_1) | on(akita_black_bowl_2, flat_stove_1_cook_region)	[121, null, null]	[true, false, false]	1	"{""000"": 0, ""100"": 121}"	5	5			../assets/composition/failure_videos/COMP_176/COMP_176_ep000_fail.mp4	../assets/composition/comparison_png/COMP_176__pick_the_akita_black_bowl_on_the_stove_and_place_it_on_the_plate_then_turn_on_the_stove_and_finally_put_the_second_black_bowl_on_the_stove.png	2
COMP_177	C2_spatial_three_task	Pick the akita black bowl on the stove and place it on the plate, then turn on the stove, and finally put the cookies box on the stove.	3	Pick the akita black bowl on the stove and place it on the plate | Turn on the stove | Put the cookies box on the stove	0	5	0.0	0	on(akita_black_bowl_1, plate_1) | turnon(flat_stove_1) | on(cookies_1, flat_stove_1_cook_region)	[null, null, null]	[false, false, false]	0	"{""000"": 0}"	4	5			../assets/composition/failure_videos/COMP_177/COMP_177_ep000_fail.mp4	../assets/composition/comparison_png/COMP_177__pick_the_akita_black_bowl_on_the_stove_and_place_it_on_the_plate_then_turn_on_the_stove_and_finally_put_the_cookies_box_on_the_stove.png	45
COMP_178	C2_spatial_three_task	Pick the akita black bowl on the stove and place it on the plate, then put the second black bowl on the stove, and finally put the cookies box on the stove.	3	Pick the akita black bowl on the stove and place it on the plate | Put the second black bowl on the stove | Put the cookies box on the stove	0	5	0.0	0	on(akita_black_bowl_1, plate_1) | on(akita_black_bowl_2, flat_stove_1_cook_region) | on(cookies_1, flat_stove_1_cook_region)	[113, null, null]	[true, false, false]	1	"{""000"": 0, ""100"": 113}"	5	6			../assets/composition/failure_videos/COMP_178/COMP_178_ep000_fail.mp4	../assets/composition/comparison_png/COMP_178__pick_the_akita_black_bowl_on_the_stove_and_place_it_on_the_plate_then_put_the_second_black_bowl_on_the_stove_and_finally_put_the_cookies_box_on_the_stove.png	0
COMP_179	C2_spatial_two_task	Pick the akita black bowl on the wooden cabinet and place it on the plate, and then open the middle drawer of the wooden cabinet.	2	Pick the akita black bowl on the wooden cabinet and place it on the plate | Open the middle drawer of the wooden cabinet	0	5	0.0	0	on(akita_black_bowl_1, plate_1) | open(wooden_cabinet_1_middle_region)	[116, null]	[true, false]	1	"{""00"": 0, ""10"": 116}"	3	3			../assets/composition/failure_videos/COMP_179/COMP_179_ep000_fail.mp4	../assets/composition/comparison_png/COMP_179__pick_the_akita_black_bowl_on_the_wooden_cabinet_and_place_it_on_the_plate_and_then_open_the_middle_drawer_of_the_wooden_cabinet.png	0
COMP_180	C2_spatial_two_task	Pick the akita black bowl on the wooden cabinet and place it on the plate, and then turn on the stove.	2	Pick the akita black bowl on the wooden cabinet and place it on the plate | Turn on the stove	0	5	0.0	0	on(akita_black_bowl_1, plate_1) | turnon(flat_stove_1)	[118, null]	[true, false]	1	"{""00"": 0, ""10"": 118}"	3	3			../assets/composition/failure_videos/COMP_180/COMP_180_ep000_fail.mp4	../assets/composition/comparison_png/COMP_180__pick_the_akita_black_bowl_on_the_wooden_cabinet_and_place_it_on_the_plate_and_then_turn_on_the_stove.png	83
COMP_181	C2_spatial_two_task	Pick the akita black bowl on the wooden cabinet and place it on the plate, and then put the second black bowl on top of the wooden cabinet.	2	Pick the akita black bowl on the wooden cabinet and place it on the plate | Put the second black bowl on top of the wooden cabinet	0	5	0.0	0	on(akita_black_bowl_1, plate_1) | on(akita_black_bowl_2, wooden_cabinet_1_top_side)	[114, null]	[true, false]	1	"{""00"": 0, ""10"": 114}"	4	4			../assets/composition/failure_videos/COMP_181/COMP_181_ep000_fail.mp4	../assets/composition/comparison_png/COMP_181__pick_the_akita_black_bowl_on_the_wooden_cabinet_and_place_it_on_the_plate_and_then_put_the_second_black_bowl_on_top_of_the_wooden_cabinet.png	0
COMP_182	C2_spatial_two_task	Pick the akita black bowl on the wooden cabinet and place it on the plate, and then put the cookies box on the stove.	2	Pick the akita black bowl on the wooden cabinet and place it on the plate | Put the cookies box on the stove	0	5	0.0	1	on(akita_black_bowl_1, plate_1) | on(cookies_1, flat_stove_1_cook_region)	[117, null]	[true, false]	1	"{""00"": 0, ""10"": 117}"	4	4			../assets/composition/failure_videos/COMP_182/COMP_182_ep001_fail.mp4	../assets/composition/comparison_png/COMP_182__pick_the_akita_black_bowl_on_the_wooden_cabinet_and_place_it_on_the_plate_and_then_put_the_cookies_box_on_the_stove.png	0
COMP_183	C2_spatial_three_task	Pick the akita black bowl on the wooden cabinet and place it on the plate, then open the middle drawer of the wooden cabinet, and finally turn on the stove.	3	Pick the akita black bowl on the wooden cabinet and place it on the plate | Open the middle drawer of the wooden cabinet | Turn on the stove	0	5	0.0	0	on(akita_black_bowl_1, plate_1) | open(wooden_cabinet_1_middle_region) | turnon(flat_stove_1)	[119, null, null]	[true, false, false]	1	"{""000"": 0, ""100"": 119}"	4	4			../assets/composition/failure_videos/COMP_183/COMP_183_ep000_fail.mp4	../assets/composition/comparison_png/COMP_183__pick_the_akita_black_bowl_on_the_wooden_cabinet_and_place_it_on_the_plate_then_open_the_middle_drawer_of_the_wooden_cabinet_and_finally_turn_on_the_stove.png	82
COMP_184	C2_spatial_three_task	Pick the akita black bowl on the wooden cabinet and place it on the plate, then open the middle drawer of the wooden cabinet, and finally put the second black bowl on top of the wooden cabinet.	3	Pick the akita black bowl on the wooden cabinet and place it on the plate | Open the middle drawer of the wooden cabinet | Put the second black bowl on top of the wooden cabinet	0	5	0.0	1	on(akita_black_bowl_1, plate_1) | open(wooden_cabinet_1_middle_region) | on(akita_black_bowl_2, wooden_cabinet_1_top_side)	[117, null, null]	[true, false, false]	1	"{""000"": 0, ""100"": 117}"	5	5			../assets/composition/failure_videos/COMP_184/COMP_184_ep001_fail.mp4	../assets/composition/comparison_png/COMP_184__pick_the_akita_black_bowl_on_the_wooden_cabinet_and_place_it_on_the_plate_then_open_the_middle_drawer_of_the_wooden_cabinet_and_finally_put_the_second_black_bowl_on_top_of_the_wooden_cabinet.png	0
COMP_185	C2_spatial_three_task	Pick the akita black bowl on the wooden cabinet and place it on the plate, then open the middle drawer of the wooden cabinet, and finally put the cookies box on the stove.	3	Pick the akita black bowl on the wooden cabinet and place it on the plate | Open the middle drawer of the wooden cabinet | Put the cookies box on the stove	0	5	0.0	0	on(akita_black_bowl_1, plate_1) | open(wooden_cabinet_1_middle_region) | on(cookies_1, flat_stove_1_cook_region)	[117, null, null]	[true, false, false]	1	"{""000"": 0, ""100"": 117}"	5	5			../assets/composition/failure_videos/COMP_185/COMP_185_ep000_fail.mp4	../assets/composition/comparison_png/COMP_185__pick_the_akita_black_bowl_on_the_wooden_cabinet_and_place_it_on_the_plate_then_open_the_middle_drawer_of_the_wooden_cabinet_and_finally_put_the_cookies_box_on_the_stove.png	0
COMP_186	C2_spatial_three_task	Pick the akita black bowl on the wooden cabinet and place it on the plate, then turn on the stove, and finally put the second black bowl on top of the wooden cabinet.	3	Pick the akita black bowl on the wooden cabinet and place it on the plate | Turn on the stove | Put the second black bowl on top of the wooden cabinet	0	5	0.0	0	on(akita_black_bowl_1, plate_1) | turnon(flat_stove_1) | on(akita_black_bowl_2, wooden_cabinet_1_top_side)	[118, null, null]	[true, false, false]	1	"{""000"": 0, ""100"": 118}"	5	5			../assets/composition/failure_videos/COMP_186/COMP_186_ep000_fail.mp4	../assets/composition/comparison_png/COMP_186__pick_the_akita_black_bowl_on_the_wooden_cabinet_and_place_it_on_the_plate_then_turn_on_the_stove_and_finally_put_the_second_black_bowl_on_top_of_the_wooden_cabinet.png	4
COMP_187	C2_spatial_three_task	Pick the akita black bowl on the wooden cabinet and place it on the plate, then turn on the stove, and finally put the cookies box on the stove.	3	Pick the akita black bowl on the wooden cabinet and place it on the plate | Turn on the stove | Put the cookies box on the stove	0	5	0.0	0	on(akita_black_bowl_1, plate_1) | turnon(flat_stove_1) | on(cookies_1, flat_stove_1_cook_region)	[117, null, null]	[true, false, false]	1	"{""000"": 0, ""100"": 117}"	5	5			../assets/composition/failure_videos/COMP_187/COMP_187_ep000_fail.mp4	../assets/composition/comparison_png/COMP_187__pick_the_akita_black_bowl_on_the_wooden_cabinet_and_place_it_on_the_plate_then_turn_on_the_stove_and_finally_put_the_cookies_box_on_the_stove.png	2
COMP_188	C2_spatial_three_task	Pick the akita black bowl on the wooden cabinet and place it on the plate, then put the second black bowl on top of the wooden cabinet, and finally put the cookies box on the stove.	3	Pick the akita black bowl on the wooden cabinet and place it on the plate | Put the second black bowl on top of the wooden cabinet | Put the cookies box on the stove	0	5	0.0	0	on(akita_black_bowl_1, plate_1) | on(akita_black_bowl_2, wooden_cabinet_1_top_side) | on(cookies_1, flat_stove_1_cook_region)	[125, null, null]	[true, false, false]	1	"{""000"": 0, ""100"": 125}"	6	6			../assets/composition/failure_videos/COMP_188/COMP_188_ep000_fail.mp4	../assets/composition/comparison_png/COMP_188__pick_the_akita_black_bowl_on_the_wooden_cabinet_and_place_it_on_the_plate_then_put_the_second_black_bowl_on_top_of_the_wooden_cabinet_and_finally_put_the_cookies_box_on_the_stove.png	0
COMP_189	C3_three_mugs_three_plates	Put the white mug on the left plate, then put the yellow and white mug on the middle plate, and finally put the red mug on the right plate.	3	Put the white mug on the left plate | Put the yellow and white mug on the middle plate | Put the red mug on the right plate	0	5	0.0	1	on(porcelain_mug_1, plate_1) | on(white_yellow_mug_1, plate_3) | on(red_coffee_mug_1, plate_2)	[null, null, null]	[false, false, false]	0	"{""000"": 0}"	4	6			../assets/composition/failure_videos/COMP_189/COMP_189_ep001_fail.mp4	../assets/composition/comparison_png/COMP_189__put_the_white_mug_on_the_left_plate_then_put_the_yellow_and_white_mug_on_the_middle_plate_and_finally_put_the_red_mug_on_the_right_plate.png	0
COMP_190	C3_three_mugs_three_plates	Put the white mug on the left plate, then put the yellow and white mug on the right plate, and finally put the red mug on the middle plate.	3	Put the white mug on the left plate | Put the yellow and white mug on the right plate | Put the red mug on the middle plate	0	5	0.0	2	on(porcelain_mug_1, plate_1) | on(white_yellow_mug_1, plate_2) | on(red_coffee_mug_1, plate_3)	[null, null, null]	[false, false, false]	0	"{""000"": 0}"	4	6			../assets/composition/failure_videos/COMP_190/COMP_190_ep002_fail.mp4	../assets/composition/comparison_png/COMP_190__put_the_white_mug_on_the_left_plate_then_put_the_yellow_and_white_mug_on_the_right_plate_and_finally_put_the_red_mug_on_the_middle_plate.png	0
COMP_191	C3_three_mugs_three_plates	Put the white mug on the middle plate, then put the yellow and white mug on the left plate, and finally put the red mug on the right plate.	3	Put the white mug on the middle plate | Put the yellow and white mug on the left plate | Put the red mug on the right plate	0	5	0.0	1	on(porcelain_mug_1, plate_3) | on(white_yellow_mug_1, plate_1) | on(red_coffee_mug_1, plate_2)	[null, null, null]	[false, false, false]	0	"{""000"": 0}"	4	6			../assets/composition/failure_videos/COMP_191/COMP_191_ep001_fail.mp4	../assets/composition/comparison_png/COMP_191__put_the_white_mug_on_the_middle_plate_then_put_the_yellow_and_white_mug_on_the_left_plate_and_finally_put_the_red_mug_on_the_right_plate.png	0
COMP_192	C3_three_mugs_three_plates	Put the white mug on the middle plate, then put the yellow and white mug on the right plate, and finally put the red mug on the left plate.	3	Put the white mug on the middle plate | Put the yellow and white mug on the right plate | Put the red mug on the left plate	0	5	0.0	0	on(porcelain_mug_1, plate_3) | on(white_yellow_mug_1, plate_2) | on(red_coffee_mug_1, plate_1)	[null, null, null]	[false, false, false]	0	"{""000"": 0}"	4	6			../assets/composition/failure_videos/COMP_192/COMP_192_ep000_fail.mp4	../assets/composition/comparison_png/COMP_192__put_the_white_mug_on_the_middle_plate_then_put_the_yellow_and_white_mug_on_the_right_plate_and_finally_put_the_red_mug_on_the_left_plate.png	0
COMP_193	C3_three_mugs_three_plates	Put the white mug on the right plate, then put the yellow and white mug on the left plate, and finally put the red mug on the middle plate.	3	Put the white mug on the right plate | Put the yellow and white mug on the left plate | Put the red mug on the middle plate	0	5	0.0	0	on(porcelain_mug_1, plate_2) | on(white_yellow_mug_1, plate_1) | on(red_coffee_mug_1, plate_3)	[null, null, null]	[false, false, false]	0	"{""000"": 0}"	4	6			../assets/composition/failure_videos/COMP_193/COMP_193_ep000_fail.mp4	../assets/composition/comparison_png/COMP_193__put_the_white_mug_on_the_right_plate_then_put_the_yellow_and_white_mug_on_the_left_plate_and_finally_put_the_red_mug_on_the_middle_plate.png	0
COMP_194	C3_three_mugs_three_plates	Put the white mug on the right plate, then put the yellow and white mug on the middle plate, and finally put the red mug on the left plate.	3	Put the white mug on the right plate | Put the yellow and white mug on the middle plate | Put the red mug on the left plate	0	5	0.0	0	on(porcelain_mug_1, plate_2) | on(white_yellow_mug_1, plate_3) | on(red_coffee_mug_1, plate_1)	[null, null, null]	[false, false, false]	0	"{""000"": 0}"	4	6			../assets/composition/failure_videos/COMP_194/COMP_194_ep000_fail.mp4	../assets/composition/comparison_png/COMP_194__put_the_white_mug_on_the_right_plate_then_put_the_yellow_and_white_mug_on_the_middle_plate_and_finally_put_the_red_mug_on_the_left_plate.png	0
COMP_195	C4_kitchen3_on_moka_off_temporal	Turn on the stove, then put the moka pot on the stove, and finally turn off the stove.	3	Turn on the stove | Put the moka pot on the stove | Turn off the stove	0	5	0.0	0	on(moka_pot_1, flat_stove_1_cook_region) | turnoff(flat_stove_1)	[219, 54]	[true, false]	1	"{""00"": 0, ""01"": 54, ""10"": 219}"	4	4	ordered temporal prefix	Turn on the stove, and then put the moka pot on the stove.	../assets/composition/failure_videos/COMP_195/COMP_195_ep000_fail.mp4	../assets/composition/comparison_png/COMP_195__turn_on_the_stove_then_put_the_moka_pot_on_the_stove_and_finally_turn_off_the_stove.png	76
COMP_196	C5_kitchen3_on_moka_frypan	Turn on the stove, then put the moka pot on the stove, and finally put the frypan on the stove.	3	Turn on the stove | Put the moka pot on the stove | Put the frypan on the stove	0	5	0.0	0	turnon(flat_stove_1) | on(moka_pot_1, flat_stove_1_cook_region) | on(chefmate_8_frypan_1, flat_stove_1_cook_region)	[80, 219, null]	[true, true, false]	2	"{""000"": 0, ""100"": 80, ""110"": 219}"	4	5	ordered instruction prefix	Turn on the stove, and then put the moka pot on the stove.	../assets/composition/failure_videos/COMP_196/COMP_196_ep000_fail.mp4	../assets/composition/comparison_png/COMP_196__turn_on_the_stove_then_put_the_moka_pot_on_the_stove_and_finally_put_the_frypan_on_the_stove.png	12
COMP_197	C6_kitchen4_bowl_close_wine_cabinet	Put the black bowl in the bottom drawer of the white cabinet, then close the bottom drawer of the white cabinet, and finally put the wine bottle on top of the white cabinet.	3	Put the black bowl in the bottom drawer of the white cabinet | Close the bottom drawer of the white cabinet | Put the wine bottle on top of the white cabinet	0	5	0.0	1	in(akita_black_bowl_1, white_cabinet_1_bottom_region) | close(white_cabinet_1_bottom_region) | on(wine_bottle_1, white_cabinet_1_top_side)	[144, 218, null]	[true, true, false]	2	"{""000"": 0, ""100"": 144, ""110"": 218}"	5	5	ordered instruction prefix	Put the black bowl in the bottom drawer of the white cabinet, and then close the bottom drawer of the white cabinet.	../assets/composition/failure_videos/COMP_197/COMP_197_ep001_fail.mp4	../assets/composition/comparison_png/COMP_197__put_the_black_bowl_in_the_bottom_drawer_of_the_white_cabinet_then_close_the_bottom_drawer_of_the_white_cabinet_and_finally_put_the_wine_bottle_on_top_of_the_white_cabinet.png	0
COMP_198	C7_kitchen6_mug_close_white_top	Put the yellow and white mug in the microwave, then close the microwave, and finally put the white mug on top of the microwave.	3	Put the yellow and white mug in the microwave | Close the microwave | Put the white mug on top of the microwave	0	5	0.0	1	in(white_yellow_mug_1, microwave_1_heating_region) | close(microwave_1) | on(porcelain_mug_1, microwave_1_top_side)	[150, 272, null]	[true, true, false]	2	"{""000"": 0, ""100"": 150, ""110"": 272}"	5	5	ordered instruction prefix	Put the yellow and white mug in the microwave, and then close the microwave.	../assets/composition/failure_videos/COMP_198/COMP_198_ep001_fail.mp4	../assets/composition/comparison_png/COMP_198__put_the_yellow_and_white_mug_in_the_microwave_then_close_the_microwave_and_finally_put_the_white_mug_on_top_of_the_microwave.png	0
COMP_199	C8_kitchen8_two_moka_off_temporal	Put the right moka pot on the stove, then put the left moka pot on the stove, and finally turn off the stove.	3	Put the right moka pot on the stove | Put the left moka pot on the stove | Turn off the stove	0	5	0.0	0	on(moka_pot_1, flat_stove_1_cook_region) | on(moka_pot_2, flat_stove_1_cook_region) | turnoff(flat_stove_1)	[null, null, null]	[false, false, false]	0	"{""000"": 0}"	3	5			../assets/composition/failure_videos/COMP_199/COMP_199_ep000_fail.mp4	../assets/composition/comparison_png/COMP_199__put_the_right_moka_pot_on_the_stove_then_put_the_left_moka_pot_on_the_stove_and_finally_turn_off_the_stove.png	0
COMP_200	C9_study_book_then_mug_plate	Put the book in the back compartment of the caddy, and then put the yellow and white mug on the plate.	2	Put the book in the back compartment of the caddy | Put the yellow and white mug on the plate	0	5	0.0	1	in(black_book_1, desk_caddy_1_back_contain_region) | on(white_yellow_mug_1, plate_1)	[183, null]	[false, false]	1	"{""00"": 0, ""10"": 183}"	4	4			../assets/composition/failure_videos/COMP_200/COMP_200_ep001_fail.mp4	../assets/composition/comparison_png/COMP_200__put_the_book_in_the_back_compartment_of_the_caddy_and_then_put_the_yellow_and_white_mug_on_the_plate.png	0
COMP_201	C10_libero10_basket_triples	Put the alphabet soup, the cream cheese box, and the ketchup in the basket one after another.	3	Put the alphabet soup in the basket | Put the cream cheese box in the basket | Put the ketchup in the basket	0	5	0.0	4	in(alphabet_soup_1, basket_1_contain_region) | in(cream_cheese_1, basket_1_contain_region) | in(ketchup_1, basket_1_contain_region)	[151, 284, null]	[true, true, false]	2	"{""000"": 0, ""100"": 151, ""110"": 284}"	6	6	ordered instruction prefix	Put the alphabet soup in the basket, and then put the cream cheese box in the basket.	../assets/composition/failure_videos/COMP_201/COMP_201_ep004_fail.mp4	../assets/composition/comparison_png/COMP_201__put_the_alphabet_soup_the_cream_cheese_box_and_the_ketchup_in_the_basket_one_after_another.png	0
COMP_202	C10_libero10_basket_triples	Put the alphabet soup, the cream cheese box, and the tomato sauce in the basket one after another.	3	Put the alphabet soup in the basket | Put the cream cheese box in the basket | Put the tomato sauce in the basket	0	5	0.0	4	in(alphabet_soup_1, basket_1_contain_region) | in(cream_cheese_1, basket_1_contain_region) | in(tomato_sauce_1, basket_1_contain_region)	[151, 290, null]	[true, true, false]	2	"{""000"": 0, ""100"": 151, ""110"": 290}"	6	6	ordered instruction prefix	Put the alphabet soup in the basket, and then put the cream cheese box in the basket.	../assets/composition/failure_videos/COMP_202/COMP_202_ep004_fail.mp4	../assets/composition/comparison_png/COMP_202__put_the_alphabet_soup_the_cream_cheese_box_and_the_tomato_sauce_in_the_basket_one_after_another.png	0
COMP_203	C10_libero10_basket_triples	Put the alphabet soup, the ketchup, and the tomato sauce in the basket one after another.	3	Put the alphabet soup in the basket | Put the ketchup in the basket | Put the tomato sauce in the basket	0	5	0.0	0	in(alphabet_soup_1, basket_1_contain_region) | in(ketchup_1, basket_1_contain_region) | in(tomato_sauce_1, basket_1_contain_region)	[143, null, null]	[true, false, false]	1	"{""000"": 0, ""100"": 143}"	5	6			../assets/composition/failure_videos/COMP_203/COMP_203_ep000_fail.mp4	../assets/composition/comparison_png/COMP_203__put_the_alphabet_soup_the_ketchup_and_the_tomato_sauce_in_the_basket_one_after_another.png	0
COMP_204	C10_libero10_basket_triples	Put the cream cheese box, the ketchup, and the tomato sauce in the basket one after another.	3	Put the cream cheese box in the basket | Put the ketchup in the basket | Put the tomato sauce in the basket	0	5	0.0	0	in(cream_cheese_1, basket_1_contain_region) | in(ketchup_1, basket_1_contain_region) | in(tomato_sauce_1, basket_1_contain_region)	[null, null, null]	[false, false, false]	0	"{""000"": 0}"	5	6			../assets/composition/failure_videos/COMP_204/COMP_204_ep000_fail.mp4	../assets/composition/comparison_png/COMP_204__put_the_cream_cheese_box_the_ketchup_and_the_tomato_sauce_in_the_basket_one_after_another.png	0
COMP_205	C10_libero10_basket_triples	Put the alphabet soup, the butter, and the cream cheese box in the basket one after another.	3	Put the alphabet soup in the basket | Put the butter in the basket | Put the cream cheese box in the basket	1	5	20.0	0	in(alphabet_soup_1, basket_1_contain_region) | in(butter_1, basket_1_contain_region) | in(cream_cheese_1, basket_1_contain_region)	[158, 303, null]	[true, true, false]	2	"{""000"": 0, ""100"": 158, ""110"": 303}"	6	6	ordered instruction prefix	Put the alphabet soup in the basket, and then put the butter in the basket.	../assets/composition/failure_videos/COMP_205/COMP_205_ep000_fail.mp4	../assets/composition/comparison_png/COMP_205__put_the_alphabet_soup_the_butter_and_the_cream_cheese_box_in_the_basket_one_after_another.png	0
COMP_206	C10_libero10_basket_triples	Put the alphabet soup, the butter, and the ketchup in the basket one after another.	3	Put the alphabet soup in the basket | Put the butter in the basket | Put the ketchup in the basket	0	5	0.0	0	in(alphabet_soup_1, basket_1_contain_region) | in(butter_1, basket_1_contain_region) | in(ketchup_1, basket_1_contain_region)	[159, 297, null]	[true, true, false]	2	"{""000"": 0, ""100"": 159, ""110"": 297}"	6	6	ordered instruction prefix	Put the alphabet soup in the basket, and then put the butter in the basket.	../assets/composition/failure_videos/COMP_206/COMP_206_ep000_fail.mp4	../assets/composition/comparison_png/COMP_206__put_the_alphabet_soup_the_butter_and_the_ketchup_in_the_basket_one_after_another.png	0
COMP_207	C10_libero10_basket_triples	Put the alphabet soup, the butter, and the milk in the basket one after another.	3	Put the alphabet soup in the basket | Put the butter in the basket | Put the milk in the basket	0	5	0.0	2	in(alphabet_soup_1, basket_1_contain_region) | in(butter_1, basket_1_contain_region) | in(milk_1, basket_1_contain_region)	[144, 323, null]	[true, true, false]	2	"{""000"": 0, ""100"": 144, ""110"": 323}"	6	6	ordered instruction prefix	Put the alphabet soup in the basket, and then put the butter in the basket.	../assets/composition/failure_videos/COMP_207/COMP_207_ep002_fail.mp4	../assets/composition/comparison_png/COMP_207__put_the_alphabet_soup_the_butter_and_the_milk_in_the_basket_one_after_another.png	0
COMP_208	C10_libero10_basket_triples	Put the alphabet soup, the butter, and the orange juice in the basket one after another.	3	Put the alphabet soup in the basket | Put the butter in the basket | Put the orange juice in the basket	0	5	0.0	2	in(alphabet_soup_1, basket_1_contain_region) | in(butter_1, basket_1_contain_region) | in(orange_juice_1, basket_1_contain_region)	[148, 442, null]	[true, true, false]	2	"{""000"": 0, ""100"": 148, ""110"": 442}"	6	6	ordered instruction prefix	Put the alphabet soup in the basket, and then put the butter in the basket.	../assets/composition/failure_videos/COMP_208/COMP_208_ep002_fail.mp4	../assets/composition/comparison_png/COMP_208__put_the_alphabet_soup_the_butter_and_the_orange_juice_in_the_basket_one_after_another.png	0
COMP_209	C10_libero10_basket_triples	Put the alphabet soup, the butter, and the tomato sauce in the basket one after another.	3	Put the alphabet soup in the basket | Put the butter in the basket | Put the tomato sauce in the basket	1	5	20.0	0	in(alphabet_soup_1, basket_1_contain_region) | in(butter_1, basket_1_contain_region) | in(tomato_sauce_1, basket_1_contain_region)	[160, 298, null]	[true, true, false]	2	"{""000"": 0, ""100"": 160, ""110"": 298}"	6	6	ordered instruction prefix	Put the alphabet soup in the basket, and then put the butter in the basket.	../assets/composition/failure_videos/COMP_209/COMP_209_ep000_fail.mp4	../assets/composition/comparison_png/COMP_209__put_the_alphabet_soup_the_butter_and_the_tomato_sauce_in_the_basket_one_after_another.png	0
COMP_210	C10_libero10_basket_triples	Put the alphabet soup, the cream cheese box, and the ketchup in the basket one after another.	3	Put the alphabet soup in the basket | Put the cream cheese box in the basket | Put the ketchup in the basket	0	5	0.0	0	in(alphabet_soup_1, basket_1_contain_region) | in(cream_cheese_1, basket_1_contain_region) | in(ketchup_1, basket_1_contain_region)	[153, 380, null]	[true, true, false]	2	"{""000"": 0, ""100"": 153, ""110"": 380}"	6	6	ordered instruction prefix	Put the alphabet soup in the basket, and then put the cream cheese box in the basket.	../assets/composition/failure_videos/COMP_210/COMP_210_ep000_fail.mp4	../assets/composition/comparison_png/COMP_210__put_the_alphabet_soup_the_cream_cheese_box_and_the_ketchup_in_the_basket_one_after_another.png	0
COMP_211	C10_libero10_basket_triples	Put the alphabet soup, the cream cheese box, and the milk in the basket one after another.	3	Put the alphabet soup in the basket | Put the cream cheese box in the basket | Put the milk in the basket	0	5	0.0	0	in(alphabet_soup_1, basket_1_contain_region) | in(cream_cheese_1, basket_1_contain_region) | in(milk_1, basket_1_contain_region)	[158, 386, null]	[true, true, false]	2	"{""000"": 0, ""100"": 158, ""110"": 386}"	6	6	ordered instruction prefix	Put the alphabet soup in the basket, and then put the cream cheese box in the basket.	../assets/composition/failure_videos/COMP_211/COMP_211_ep000_fail.mp4	../assets/composition/comparison_png/COMP_211__put_the_alphabet_soup_the_cream_cheese_box_and_the_milk_in_the_basket_one_after_another.png	0
COMP_212	C10_libero10_basket_triples	Put the alphabet soup, the cream cheese box, and the orange juice in the basket one after another.	3	Put the alphabet soup in the basket | Put the cream cheese box in the basket | Put the orange juice in the basket	0	5	0.0	0	in(alphabet_soup_1, basket_1_contain_region) | in(cream_cheese_1, basket_1_contain_region) | in(orange_juice_1, basket_1_contain_region)	[159, 346, null]	[true, true, false]	2	"{""000"": 0, ""100"": 159, ""110"": 346}"	6	6	ordered instruction prefix	Put the alphabet soup in the basket, and then put the cream cheese box in the basket.	../assets/composition/failure_videos/COMP_212/COMP_212_ep000_fail.mp4	../assets/composition/comparison_png/COMP_212__put_the_alphabet_soup_the_cream_cheese_box_and_the_orange_juice_in_the_basket_one_after_another.png	0
COMP_213	C10_libero10_basket_triples	Put the alphabet soup, the cream cheese box, and the tomato sauce in the basket one after another.	3	Put the alphabet soup in the basket | Put the cream cheese box in the basket | Put the tomato sauce in the basket	1	5	20.0	0	in(alphabet_soup_1, basket_1_contain_region) | in(cream_cheese_1, basket_1_contain_region) | in(tomato_sauce_1, basket_1_contain_region)	[156, 387, 538]	[true, false, true]	2	"{""000"": 0, ""100"": 156, ""101"": 538, ""110"": 387}"	6	6	ordered instruction prefix	Put the alphabet soup in the basket, and then put the cream cheese box in the basket.	../assets/composition/failure_videos/COMP_213/COMP_213_ep000_fail.mp4	../assets/composition/comparison_png/COMP_213__put_the_alphabet_soup_the_cream_cheese_box_and_the_tomato_sauce_in_the_basket_one_after_another.png	0
COMP_214	C10_libero10_basket_triples	Put the alphabet soup, the ketchup, and the milk in the basket one after another.	3	Put the alphabet soup in the basket | Put the ketchup in the basket | Put the milk in the basket	0	5	0.0	0	in(alphabet_soup_1, basket_1_contain_region) | in(ketchup_1, basket_1_contain_region) | in(milk_1, basket_1_contain_region)	[153, null, null]	[true, false, false]	1	"{""000"": 0, ""100"": 153}"	6	6			../assets/composition/failure_videos/COMP_214/COMP_214_ep000_fail.mp4	../assets/composition/comparison_png/COMP_214__put_the_alphabet_soup_the_ketchup_and_the_milk_in_the_basket_one_after_another.png	0
COMP_215	C10_libero10_basket_triples	Put the alphabet soup, the ketchup, and the orange juice in the basket one after another.	3	Put the alphabet soup in the basket | Put the ketchup in the basket | Put the orange juice in the basket	0	5	0.0	0	in(alphabet_soup_1, basket_1_contain_region) | in(ketchup_1, basket_1_contain_region) | in(orange_juice_1, basket_1_contain_region)	[160, null, null]	[true, false, false]	1	"{""000"": 0, ""100"": 160}"	6	6			../assets/composition/failure_videos/COMP_215/COMP_215_ep000_fail.mp4	../assets/composition/comparison_png/COMP_215__put_the_alphabet_soup_the_ketchup_and_the_orange_juice_in_the_basket_one_after_another.png	0
COMP_216	C10_libero10_basket_triples	Put the alphabet soup, the ketchup, and the tomato sauce in the basket one after another.	3	Put the alphabet soup in the basket | Put the ketchup in the basket | Put the tomato sauce in the basket	0	5	0.0	2	in(alphabet_soup_1, basket_1_contain_region) | in(ketchup_1, basket_1_contain_region) | in(tomato_sauce_1, basket_1_contain_region)	[145, null, 374]	[false, false, false]	2	"{""000"": 0, ""100"": 145, ""101"": 374}"	6	6	non-prefix pair	Put the alphabet soup in the basket, and then put the tomato sauce in the basket.	../assets/composition/failure_videos/COMP_216/COMP_216_ep002_fail.mp4	../assets/composition/comparison_png/COMP_216__put_the_alphabet_soup_the_ketchup_and_the_tomato_sauce_in_the_basket_one_after_another.png	0
COMP_217	C10_libero10_basket_triples	Put the alphabet soup, the milk, and the orange juice in the basket one after another.	3	Put the alphabet soup in the basket | Put the milk in the basket | Put the orange juice in the basket	0	5	0.0	0	in(alphabet_soup_1, basket_1_contain_region) | in(milk_1, basket_1_contain_region) | in(orange_juice_1, basket_1_contain_region)	[159, null, null]	[true, false, false]	1	"{""000"": 0, ""100"": 159}"	6	6			../assets/composition/failure_videos/COMP_217/COMP_217_ep000_fail.mp4	../assets/composition/comparison_png/COMP_217__put_the_alphabet_soup_the_milk_and_the_orange_juice_in_the_basket_one_after_another.png	0
COMP_218	C10_libero10_basket_triples	Put the alphabet soup, the milk, and the tomato sauce in the basket one after another.	3	Put the alphabet soup in the basket | Put the milk in the basket | Put the tomato sauce in the basket	0	5	0.0	0	in(alphabet_soup_1, basket_1_contain_region) | in(milk_1, basket_1_contain_region) | in(tomato_sauce_1, basket_1_contain_region)	[160, null, 565]	[true, false, true]	2	"{""000"": 0, ""100"": 160, ""101"": 565}"	6	6	non-prefix pair	Put the alphabet soup in the basket, and then put the tomato sauce in the basket.	../assets/composition/failure_videos/COMP_218/COMP_218_ep000_fail.mp4	../assets/composition/comparison_png/COMP_218__put_the_alphabet_soup_the_milk_and_the_tomato_sauce_in_the_basket_one_after_another.png	0
COMP_219	C10_libero10_basket_triples	Put the alphabet soup, the orange juice, and the tomato sauce in the basket one after another.	3	Put the alphabet soup in the basket | Put the orange juice in the basket | Put the tomato sauce in the basket	0	5	0.0	0	in(alphabet_soup_1, basket_1_contain_region) | in(orange_juice_1, basket_1_contain_region) | in(tomato_sauce_1, basket_1_contain_region)	[153, null, 642]	[true, false, true]	2	"{""000"": 0, ""100"": 153, ""101"": 642}"	6	6	non-prefix pair	Put the alphabet soup in the basket, and then put the tomato sauce in the basket.	../assets/composition/failure_videos/COMP_219/COMP_219_ep000_fail.mp4	../assets/composition/comparison_png/COMP_219__put_the_alphabet_soup_the_orange_juice_and_the_tomato_sauce_in_the_basket_one_after_another.png	0
COMP_220	C10_libero10_basket_triples	Put the butter, the cream cheese box, and the ketchup in the basket one after another.	3	Put the butter in the basket | Put the cream cheese box in the basket | Put the ketchup in the basket	0	5	0.0	1	in(butter_1, basket_1_contain_region) | in(cream_cheese_1, basket_1_contain_region) | in(ketchup_1, basket_1_contain_region)	[111, 528, null]	[true, true, false]	2	"{""000"": 0, ""100"": 111, ""110"": 528}"	6	6	ordered instruction prefix	Put the butter in the basket, and then put the cream cheese box in the basket.	../assets/composition/failure_videos/COMP_220/COMP_220_ep001_fail.mp4	../assets/composition/comparison_png/COMP_220__put_the_butter_the_cream_cheese_box_and_the_ketchup_in_the_basket_one_after_another.png	0
COMP_221	C10_libero10_basket_triples	Put the butter, the cream cheese box, and the milk in the basket one after another.	3	Put the butter in the basket | Put the cream cheese box in the basket | Put the milk in the basket	0	5	0.0	0	in(butter_1, basket_1_contain_region) | in(cream_cheese_1, basket_1_contain_region) | in(milk_1, basket_1_contain_region)	[111, 330, null]	[true, true, false]	2	"{""000"": 0, ""100"": 111, ""110"": 330}"	6	6	ordered instruction prefix	Put the butter in the basket, and then put the cream cheese box in the basket.	../assets/composition/failure_videos/COMP_221/COMP_221_ep000_fail.mp4	../assets/composition/comparison_png/COMP_221__put_the_butter_the_cream_cheese_box_and_the_milk_in_the_basket_one_after_another.png	0
COMP_222	C10_libero10_basket_triples	Put the butter, the cream cheese box, and the orange juice in the basket one after another.	3	Put the butter in the basket | Put the cream cheese box in the basket | Put the orange juice in the basket	0	5	0.0	0	in(butter_1, basket_1_contain_region) | in(cream_cheese_1, basket_1_contain_region) | in(orange_juice_1, basket_1_contain_region)	[111, 315, null]	[true, true, false]	2	"{""000"": 0, ""100"": 111, ""110"": 315}"	6	6	ordered instruction prefix	Put the butter in the basket, and then put the cream cheese box in the basket.	../assets/composition/failure_videos/COMP_222/COMP_222_ep000_fail.mp4	../assets/composition/comparison_png/COMP_222__put_the_butter_the_cream_cheese_box_and_the_orange_juice_in_the_basket_one_after_another.png	0
COMP_223	C10_libero10_basket_triples	Put the butter, the cream cheese box, and the tomato sauce in the basket one after another.	3	Put the butter in the basket | Put the cream cheese box in the basket | Put the tomato sauce in the basket	3	5	60.0	2	in(butter_1, basket_1_contain_region) | in(cream_cheese_1, basket_1_contain_region) | in(tomato_sauce_1, basket_1_contain_region)	[111, null, null]	[true, false, false]	1	"{""000"": 0, ""100"": 111}"	6	6			../assets/composition/failure_videos/COMP_223/COMP_223_ep002_fail.mp4	../assets/composition/comparison_png/COMP_223__put_the_butter_the_cream_cheese_box_and_the_tomato_sauce_in_the_basket_one_after_another.png	0
COMP_224	C10_libero10_basket_triples	Put the butter, the ketchup, and the milk in the basket one after another.	3	Put the butter in the basket | Put the ketchup in the basket | Put the milk in the basket	0	5	0.0	0	in(butter_1, basket_1_contain_region) | in(ketchup_1, basket_1_contain_region) | in(milk_1, basket_1_contain_region)	[113, null, null]	[true, false, false]	1	"{""000"": 0, ""100"": 113}"	6	6			../assets/composition/failure_videos/COMP_224/COMP_224_ep000_fail.mp4	../assets/composition/comparison_png/COMP_224__put_the_butter_the_ketchup_and_the_milk_in_the_basket_one_after_another.png	0
COMP_225	C10_libero10_basket_triples	Put the butter, the ketchup, and the orange juice in the basket one after another.	3	Put the butter in the basket | Put the ketchup in the basket | Put the orange juice in the basket	0	5	0.0	2	in(butter_1, basket_1_contain_region) | in(ketchup_1, basket_1_contain_region) | in(orange_juice_1, basket_1_contain_region)	[111, null, null]	[true, false, false]	1	"{""000"": 0, ""100"": 111}"	6	6			../assets/composition/failure_videos/COMP_225/COMP_225_ep002_fail.mp4	../assets/composition/comparison_png/COMP_225__put_the_butter_the_ketchup_and_the_orange_juice_in_the_basket_one_after_another.png	0
COMP_226	C10_libero10_basket_triples	Put the butter, the ketchup, and the tomato sauce in the basket one after another.	3	Put the butter in the basket | Put the ketchup in the basket | Put the tomato sauce in the basket	0	5	0.0	3	in(butter_1, basket_1_contain_region) | in(ketchup_1, basket_1_contain_region) | in(tomato_sauce_1, basket_1_contain_region)	[114, null, 497]	[true, false, true]	2	"{""000"": 0, ""100"": 114, ""101"": 497}"	6	6	non-prefix pair	Put the butter in the basket, and then put the tomato sauce in the basket.	../assets/composition/failure_videos/COMP_226/COMP_226_ep003_fail.mp4	../assets/composition/comparison_png/COMP_226__put_the_butter_the_ketchup_and_the_tomato_sauce_in_the_basket_one_after_another.png	0
COMP_227	C10_libero10_basket_triples	Put the butter, the milk, and the orange juice in the basket one after another.	3	Put the butter in the basket | Put the milk in the basket | Put the orange juice in the basket	0	5	0.0	0	in(butter_1, basket_1_contain_region) | in(milk_1, basket_1_contain_region) | in(orange_juice_1, basket_1_contain_region)	[111, 243, null]	[true, true, false]	2	"{""000"": 0, ""100"": 111, ""110"": 243}"	6	6	ordered instruction prefix	Put the butter in the basket, and then put the milk in the basket.	../assets/composition/failure_videos/COMP_227/COMP_227_ep000_fail.mp4	../assets/composition/comparison_png/COMP_227__put_the_butter_the_milk_and_the_orange_juice_in_the_basket_one_after_another.png	0
COMP_228	C10_libero10_basket_triples	Put the butter, the milk, and the tomato sauce in the basket one after another.	3	Put the butter in the basket | Put the milk in the basket | Put the tomato sauce in the basket	0	5	0.0	0	in(butter_1, basket_1_contain_region) | in(milk_1, basket_1_contain_region) | in(tomato_sauce_1, basket_1_contain_region)	[111, 280, null]	[true, true, false]	2	"{""000"": 0, ""100"": 111, ""110"": 280}"	6	6	ordered instruction prefix	Put the butter in the basket, and then put the milk in the basket.	../assets/composition/failure_videos/COMP_228/COMP_228_ep000_fail.mp4	../assets/composition/comparison_png/COMP_228__put_the_butter_the_milk_and_the_tomato_sauce_in_the_basket_one_after_another.png	0
COMP_229	C10_libero10_basket_triples	Put the butter, the orange juice, and the tomato sauce in the basket one after another.	3	Put the butter in the basket | Put the orange juice in the basket | Put the tomato sauce in the basket	0	5	0.0	1	in(butter_1, basket_1_contain_region) | in(orange_juice_1, basket_1_contain_region) | in(tomato_sauce_1, basket_1_contain_region)	[111, null, null]	[true, false, false]	1	"{""000"": 0, ""100"": 111}"	6	6			../assets/composition/failure_videos/COMP_229/COMP_229_ep001_fail.mp4	../assets/composition/comparison_png/COMP_229__put_the_butter_the_orange_juice_and_the_tomato_sauce_in_the_basket_one_after_another.png	0
COMP_230	C10_libero10_basket_triples	Put the cream cheese box, the ketchup, and the milk in the basket one after another.	3	Put the cream cheese box in the basket | Put the ketchup in the basket | Put the milk in the basket	0	5	0.0	0	in(cream_cheese_1, basket_1_contain_region) | in(ketchup_1, basket_1_contain_region) | in(milk_1, basket_1_contain_region)	[151, null, 708]	[true, false, true]	2	"{""000"": 0, ""100"": 151, ""101"": 708}"	6	6	non-prefix pair	Put the cream cheese box in the basket, and then put the milk in the basket.	../assets/composition/failure_videos/COMP_230/COMP_230_ep000_fail.mp4	../assets/composition/comparison_png/COMP_230__put_the_cream_cheese_box_the_ketchup_and_the_milk_in_the_basket_one_after_another.png	0
COMP_231	C10_libero10_basket_triples	Put the cream cheese box, the ketchup, and the orange juice in the basket one after another.	3	Put the cream cheese box in the basket | Put the ketchup in the basket | Put the orange juice in the basket	0	5	0.0	0	in(cream_cheese_1, basket_1_contain_region) | in(ketchup_1, basket_1_contain_region) | in(orange_juice_1, basket_1_contain_region)	[156, null, null]	[true, false, false]	1	"{""000"": 0, ""100"": 156}"	6	6			../assets/composition/failure_videos/COMP_231/COMP_231_ep000_fail.mp4	../assets/composition/comparison_png/COMP_231__put_the_cream_cheese_box_the_ketchup_and_the_orange_juice_in_the_basket_one_after_another.png	0
COMP_232	C10_libero10_basket_triples	Put the cream cheese box, the ketchup, and the tomato sauce in the basket one after another.	3	Put the cream cheese box in the basket | Put the ketchup in the basket | Put the tomato sauce in the basket	0	5	0.0	0	in(cream_cheese_1, basket_1_contain_region) | in(ketchup_1, basket_1_contain_region) | in(tomato_sauce_1, basket_1_contain_region)	[156, null, 520]	[true, false, true]	2	"{""000"": 0, ""100"": 156, ""101"": 520}"	6	6	non-prefix pair	Put the cream cheese box in the basket, and then put the tomato sauce in the basket.	../assets/composition/failure_videos/COMP_232/COMP_232_ep000_fail.mp4	../assets/composition/comparison_png/COMP_232__put_the_cream_cheese_box_the_ketchup_and_the_tomato_sauce_in_the_basket_one_after_another.png	0
COMP_233	C10_libero10_basket_triples	Put the cream cheese box, the milk, and the orange juice in the basket one after another.	3	Put the cream cheese box in the basket | Put the milk in the basket | Put the orange juice in the basket	0	5	0.0	0	in(cream_cheese_1, basket_1_contain_region) | in(milk_1, basket_1_contain_region) | in(orange_juice_1, basket_1_contain_region)	[152, null, null]	[true, false, false]	1	"{""000"": 0, ""100"": 152}"	6	6			../assets/composition/failure_videos/COMP_233/COMP_233_ep000_fail.mp4	../assets/composition/comparison_png/COMP_233__put_the_cream_cheese_box_the_milk_and_the_orange_juice_in_the_basket_one_after_another.png	0
COMP_234	C10_libero10_basket_triples	Put the cream cheese box, the milk, and the tomato sauce in the basket one after another.	3	Put the cream cheese box in the basket | Put the milk in the basket | Put the tomato sauce in the basket	0	5	0.0	0	in(cream_cheese_1, basket_1_contain_region) | in(milk_1, basket_1_contain_region) | in(tomato_sauce_1, basket_1_contain_region)	[151, null, null]	[true, false, false]	1	"{""000"": 0, ""100"": 151}"	6	6			../assets/composition/failure_videos/COMP_234/COMP_234_ep000_fail.mp4	../assets/composition/comparison_png/COMP_234__put_the_cream_cheese_box_the_milk_and_the_tomato_sauce_in_the_basket_one_after_another.png	0
COMP_235	C10_libero10_basket_triples	Put the cream cheese box, the orange juice, and the tomato sauce in the basket one after another.	3	Put the cream cheese box in the basket | Put the orange juice in the basket | Put the tomato sauce in the basket	0	5	0.0	0	in(cream_cheese_1, basket_1_contain_region) | in(orange_juice_1, basket_1_contain_region) | in(tomato_sauce_1, basket_1_contain_region)	[157, null, 691]	[true, false, true]	2	"{""000"": 0, ""100"": 157, ""101"": 691}"	6	6	non-prefix pair	Put the cream cheese box in the basket, and then put the tomato sauce in the basket.	../assets/composition/failure_videos/COMP_235/COMP_235_ep000_fail.mp4	../assets/composition/comparison_png/COMP_235__put_the_cream_cheese_box_the_orange_juice_and_the_tomato_sauce_in_the_basket_one_after_another.png	0
COMP_236	C10_libero10_basket_triples	Put the ketchup, the milk, and the orange juice in the basket one after another.	3	Put the ketchup in the basket | Put the milk in the basket | Put the orange juice in the basket	0	5	0.0	0	in(ketchup_1, basket_1_contain_region) | in(milk_1, basket_1_contain_region) | in(orange_juice_1, basket_1_contain_region)	[null, null, null]	[false, false, false]	0	"{""000"": 0}"	5	6			../assets/composition/failure_videos/COMP_236/COMP_236_ep000_fail.mp4	../assets/composition/comparison_png/COMP_236__put_the_ketchup_the_milk_and_the_orange_juice_in_the_basket_one_after_another.png	0
COMP_237	C10_libero10_basket_triples	Put the ketchup, the milk, and the tomato sauce in the basket one after another.	3	Put the ketchup in the basket | Put the milk in the basket | Put the tomato sauce in the basket	0	5	0.0	0	in(ketchup_1, basket_1_contain_region) | in(milk_1, basket_1_contain_region) | in(tomato_sauce_1, basket_1_contain_region)	[null, 306, null]	[false, true, false]	1	"{""000"": 0, ""010"": 306}"	6	6			../assets/composition/failure_videos/COMP_237/COMP_237_ep000_fail.mp4	../assets/composition/comparison_png/COMP_237__put_the_ketchup_the_milk_and_the_tomato_sauce_in_the_basket_one_after_another.png	0
COMP_238	C10_libero10_basket_triples	Put the ketchup, the orange juice, and the tomato sauce in the basket one after another.	3	Put the ketchup in the basket | Put the orange juice in the basket | Put the tomato sauce in the basket	0	5	0.0	2	in(ketchup_1, basket_1_contain_region) | in(orange_juice_1, basket_1_contain_region) | in(tomato_sauce_1, basket_1_contain_region)	[null, null, 122]	[false, false, true]	1	"{""000"": 0, ""001"": 122}"	6	6			../assets/composition/failure_videos/COMP_238/COMP_238_ep002_fail.mp4	../assets/composition/comparison_png/COMP_238__put_the_ketchup_the_orange_juice_and_the_tomato_sauce_in_the_basket_one_after_another.png	0
COMP_239	C10_libero10_basket_triples	Put the milk, the orange juice, and the tomato sauce in the basket one after another.	3	Put the milk in the basket | Put the orange juice in the basket | Put the tomato sauce in the basket	0	5	0.0	0	in(milk_1, basket_1_contain_region) | in(orange_juice_1, basket_1_contain_region) | in(tomato_sauce_1, basket_1_contain_region)	[null, null, 523]	[false, false, true]	1	"{""000"": 0, ""001"": 523}"	6	6			../assets/composition/failure_videos/COMP_239/COMP_239_ep000_fail.mp4	../assets/composition/comparison_png/COMP_239__put_the_milk_the_orange_juice_and_the_tomato_sauce_in_the_basket_one_after_another.png	0
COMP_240	C11_object_suite_basket_triples	Put the alphabet soup, the salad dressing, and the cream cheese box in the basket one after another.	3	Put the alphabet soup in the basket | Put the salad dressing in the basket | Put the cream cheese box in the basket	0	5	0.0	0	in(alphabet_soup_1, basket_1_contain_region) | in(salad_dressing_1, basket_1_contain_region) | in(cream_cheese_1, basket_1_contain_region)	[155, null, null]	[true, false, false]	1	"{""000"": 0, ""100"": 155}"	5	6			../assets/composition/failure_videos/COMP_240/COMP_240_ep000_fail.mp4	../assets/composition/comparison_png/COMP_240__put_the_alphabet_soup_the_salad_dressing_and_the_cream_cheese_box_in_the_basket_one_after_another.png	0
COMP_241	C11_object_suite_basket_triples	Put the alphabet soup, the salad dressing, and the milk in the basket one after another.	3	Put the alphabet soup in the basket | Put the salad dressing in the basket | Put the milk in the basket	0	5	0.0	1	in(alphabet_soup_1, basket_1_contain_region) | in(salad_dressing_1, basket_1_contain_region) | in(milk_1, basket_1_contain_region)	[157, null, null]	[true, false, false]	1	"{""000"": 0, ""100"": 157}"	6	6			../assets/composition/failure_videos/COMP_241/COMP_241_ep001_fail.mp4	../assets/composition/comparison_png/COMP_241__put_the_alphabet_soup_the_salad_dressing_and_the_milk_in_the_basket_one_after_another.png	0
COMP_242	C11_object_suite_basket_triples	Put the alphabet soup, the salad dressing, and the tomato sauce in the basket one after another.	3	Put the alphabet soup in the basket | Put the salad dressing in the basket | Put the tomato sauce in the basket	0	5	0.0	2	in(alphabet_soup_1, basket_1_contain_region) | in(salad_dressing_1, basket_1_contain_region) | in(tomato_sauce_1, basket_1_contain_region)	[157, null, null]	[true, false, false]	1	"{""000"": 0, ""100"": 157}"	6	6			../assets/composition/failure_videos/COMP_242/COMP_242_ep002_fail.mp4	../assets/composition/comparison_png/COMP_242__put_the_alphabet_soup_the_salad_dressing_and_the_tomato_sauce_in_the_basket_one_after_another.png	0
COMP_243	C11_object_suite_basket_triples	Put the alphabet soup, the salad dressing, and the butter in the basket one after another.	3	Put the alphabet soup in the basket | Put the salad dressing in the basket | Put the butter in the basket	0	5	0.0	2	in(alphabet_soup_1, basket_1_contain_region) | in(salad_dressing_1, basket_1_contain_region) | in(butter_1, basket_1_contain_region)	[159, null, null]	[true, false, false]	1	"{""000"": 0, ""100"": 159}"	6	6			../assets/composition/failure_videos/COMP_243/COMP_243_ep002_fail.mp4	../assets/composition/comparison_png/COMP_243__put_the_alphabet_soup_the_salad_dressing_and_the_butter_in_the_basket_one_after_another.png	0
COMP_244	C11_object_suite_basket_triples	Put the alphabet soup, the cream cheese box, and the milk in the basket one after another.	3	Put the alphabet soup in the basket | Put the cream cheese box in the basket | Put the milk in the basket	0	5	0.0	4	in(alphabet_soup_1, basket_1_contain_region) | in(cream_cheese_1, basket_1_contain_region) | in(milk_1, basket_1_contain_region)	[161, null, null]	[true, false, false]	1	"{""000"": 0, ""100"": 161}"	5	6			../assets/composition/failure_videos/COMP_244/COMP_244_ep004_fail.mp4	../assets/composition/comparison_png/COMP_244__put_the_alphabet_soup_the_cream_cheese_box_and_the_milk_in_the_basket_one_after_another.png	0
COMP_245	C11_object_suite_basket_triples	Put the alphabet soup, the cream cheese box, and the tomato sauce in the basket one after another.	3	Put the alphabet soup in the basket | Put the cream cheese box in the basket | Put the tomato sauce in the basket	0	5	0.0	1	in(alphabet_soup_1, basket_1_contain_region) | in(cream_cheese_1, basket_1_contain_region) | in(tomato_sauce_1, basket_1_contain_region)	[156, null, null]	[true, false, false]	1	"{""000"": 0, ""100"": 156}"	5	6			../assets/composition/failure_videos/COMP_245/COMP_245_ep001_fail.mp4	../assets/composition/comparison_png/COMP_245__put_the_alphabet_soup_the_cream_cheese_box_and_the_tomato_sauce_in_the_basket_one_after_another.png	0
COMP_246	C11_object_suite_basket_triples	Put the alphabet soup, the cream cheese box, and the butter in the basket one after another.	3	Put the alphabet soup in the basket | Put the cream cheese box in the basket | Put the butter in the basket	0	5	0.0	2	in(alphabet_soup_1, basket_1_contain_region) | in(cream_cheese_1, basket_1_contain_region) | in(butter_1, basket_1_contain_region)	[158, null, null]	[true, false, false]	1	"{""000"": 0, ""100"": 158}"	6	6			../assets/composition/failure_videos/COMP_246/COMP_246_ep002_fail.mp4	../assets/composition/comparison_png/COMP_246__put_the_alphabet_soup_the_cream_cheese_box_and_the_butter_in_the_basket_one_after_another.png	0
COMP_247	C11_object_suite_basket_triples	Put the alphabet soup, the milk, and the tomato sauce in the basket one after another.	3	Put the alphabet soup in the basket | Put the milk in the basket | Put the tomato sauce in the basket	0	5	0.0	0	in(alphabet_soup_1, basket_1_contain_region) | in(milk_1, basket_1_contain_region) | in(tomato_sauce_1, basket_1_contain_region)	[153, null, null]	[true, false, false]	1	"{""000"": 0, ""100"": 153}"	5	6			../assets/composition/failure_videos/COMP_247/COMP_247_ep000_fail.mp4	../assets/composition/comparison_png/COMP_247__put_the_alphabet_soup_the_milk_and_the_tomato_sauce_in_the_basket_one_after_another.png	0
COMP_248	C11_object_suite_basket_triples	Put the alphabet soup, the milk, and the butter in the basket one after another.	3	Put the alphabet soup in the basket | Put the milk in the basket | Put the butter in the basket	0	5	0.0	2	in(alphabet_soup_1, basket_1_contain_region) | in(milk_1, basket_1_contain_region) | in(butter_1, basket_1_contain_region)	[153, null, null]	[true, false, false]	1	"{""000"": 0, ""100"": 153}"	6	6			../assets/composition/failure_videos/COMP_248/COMP_248_ep002_fail.mp4	../assets/composition/comparison_png/COMP_248__put_the_alphabet_soup_the_milk_and_the_butter_in_the_basket_one_after_another.png	0
COMP_249	C11_object_suite_basket_triples	Put the alphabet soup, the tomato sauce, and the butter in the basket one after another.	3	Put the alphabet soup in the basket | Put the tomato sauce in the basket | Put the butter in the basket	0	5	0.0	2	in(alphabet_soup_1, basket_1_contain_region) | in(tomato_sauce_1, basket_1_contain_region) | in(butter_1, basket_1_contain_region)	[158, null, null]	[true, false, false]	1	"{""000"": 0, ""100"": 158}"	5	6			../assets/composition/failure_videos/COMP_249/COMP_249_ep002_fail.mp4	../assets/composition/comparison_png/COMP_249__put_the_alphabet_soup_the_tomato_sauce_and_the_butter_in_the_basket_one_after_another.png	0
COMP_250	C11_object_suite_basket_triples	Put the salad dressing, the cream cheese box, and the milk in the basket one after another.	3	Put the salad dressing in the basket | Put the cream cheese box in the basket | Put the milk in the basket	0	5	0.0	2	in(salad_dressing_1, basket_1_contain_region) | in(cream_cheese_1, basket_1_contain_region) | in(milk_1, basket_1_contain_region)	[null, null, null]	[false, false, false]	0	"{""000"": 0}"	4	6			../assets/composition/failure_videos/COMP_250/COMP_250_ep002_fail.mp4	../assets/composition/comparison_png/COMP_250__put_the_salad_dressing_the_cream_cheese_box_and_the_milk_in_the_basket_one_after_another.png	0
COMP_251	C11_object_suite_basket_triples	Put the salad dressing, the cream cheese box, and the tomato sauce in the basket one after another.	3	Put the salad dressing in the basket | Put the cream cheese box in the basket | Put the tomato sauce in the basket	0	5	0.0	4	in(salad_dressing_1, basket_1_contain_region) | in(cream_cheese_1, basket_1_contain_region) | in(tomato_sauce_1, basket_1_contain_region)	[null, 404, null]	[false, true, false]	1	"{""000"": 0, ""010"": 404}"	6	6			../assets/composition/failure_videos/COMP_251/COMP_251_ep004_fail.mp4	../assets/composition/comparison_png/COMP_251__put_the_salad_dressing_the_cream_cheese_box_and_the_tomato_sauce_in_the_basket_one_after_another.png	0
COMP_252	C11_object_suite_basket_triples	Put the salad dressing, the cream cheese box, and the butter in the basket one after another.	3	Put the salad dressing in the basket | Put the cream cheese box in the basket | Put the butter in the basket	0	5	0.0	1	in(salad_dressing_1, basket_1_contain_region) | in(cream_cheese_1, basket_1_contain_region) | in(butter_1, basket_1_contain_region)	[null, null, null]	[false, false, false]	0	"{""000"": 0}"	6	6			../assets/composition/failure_videos/COMP_252/COMP_252_ep001_fail.mp4	../assets/composition/comparison_png/COMP_252__put_the_salad_dressing_the_cream_cheese_box_and_the_butter_in_the_basket_one_after_another.png	0
COMP_253	C11_object_suite_basket_triples	Put the salad dressing, the milk, and the tomato sauce in the basket one after another.	3	Put the salad dressing in the basket | Put the milk in the basket | Put the tomato sauce in the basket	0	5	0.0	0	in(salad_dressing_1, basket_1_contain_region) | in(milk_1, basket_1_contain_region) | in(tomato_sauce_1, basket_1_contain_region)	[null, null, 758]	[false, false, true]	1	"{""000"": 0, ""001"": 758}"	6	6			../assets/composition/failure_videos/COMP_253/COMP_253_ep000_fail.mp4	../assets/composition/comparison_png/COMP_253__put_the_salad_dressing_the_milk_and_the_tomato_sauce_in_the_basket_one_after_another.png	0
COMP_254	C11_object_suite_basket_triples	Put the salad dressing, the milk, and the butter in the basket one after another.	3	Put the salad dressing in the basket | Put the milk in the basket | Put the butter in the basket	0	5	0.0	1	in(salad_dressing_1, basket_1_contain_region) | in(milk_1, basket_1_contain_region) | in(butter_1, basket_1_contain_region)	[null, null, null]	[false, false, false]	0	"{""000"": 0}"	6	6			../assets/composition/failure_videos/COMP_254/COMP_254_ep001_fail.mp4	../assets/composition/comparison_png/COMP_254__put_the_salad_dressing_the_milk_and_the_butter_in_the_basket_one_after_another.png	0
COMP_255	C11_object_suite_basket_triples	Put the salad dressing, the tomato sauce, and the butter in the basket one after another.	3	Put the salad dressing in the basket | Put the tomato sauce in the basket | Put the butter in the basket	0	5	0.0	0	in(salad_dressing_1, basket_1_contain_region) | in(tomato_sauce_1, basket_1_contain_region) | in(butter_1, basket_1_contain_region)	[null, null, null]	[false, false, false]	0	"{""000"": 0}"	6	6			../assets/composition/failure_videos/COMP_255/COMP_255_ep000_fail.mp4	../assets/composition/comparison_png/COMP_255__put_the_salad_dressing_the_tomato_sauce_and_the_butter_in_the_basket_one_after_another.png	0
COMP_256	C11_object_suite_basket_triples	Put the cream cheese box, the milk, and the tomato sauce in the basket one after another.	3	Put the cream cheese box in the basket | Put the milk in the basket | Put the tomato sauce in the basket	0	5	0.0	0	in(cream_cheese_1, basket_1_contain_region) | in(milk_1, basket_1_contain_region) | in(tomato_sauce_1, basket_1_contain_region)	[null, null, null]	[false, false, false]	0	"{""000"": 0}"	5	6			../assets/composition/failure_videos/COMP_256/COMP_256_ep000_fail.mp4	../assets/composition/comparison_png/COMP_256__put_the_cream_cheese_box_the_milk_and_the_tomato_sauce_in_the_basket_one_after_another.png	0
COMP_257	C11_object_suite_basket_triples	Put the cream cheese box, the milk, and the butter in the basket one after another.	3	Put the cream cheese box in the basket | Put the milk in the basket | Put the butter in the basket	0	5	0.0	1	in(cream_cheese_1, basket_1_contain_region) | in(milk_1, basket_1_contain_region) | in(butter_1, basket_1_contain_region)	[null, null, null]	[false, false, false]	0	"{""000"": 0}"	6	6			../assets/composition/failure_videos/COMP_257/COMP_257_ep001_fail.mp4	../assets/composition/comparison_png/COMP_257__put_the_cream_cheese_box_the_milk_and_the_butter_in_the_basket_one_after_another.png	0
COMP_258	C11_object_suite_basket_triples	Put the cream cheese box, the tomato sauce, and the butter in the basket one after another.	3	Put the cream cheese box in the basket | Put the tomato sauce in the basket | Put the butter in the basket	0	5	0.0	0	in(cream_cheese_1, basket_1_contain_region) | in(tomato_sauce_1, basket_1_contain_region) | in(butter_1, basket_1_contain_region)	[null, 731, null]	[false, true, false]	1	"{""000"": 0, ""010"": 731}"	5	6			../assets/composition/failure_videos/COMP_258/COMP_258_ep000_fail.mp4	../assets/composition/comparison_png/COMP_258__put_the_cream_cheese_box_the_tomato_sauce_and_the_butter_in_the_basket_one_after_another.png	0
COMP_259	C11_object_suite_basket_triples	Put the milk, the tomato sauce, and the butter in the basket one after another.	3	Put the milk in the basket | Put the tomato sauce in the basket | Put the butter in the basket	0	5	0.0	1	in(milk_1, basket_1_contain_region) | in(tomato_sauce_1, basket_1_contain_region) | in(butter_1, basket_1_contain_region)	[null, null, null]	[false, false, false]	0	"{""000"": 0}"	5	6			../assets/composition/failure_videos/COMP_259/COMP_259_ep001_fail.mp4	../assets/composition/comparison_png/COMP_259__put_the_milk_the_tomato_sauce_and_the_butter_in_the_basket_one_after_another.png	0
COMP_260	C11_object_suite_basket_triples	Put the bbq sauce, the chocolate pudding, and the ketchup in the basket one after another.	3	Put the bbq sauce in the basket | Put the chocolate pudding in the basket | Put the ketchup in the basket	0	5	0.0	1	in(bbq_sauce_1, basket_1_contain_region) | in(chocolate_pudding_1, basket_1_contain_region) | in(ketchup_1, basket_1_contain_region)	[140, null, null]	[true, false, false]	1	"{""000"": 0, ""100"": 140}"	6	6			../assets/composition/failure_videos/COMP_260/COMP_260_ep001_fail.mp4	../assets/composition/comparison_png/COMP_260__put_the_bbq_sauce_the_chocolate_pudding_and_the_ketchup_in_the_basket_one_after_another.png	0
COMP_261	C11_object_suite_basket_triples	Put the bbq sauce, the chocolate pudding, and the salad dressing in the basket one after another.	3	Put the bbq sauce in the basket | Put the chocolate pudding in the basket | Put the salad dressing in the basket	0	5	0.0	4	in(bbq_sauce_1, basket_1_contain_region) | in(chocolate_pudding_1, basket_1_contain_region) | in(salad_dressing_1, basket_1_contain_region)	[192, null, null]	[true, false, false]	1	"{""000"": 0, ""100"": 192}"	6	6			../assets/composition/failure_videos/COMP_261/COMP_261_ep004_fail.mp4	../assets/composition/comparison_png/COMP_261__put_the_bbq_sauce_the_chocolate_pudding_and_the_salad_dressing_in_the_basket_one_after_another.png	0
COMP_262	C11_object_suite_basket_triples	Put the bbq sauce, the chocolate pudding, and the alphabet soup in the basket one after another.	3	Put the bbq sauce in the basket | Put the chocolate pudding in the basket | Put the alphabet soup in the basket	0	5	0.0	3	in(bbq_sauce_1, basket_1_contain_region) | in(chocolate_pudding_1, basket_1_contain_region) | in(alphabet_soup_1, basket_1_contain_region)	[261, null, null]	[true, false, false]	1	"{""000"": 0, ""100"": 261}"	4	6			../assets/composition/failure_videos/COMP_262/COMP_262_ep003_fail.mp4	../assets/composition/comparison_png/COMP_262__put_the_bbq_sauce_the_chocolate_pudding_and_the_alphabet_soup_in_the_basket_one_after_another.png	0
COMP_263	C11_object_suite_basket_triples	Put the bbq sauce, the chocolate pudding, and the cream cheese box in the basket one after another.	3	Put the bbq sauce in the basket | Put the chocolate pudding in the basket | Put the cream cheese box in the basket	0	5	0.0	1	in(bbq_sauce_1, basket_1_contain_region) | in(chocolate_pudding_1, basket_1_contain_region) | in(cream_cheese_1, basket_1_contain_region)	[140, 548, null]	[true, true, false]	2	"{""000"": 0, ""100"": 140, ""110"": 548}"	5	6	ordered instruction prefix	Put the bbq sauce in the basket, and then put the chocolate pudding in the basket.	../assets/composition/failure_videos/COMP_263/COMP_263_ep001_fail.mp4	../assets/composition/comparison_png/COMP_263__put_the_bbq_sauce_the_chocolate_pudding_and_the_cream_cheese_box_in_the_basket_one_after_another.png	0
COMP_264	C11_object_suite_basket_triples	Put the bbq sauce, the ketchup, and the salad dressing in the basket one after another.	3	Put the bbq sauce in the basket | Put the ketchup in the basket | Put the salad dressing in the basket	0	5	0.0	0	in(bbq_sauce_1, basket_1_contain_region) | in(ketchup_1, basket_1_contain_region) | in(salad_dressing_1, basket_1_contain_region)	[142, null, null]	[true, false, false]	1	"{""000"": 0, ""100"": 142}"	5	6			../assets/composition/failure_videos/COMP_264/COMP_264_ep000_fail.mp4	../assets/composition/comparison_png/COMP_264__put_the_bbq_sauce_the_ketchup_and_the_salad_dressing_in_the_basket_one_after_another.png	0
COMP_265	C11_object_suite_basket_triples	Put the bbq sauce, the ketchup, and the alphabet soup in the basket one after another.	3	Put the bbq sauce in the basket | Put the ketchup in the basket | Put the alphabet soup in the basket	0	5	0.0	0	in(bbq_sauce_1, basket_1_contain_region) | in(ketchup_1, basket_1_contain_region) | in(alphabet_soup_1, basket_1_contain_region)	[140, null, null]	[true, false, false]	1	"{""000"": 0, ""100"": 140}"	6	6			../assets/composition/failure_videos/COMP_265/COMP_265_ep000_fail.mp4	../assets/composition/comparison_png/COMP_265__put_the_bbq_sauce_the_ketchup_and_the_alphabet_soup_in_the_basket_one_after_another.png	0
COMP_266	C11_object_suite_basket_triples	Put the bbq sauce, the ketchup, and the cream cheese box in the basket one after another.	3	Put the bbq sauce in the basket | Put the ketchup in the basket | Put the cream cheese box in the basket	0	5	0.0	1	in(bbq_sauce_1, basket_1_contain_region) | in(ketchup_1, basket_1_contain_region) | in(cream_cheese_1, basket_1_contain_region)	[141, null, null]	[true, false, false]	1	"{""000"": 0, ""100"": 141}"	6	6			../assets/composition/failure_videos/COMP_266/COMP_266_ep001_fail.mp4	../assets/composition/comparison_png/COMP_266__put_the_bbq_sauce_the_ketchup_and_the_cream_cheese_box_in_the_basket_one_after_another.png	0
COMP_267	C11_object_suite_basket_triples	Put the bbq sauce, the salad dressing, and the alphabet soup in the basket one after another.	3	Put the bbq sauce in the basket | Put the salad dressing in the basket | Put the alphabet soup in the basket	0	5	0.0	0	in(bbq_sauce_1, basket_1_contain_region) | in(salad_dressing_1, basket_1_contain_region) | in(alphabet_soup_1, basket_1_contain_region)	[144, null, null]	[true, false, false]	1	"{""000"": 0, ""100"": 144}"	3	6			../assets/composition/failure_videos/COMP_267/COMP_267_ep000_fail.mp4	../assets/composition/comparison_png/COMP_267__put_the_bbq_sauce_the_salad_dressing_and_the_alphabet_soup_in_the_basket_one_after_another.png	0
COMP_268	C11_object_suite_basket_triples	Put the bbq sauce, the salad dressing, and the cream cheese box in the basket one after another.	3	Put the bbq sauce in the basket | Put the salad dressing in the basket | Put the cream cheese box in the basket	0	5	0.0	0	in(bbq_sauce_1, basket_1_contain_region) | in(salad_dressing_1, basket_1_contain_region) | in(cream_cheese_1, basket_1_contain_region)	[140, null, null]	[true, false, false]	1	"{""000"": 0, ""100"": 140}"	5	6			../assets/composition/failure_videos/COMP_268/COMP_268_ep000_fail.mp4	../assets/composition/comparison_png/COMP_268__put_the_bbq_sauce_the_salad_dressing_and_the_cream_cheese_box_in_the_basket_one_after_another.png	0
COMP_269	C11_object_suite_basket_triples	Put the bbq sauce, the alphabet soup, and the cream cheese box in the basket one after another.	3	Put the bbq sauce in the basket | Put the alphabet soup in the basket | Put the cream cheese box in the basket	0	5	0.0	4	in(bbq_sauce_1, basket_1_contain_region) | in(alphabet_soup_1, basket_1_contain_region) | in(cream_cheese_1, basket_1_contain_region)	[194, null, null]	[true, false, false]	1	"{""000"": 0, ""100"": 194}"	6	6			../assets/composition/failure_videos/COMP_269/COMP_269_ep004_fail.mp4	../assets/composition/comparison_png/COMP_269__put_the_bbq_sauce_the_alphabet_soup_and_the_cream_cheese_box_in_the_basket_one_after_another.png	0
COMP_270	C11_object_suite_basket_triples	Put the chocolate pudding, the ketchup, and the salad dressing in the basket one after another.	3	Put the chocolate pudding in the basket | Put the ketchup in the basket | Put the salad dressing in the basket	0	5	0.0	0	in(chocolate_pudding_1, basket_1_contain_region) | in(ketchup_1, basket_1_contain_region) | in(salad_dressing_1, basket_1_contain_region)	[null, null, null]	[false, false, false]	0	"{""000"": 0}"	5	6			../assets/composition/failure_videos/COMP_270/COMP_270_ep000_fail.mp4	../assets/composition/comparison_png/COMP_270__put_the_chocolate_pudding_the_ketchup_and_the_salad_dressing_in_the_basket_one_after_another.png	0
COMP_271	C11_object_suite_basket_triples	Put the chocolate pudding, the ketchup, and the alphabet soup in the basket one after another.	3	Put the chocolate pudding in the basket | Put the ketchup in the basket | Put the alphabet soup in the basket	0	5	0.0	0	in(chocolate_pudding_1, basket_1_contain_region) | in(ketchup_1, basket_1_contain_region) | in(alphabet_soup_1, basket_1_contain_region)	[null, null, null]	[false, false, false]	0	"{""000"": 0}"	6	6			../assets/composition/failure_videos/COMP_271/COMP_271_ep000_fail.mp4	../assets/composition/comparison_png/COMP_271__put_the_chocolate_pudding_the_ketchup_and_the_alphabet_soup_in_the_basket_one_after_another.png	0
COMP_272	C11_object_suite_basket_triples	Put the chocolate pudding, the ketchup, and the cream cheese box in the basket one after another.	3	Put the chocolate pudding in the basket | Put the ketchup in the basket | Put the cream cheese box in the basket	0	5	0.0	3	in(chocolate_pudding_1, basket_1_contain_region) | in(ketchup_1, basket_1_contain_region) | in(cream_cheese_1, basket_1_contain_region)	[null, null, null]	[false, false, false]	0	"{""000"": 0}"	6	6			../assets/composition/failure_videos/COMP_272/COMP_272_ep003_fail.mp4	../assets/composition/comparison_png/COMP_272__put_the_chocolate_pudding_the_ketchup_and_the_cream_cheese_box_in_the_basket_one_after_another.png	0
COMP_273	C11_object_suite_basket_triples	Put the chocolate pudding, the salad dressing, and the alphabet soup in the basket one after another.	3	Put the chocolate pudding in the basket | Put the salad dressing in the basket | Put the alphabet soup in the basket	0	5	0.0	0	in(chocolate_pudding_1, basket_1_contain_region) | in(salad_dressing_1, basket_1_contain_region) | in(alphabet_soup_1, basket_1_contain_region)	[null, null, null]	[false, false, false]	0	"{""000"": 0}"	3	6			../assets/composition/failure_videos/COMP_273/COMP_273_ep000_fail.mp4	../assets/composition/comparison_png/COMP_273__put_the_chocolate_pudding_the_salad_dressing_and_the_alphabet_soup_in_the_basket_one_after_another.png	0
COMP_274	C11_object_suite_basket_triples	Put the chocolate pudding, the salad dressing, and the cream cheese box in the basket one after another.	3	Put the chocolate pudding in the basket | Put the salad dressing in the basket | Put the cream cheese box in the basket	0	5	0.0	0	in(chocolate_pudding_1, basket_1_contain_region) | in(salad_dressing_1, basket_1_contain_region) | in(cream_cheese_1, basket_1_contain_region)	[null, null, null]	[false, false, false]	0	"{""000"": 0}"	3	6			../assets/composition/failure_videos/COMP_274/COMP_274_ep000_fail.mp4	../assets/composition/comparison_png/COMP_274__put_the_chocolate_pudding_the_salad_dressing_and_the_cream_cheese_box_in_the_basket_one_after_another.png	0
COMP_275	C11_object_suite_basket_triples	Put the chocolate pudding, the alphabet soup, and the cream cheese box in the basket one after another.	3	Put the chocolate pudding in the basket | Put the alphabet soup in the basket | Put the cream cheese box in the basket	0	5	0.0	0	in(chocolate_pudding_1, basket_1_contain_region) | in(alphabet_soup_1, basket_1_contain_region) | in(cream_cheese_1, basket_1_contain_region)	[null, null, null]	[false, false, false]	0	"{""000"": 0}"	6	6			../assets/composition/failure_videos/COMP_275/COMP_275_ep000_fail.mp4	../assets/composition/comparison_png/COMP_275__put_the_chocolate_pudding_the_alphabet_soup_and_the_cream_cheese_box_in_the_basket_one_after_another.png	0
COMP_276	C11_object_suite_basket_triples	Put the ketchup, the salad dressing, and the alphabet soup in the basket one after another.	3	Put the ketchup in the basket | Put the salad dressing in the basket | Put the alphabet soup in the basket	0	5	0.0	4	in(ketchup_1, basket_1_contain_region) | in(salad_dressing_1, basket_1_contain_region) | in(alphabet_soup_1, basket_1_contain_region)	[null, null, null]	[false, false, false]	0	"{""000"": 0}"	4	6			../assets/composition/failure_videos/COMP_276/COMP_276_ep004_fail.mp4	../assets/composition/comparison_png/COMP_276__put_the_ketchup_the_salad_dressing_and_the_alphabet_soup_in_the_basket_one_after_another.png	0
COMP_277	C11_object_suite_basket_triples	Put the ketchup, the salad dressing, and the cream cheese box in the basket one after another.	3	Put the ketchup in the basket | Put the salad dressing in the basket | Put the cream cheese box in the basket	0	5	0.0	4	in(ketchup_1, basket_1_contain_region) | in(salad_dressing_1, basket_1_contain_region) | in(cream_cheese_1, basket_1_contain_region)	[null, null, null]	[false, false, false]	0	"{""000"": 0}"	5	6			../assets/composition/failure_videos/COMP_277/COMP_277_ep004_fail.mp4	../assets/composition/comparison_png/COMP_277__put_the_ketchup_the_salad_dressing_and_the_cream_cheese_box_in_the_basket_one_after_another.png	0
COMP_278	C11_object_suite_basket_triples	Put the ketchup, the alphabet soup, and the cream cheese box in the basket one after another.	3	Put the ketchup in the basket | Put the alphabet soup in the basket | Put the cream cheese box in the basket	0	5	0.0	2	in(ketchup_1, basket_1_contain_region) | in(alphabet_soup_1, basket_1_contain_region) | in(cream_cheese_1, basket_1_contain_region)	[null, null, null]	[false, false, false]	0	"{""000"": 0}"	5	6			../assets/composition/failure_videos/COMP_278/COMP_278_ep002_fail.mp4	../assets/composition/comparison_png/COMP_278__put_the_ketchup_the_alphabet_soup_and_the_cream_cheese_box_in_the_basket_one_after_another.png	0
COMP_279	C11_object_suite_basket_triples	Put the salad dressing, the alphabet soup, and the cream cheese box in the basket one after another.	3	Put the salad dressing in the basket | Put the alphabet soup in the basket | Put the cream cheese box in the basket	0	5	0.0	0	in(salad_dressing_1, basket_1_contain_region) | in(alphabet_soup_1, basket_1_contain_region) | in(cream_cheese_1, basket_1_contain_region)	[null, null, null]	[false, false, false]	0	"{""000"": 0}"	5	6			../assets/composition/failure_videos/COMP_279/COMP_279_ep000_fail.mp4	../assets/composition/comparison_png/COMP_279__put_the_salad_dressing_the_alphabet_soup_and_the_cream_cheese_box_in_the_basket_one_after_another.png	0
COMP_280	C11_object_suite_basket_triples	Put the butter, the tomato sauce, and the orange juice in the basket one after another.	3	Put the butter in the basket | Put the tomato sauce in the basket | Put the orange juice in the basket	0	5	0.0	0	in(butter_1, basket_1_contain_region) | in(tomato_sauce_1, basket_1_contain_region) | in(orange_juice_1, basket_1_contain_region)	[160, 372, null]	[true, true, false]	2	"{""000"": 0, ""100"": 160, ""110"": 372}"	6	6	ordered instruction prefix	Put the butter in the basket, and then put the tomato sauce in the basket.	../assets/composition/failure_videos/COMP_280/COMP_280_ep000_fail.mp4	../assets/composition/comparison_png/COMP_280__put_the_butter_the_tomato_sauce_and_the_orange_juice_in_the_basket_one_after_another.png	0
COMP_281	C11_object_suite_basket_triples	Put the butter, the tomato sauce, and the chocolate pudding in the basket one after another.	3	Put the butter in the basket | Put the tomato sauce in the basket | Put the chocolate pudding in the basket	0	5	0.0	1	in(butter_1, basket_1_contain_region) | in(tomato_sauce_1, basket_1_contain_region) | in(chocolate_pudding_1, basket_1_contain_region)	[161, 388, null]	[true, true, false]	2	"{""000"": 0, ""100"": 161, ""110"": 388}"	6	6	ordered instruction prefix	Put the butter in the basket, and then put the tomato sauce in the basket.	../assets/composition/failure_videos/COMP_281/COMP_281_ep001_fail.mp4	../assets/composition/comparison_png/COMP_281__put_the_butter_the_tomato_sauce_and_the_chocolate_pudding_in_the_basket_one_after_another.png	0
COMP_282	C11_object_suite_basket_triples	Put the butter, the tomato sauce, and the bbq sauce in the basket one after another.	3	Put the butter in the basket | Put the tomato sauce in the basket | Put the bbq sauce in the basket	0	5	0.0	0	in(butter_1, basket_1_contain_region) | in(tomato_sauce_1, basket_1_contain_region) | in(bbq_sauce_1, basket_1_contain_region)	[160, 386, null]	[true, true, false]	2	"{""000"": 0, ""100"": 160, ""110"": 386}"	6	6	ordered instruction prefix	Put the butter in the basket, and then put the tomato sauce in the basket.	../assets/composition/failure_videos/COMP_282/COMP_282_ep000_fail.mp4	../assets/composition/comparison_png/COMP_282__put_the_butter_the_tomato_sauce_and_the_bbq_sauce_in_the_basket_one_after_another.png	0
COMP_283	C11_object_suite_basket_triples	Put the butter, the tomato sauce, and the ketchup in the basket one after another.	3	Put the butter in the basket | Put the tomato sauce in the basket | Put the ketchup in the basket	0	5	0.0	0	in(butter_1, basket_1_contain_region) | in(tomato_sauce_1, basket_1_contain_region) | in(ketchup_1, basket_1_contain_region)	[159, 367, null]	[true, true, false]	2	"{""000"": 0, ""100"": 159, ""110"": 367}"	6	6	ordered instruction prefix	Put the butter in the basket, and then put the tomato sauce in the basket.	../assets/composition/failure_videos/COMP_283/COMP_283_ep000_fail.mp4	../assets/composition/comparison_png/COMP_283__put_the_butter_the_tomato_sauce_and_the_ketchup_in_the_basket_one_after_another.png	0
COMP_284	C11_object_suite_basket_triples	Put the butter, the orange juice, and the chocolate pudding in the basket one after another.	3	Put the butter in the basket | Put the orange juice in the basket | Put the chocolate pudding in the basket	0	5	0.0	2	in(butter_1, basket_1_contain_region) | in(orange_juice_1, basket_1_contain_region) | in(chocolate_pudding_1, basket_1_contain_region)	[159, null, null]	[true, false, false]	1	"{""000"": 0, ""100"": 159}"	5	6			../assets/composition/failure_videos/COMP_284/COMP_284_ep002_fail.mp4	../assets/composition/comparison_png/COMP_284__put_the_butter_the_orange_juice_and_the_chocolate_pudding_in_the_basket_one_after_another.png	0
COMP_285	C11_object_suite_basket_triples	Put the butter, the orange juice, and the bbq sauce in the basket one after another.	3	Put the butter in the basket | Put the orange juice in the basket | Put the bbq sauce in the basket	0	5	0.0	4	in(butter_1, basket_1_contain_region) | in(orange_juice_1, basket_1_contain_region) | in(bbq_sauce_1, basket_1_contain_region)	[162, null, null]	[true, false, false]	1	"{""000"": 0, ""100"": 162}"	6	6			../assets/composition/failure_videos/COMP_285/COMP_285_ep004_fail.mp4	../assets/composition/comparison_png/COMP_285__put_the_butter_the_orange_juice_and_the_bbq_sauce_in_the_basket_one_after_another.png	0
COMP_286	C11_object_suite_basket_triples	Put the butter, the orange juice, and the ketchup in the basket one after another.	3	Put the butter in the basket | Put the orange juice in the basket | Put the ketchup in the basket	0	5	0.0	0	in(butter_1, basket_1_contain_region) | in(orange_juice_1, basket_1_contain_region) | in(ketchup_1, basket_1_contain_region)	[160, null, null]	[true, false, false]	1	"{""000"": 0, ""100"": 160}"	6	6			../assets/composition/failure_videos/COMP_286/COMP_286_ep000_fail.mp4	../assets/composition/comparison_png/COMP_286__put_the_butter_the_orange_juice_and_the_ketchup_in_the_basket_one_after_another.png	0
COMP_287	C11_object_suite_basket_triples	Put the butter, the chocolate pudding, and the bbq sauce in the basket one after another.	3	Put the butter in the basket | Put the chocolate pudding in the basket | Put the bbq sauce in the basket	0	5	0.0	1	in(butter_1, basket_1_contain_region) | in(chocolate_pudding_1, basket_1_contain_region) | in(bbq_sauce_1, basket_1_contain_region)	[162, null, null]	[true, false, false]	1	"{""000"": 0, ""100"": 162}"	6	6			../assets/composition/failure_videos/COMP_287/COMP_287_ep001_fail.mp4	../assets/composition/comparison_png/COMP_287__put_the_butter_the_chocolate_pudding_and_the_bbq_sauce_in_the_basket_one_after_another.png	0
COMP_288	C11_object_suite_basket_triples	Put the butter, the chocolate pudding, and the ketchup in the basket one after another.	3	Put the butter in the basket | Put the chocolate pudding in the basket | Put the ketchup in the basket	0	5	0.0	3	in(butter_1, basket_1_contain_region) | in(chocolate_pudding_1, basket_1_contain_region) | in(ketchup_1, basket_1_contain_region)	[163, null, null]	[true, false, false]	1	"{""000"": 0, ""100"": 163}"	6	6			../assets/composition/failure_videos/COMP_288/COMP_288_ep003_fail.mp4	../assets/composition/comparison_png/COMP_288__put_the_butter_the_chocolate_pudding_and_the_ketchup_in_the_basket_one_after_another.png	0
COMP_289	C11_object_suite_basket_triples	Put the butter, the bbq sauce, and the ketchup in the basket one after another.	3	Put the butter in the basket | Put the bbq sauce in the basket | Put the ketchup in the basket	0	5	0.0	0	in(butter_1, basket_1_contain_region) | in(bbq_sauce_1, basket_1_contain_region) | in(ketchup_1, basket_1_contain_region)	[160, null, null]	[true, false, false]	1	"{""000"": 0, ""100"": 160}"	6	6			../assets/composition/failure_videos/COMP_289/COMP_289_ep000_fail.mp4	../assets/composition/comparison_png/COMP_289__put_the_butter_the_bbq_sauce_and_the_ketchup_in_the_basket_one_after_another.png	0
COMP_290	C11_object_suite_basket_triples	Put the tomato sauce, the orange juice, and the chocolate pudding in the basket one after another.	3	Put the tomato sauce in the basket | Put the orange juice in the basket | Put the chocolate pudding in the basket	0	5	0.0	0	in(tomato_sauce_1, basket_1_contain_region) | in(orange_juice_1, basket_1_contain_region) | in(chocolate_pudding_1, basket_1_contain_region)	[147, null, null]	[true, false, false]	1	"{""000"": 0, ""100"": 147}"	6	6			../assets/composition/failure_videos/COMP_290/COMP_290_ep000_fail.mp4	../assets/composition/comparison_png/COMP_290__put_the_tomato_sauce_the_orange_juice_and_the_chocolate_pudding_in_the_basket_one_after_another.png	0
COMP_291	C11_object_suite_basket_triples	Put the tomato sauce, the orange juice, and the bbq sauce in the basket one after another.	3	Put the tomato sauce in the basket | Put the orange juice in the basket | Put the bbq sauce in the basket	0	5	0.0	0	in(tomato_sauce_1, basket_1_contain_region) | in(orange_juice_1, basket_1_contain_region) | in(bbq_sauce_1, basket_1_contain_region)	[148, null, null]	[true, false, false]	1	"{""000"": 0, ""100"": 148}"	6	6			../assets/composition/failure_videos/COMP_291/COMP_291_ep000_fail.mp4	../assets/composition/comparison_png/COMP_291__put_the_tomato_sauce_the_orange_juice_and_the_bbq_sauce_in_the_basket_one_after_another.png	0
COMP_292	C11_object_suite_basket_triples	Put the tomato sauce, the orange juice, and the ketchup in the basket one after another.	3	Put the tomato sauce in the basket | Put the orange juice in the basket | Put the ketchup in the basket	0	5	0.0	0	in(tomato_sauce_1, basket_1_contain_region) | in(orange_juice_1, basket_1_contain_region) | in(ketchup_1, basket_1_contain_region)	[149, null, null]	[true, false, false]	1	"{""000"": 0, ""100"": 149}"	6	6			../assets/composition/failure_videos/COMP_292/COMP_292_ep000_fail.mp4	../assets/composition/comparison_png/COMP_292__put_the_tomato_sauce_the_orange_juice_and_the_ketchup_in_the_basket_one_after_another.png	0
COMP_293	C11_object_suite_basket_triples	Put the tomato sauce, the chocolate pudding, and the bbq sauce in the basket one after another.	3	Put the tomato sauce in the basket | Put the chocolate pudding in the basket | Put the bbq sauce in the basket	0	5	0.0	0	in(tomato_sauce_1, basket_1_contain_region) | in(chocolate_pudding_1, basket_1_contain_region) | in(bbq_sauce_1, basket_1_contain_region)	[145, null, null]	[true, false, false]	1	"{""000"": 0, ""100"": 145}"	6	6			../assets/composition/failure_videos/COMP_293/COMP_293_ep000_fail.mp4	../assets/composition/comparison_png/COMP_293__put_the_tomato_sauce_the_chocolate_pudding_and_the_bbq_sauce_in_the_basket_one_after_another.png	0
COMP_294	C11_object_suite_basket_triples	Put the tomato sauce, the chocolate pudding, and the ketchup in the basket one after another.	3	Put the tomato sauce in the basket | Put the chocolate pudding in the basket | Put the ketchup in the basket	0	5	0.0	0	in(tomato_sauce_1, basket_1_contain_region) | in(chocolate_pudding_1, basket_1_contain_region) | in(ketchup_1, basket_1_contain_region)	[147, null, null]	[true, false, false]	1	"{""000"": 0, ""100"": 147}"	6	6			../assets/composition/failure_videos/COMP_294/COMP_294_ep000_fail.mp4	../assets/composition/comparison_png/COMP_294__put_the_tomato_sauce_the_chocolate_pudding_and_the_ketchup_in_the_basket_one_after_another.png	0
COMP_295	C11_object_suite_basket_triples	Put the tomato sauce, the bbq sauce, and the ketchup in the basket one after another.	3	Put the tomato sauce in the basket | Put the bbq sauce in the basket | Put the ketchup in the basket	0	5	0.0	0	in(tomato_sauce_1, basket_1_contain_region) | in(bbq_sauce_1, basket_1_contain_region) | in(ketchup_1, basket_1_contain_region)	[187, null, null]	[true, false, false]	1	"{""000"": 0, ""100"": 187}"	6	6			../assets/composition/failure_videos/COMP_295/COMP_295_ep000_fail.mp4	../assets/composition/comparison_png/COMP_295__put_the_tomato_sauce_the_bbq_sauce_and_the_ketchup_in_the_basket_one_after_another.png	0
COMP_296	C11_object_suite_basket_triples	Put the orange juice, the chocolate pudding, and the bbq sauce in the basket one after another.	3	Put the orange juice in the basket | Put the chocolate pudding in the basket | Put the bbq sauce in the basket	0	5	0.0	1	in(orange_juice_1, basket_1_contain_region) | in(chocolate_pudding_1, basket_1_contain_region) | in(bbq_sauce_1, basket_1_contain_region)	[null, null, null]	[false, false, false]	0	"{""000"": 0}"	6	6			../assets/composition/failure_videos/COMP_296/COMP_296_ep001_fail.mp4	../assets/composition/comparison_png/COMP_296__put_the_orange_juice_the_chocolate_pudding_and_the_bbq_sauce_in_the_basket_one_after_another.png	0
COMP_297	C11_object_suite_basket_triples	Put the orange juice, the chocolate pudding, and the ketchup in the basket one after another.	3	Put the orange juice in the basket | Put the chocolate pudding in the basket | Put the ketchup in the basket	0	5	0.0	2	in(orange_juice_1, basket_1_contain_region) | in(chocolate_pudding_1, basket_1_contain_region) | in(ketchup_1, basket_1_contain_region)	[null, null, null]	[false, false, false]	0	"{""000"": 0}"	6	6			../assets/composition/failure_videos/COMP_297/COMP_297_ep002_fail.mp4	../assets/composition/comparison_png/COMP_297__put_the_orange_juice_the_chocolate_pudding_and_the_ketchup_in_the_basket_one_after_another.png	0
COMP_298	C11_object_suite_basket_triples	Put the orange juice, the bbq sauce, and the ketchup in the basket one after another.	3	Put the orange juice in the basket | Put the bbq sauce in the basket | Put the ketchup in the basket	0	5	0.0	2	in(orange_juice_1, basket_1_contain_region) | in(bbq_sauce_1, basket_1_contain_region) | in(ketchup_1, basket_1_contain_region)	[null, null, null]	[false, false, false]	0	"{""000"": 0}"	6	6			../assets/composition/failure_videos/COMP_298/COMP_298_ep002_fail.mp4	../assets/composition/comparison_png/COMP_298__put_the_orange_juice_the_bbq_sauce_and_the_ketchup_in_the_basket_one_after_another.png	0
COMP_299	C11_object_suite_basket_triples	Put the chocolate pudding, the bbq sauce, and the ketchup in the basket one after another.	3	Put the chocolate pudding in the basket | Put the bbq sauce in the basket | Put the ketchup in the basket	0	5	0.0	1	in(chocolate_pudding_1, basket_1_contain_region) | in(bbq_sauce_1, basket_1_contain_region) | in(ketchup_1, basket_1_contain_region)	[null, null, null]	[false, false, false]	0	"{""000"": 0}"	5	6			../assets/composition/failure_videos/COMP_299/COMP_299_ep001_fail.mp4	../assets/composition/comparison_png/COMP_299__put_the_chocolate_pudding_the_bbq_sauce_and_the_ketchup_in_the_basket_one_after_another.png	0
COMP_300	C11_object_suite_basket_triples	Put the chocolate pudding, the orange juice, and the bbq sauce in the basket one after another.	3	Put the chocolate pudding in the basket | Put the orange juice in the basket | Put the bbq sauce in the basket	0	5	0.0	0	in(chocolate_pudding_1, basket_1_contain_region) | in(orange_juice_1, basket_1_contain_region) | in(bbq_sauce_1, basket_1_contain_region)	[160, null, null]	[true, false, false]	1	"{""000"": 0, ""100"": 160}"	6	6			../assets/composition/failure_videos/COMP_300/COMP_300_ep000_fail.mp4	../assets/composition/comparison_png/COMP_300__put_the_chocolate_pudding_the_orange_juice_and_the_bbq_sauce_in_the_basket_one_after_another.png	0
COMP_301	C11_object_suite_basket_triples	Put the chocolate pudding, the orange juice, and the ketchup in the basket one after another.	3	Put the chocolate pudding in the basket | Put the orange juice in the basket | Put the ketchup in the basket	0	5	0.0	0	in(chocolate_pudding_1, basket_1_contain_region) | in(orange_juice_1, basket_1_contain_region) | in(ketchup_1, basket_1_contain_region)	[160, null, null]	[true, false, false]	1	"{""000"": 0, ""100"": 160}"	6	6			../assets/composition/failure_videos/COMP_301/COMP_301_ep000_fail.mp4	../assets/composition/comparison_png/COMP_301__put_the_chocolate_pudding_the_orange_juice_and_the_ketchup_in_the_basket_one_after_another.png	0
COMP_302	C11_object_suite_basket_triples	Put the chocolate pudding, the orange juice, and the salad dressing in the basket one after another.	3	Put the chocolate pudding in the basket | Put the orange juice in the basket | Put the salad dressing in the basket	0	5	0.0	0	in(chocolate_pudding_1, basket_1_contain_region) | in(orange_juice_1, basket_1_contain_region) | in(salad_dressing_1, basket_1_contain_region)	[160, null, null]	[true, false, false]	1	"{""000"": 0, ""100"": 160}"	6	6			../assets/composition/failure_videos/COMP_302/COMP_302_ep000_fail.mp4	../assets/composition/comparison_png/COMP_302__put_the_chocolate_pudding_the_orange_juice_and_the_salad_dressing_in_the_basket_one_after_another.png	0
COMP_303	C11_object_suite_basket_triples	Put the chocolate pudding, the orange juice, and the alphabet soup in the basket one after another.	3	Put the chocolate pudding in the basket | Put the orange juice in the basket | Put the alphabet soup in the basket	0	5	0.0	0	in(chocolate_pudding_1, basket_1_contain_region) | in(orange_juice_1, basket_1_contain_region) | in(alphabet_soup_1, basket_1_contain_region)	[160, null, null]	[true, false, false]	1	"{""000"": 0, ""100"": 160}"	6	6			../assets/composition/failure_videos/COMP_303/COMP_303_ep000_fail.mp4	../assets/composition/comparison_png/COMP_303__put_the_chocolate_pudding_the_orange_juice_and_the_alphabet_soup_in_the_basket_one_after_another.png	0
COMP_304	C11_object_suite_basket_triples	Put the chocolate pudding, the bbq sauce, and the ketchup in the basket one after another.	3	Put the chocolate pudding in the basket | Put the bbq sauce in the basket | Put the ketchup in the basket	0	5	0.0	0	in(chocolate_pudding_1, basket_1_contain_region) | in(bbq_sauce_1, basket_1_contain_region) | in(ketchup_1, basket_1_contain_region)	[160, null, null]	[true, false, false]	1	"{""000"": 0, ""100"": 160}"	6	6			../assets/composition/failure_videos/COMP_304/COMP_304_ep000_fail.mp4	../assets/composition/comparison_png/COMP_304__put_the_chocolate_pudding_the_bbq_sauce_and_the_ketchup_in_the_basket_one_after_another.png	0
COMP_305	C11_object_suite_basket_triples	Put the chocolate pudding, the bbq sauce, and the salad dressing in the basket one after another.	3	Put the chocolate pudding in the basket | Put the bbq sauce in the basket | Put the salad dressing in the basket	0	5	0.0	0	in(chocolate_pudding_1, basket_1_contain_region) | in(bbq_sauce_1, basket_1_contain_region) | in(salad_dressing_1, basket_1_contain_region)	[160, null, null]	[true, false, false]	1	"{""000"": 0, ""100"": 160}"	6	6			../assets/composition/failure_videos/COMP_305/COMP_305_ep000_fail.mp4	../assets/composition/comparison_png/COMP_305__put_the_chocolate_pudding_the_bbq_sauce_and_the_salad_dressing_in_the_basket_one_after_another.png	0
COMP_306	C11_object_suite_basket_triples	Put the chocolate pudding, the bbq sauce, and the alphabet soup in the basket one after another.	3	Put the chocolate pudding in the basket | Put the bbq sauce in the basket | Put the alphabet soup in the basket	0	5	0.0	4	in(chocolate_pudding_1, basket_1_contain_region) | in(bbq_sauce_1, basket_1_contain_region) | in(alphabet_soup_1, basket_1_contain_region)	[174, null, null]	[true, false, false]	1	"{""000"": 0, ""100"": 174}"	6	6			../assets/composition/failure_videos/COMP_306/COMP_306_ep004_fail.mp4	../assets/composition/comparison_png/COMP_306__put_the_chocolate_pudding_the_bbq_sauce_and_the_alphabet_soup_in_the_basket_one_after_another.png	0
COMP_307	C11_object_suite_basket_triples	Put the chocolate pudding, the ketchup, and the salad dressing in the basket one after another.	3	Put the chocolate pudding in the basket | Put the ketchup in the basket | Put the salad dressing in the basket	0	5	0.0	0	in(chocolate_pudding_1, basket_1_contain_region) | in(ketchup_1, basket_1_contain_region) | in(salad_dressing_1, basket_1_contain_region)	[160, null, null]	[true, false, false]	1	"{""000"": 0, ""100"": 160}"	5	6			../assets/composition/failure_videos/COMP_307/COMP_307_ep000_fail.mp4	../assets/composition/comparison_png/COMP_307__put_the_chocolate_pudding_the_ketchup_and_the_salad_dressing_in_the_basket_one_after_another.png	0
COMP_308	C11_object_suite_basket_triples	Put the chocolate pudding, the ketchup, and the alphabet soup in the basket one after another.	3	Put the chocolate pudding in the basket | Put the ketchup in the basket | Put the alphabet soup in the basket	0	5	0.0	1	in(chocolate_pudding_1, basket_1_contain_region) | in(ketchup_1, basket_1_contain_region) | in(alphabet_soup_1, basket_1_contain_region)	[170, null, null]	[true, false, false]	1	"{""000"": 0, ""100"": 170}"	6	6			../assets/composition/failure_videos/COMP_308/COMP_308_ep001_fail.mp4	../assets/composition/comparison_png/COMP_308__put_the_chocolate_pudding_the_ketchup_and_the_alphabet_soup_in_the_basket_one_after_another.png	0
COMP_309	C11_object_suite_basket_triples	Put the chocolate pudding, the salad dressing, and the alphabet soup in the basket one after another.	3	Put the chocolate pudding in the basket | Put the salad dressing in the basket | Put the alphabet soup in the basket	0	5	0.0	0	in(chocolate_pudding_1, basket_1_contain_region) | in(salad_dressing_1, basket_1_contain_region) | in(alphabet_soup_1, basket_1_contain_region)	[159, null, null]	[true, false, false]	1	"{""000"": 0, ""100"": 159}"	6	6			../assets/composition/failure_videos/COMP_309/COMP_309_ep000_fail.mp4	../assets/composition/comparison_png/COMP_309__put_the_chocolate_pudding_the_salad_dressing_and_the_alphabet_soup_in_the_basket_one_after_another.png	0
COMP_310	C11_object_suite_basket_triples	Put the orange juice, the bbq sauce, and the ketchup in the basket one after another.	3	Put the orange juice in the basket | Put the bbq sauce in the basket | Put the ketchup in the basket	0	5	0.0	2	in(orange_juice_1, basket_1_contain_region) | in(bbq_sauce_1, basket_1_contain_region) | in(ketchup_1, basket_1_contain_region)	[null, null, null]	[false, false, false]	0	"{""000"": 0}"	6	6			../assets/composition/failure_videos/COMP_310/COMP_310_ep002_fail.mp4	../assets/composition/comparison_png/COMP_310__put_the_orange_juice_the_bbq_sauce_and_the_ketchup_in_the_basket_one_after_another.png	0
COMP_311	C11_object_suite_basket_triples	Put the orange juice, the bbq sauce, and the salad dressing in the basket one after another.	3	Put the orange juice in the basket | Put the bbq sauce in the basket | Put the salad dressing in the basket	0	5	0.0	2	in(orange_juice_1, basket_1_contain_region) | in(bbq_sauce_1, basket_1_contain_region) | in(salad_dressing_1, basket_1_contain_region)	[null, null, null]	[false, false, false]	0	"{""000"": 0}"	6	6			../assets/composition/failure_videos/COMP_311/COMP_311_ep002_fail.mp4	../assets/composition/comparison_png/COMP_311__put_the_orange_juice_the_bbq_sauce_and_the_salad_dressing_in_the_basket_one_after_another.png	0
COMP_312	C11_object_suite_basket_triples	Put the orange juice, the bbq sauce, and the alphabet soup in the basket one after another.	3	Put the orange juice in the basket | Put the bbq sauce in the basket | Put the alphabet soup in the basket	0	5	0.0	0	in(orange_juice_1, basket_1_contain_region) | in(bbq_sauce_1, basket_1_contain_region) | in(alphabet_soup_1, basket_1_contain_region)	[499, null, null]	[true, false, false]	1	"{""000"": 0, ""100"": 499}"	6	6			../assets/composition/failure_videos/COMP_312/COMP_312_ep000_fail.mp4	../assets/composition/comparison_png/COMP_312__put_the_orange_juice_the_bbq_sauce_and_the_alphabet_soup_in_the_basket_one_after_another.png	0
COMP_313	C11_object_suite_basket_triples	Put the orange juice, the ketchup, and the salad dressing in the basket one after another.	3	Put the orange juice in the basket | Put the ketchup in the basket | Put the salad dressing in the basket	0	5	0.0	3	in(orange_juice_1, basket_1_contain_region) | in(ketchup_1, basket_1_contain_region) | in(salad_dressing_1, basket_1_contain_region)	[524, null, null]	[true, false, false]	1	"{""000"": 0, ""100"": 524}"	6	6			../assets/composition/failure_videos/COMP_313/COMP_313_ep003_fail.mp4	../assets/composition/comparison_png/COMP_313__put_the_orange_juice_the_ketchup_and_the_salad_dressing_in_the_basket_one_after_another.png	0
COMP_314	C11_object_suite_basket_triples	Put the orange juice, the ketchup, and the alphabet soup in the basket one after another.	3	Put the orange juice in the basket | Put the ketchup in the basket | Put the alphabet soup in the basket	0	5	0.0	4	in(orange_juice_1, basket_1_contain_region) | in(ketchup_1, basket_1_contain_region) | in(alphabet_soup_1, basket_1_contain_region)	[330, null, null]	[true, false, false]	1	"{""000"": 0, ""100"": 330}"	6	6			../assets/composition/failure_videos/COMP_314/COMP_314_ep004_fail.mp4	../assets/composition/comparison_png/COMP_314__put_the_orange_juice_the_ketchup_and_the_alphabet_soup_in_the_basket_one_after_another.png	0
COMP_315	C11_object_suite_basket_triples	Put the orange juice, the salad dressing, and the alphabet soup in the basket one after another.	3	Put the orange juice in the basket | Put the salad dressing in the basket | Put the alphabet soup in the basket	0	5	0.0	0	in(orange_juice_1, basket_1_contain_region) | in(salad_dressing_1, basket_1_contain_region) | in(alphabet_soup_1, basket_1_contain_region)	[null, null, null]	[false, false, false]	0	"{""000"": 0}"	6	6			../assets/composition/failure_videos/COMP_315/COMP_315_ep000_fail.mp4	../assets/composition/comparison_png/COMP_315__put_the_orange_juice_the_salad_dressing_and_the_alphabet_soup_in_the_basket_one_after_another.png	0
COMP_316	C11_object_suite_basket_triples	Put the bbq sauce, the ketchup, and the salad dressing in the basket one after another.	3	Put the bbq sauce in the basket | Put the ketchup in the basket | Put the salad dressing in the basket	0	5	0.0	2	in(bbq_sauce_1, basket_1_contain_region) | in(ketchup_1, basket_1_contain_region) | in(salad_dressing_1, basket_1_contain_region)	[null, null, null]	[false, false, false]	0	"{""000"": 0}"	5	6			../assets/composition/failure_videos/COMP_316/COMP_316_ep002_fail.mp4	../assets/composition/comparison_png/COMP_316__put_the_bbq_sauce_the_ketchup_and_the_salad_dressing_in_the_basket_one_after_another.png	0
COMP_317	C11_object_suite_basket_triples	Put the bbq sauce, the ketchup, and the alphabet soup in the basket one after another.	3	Put the bbq sauce in the basket | Put the ketchup in the basket | Put the alphabet soup in the basket	0	5	0.0	0	in(bbq_sauce_1, basket_1_contain_region) | in(ketchup_1, basket_1_contain_region) | in(alphabet_soup_1, basket_1_contain_region)	[null, null, null]	[false, false, false]	0	"{""000"": 0}"	6	6			../assets/composition/failure_videos/COMP_317/COMP_317_ep000_fail.mp4	../assets/composition/comparison_png/COMP_317__put_the_bbq_sauce_the_ketchup_and_the_alphabet_soup_in_the_basket_one_after_another.png	0
COMP_318	C11_object_suite_basket_triples	Put the bbq sauce, the salad dressing, and the alphabet soup in the basket one after another.	3	Put the bbq sauce in the basket | Put the salad dressing in the basket | Put the alphabet soup in the basket	0	5	0.0	0	in(bbq_sauce_1, basket_1_contain_region) | in(salad_dressing_1, basket_1_contain_region) | in(alphabet_soup_1, basket_1_contain_region)	[null, null, null]	[false, false, false]	0	"{""000"": 0}"	6	6			../assets/composition/failure_videos/COMP_318/COMP_318_ep000_fail.mp4	../assets/composition/comparison_png/COMP_318__put_the_bbq_sauce_the_salad_dressing_and_the_alphabet_soup_in_the_basket_one_after_another.png	0
COMP_319	C11_object_suite_basket_triples	Put the ketchup, the salad dressing, and the alphabet soup in the basket one after another.	3	Put the ketchup in the basket | Put the salad dressing in the basket | Put the alphabet soup in the basket	0	5	0.0	0	in(ketchup_1, basket_1_contain_region) | in(salad_dressing_1, basket_1_contain_region) | in(alphabet_soup_1, basket_1_contain_region)	[null, null, null]	[false, false, false]	0	"{""000"": 0}"	6	6			../assets/composition/failure_videos/COMP_319/COMP_319_ep000_fail.mp4	../assets/composition/comparison_png/COMP_319__put_the_ketchup_the_salad_dressing_and_the_alphabet_soup_in_the_basket_one_after_another.png	0
COMP_320	C11_object_suite_basket_triples	Put the cream cheese box, the alphabet soup, and the milk in the basket one after another.	3	Put the cream cheese box in the basket | Put the alphabet soup in the basket | Put the milk in the basket	0	5	0.0	3	in(cream_cheese_1, basket_1_contain_region) | in(alphabet_soup_1, basket_1_contain_region) | in(milk_1, basket_1_contain_region)	[143, null, null]	[true, false, false]	1	"{""000"": 0, ""100"": 143}"	5	6			../assets/composition/failure_videos/COMP_320/COMP_320_ep003_fail.mp4	../assets/composition/comparison_png/COMP_320__put_the_cream_cheese_box_the_alphabet_soup_and_the_milk_in_the_basket_one_after_another.png	0
COMP_321	C11_object_suite_basket_triples	Put the cream cheese box, the alphabet soup, and the tomato sauce in the basket one after another.	3	Put the cream cheese box in the basket | Put the alphabet soup in the basket | Put the tomato sauce in the basket	0	5	0.0	1	in(cream_cheese_1, basket_1_contain_region) | in(alphabet_soup_1, basket_1_contain_region) | in(tomato_sauce_1, basket_1_contain_region)	[143, 726, null]	[true, true, false]	2	"{""000"": 0, ""100"": 143, ""110"": 726}"	5	6	ordered instruction prefix	Put the cream cheese box in the basket, and then put the alphabet soup in the basket.	../assets/composition/failure_videos/COMP_321/COMP_321_ep001_fail.mp4	../assets/composition/comparison_png/COMP_321__put_the_cream_cheese_box_the_alphabet_soup_and_the_tomato_sauce_in_the_basket_one_after_another.png	0
COMP_322	C11_object_suite_basket_triples	Put the cream cheese box, the alphabet soup, and the butter in the basket one after another.	3	Put the cream cheese box in the basket | Put the alphabet soup in the basket | Put the butter in the basket	0	5	0.0	1	in(cream_cheese_1, basket_1_contain_region) | in(alphabet_soup_1, basket_1_contain_region) | in(butter_1, basket_1_contain_region)	[144, null, null]	[true, false, false]	1	"{""000"": 0, ""100"": 144}"	6	6			../assets/composition/failure_videos/COMP_322/COMP_322_ep001_fail.mp4	../assets/composition/comparison_png/COMP_322__put_the_cream_cheese_box_the_alphabet_soup_and_the_butter_in_the_basket_one_after_another.png	0
COMP_323	C11_object_suite_basket_triples	Put the cream cheese box, the alphabet soup, and the orange juice in the basket one after another.	3	Put the cream cheese box in the basket | Put the alphabet soup in the basket | Put the orange juice in the basket	0	5	0.0	1	in(cream_cheese_1, basket_1_contain_region) | in(alphabet_soup_1, basket_1_contain_region) | in(orange_juice_1, basket_1_contain_region)	[142, 640, null]	[true, true, false]	2	"{""000"": 0, ""100"": 142, ""110"": 640}"	6	6	ordered instruction prefix	Put the cream cheese box in the basket, and then put the alphabet soup in the basket.	../assets/composition/failure_videos/COMP_323/COMP_323_ep001_fail.mp4	../assets/composition/comparison_png/COMP_323__put_the_cream_cheese_box_the_alphabet_soup_and_the_orange_juice_in_the_basket_one_after_another.png	0
COMP_324	C11_object_suite_basket_triples	Put the cream cheese box, the milk, and the tomato sauce in the basket one after another.	3	Put the cream cheese box in the basket | Put the milk in the basket | Put the tomato sauce in the basket	0	5	0.0	1	in(cream_cheese_1, basket_1_contain_region) | in(milk_1, basket_1_contain_region) | in(tomato_sauce_1, basket_1_contain_region)	[140, null, null]	[true, false, false]	1	"{""000"": 0, ""100"": 140}"	5	6			../assets/composition/failure_videos/COMP_324/COMP_324_ep001_fail.mp4	../assets/composition/comparison_png/COMP_324__put_the_cream_cheese_box_the_milk_and_the_tomato_sauce_in_the_basket_one_after_another.png	0
COMP_325	C11_object_suite_basket_triples	Put the cream cheese box, the milk, and the butter in the basket one after another.	3	Put the cream cheese box in the basket | Put the milk in the basket | Put the butter in the basket	0	5	0.0	2	in(cream_cheese_1, basket_1_contain_region) | in(milk_1, basket_1_contain_region) | in(butter_1, basket_1_contain_region)	[141, null, null]	[true, false, false]	1	"{""000"": 0, ""100"": 141}"	5	6			../assets/composition/failure_videos/COMP_325/COMP_325_ep002_fail.mp4	../assets/composition/comparison_png/COMP_325__put_the_cream_cheese_box_the_milk_and_the_butter_in_the_basket_one_after_another.png	0
COMP_326	C11_object_suite_basket_triples	Put the cream cheese box, the milk, and the orange juice in the basket one after another.	3	Put the cream cheese box in the basket | Put the milk in the basket | Put the orange juice in the basket	0	5	0.0	0	in(cream_cheese_1, basket_1_contain_region) | in(milk_1, basket_1_contain_region) | in(orange_juice_1, basket_1_contain_region)	[144, null, null]	[true, false, false]	1	"{""000"": 0, ""100"": 144}"	5	6			../assets/composition/failure_videos/COMP_326/COMP_326_ep000_fail.mp4	../assets/composition/comparison_png/COMP_326__put_the_cream_cheese_box_the_milk_and_the_orange_juice_in_the_basket_one_after_another.png	0
COMP_327	C11_object_suite_basket_triples	Put the cream cheese box, the tomato sauce, and the butter in the basket one after another.	3	Put the cream cheese box in the basket | Put the tomato sauce in the basket | Put the butter in the basket	0	5	0.0	3	in(cream_cheese_1, basket_1_contain_region) | in(tomato_sauce_1, basket_1_contain_region) | in(butter_1, basket_1_contain_region)	[153, null, null]	[true, false, false]	1	"{""000"": 0, ""100"": 153}"	5	6			../assets/composition/failure_videos/COMP_327/COMP_327_ep003_fail.mp4	../assets/composition/comparison_png/COMP_327__put_the_cream_cheese_box_the_tomato_sauce_and_the_butter_in_the_basket_one_after_another.png	0
COMP_328	C11_object_suite_basket_triples	Put the cream cheese box, the tomato sauce, and the orange juice in the basket one after another.	3	Put the cream cheese box in the basket | Put the tomato sauce in the basket | Put the orange juice in the basket	0	5	0.0	0	in(cream_cheese_1, basket_1_contain_region) | in(tomato_sauce_1, basket_1_contain_region) | in(orange_juice_1, basket_1_contain_region)	[141, null, null]	[true, false, false]	1	"{""000"": 0, ""100"": 141}"	3	6			../assets/composition/failure_videos/COMP_328/COMP_328_ep000_fail.mp4	../assets/composition/comparison_png/COMP_328__put_the_cream_cheese_box_the_tomato_sauce_and_the_orange_juice_in_the_basket_one_after_another.png	0
COMP_329	C11_object_suite_basket_triples	Put the cream cheese box, the butter, and the orange juice in the basket one after another.	3	Put the cream cheese box in the basket | Put the butter in the basket | Put the orange juice in the basket	0	5	0.0	0	in(cream_cheese_1, basket_1_contain_region) | in(butter_1, basket_1_contain_region) | in(orange_juice_1, basket_1_contain_region)	[141, null, null]	[true, false, false]	1	"{""000"": 0, ""100"": 141}"	3	6			../assets/composition/failure_videos/COMP_329/COMP_329_ep000_fail.mp4	../assets/composition/comparison_png/COMP_329__put_the_cream_cheese_box_the_butter_and_the_orange_juice_in_the_basket_one_after_another.png	0
COMP_330	C11_object_suite_basket_triples	Put the alphabet soup, the milk, and the tomato sauce in the basket one after another.	3	Put the alphabet soup in the basket | Put the milk in the basket | Put the tomato sauce in the basket	0	5	0.0	0	in(alphabet_soup_1, basket_1_contain_region) | in(milk_1, basket_1_contain_region) | in(tomato_sauce_1, basket_1_contain_region)	[246, null, null]	[true, false, false]	1	"{""000"": 0, ""100"": 246}"	5	6			../assets/composition/failure_videos/COMP_330/COMP_330_ep000_fail.mp4	../assets/composition/comparison_png/COMP_330__put_the_alphabet_soup_the_milk_and_the_tomato_sauce_in_the_basket_one_after_another.png	0
COMP_331	C11_object_suite_basket_triples	Put the alphabet soup, the milk, and the butter in the basket one after another.	3	Put the alphabet soup in the basket | Put the milk in the basket | Put the butter in the basket	0	5	0.0	0	in(alphabet_soup_1, basket_1_contain_region) | in(milk_1, basket_1_contain_region) | in(butter_1, basket_1_contain_region)	[163, null, null]	[true, false, false]	1	"{""000"": 0, ""100"": 163}"	5	6			../assets/composition/failure_videos/COMP_331/COMP_331_ep000_fail.mp4	../assets/composition/comparison_png/COMP_331__put_the_alphabet_soup_the_milk_and_the_butter_in_the_basket_one_after_another.png	0
COMP_332	C11_object_suite_basket_triples	Put the alphabet soup, the milk, and the orange juice in the basket one after another.	3	Put the alphabet soup in the basket | Put the milk in the basket | Put the orange juice in the basket	0	5	0.0	0	in(alphabet_soup_1, basket_1_contain_region) | in(milk_1, basket_1_contain_region) | in(orange_juice_1, basket_1_contain_region)	[172, null, null]	[true, false, false]	1	"{""000"": 0, ""100"": 172}"	6	6			../assets/composition/failure_videos/COMP_332/COMP_332_ep000_fail.mp4	../assets/composition/comparison_png/COMP_332__put_the_alphabet_soup_the_milk_and_the_orange_juice_in_the_basket_one_after_another.png	0
COMP_333	C11_object_suite_basket_triples	Put the alphabet soup, the tomato sauce, and the butter in the basket one after another.	3	Put the alphabet soup in the basket | Put the tomato sauce in the basket | Put the butter in the basket	0	5	0.0	0	in(alphabet_soup_1, basket_1_contain_region) | in(tomato_sauce_1, basket_1_contain_region) | in(butter_1, basket_1_contain_region)	[241, null, null]	[true, false, false]	1	"{""000"": 0, ""100"": 241}"	3	6			../assets/composition/failure_videos/COMP_333/COMP_333_ep000_fail.mp4	../assets/composition/comparison_png/COMP_333__put_the_alphabet_soup_the_tomato_sauce_and_the_butter_in_the_basket_one_after_another.png	0
COMP_334	C11_object_suite_basket_triples	Put the alphabet soup, the tomato sauce, and the orange juice in the basket one after another.	3	Put the alphabet soup in the basket | Put the tomato sauce in the basket | Put the orange juice in the basket	0	5	0.0	0	in(alphabet_soup_1, basket_1_contain_region) | in(tomato_sauce_1, basket_1_contain_region) | in(orange_juice_1, basket_1_contain_region)	[172, null, null]	[true, false, false]	1	"{""000"": 0, ""100"": 172}"	3	6			../assets/composition/failure_videos/COMP_334/COMP_334_ep000_fail.mp4	../assets/composition/comparison_png/COMP_334__put_the_alphabet_soup_the_tomato_sauce_and_the_orange_juice_in_the_basket_one_after_another.png	0
COMP_335	C11_object_suite_basket_triples	Put the alphabet soup, the butter, and the orange juice in the basket one after another.	3	Put the alphabet soup in the basket | Put the butter in the basket | Put the orange juice in the basket	0	5	0.0	1	in(alphabet_soup_1, basket_1_contain_region) | in(butter_1, basket_1_contain_region) | in(orange_juice_1, basket_1_contain_region)	[null, 632, null]	[false, true, false]	1	"{""000"": 0, ""010"": 632}"	5	6			../assets/composition/failure_videos/COMP_335/COMP_335_ep001_fail.mp4	../assets/composition/comparison_png/COMP_335__put_the_alphabet_soup_the_butter_and_the_orange_juice_in_the_basket_one_after_another.png	0
COMP_336	C11_object_suite_basket_triples	Put the milk, the tomato sauce, and the butter in the basket one after another.	3	Put the milk in the basket | Put the tomato sauce in the basket | Put the butter in the basket	0	5	0.0	2	in(milk_1, basket_1_contain_region) | in(tomato_sauce_1, basket_1_contain_region) | in(butter_1, basket_1_contain_region)	[null, null, null]	[false, false, false]	0	"{""000"": 0}"	5	6			../assets/composition/failure_videos/COMP_336/COMP_336_ep002_fail.mp4	../assets/composition/comparison_png/COMP_336__put_the_milk_the_tomato_sauce_and_the_butter_in_the_basket_one_after_another.png	0
COMP_337	C11_object_suite_basket_triples	Put the milk, the tomato sauce, and the orange juice in the basket one after another.	3	Put the milk in the basket | Put the tomato sauce in the basket | Put the orange juice in the basket	0	5	0.0	2	in(milk_1, basket_1_contain_region) | in(tomato_sauce_1, basket_1_contain_region) | in(orange_juice_1, basket_1_contain_region)	[null, null, null]	[false, false, false]	0	"{""000"": 0}"	5	6			../assets/composition/failure_videos/COMP_337/COMP_337_ep002_fail.mp4	../assets/composition/comparison_png/COMP_337__put_the_milk_the_tomato_sauce_and_the_orange_juice_in_the_basket_one_after_another.png	0
COMP_338	C11_object_suite_basket_triples	Put the milk, the butter, and the orange juice in the basket one after another.	3	Put the milk in the basket | Put the butter in the basket | Put the orange juice in the basket	0	5	0.0	2	in(milk_1, basket_1_contain_region) | in(butter_1, basket_1_contain_region) | in(orange_juice_1, basket_1_contain_region)	[null, null, null]	[false, false, false]	0	"{""000"": 0}"	4	6			../assets/composition/failure_videos/COMP_338/COMP_338_ep002_fail.mp4	../assets/composition/comparison_png/COMP_338__put_the_milk_the_butter_and_the_orange_juice_in_the_basket_one_after_another.png	0
COMP_339	C11_object_suite_basket_triples	Put the tomato sauce, the butter, and the orange juice in the basket one after another.	3	Put the tomato sauce in the basket | Put the butter in the basket | Put the orange juice in the basket	0	5	0.0	0	in(tomato_sauce_1, basket_1_contain_region) | in(butter_1, basket_1_contain_region) | in(orange_juice_1, basket_1_contain_region)	[null, null, null]	[false, false, false]	0	"{""000"": 0}"	1	6			../assets/composition/failure_videos/COMP_339/COMP_339_ep000_fail.mp4	../assets/composition/comparison_png/COMP_339__put_the_tomato_sauce_the_butter_and_the_orange_juice_in_the_basket_one_after_another.png	0
COMP_340	C11_object_suite_basket_triples	Put the ketchup, the bbq sauce, and the salad dressing in the basket one after another.	3	Put the ketchup in the basket | Put the bbq sauce in the basket | Put the salad dressing in the basket	0	5	0.0	1	in(ketchup_1, basket_1_contain_region) | in(bbq_sauce_1, basket_1_contain_region) | in(salad_dressing_1, basket_1_contain_region)	[152, 370, null]	[true, true, false]	2	"{""000"": 0, ""100"": 152, ""110"": 370}"	6	6	ordered instruction prefix	Put the ketchup in the basket, and then put the bbq sauce in the basket.	../assets/composition/failure_videos/COMP_340/COMP_340_ep001_fail.mp4	../assets/composition/comparison_png/COMP_340__put_the_ketchup_the_bbq_sauce_and_the_salad_dressing_in_the_basket_one_after_another.png	0
COMP_341	C11_object_suite_basket_triples	Put the ketchup, the bbq sauce, and the alphabet soup in the basket one after another.	3	Put the ketchup in the basket | Put the bbq sauce in the basket | Put the alphabet soup in the basket	0	5	0.0	2	in(ketchup_1, basket_1_contain_region) | in(bbq_sauce_1, basket_1_contain_region) | in(alphabet_soup_1, basket_1_contain_region)	[151, 329, null]	[true, true, false]	2	"{""000"": 0, ""100"": 151, ""110"": 329}"	6	6	ordered instruction prefix	Put the ketchup in the basket, and then put the bbq sauce in the basket.	../assets/composition/failure_videos/COMP_341/COMP_341_ep002_fail.mp4	../assets/composition/comparison_png/COMP_341__put_the_ketchup_the_bbq_sauce_and_the_alphabet_soup_in_the_basket_one_after_another.png	0
COMP_342	C11_object_suite_basket_triples	Put the ketchup, the bbq sauce, and the cream cheese box in the basket one after another.	3	Put the ketchup in the basket | Put the bbq sauce in the basket | Put the cream cheese box in the basket	0	5	0.0	0	in(ketchup_1, basket_1_contain_region) | in(bbq_sauce_1, basket_1_contain_region) | in(cream_cheese_1, basket_1_contain_region)	[160, 586, null]	[true, true, false]	2	"{""000"": 0, ""100"": 160, ""110"": 586}"	5	6	ordered instruction prefix	Put the ketchup in the basket, and then put the bbq sauce in the basket.	../assets/composition/failure_videos/COMP_342/COMP_342_ep000_fail.mp4	../assets/composition/comparison_png/COMP_342__put_the_ketchup_the_bbq_sauce_and_the_cream_cheese_box_in_the_basket_one_after_another.png	0
COMP_343	C11_object_suite_basket_triples	Put the ketchup, the bbq sauce, and the milk in the basket one after another.	3	Put the ketchup in the basket | Put the bbq sauce in the basket | Put the milk in the basket	0	5	0.0	1	in(ketchup_1, basket_1_contain_region) | in(bbq_sauce_1, basket_1_contain_region) | in(milk_1, basket_1_contain_region)	[152, null, null]	[true, false, false]	1	"{""000"": 0, ""100"": 152}"	6	6			../assets/composition/failure_videos/COMP_343/COMP_343_ep001_fail.mp4	../assets/composition/comparison_png/COMP_343__put_the_ketchup_the_bbq_sauce_and_the_milk_in_the_basket_one_after_another.png	0
COMP_344	C11_object_suite_basket_triples	Put the ketchup, the salad dressing, and the alphabet soup in the basket one after another.	3	Put the ketchup in the basket | Put the salad dressing in the basket | Put the alphabet soup in the basket	0	5	0.0	0	in(ketchup_1, basket_1_contain_region) | in(salad_dressing_1, basket_1_contain_region) | in(alphabet_soup_1, basket_1_contain_region)	[160, null, null]	[true, false, false]	1	"{""000"": 0, ""100"": 160}"	5	6			../assets/composition/failure_videos/COMP_344/COMP_344_ep000_fail.mp4	../assets/composition/comparison_png/COMP_344__put_the_ketchup_the_salad_dressing_and_the_alphabet_soup_in_the_basket_one_after_another.png	0
COMP_345	C11_object_suite_basket_triples	Put the ketchup, the salad dressing, and the cream cheese box in the basket one after another.	3	Put the ketchup in the basket | Put the salad dressing in the basket | Put the cream cheese box in the basket	0	5	0.0	2	in(ketchup_1, basket_1_contain_region) | in(salad_dressing_1, basket_1_contain_region) | in(cream_cheese_1, basket_1_contain_region)	[151, null, null]	[true, false, false]	1	"{""000"": 0, ""100"": 151}"	6	6			../assets/composition/failure_videos/COMP_345/COMP_345_ep002_fail.mp4	../assets/composition/comparison_png/COMP_345__put_the_ketchup_the_salad_dressing_and_the_cream_cheese_box_in_the_basket_one_after_another.png	0
COMP_346	C11_object_suite_basket_triples	Put the ketchup, the salad dressing, and the milk in the basket one after another.	3	Put the ketchup in the basket | Put the salad dressing in the basket | Put the milk in the basket	0	5	0.0	1	in(ketchup_1, basket_1_contain_region) | in(salad_dressing_1, basket_1_contain_region) | in(milk_1, basket_1_contain_region)	[152, null, null]	[true, false, false]	1	"{""000"": 0, ""100"": 152}"	6	6			../assets/composition/failure_videos/COMP_346/COMP_346_ep001_fail.mp4	../assets/composition/comparison_png/COMP_346__put_the_ketchup_the_salad_dressing_and_the_milk_in_the_basket_one_after_another.png	0
COMP_347	C11_object_suite_basket_triples	Put the ketchup, the alphabet soup, and the cream cheese box in the basket one after another.	3	Put the ketchup in the basket | Put the alphabet soup in the basket | Put the cream cheese box in the basket	0	5	0.0	1	in(ketchup_1, basket_1_contain_region) | in(alphabet_soup_1, basket_1_contain_region) | in(cream_cheese_1, basket_1_contain_region)	[153, null, null]	[true, false, false]	1	"{""000"": 0, ""100"": 153}"	5	6			../assets/composition/failure_videos/COMP_347/COMP_347_ep001_fail.mp4	../assets/composition/comparison_png/COMP_347__put_the_ketchup_the_alphabet_soup_and_the_cream_cheese_box_in_the_basket_one_after_another.png	0
COMP_348	C11_object_suite_basket_triples	Put the ketchup, the alphabet soup, and the milk in the basket one after another.	3	Put the ketchup in the basket | Put the alphabet soup in the basket | Put the milk in the basket	0	5	0.0	1	in(ketchup_1, basket_1_contain_region) | in(alphabet_soup_1, basket_1_contain_region) | in(milk_1, basket_1_contain_region)	[153, null, null]	[true, false, false]	1	"{""000"": 0, ""100"": 153}"	5	6			../assets/composition/failure_videos/COMP_348/COMP_348_ep001_fail.mp4	../assets/composition/comparison_png/COMP_348__put_the_ketchup_the_alphabet_soup_and_the_milk_in_the_basket_one_after_another.png	0
COMP_349	C11_object_suite_basket_triples	Put the ketchup, the cream cheese box, and the milk in the basket one after another.	3	Put the ketchup in the basket | Put the cream cheese box in the basket | Put the milk in the basket	0	5	0.0	0	in(ketchup_1, basket_1_contain_region) | in(cream_cheese_1, basket_1_contain_region) | in(milk_1, basket_1_contain_region)	[159, null, null]	[true, false, false]	1	"{""000"": 0, ""100"": 159}"	6	6			../assets/composition/failure_videos/COMP_349/COMP_349_ep000_fail.mp4	../assets/composition/comparison_png/COMP_349__put_the_ketchup_the_cream_cheese_box_and_the_milk_in_the_basket_one_after_another.png	0
COMP_350	C11_object_suite_basket_triples	Put the bbq sauce, the salad dressing, and the alphabet soup in the basket one after another.	3	Put the bbq sauce in the basket | Put the salad dressing in the basket | Put the alphabet soup in the basket	0	5	0.0	0	in(bbq_sauce_1, basket_1_contain_region) | in(salad_dressing_1, basket_1_contain_region) | in(alphabet_soup_1, basket_1_contain_region)	[null, null, null]	[false, false, false]	0	"{""000"": 0}"	6	6			../assets/composition/failure_videos/COMP_350/COMP_350_ep000_fail.mp4	../assets/composition/comparison_png/COMP_350__put_the_bbq_sauce_the_salad_dressing_and_the_alphabet_soup_in_the_basket_one_after_another.png	0
COMP_351	C11_object_suite_basket_triples	Put the bbq sauce, the salad dressing, and the cream cheese box in the basket one after another.	3	Put the bbq sauce in the basket | Put the salad dressing in the basket | Put the cream cheese box in the basket	0	5	0.0	3	in(bbq_sauce_1, basket_1_contain_region) | in(salad_dressing_1, basket_1_contain_region) | in(cream_cheese_1, basket_1_contain_region)	[null, null, null]	[false, false, false]	0	"{""000"": 0}"	6	6			../assets/composition/failure_videos/COMP_351/COMP_351_ep003_fail.mp4	../assets/composition/comparison_png/COMP_351__put_the_bbq_sauce_the_salad_dressing_and_the_cream_cheese_box_in_the_basket_one_after_another.png	0
COMP_352	C11_object_suite_basket_triples	Put the bbq sauce, the salad dressing, and the milk in the basket one after another.	3	Put the bbq sauce in the basket | Put the salad dressing in the basket | Put the milk in the basket	0	5	0.0	0	in(bbq_sauce_1, basket_1_contain_region) | in(salad_dressing_1, basket_1_contain_region) | in(milk_1, basket_1_contain_region)	[null, null, null]	[false, false, false]	0	"{""000"": 0}"	5	6			../assets/composition/failure_videos/COMP_352/COMP_352_ep000_fail.mp4	../assets/composition/comparison_png/COMP_352__put_the_bbq_sauce_the_salad_dressing_and_the_milk_in_the_basket_one_after_another.png	0
COMP_353	C11_object_suite_basket_triples	Put the bbq sauce, the alphabet soup, and the cream cheese box in the basket one after another.	3	Put the bbq sauce in the basket | Put the alphabet soup in the basket | Put the cream cheese box in the basket	0	5	0.0	0	in(bbq_sauce_1, basket_1_contain_region) | in(alphabet_soup_1, basket_1_contain_region) | in(cream_cheese_1, basket_1_contain_region)	[null, null, null]	[false, false, false]	0	"{""000"": 0}"	3	6			../assets/composition/failure_videos/COMP_353/COMP_353_ep000_fail.mp4	../assets/composition/comparison_png/COMP_353__put_the_bbq_sauce_the_alphabet_soup_and_the_cream_cheese_box_in_the_basket_one_after_another.png	0
COMP_354	C11_object_suite_basket_triples	Put the bbq sauce, the alphabet soup, and the milk in the basket one after another.	3	Put the bbq sauce in the basket | Put the alphabet soup in the basket | Put the milk in the basket	0	5	0.0	3	in(bbq_sauce_1, basket_1_contain_region) | in(alphabet_soup_1, basket_1_contain_region) | in(milk_1, basket_1_contain_region)	[null, null, null]	[false, false, false]	0	"{""000"": 0}"	6	6			../assets/composition/failure_videos/COMP_354/COMP_354_ep003_fail.mp4	../assets/composition/comparison_png/COMP_354__put_the_bbq_sauce_the_alphabet_soup_and_the_milk_in_the_basket_one_after_another.png	0
COMP_355	C11_object_suite_basket_triples	Put the bbq sauce, the cream cheese box, and the milk in the basket one after another.	3	Put the bbq sauce in the basket | Put the cream cheese box in the basket | Put the milk in the basket	0	5	0.0	0	in(bbq_sauce_1, basket_1_contain_region) | in(cream_cheese_1, basket_1_contain_region) | in(milk_1, basket_1_contain_region)	[null, null, null]	[false, false, false]	0	"{""000"": 0}"	3	6			../assets/composition/failure_videos/COMP_355/COMP_355_ep000_fail.mp4	../assets/composition/comparison_png/COMP_355__put_the_bbq_sauce_the_cream_cheese_box_and_the_milk_in_the_basket_one_after_another.png	0
COMP_356	C11_object_suite_basket_triples	Put the salad dressing, the alphabet soup, and the cream cheese box in the basket one after another.	3	Put the salad dressing in the basket | Put the alphabet soup in the basket | Put the cream cheese box in the basket	0	5	0.0	1	in(salad_dressing_1, basket_1_contain_region) | in(alphabet_soup_1, basket_1_contain_region) | in(cream_cheese_1, basket_1_contain_region)	[null, null, null]	[false, false, false]	0	"{""000"": 0}"	5	6			../assets/composition/failure_videos/COMP_356/COMP_356_ep001_fail.mp4	../assets/composition/comparison_png/COMP_356__put_the_salad_dressing_the_alphabet_soup_and_the_cream_cheese_box_in_the_basket_one_after_another.png	0
COMP_357	C11_object_suite_basket_triples	Put the salad dressing, the alphabet soup, and the milk in the basket one after another.	3	Put the salad dressing in the basket | Put the alphabet soup in the basket | Put the milk in the basket	0	5	0.0	1	in(salad_dressing_1, basket_1_contain_region) | in(alphabet_soup_1, basket_1_contain_region) | in(milk_1, basket_1_contain_region)	[null, null, null]	[false, false, false]	0	"{""000"": 0}"	5	6			../assets/composition/failure_videos/COMP_357/COMP_357_ep001_fail.mp4	../assets/composition/comparison_png/COMP_357__put_the_salad_dressing_the_alphabet_soup_and_the_milk_in_the_basket_one_after_another.png	0
COMP_358	C11_object_suite_basket_triples	Put the salad dressing, the cream cheese box, and the milk in the basket one after another.	3	Put the salad dressing in the basket | Put the cream cheese box in the basket | Put the milk in the basket	0	5	0.0	2	in(salad_dressing_1, basket_1_contain_region) | in(cream_cheese_1, basket_1_contain_region) | in(milk_1, basket_1_contain_region)	[null, null, null]	[false, false, false]	0	"{""000"": 0}"	6	6			../assets/composition/failure_videos/COMP_358/COMP_358_ep002_fail.mp4	../assets/composition/comparison_png/COMP_358__put_the_salad_dressing_the_cream_cheese_box_and_the_milk_in_the_basket_one_after_another.png	0
COMP_359	C11_object_suite_basket_triples	Put the alphabet soup, the cream cheese box, and the milk in the basket one after another.	3	Put the alphabet soup in the basket | Put the cream cheese box in the basket | Put the milk in the basket	0	5	0.0	1	in(alphabet_soup_1, basket_1_contain_region) | in(cream_cheese_1, basket_1_contain_region) | in(milk_1, basket_1_contain_region)	[null, null, null]	[false, false, false]	0	"{""000"": 0}"	3	6			../assets/composition/failure_videos/COMP_359/COMP_359_ep001_fail.mp4	../assets/composition/comparison_png/COMP_359__put_the_alphabet_soup_the_cream_cheese_box_and_the_milk_in_the_basket_one_after_another.png	0
COMP_360	C11_object_suite_basket_triples	Put the milk, the cream cheese box, and the tomato sauce in the basket one after another.	3	Put the milk in the basket | Put the cream cheese box in the basket | Put the tomato sauce in the basket	0	5	0.0	0	in(milk_1, basket_1_contain_region) | in(cream_cheese_1, basket_1_contain_region) | in(tomato_sauce_1, basket_1_contain_region)	[146, null, null]	[true, false, false]	1	"{""000"": 0, ""100"": 146}"	6	6			../assets/composition/failure_videos/COMP_360/COMP_360_ep000_fail.mp4	../assets/composition/comparison_png/COMP_360__put_the_milk_the_cream_cheese_box_and_the_tomato_sauce_in_the_basket_one_after_another.png	0
COMP_361	C11_object_suite_basket_triples	Put the milk, the cream cheese box, and the butter in the basket one after another.	3	Put the milk in the basket | Put the cream cheese box in the basket | Put the butter in the basket	0	5	0.0	3	in(milk_1, basket_1_contain_region) | in(cream_cheese_1, basket_1_contain_region) | in(butter_1, basket_1_contain_region)	[141, null, null]	[true, false, false]	1	"{""000"": 0, ""100"": 141}"	6	6			../assets/composition/failure_videos/COMP_361/COMP_361_ep003_fail.mp4	../assets/composition/comparison_png/COMP_361__put_the_milk_the_cream_cheese_box_and_the_butter_in_the_basket_one_after_another.png	0
COMP_362	C11_object_suite_basket_triples	Put the milk, the cream cheese box, and the orange juice in the basket one after another.	3	Put the milk in the basket | Put the cream cheese box in the basket | Put the orange juice in the basket	0	5	0.0	0	in(milk_1, basket_1_contain_region) | in(cream_cheese_1, basket_1_contain_region) | in(orange_juice_1, basket_1_contain_region)	[141, null, null]	[true, false, false]	1	"{""000"": 0, ""100"": 141}"	6	6			../assets/composition/failure_videos/COMP_362/COMP_362_ep000_fail.mp4	../assets/composition/comparison_png/COMP_362__put_the_milk_the_cream_cheese_box_and_the_orange_juice_in_the_basket_one_after_another.png	0
COMP_363	C11_object_suite_basket_triples	Put the milk, the cream cheese box, and the chocolate pudding in the basket one after another.	3	Put the milk in the basket | Put the cream cheese box in the basket | Put the chocolate pudding in the basket	0	5	0.0	0	in(milk_1, basket_1_contain_region) | in(cream_cheese_1, basket_1_contain_region) | in(chocolate_pudding_1, basket_1_contain_region)	[146, null, null]	[true, false, false]	1	"{""000"": 0, ""100"": 146}"	6	6			../assets/composition/failure_videos/COMP_363/COMP_363_ep000_fail.mp4	../assets/composition/comparison_png/COMP_363__put_the_milk_the_cream_cheese_box_and_the_chocolate_pudding_in_the_basket_one_after_another.png	0
COMP_364	C11_object_suite_basket_triples	Put the milk, the tomato sauce, and the butter in the basket one after another.	3	Put the milk in the basket | Put the tomato sauce in the basket | Put the butter in the basket	0	5	0.0	3	in(milk_1, basket_1_contain_region) | in(tomato_sauce_1, basket_1_contain_region) | in(butter_1, basket_1_contain_region)	[141, null, null]	[true, false, false]	1	"{""000"": 0, ""100"": 141}"	6	6			../assets/composition/failure_videos/COMP_364/COMP_364_ep003_fail.mp4	../assets/composition/comparison_png/COMP_364__put_the_milk_the_tomato_sauce_and_the_butter_in_the_basket_one_after_another.png	0
COMP_365	C11_object_suite_basket_triples	Put the milk, the tomato sauce, and the orange juice in the basket one after another.	3	Put the milk in the basket | Put the tomato sauce in the basket | Put the orange juice in the basket	0	5	0.0	0	in(milk_1, basket_1_contain_region) | in(tomato_sauce_1, basket_1_contain_region) | in(orange_juice_1, basket_1_contain_region)	[147, null, null]	[true, false, false]	1	"{""000"": 0, ""100"": 147}"	6	6			../assets/composition/failure_videos/COMP_365/COMP_365_ep000_fail.mp4	../assets/composition/comparison_png/COMP_365__put_the_milk_the_tomato_sauce_and_the_orange_juice_in_the_basket_one_after_another.png	0
COMP_366	C11_object_suite_basket_triples	Put the milk, the tomato sauce, and the chocolate pudding in the basket one after another.	3	Put the milk in the basket | Put the tomato sauce in the basket | Put the chocolate pudding in the basket	0	5	0.0	1	in(milk_1, basket_1_contain_region) | in(tomato_sauce_1, basket_1_contain_region) | in(chocolate_pudding_1, basket_1_contain_region)	[145, null, null]	[true, false, false]	1	"{""000"": 0, ""100"": 145}"	6	6			../assets/composition/failure_videos/COMP_366/COMP_366_ep001_fail.mp4	../assets/composition/comparison_png/COMP_366__put_the_milk_the_tomato_sauce_and_the_chocolate_pudding_in_the_basket_one_after_another.png	0
COMP_367	C11_object_suite_basket_triples	Put the milk, the butter, and the orange juice in the basket one after another.	3	Put the milk in the basket | Put the butter in the basket | Put the orange juice in the basket	0	5	0.0	3	in(milk_1, basket_1_contain_region) | in(butter_1, basket_1_contain_region) | in(orange_juice_1, basket_1_contain_region)	[155, null, null]	[true, false, false]	1	"{""000"": 0, ""100"": 155}"	6	6			../assets/composition/failure_videos/COMP_367/COMP_367_ep003_fail.mp4	../assets/composition/comparison_png/COMP_367__put_the_milk_the_butter_and_the_orange_juice_in_the_basket_one_after_another.png	0
COMP_368	C11_object_suite_basket_triples	Put the milk, the butter, and the chocolate pudding in the basket one after another.	3	Put the milk in the basket | Put the butter in the basket | Put the chocolate pudding in the basket	0	5	0.0	1	in(milk_1, basket_1_contain_region) | in(butter_1, basket_1_contain_region) | in(chocolate_pudding_1, basket_1_contain_region)	[146, null, null]	[true, false, false]	1	"{""000"": 0, ""100"": 146}"	6	6			../assets/composition/failure_videos/COMP_368/COMP_368_ep001_fail.mp4	../assets/composition/comparison_png/COMP_368__put_the_milk_the_butter_and_the_chocolate_pudding_in_the_basket_one_after_another.png	0
COMP_369	C11_object_suite_basket_triples	Put the milk, the orange juice, and the chocolate pudding in the basket one after another.	3	Put the milk in the basket | Put the orange juice in the basket | Put the chocolate pudding in the basket	0	5	0.0	0	in(milk_1, basket_1_contain_region) | in(orange_juice_1, basket_1_contain_region) | in(chocolate_pudding_1, basket_1_contain_region)	[142, null, null]	[true, false, false]	1	"{""000"": 0, ""100"": 142}"	6	6			../assets/composition/failure_videos/COMP_369/COMP_369_ep000_fail.mp4	../assets/composition/comparison_png/COMP_369__put_the_milk_the_orange_juice_and_the_chocolate_pudding_in_the_basket_one_after_another.png	0
COMP_370	C11_object_suite_basket_triples	Put the cream cheese box, the tomato sauce, and the butter in the basket one after another.	3	Put the cream cheese box in the basket | Put the tomato sauce in the basket | Put the butter in the basket	0	5	0.0	3	in(cream_cheese_1, basket_1_contain_region) | in(tomato_sauce_1, basket_1_contain_region) | in(butter_1, basket_1_contain_region)	[200, null, null]	[true, false, false]	1	"{""000"": 0, ""100"": 200}"	6	6			../assets/composition/failure_videos/COMP_370/COMP_370_ep003_fail.mp4	../assets/composition/comparison_png/COMP_370__put_the_cream_cheese_box_the_tomato_sauce_and_the_butter_in_the_basket_one_after_another.png	0
COMP_371	C11_object_suite_basket_triples	Put the cream cheese box, the tomato sauce, and the orange juice in the basket one after another.	3	Put the cream cheese box in the basket | Put the tomato sauce in the basket | Put the orange juice in the basket	0	5	0.0	1	in(cream_cheese_1, basket_1_contain_region) | in(tomato_sauce_1, basket_1_contain_region) | in(orange_juice_1, basket_1_contain_region)	[195, null, null]	[true, false, false]	1	"{""000"": 0, ""100"": 195}"	6	6			../assets/composition/failure_videos/COMP_371/COMP_371_ep001_fail.mp4	../assets/composition/comparison_png/COMP_371__put_the_cream_cheese_box_the_tomato_sauce_and_the_orange_juice_in_the_basket_one_after_another.png	0
COMP_372	C11_object_suite_basket_triples	Put the cream cheese box, the tomato sauce, and the chocolate pudding in the basket one after another.	3	Put the cream cheese box in the basket | Put the tomato sauce in the basket | Put the chocolate pudding in the basket	0	5	0.0	0	in(cream_cheese_1, basket_1_contain_region) | in(tomato_sauce_1, basket_1_contain_region) | in(chocolate_pudding_1, basket_1_contain_region)	[null, null, null]	[false, false, false]	0	"{""000"": 0}"	5	6			../assets/composition/failure_videos/COMP_372/COMP_372_ep000_fail.mp4	../assets/composition/comparison_png/COMP_372__put_the_cream_cheese_box_the_tomato_sauce_and_the_chocolate_pudding_in_the_basket_one_after_another.png	0
COMP_373	C11_object_suite_basket_triples	Put the cream cheese box, the butter, and the orange juice in the basket one after another.	3	Put the cream cheese box in the basket | Put the butter in the basket | Put the orange juice in the basket	0	5	0.0	1	in(cream_cheese_1, basket_1_contain_region) | in(butter_1, basket_1_contain_region) | in(orange_juice_1, basket_1_contain_region)	[184, null, null]	[true, false, false]	1	"{""000"": 0, ""100"": 184}"	6	6			../assets/composition/failure_videos/COMP_373/COMP_373_ep001_fail.mp4	../assets/composition/comparison_png/COMP_373__put_the_cream_cheese_box_the_butter_and_the_orange_juice_in_the_basket_one_after_another.png	0
COMP_374	C11_object_suite_basket_triples	Put the cream cheese box, the butter, and the chocolate pudding in the basket one after another.	3	Put the cream cheese box in the basket | Put the butter in the basket | Put the chocolate pudding in the basket	0	5	0.0	4	in(cream_cheese_1, basket_1_contain_region) | in(butter_1, basket_1_contain_region) | in(chocolate_pudding_1, basket_1_contain_region)	[391, null, null]	[true, false, false]	1	"{""000"": 0, ""100"": 391}"	6	6			../assets/composition/failure_videos/COMP_374/COMP_374_ep004_fail.mp4	../assets/composition/comparison_png/COMP_374__put_the_cream_cheese_box_the_butter_and_the_chocolate_pudding_in_the_basket_one_after_another.png	0
COMP_375	C11_object_suite_basket_triples	Put the cream cheese box, the orange juice, and the chocolate pudding in the basket one after another.	3	Put the cream cheese box in the basket | Put the orange juice in the basket | Put the chocolate pudding in the basket	0	5	0.0	1	in(cream_cheese_1, basket_1_contain_region) | in(orange_juice_1, basket_1_contain_region) | in(chocolate_pudding_1, basket_1_contain_region)	[233, null, null]	[true, false, false]	1	"{""000"": 0, ""100"": 233}"	6	6			../assets/composition/failure_videos/COMP_375/COMP_375_ep001_fail.mp4	../assets/composition/comparison_png/COMP_375__put_the_cream_cheese_box_the_orange_juice_and_the_chocolate_pudding_in_the_basket_one_after_another.png	0
COMP_376	C11_object_suite_basket_triples	Put the tomato sauce, the butter, and the orange juice in the basket one after another.	3	Put the tomato sauce in the basket | Put the butter in the basket | Put the orange juice in the basket	0	5	0.0	4	in(tomato_sauce_1, basket_1_contain_region) | in(butter_1, basket_1_contain_region) | in(orange_juice_1, basket_1_contain_region)	[null, null, null]	[false, false, false]	0	"{""000"": 0}"	3	6			../assets/composition/failure_videos/COMP_376/COMP_376_ep004_fail.mp4	../assets/composition/comparison_png/COMP_376__put_the_tomato_sauce_the_butter_and_the_orange_juice_in_the_basket_one_after_another.png	0
COMP_377	C11_object_suite_basket_triples	Put the tomato sauce, the butter, and the chocolate pudding in the basket one after another.	3	Put the tomato sauce in the basket | Put the butter in the basket | Put the chocolate pudding in the basket	0	5	0.0	0	in(tomato_sauce_1, basket_1_contain_region) | in(butter_1, basket_1_contain_region) | in(chocolate_pudding_1, basket_1_contain_region)	[null, null, null]	[false, false, false]	0	"{""000"": 0}"	3	6			../assets/composition/failure_videos/COMP_377/COMP_377_ep000_fail.mp4	../assets/composition/comparison_png/COMP_377__put_the_tomato_sauce_the_butter_and_the_chocolate_pudding_in_the_basket_one_after_another.png	0
COMP_378	C11_object_suite_basket_triples	Put the tomato sauce, the orange juice, and the chocolate pudding in the basket one after another.	3	Put the tomato sauce in the basket | Put the orange juice in the basket | Put the chocolate pudding in the basket	0	5	0.0	0	in(tomato_sauce_1, basket_1_contain_region) | in(orange_juice_1, basket_1_contain_region) | in(chocolate_pudding_1, basket_1_contain_region)	[null, null, null]	[false, false, false]	0	"{""000"": 0}"	6	6			../assets/composition/failure_videos/COMP_378/COMP_378_ep000_fail.mp4	../assets/composition/comparison_png/COMP_378__put_the_tomato_sauce_the_orange_juice_and_the_chocolate_pudding_in_the_basket_one_after_another.png	0
COMP_379	C11_object_suite_basket_triples	Put the butter, the orange juice, and the chocolate pudding in the basket one after another.	3	Put the butter in the basket | Put the orange juice in the basket | Put the chocolate pudding in the basket	0	5	0.0	0	in(butter_1, basket_1_contain_region) | in(orange_juice_1, basket_1_contain_region) | in(chocolate_pudding_1, basket_1_contain_region)	[null, null, null]	[false, false, false]	0	"{""000"": 0}"	6	6			../assets/composition/failure_videos/COMP_379/COMP_379_ep000_fail.mp4	../assets/composition/comparison_png/COMP_379__put_the_butter_the_orange_juice_and_the_chocolate_pudding_in_the_basket_one_after_another.png	0
COMP_380	C11_object_suite_basket_triples	Put the orange juice, the butter, and the chocolate pudding in the basket one after another.	3	Put the orange juice in the basket | Put the butter in the basket | Put the chocolate pudding in the basket	0	5	0.0	1	in(orange_juice_1, basket_1_contain_region) | in(butter_1, basket_1_contain_region) | in(chocolate_pudding_1, basket_1_contain_region)	[135, null, null]	[true, false, false]	1	"{""000"": 0, ""100"": 135}"	6	6			../assets/composition/failure_videos/COMP_380/COMP_380_ep001_fail.mp4	../assets/composition/comparison_png/COMP_380__put_the_orange_juice_the_butter_and_the_chocolate_pudding_in_the_basket_one_after_another.png	0
COMP_381	C11_object_suite_basket_triples	Put the orange juice, the butter, and the bbq sauce in the basket one after another.	3	Put the orange juice in the basket | Put the butter in the basket | Put the bbq sauce in the basket	0	5	0.0	3	in(orange_juice_1, basket_1_contain_region) | in(butter_1, basket_1_contain_region) | in(bbq_sauce_1, basket_1_contain_region)	[135, null, null]	[true, false, false]	1	"{""000"": 0, ""100"": 135}"	6	6			../assets/composition/failure_videos/COMP_381/COMP_381_ep003_fail.mp4	../assets/composition/comparison_png/COMP_381__put_the_orange_juice_the_butter_and_the_bbq_sauce_in_the_basket_one_after_another.png	0
COMP_382	C11_object_suite_basket_triples	Put the orange juice, the butter, and the ketchup in the basket one after another.	3	Put the orange juice in the basket | Put the butter in the basket | Put the ketchup in the basket	0	5	0.0	2	in(orange_juice_1, basket_1_contain_region) | in(butter_1, basket_1_contain_region) | in(ketchup_1, basket_1_contain_region)	[137, null, null]	[true, false, false]	1	"{""000"": 0, ""100"": 137}"	4	6			../assets/composition/failure_videos/COMP_382/COMP_382_ep002_fail.mp4	../assets/composition/comparison_png/COMP_382__put_the_orange_juice_the_butter_and_the_ketchup_in_the_basket_one_after_another.png	0
COMP_383	C11_object_suite_basket_triples	Put the orange juice, the butter, and the salad dressing in the basket one after another.	3	Put the orange juice in the basket | Put the butter in the basket | Put the salad dressing in the basket	0	5	0.0	2	in(orange_juice_1, basket_1_contain_region) | in(butter_1, basket_1_contain_region) | in(salad_dressing_1, basket_1_contain_region)	[136, null, null]	[true, false, false]	1	"{""000"": 0, ""100"": 136}"	6	6			../assets/composition/failure_videos/COMP_383/COMP_383_ep002_fail.mp4	../assets/composition/comparison_png/COMP_383__put_the_orange_juice_the_butter_and_the_salad_dressing_in_the_basket_one_after_another.png	0
COMP_384	C11_object_suite_basket_triples	Put the orange juice, the chocolate pudding, and the bbq sauce in the basket one after another.	3	Put the orange juice in the basket | Put the chocolate pudding in the basket | Put the bbq sauce in the basket	0	5	0.0	2	in(orange_juice_1, basket_1_contain_region) | in(chocolate_pudding_1, basket_1_contain_region) | in(bbq_sauce_1, basket_1_contain_region)	[137, null, null]	[true, false, false]	1	"{""000"": 0, ""100"": 137}"	6	6			../assets/composition/failure_videos/COMP_384/COMP_384_ep002_fail.mp4	../assets/composition/comparison_png/COMP_384__put_the_orange_juice_the_chocolate_pudding_and_the_bbq_sauce_in_the_basket_one_after_another.png	0
COMP_385	C11_object_suite_basket_triples	Put the orange juice, the chocolate pudding, and the ketchup in the basket one after another.	3	Put the orange juice in the basket | Put the chocolate pudding in the basket | Put the ketchup in the basket	0	5	0.0	2	in(orange_juice_1, basket_1_contain_region) | in(chocolate_pudding_1, basket_1_contain_region) | in(ketchup_1, basket_1_contain_region)	[138, null, null]	[true, false, false]	1	"{""000"": 0, ""100"": 138}"	6	6			../assets/composition/failure_videos/COMP_385/COMP_385_ep002_fail.mp4	../assets/composition/comparison_png/COMP_385__put_the_orange_juice_the_chocolate_pudding_and_the_ketchup_in_the_basket_one_after_another.png	0
COMP_386	C11_object_suite_basket_triples	Put the orange juice, the chocolate pudding, and the salad dressing in the basket one after another.	3	Put the orange juice in the basket | Put the chocolate pudding in the basket | Put the salad dressing in the basket	0	5	0.0	3	in(orange_juice_1, basket_1_contain_region) | in(chocolate_pudding_1, basket_1_contain_region) | in(salad_dressing_1, basket_1_contain_region)	[133, null, null]	[true, false, false]	1	"{""000"": 0, ""100"": 133}"	6	6			../assets/composition/failure_videos/COMP_386/COMP_386_ep003_fail.mp4	../assets/composition/comparison_png/COMP_386__put_the_orange_juice_the_chocolate_pudding_and_the_salad_dressing_in_the_basket_one_after_another.png	0
COMP_387	C11_object_suite_basket_triples	Put the orange juice, the bbq sauce, and the ketchup in the basket one after another.	3	Put the orange juice in the basket | Put the bbq sauce in the basket | Put the ketchup in the basket	0	5	0.0	3	in(orange_juice_1, basket_1_contain_region) | in(bbq_sauce_1, basket_1_contain_region) | in(ketchup_1, basket_1_contain_region)	[134, null, null]	[true, false, false]	1	"{""000"": 0, ""100"": 134}"	6	6			../assets/composition/failure_videos/COMP_387/COMP_387_ep003_fail.mp4	../assets/composition/comparison_png/COMP_387__put_the_orange_juice_the_bbq_sauce_and_the_ketchup_in_the_basket_one_after_another.png	0
COMP_388	C11_object_suite_basket_triples	Put the orange juice, the bbq sauce, and the salad dressing in the basket one after another.	3	Put the orange juice in the basket | Put the bbq sauce in the basket | Put the salad dressing in the basket	0	5	0.0	0	in(orange_juice_1, basket_1_contain_region) | in(bbq_sauce_1, basket_1_contain_region) | in(salad_dressing_1, basket_1_contain_region)	[142, null, null]	[true, false, false]	1	"{""000"": 0, ""100"": 142}"	6	6			../assets/composition/failure_videos/COMP_388/COMP_388_ep000_fail.mp4	../assets/composition/comparison_png/COMP_388__put_the_orange_juice_the_bbq_sauce_and_the_salad_dressing_in_the_basket_one_after_another.png	0
COMP_389	C11_object_suite_basket_triples	Put the orange juice, the ketchup, and the salad dressing in the basket one after another.	3	Put the orange juice in the basket | Put the ketchup in the basket | Put the salad dressing in the basket	0	5	0.0	0	in(orange_juice_1, basket_1_contain_region) | in(ketchup_1, basket_1_contain_region) | in(salad_dressing_1, basket_1_contain_region)	[135, null, null]	[true, false, false]	1	"{""000"": 0, ""100"": 135}"	6	6			../assets/composition/failure_videos/COMP_389/COMP_389_ep000_fail.mp4	../assets/composition/comparison_png/COMP_389__put_the_orange_juice_the_ketchup_and_the_salad_dressing_in_the_basket_one_after_another.png	0
COMP_390	C11_object_suite_basket_triples	Put the butter, the chocolate pudding, and the bbq sauce in the basket one after another.	3	Put the butter in the basket | Put the chocolate pudding in the basket | Put the bbq sauce in the basket	0	5	0.0	1	in(butter_1, basket_1_contain_region) | in(chocolate_pudding_1, basket_1_contain_region) | in(bbq_sauce_1, basket_1_contain_region)	[207, 515, null]	[true, true, false]	2	"{""000"": 0, ""100"": 207, ""110"": 515}"	6	6	ordered instruction prefix	Put the butter in the basket, and then put the chocolate pudding in the basket.	../assets/composition/failure_videos/COMP_390/COMP_390_ep001_fail.mp4	../assets/composition/comparison_png/COMP_390__put_the_butter_the_chocolate_pudding_and_the_bbq_sauce_in_the_basket_one_after_another.png	0
COMP_391	C11_object_suite_basket_triples	Put the butter, the chocolate pudding, and the ketchup in the basket one after another.	3	Put the butter in the basket | Put the chocolate pudding in the basket | Put the ketchup in the basket	0	5	0.0	1	in(butter_1, basket_1_contain_region) | in(chocolate_pudding_1, basket_1_contain_region) | in(ketchup_1, basket_1_contain_region)	[207, 573, null]	[true, true, false]	2	"{""000"": 0, ""100"": 207, ""110"": 573}"	5	6	ordered instruction prefix	Put the butter in the basket, and then put the chocolate pudding in the basket.	../assets/composition/failure_videos/COMP_391/COMP_391_ep001_fail.mp4	../assets/composition/comparison_png/COMP_391__put_the_butter_the_chocolate_pudding_and_the_ketchup_in_the_basket_one_after_another.png	0
COMP_392	C11_object_suite_basket_triples	Put the butter, the chocolate pudding, and the salad dressing in the basket one after another.	3	Put the butter in the basket | Put the chocolate pudding in the basket | Put the salad dressing in the basket	0	5	0.0	4	in(butter_1, basket_1_contain_region) | in(chocolate_pudding_1, basket_1_contain_region) | in(salad_dressing_1, basket_1_contain_region)	[344, null, null]	[true, false, false]	1	"{""000"": 0, ""100"": 344}"	6	6			../assets/composition/failure_videos/COMP_392/COMP_392_ep004_fail.mp4	../assets/composition/comparison_png/COMP_392__put_the_butter_the_chocolate_pudding_and_the_salad_dressing_in_the_basket_one_after_another.png	0
COMP_393	C11_object_suite_basket_triples	Put the butter, the bbq sauce, and the ketchup in the basket one after another.	3	Put the butter in the basket | Put the bbq sauce in the basket | Put the ketchup in the basket	0	5	0.0	4	in(butter_1, basket_1_contain_region) | in(bbq_sauce_1, basket_1_contain_region) | in(ketchup_1, basket_1_contain_region)	[354, null, null]	[true, false, false]	1	"{""000"": 0, ""100"": 354}"	6	6			../assets/composition/failure_videos/COMP_393/COMP_393_ep004_fail.mp4	../assets/composition/comparison_png/COMP_393__put_the_butter_the_bbq_sauce_and_the_ketchup_in_the_basket_one_after_another.png	0
COMP_394	C11_object_suite_basket_triples	Put the butter, the bbq sauce, and the salad dressing in the basket one after another.	3	Put the butter in the basket | Put the bbq sauce in the basket | Put the salad dressing in the basket	0	5	0.0	1	in(butter_1, basket_1_contain_region) | in(bbq_sauce_1, basket_1_contain_region) | in(salad_dressing_1, basket_1_contain_region)	[205, null, null]	[true, false, false]	1	"{""000"": 0, ""100"": 205}"	4	6			../assets/composition/failure_videos/COMP_394/COMP_394_ep001_fail.mp4	../assets/composition/comparison_png/COMP_394__put_the_butter_the_bbq_sauce_and_the_salad_dressing_in_the_basket_one_after_another.png	0
COMP_395	C11_object_suite_basket_triples	Put the butter, the ketchup, and the salad dressing in the basket one after another.	3	Put the butter in the basket | Put the ketchup in the basket | Put the salad dressing in the basket	0	5	0.0	1	in(butter_1, basket_1_contain_region) | in(ketchup_1, basket_1_contain_region) | in(salad_dressing_1, basket_1_contain_region)	[206, null, null]	[true, false, false]	1	"{""000"": 0, ""100"": 206}"	6	6			../assets/composition/failure_videos/COMP_395/COMP_395_ep001_fail.mp4	../assets/composition/comparison_png/COMP_395__put_the_butter_the_ketchup_and_the_salad_dressing_in_the_basket_one_after_another.png	0
COMP_396	C11_object_suite_basket_triples	Put the chocolate pudding, the bbq sauce, and the ketchup in the basket one after another.	3	Put the chocolate pudding in the basket | Put the bbq sauce in the basket | Put the ketchup in the basket	0	5	0.0	4	in(chocolate_pudding_1, basket_1_contain_region) | in(bbq_sauce_1, basket_1_contain_region) | in(ketchup_1, basket_1_contain_region)	[null, null, null]	[false, false, false]	0	"{""000"": 0}"	6	6			../assets/composition/failure_videos/COMP_396/COMP_396_ep004_fail.mp4	../assets/composition/comparison_png/COMP_396__put_the_chocolate_pudding_the_bbq_sauce_and_the_ketchup_in_the_basket_one_after_another.png	0
COMP_397	C11_object_suite_basket_triples	Put the chocolate pudding, the bbq sauce, and the salad dressing in the basket one after another.	3	Put the chocolate pudding in the basket | Put the bbq sauce in the basket | Put the salad dressing in the basket	0	5	0.0	4	in(chocolate_pudding_1, basket_1_contain_region) | in(bbq_sauce_1, basket_1_contain_region) | in(salad_dressing_1, basket_1_contain_region)	[null, null, null]	[false, false, false]	0	"{""000"": 0}"	6	6			../assets/composition/failure_videos/COMP_397/COMP_397_ep004_fail.mp4	../assets/composition/comparison_png/COMP_397__put_the_chocolate_pudding_the_bbq_sauce_and_the_salad_dressing_in_the_basket_one_after_another.png	0
COMP_398	C11_object_suite_basket_triples	Put the chocolate pudding, the ketchup, and the salad dressing in the basket one after another.	3	Put the chocolate pudding in the basket | Put the ketchup in the basket | Put the salad dressing in the basket	0	5	0.0	2	in(chocolate_pudding_1, basket_1_contain_region) | in(ketchup_1, basket_1_contain_region) | in(salad_dressing_1, basket_1_contain_region)	[null, null, null]	[false, false, false]	0	"{""000"": 0}"	6	6			../assets/composition/failure_videos/COMP_398/COMP_398_ep002_fail.mp4	../assets/composition/comparison_png/COMP_398__put_the_chocolate_pudding_the_ketchup_and_the_salad_dressing_in_the_basket_one_after_another.png	0
COMP_399	C11_object_suite_basket_triples	Put the bbq sauce, the ketchup, and the salad dressing in the basket one after another.	3	Put the bbq sauce in the basket | Put the ketchup in the basket | Put the salad dressing in the basket	0	5	0.0	0	in(bbq_sauce_1, basket_1_contain_region) | in(ketchup_1, basket_1_contain_region) | in(salad_dressing_1, basket_1_contain_region)	[null, null, null]	[false, false, false]	0	"{""000"": 0}"	5	6			../assets/composition/failure_videos/COMP_399/COMP_399_ep000_fail.mp4	../assets/composition/comparison_png/COMP_399__put_the_bbq_sauce_the_ketchup_and_the_salad_dressing_in_the_basket_one_after_another.png	0
COMP_400	C11_object_suite_basket_triples	Put the salad dressing, the ketchup, and the alphabet soup in the basket one after another.	3	Put the salad dressing in the basket | Put the ketchup in the basket | Put the alphabet soup in the basket	0	5	0.0	0	in(salad_dressing_1, basket_1_contain_region) | in(ketchup_1, basket_1_contain_region) | in(alphabet_soup_1, basket_1_contain_region)	[132, null, null]	[true, false, false]	1	"{""000"": 0, ""100"": 132}"	5	6			../assets/composition/failure_videos/COMP_400/COMP_400_ep000_fail.mp4	../assets/composition/comparison_png/COMP_400__put_the_salad_dressing_the_ketchup_and_the_alphabet_soup_in_the_basket_one_after_another.png	0
COMP_401	C11_object_suite_basket_triples	Put the salad dressing, the ketchup, and the cream cheese box in the basket one after another.	3	Put the salad dressing in the basket | Put the ketchup in the basket | Put the cream cheese box in the basket	0	5	0.0	3	in(salad_dressing_1, basket_1_contain_region) | in(ketchup_1, basket_1_contain_region) | in(cream_cheese_1, basket_1_contain_region)	[133, null, null]	[true, false, false]	1	"{""000"": 0, ""100"": 133}"	6	6			../assets/composition/failure_videos/COMP_401/COMP_401_ep003_fail.mp4	../assets/composition/comparison_png/COMP_401__put_the_salad_dressing_the_ketchup_and_the_cream_cheese_box_in_the_basket_one_after_another.png	0
COMP_402	C11_object_suite_basket_triples	Put the salad dressing, the ketchup, and the milk in the basket one after another.	3	Put the salad dressing in the basket | Put the ketchup in the basket | Put the milk in the basket	0	5	0.0	0	in(salad_dressing_1, basket_1_contain_region) | in(ketchup_1, basket_1_contain_region) | in(milk_1, basket_1_contain_region)	[138, null, null]	[true, false, false]	1	"{""000"": 0, ""100"": 138}"	5	6			../assets/composition/failure_videos/COMP_402/COMP_402_ep000_fail.mp4	../assets/composition/comparison_png/COMP_402__put_the_salad_dressing_the_ketchup_and_the_milk_in_the_basket_one_after_another.png	0
COMP_403	C11_object_suite_basket_triples	Put the salad dressing, the ketchup, and the tomato sauce in the basket one after another.	3	Put the salad dressing in the basket | Put the ketchup in the basket | Put the tomato sauce in the basket	0	5	0.0	0	in(salad_dressing_1, basket_1_contain_region) | in(ketchup_1, basket_1_contain_region) | in(tomato_sauce_1, basket_1_contain_region)	[141, null, null]	[true, false, false]	1	"{""000"": 0, ""100"": 141}"	6	6			../assets/composition/failure_videos/COMP_403/COMP_403_ep000_fail.mp4	../assets/composition/comparison_png/COMP_403__put_the_salad_dressing_the_ketchup_and_the_tomato_sauce_in_the_basket_one_after_another.png	0
COMP_404	C11_object_suite_basket_triples	Put the salad dressing, the alphabet soup, and the cream cheese box in the basket one after another.	3	Put the salad dressing in the basket | Put the alphabet soup in the basket | Put the cream cheese box in the basket	0	5	0.0	1	in(salad_dressing_1, basket_1_contain_region) | in(alphabet_soup_1, basket_1_contain_region) | in(cream_cheese_1, basket_1_contain_region)	[126, null, null]	[true, false, false]	1	"{""000"": 0, ""100"": 126}"	5	6			../assets/composition/failure_videos/COMP_404/COMP_404_ep001_fail.mp4	../assets/composition/comparison_png/COMP_404__put_the_salad_dressing_the_alphabet_soup_and_the_cream_cheese_box_in_the_basket_one_after_another.png	0
COMP_405	C11_object_suite_basket_triples	Put the salad dressing, the alphabet soup, and the milk in the basket one after another.	3	Put the salad dressing in the basket | Put the alphabet soup in the basket | Put the milk in the basket	0	5	0.0	0	in(salad_dressing_1, basket_1_contain_region) | in(alphabet_soup_1, basket_1_contain_region) | in(milk_1, basket_1_contain_region)	[139, null, null]	[true, false, false]	1	"{""000"": 0, ""100"": 139}"	5	6			../assets/composition/failure_videos/COMP_405/COMP_405_ep000_fail.mp4	../assets/composition/comparison_png/COMP_405__put_the_salad_dressing_the_alphabet_soup_and_the_milk_in_the_basket_one_after_another.png	0
COMP_406	C11_object_suite_basket_triples	Put the salad dressing, the alphabet soup, and the tomato sauce in the basket one after another.	3	Put the salad dressing in the basket | Put the alphabet soup in the basket | Put the tomato sauce in the basket	0	5	0.0	1	in(salad_dressing_1, basket_1_contain_region) | in(alphabet_soup_1, basket_1_contain_region) | in(tomato_sauce_1, basket_1_contain_region)	[139, null, null]	[true, false, false]	1	"{""000"": 0, ""100"": 139}"	6	6			../assets/composition/failure_videos/COMP_406/COMP_406_ep001_fail.mp4	../assets/composition/comparison_png/COMP_406__put_the_salad_dressing_the_alphabet_soup_and_the_tomato_sauce_in_the_basket_one_after_another.png	0
COMP_407	C11_object_suite_basket_triples	Put the salad dressing, the cream cheese box, and the milk in the basket one after another.	3	Put the salad dressing in the basket | Put the cream cheese box in the basket | Put the milk in the basket	0	5	0.0	0	in(salad_dressing_1, basket_1_contain_region) | in(cream_cheese_1, basket_1_contain_region) | in(milk_1, basket_1_contain_region)	[140, null, null]	[true, false, false]	1	"{""000"": 0, ""100"": 140}"	5	6			../assets/composition/failure_videos/COMP_407/COMP_407_ep000_fail.mp4	../assets/composition/comparison_png/COMP_407__put_the_salad_dressing_the_cream_cheese_box_and_the_milk_in_the_basket_one_after_another.png	0
COMP_408	C11_object_suite_basket_triples	Put the salad dressing, the cream cheese box, and the tomato sauce in the basket one after another.	3	Put the salad dressing in the basket | Put the cream cheese box in the basket | Put the tomato sauce in the basket	0	5	0.0	0	in(salad_dressing_1, basket_1_contain_region) | in(cream_cheese_1, basket_1_contain_region) | in(tomato_sauce_1, basket_1_contain_region)	[140, null, null]	[true, false, false]	1	"{""000"": 0, ""100"": 140}"	5	6			../assets/composition/failure_videos/COMP_408/COMP_408_ep000_fail.mp4	../assets/composition/comparison_png/COMP_408__put_the_salad_dressing_the_cream_cheese_box_and_the_tomato_sauce_in_the_basket_one_after_another.png	0
COMP_409	C11_object_suite_basket_triples	Put the salad dressing, the milk, and the tomato sauce in the basket one after another.	3	Put the salad dressing in the basket | Put the milk in the basket | Put the tomato sauce in the basket	0	5	0.0	3	in(salad_dressing_1, basket_1_contain_region) | in(milk_1, basket_1_contain_region) | in(tomato_sauce_1, basket_1_contain_region)	[140, null, null]	[true, false, false]	1	"{""000"": 0, ""100"": 140}"	6	6			../assets/composition/failure_videos/COMP_409/COMP_409_ep003_fail.mp4	../assets/composition/comparison_png/COMP_409__put_the_salad_dressing_the_milk_and_the_tomato_sauce_in_the_basket_one_after_another.png	0
COMP_410	C11_object_suite_basket_triples	Put the ketchup, the alphabet soup, and the cream cheese box in the basket one after another.	3	Put the ketchup in the basket | Put the alphabet soup in the basket | Put the cream cheese box in the basket	0	5	0.0	0	in(ketchup_1, basket_1_contain_region) | in(alphabet_soup_1, basket_1_contain_region) | in(cream_cheese_1, basket_1_contain_region)	[null, null, null]	[false, false, false]	0	"{""000"": 0}"	5	6			../assets/composition/failure_videos/COMP_410/COMP_410_ep000_fail.mp4	../assets/composition/comparison_png/COMP_410__put_the_ketchup_the_alphabet_soup_and_the_cream_cheese_box_in_the_basket_one_after_another.png	0
COMP_411	C11_object_suite_basket_triples	Put the ketchup, the alphabet soup, and the milk in the basket one after another.	3	Put the ketchup in the basket | Put the alphabet soup in the basket | Put the milk in the basket	0	5	0.0	2	in(ketchup_1, basket_1_contain_region) | in(alphabet_soup_1, basket_1_contain_region) | in(milk_1, basket_1_contain_region)	[null, null, null]	[false, false, false]	0	"{""000"": 0}"	6	6			../assets/composition/failure_videos/COMP_411/COMP_411_ep002_fail.mp4	../assets/composition/comparison_png/COMP_411__put_the_ketchup_the_alphabet_soup_and_the_milk_in_the_basket_one_after_another.png	0
COMP_412	C11_object_suite_basket_triples	Put the ketchup, the alphabet soup, and the tomato sauce in the basket one after another.	3	Put the ketchup in the basket | Put the alphabet soup in the basket | Put the tomato sauce in the basket	0	5	0.0	0	in(ketchup_1, basket_1_contain_region) | in(alphabet_soup_1, basket_1_contain_region) | in(tomato_sauce_1, basket_1_contain_region)	[null, null, null]	[false, false, false]	0	"{""000"": 0}"	6	6			../assets/composition/failure_videos/COMP_412/COMP_412_ep000_fail.mp4	../assets/composition/comparison_png/COMP_412__put_the_ketchup_the_alphabet_soup_and_the_tomato_sauce_in_the_basket_one_after_another.png	0
COMP_413	C11_object_suite_basket_triples	Put the ketchup, the cream cheese box, and the milk in the basket one after another.	3	Put the ketchup in the basket | Put the cream cheese box in the basket | Put the milk in the basket	0	5	0.0	0	in(ketchup_1, basket_1_contain_region) | in(cream_cheese_1, basket_1_contain_region) | in(milk_1, basket_1_contain_region)	[154, null, null]	[true, false, false]	1	"{""000"": 0, ""100"": 154}"	5	6			../assets/composition/failure_videos/COMP_413/COMP_413_ep000_fail.mp4	../assets/composition/comparison_png/COMP_413__put_the_ketchup_the_cream_cheese_box_and_the_milk_in_the_basket_one_after_another.png	0
COMP_414	C11_object_suite_basket_triples	Put the ketchup, the cream cheese box, and the tomato sauce in the basket one after another.	3	Put the ketchup in the basket | Put the cream cheese box in the basket | Put the tomato sauce in the basket	0	5	0.0	3	in(ketchup_1, basket_1_contain_region) | in(cream_cheese_1, basket_1_contain_region) | in(tomato_sauce_1, basket_1_contain_region)	[null, null, null]	[false, false, false]	0	"{""000"": 0}"	6	6			../assets/composition/failure_videos/COMP_414/COMP_414_ep003_fail.mp4	../assets/composition/comparison_png/COMP_414__put_the_ketchup_the_cream_cheese_box_and_the_tomato_sauce_in_the_basket_one_after_another.png	0
COMP_415	C11_object_suite_basket_triples	Put the ketchup, the milk, and the tomato sauce in the basket one after another.	3	Put the ketchup in the basket | Put the milk in the basket | Put the tomato sauce in the basket	0	5	0.0	2	in(ketchup_1, basket_1_contain_region) | in(milk_1, basket_1_contain_region) | in(tomato_sauce_1, basket_1_contain_region)	[null, null, null]	[false, false, false]	0	"{""000"": 0}"	6	6			../assets/composition/failure_videos/COMP_415/COMP_415_ep002_fail.mp4	../assets/composition/comparison_png/COMP_415__put_the_ketchup_the_milk_and_the_tomato_sauce_in_the_basket_one_after_another.png	0
COMP_416	C11_object_suite_basket_triples	Put the alphabet soup, the cream cheese box, and the milk in the basket one after another.	3	Put the alphabet soup in the basket | Put the cream cheese box in the basket | Put the milk in the basket	0	5	0.0	0	in(alphabet_soup_1, basket_1_contain_region) | in(cream_cheese_1, basket_1_contain_region) | in(milk_1, basket_1_contain_region)	[null, null, null]	[false, false, false]	0	"{""000"": 0}"	3	6			../assets/composition/failure_videos/COMP_416/COMP_416_ep000_fail.mp4	../assets/composition/comparison_png/COMP_416__put_the_alphabet_soup_the_cream_cheese_box_and_the_milk_in_the_basket_one_after_another.png	0
COMP_417	C11_object_suite_basket_triples	Put the alphabet soup, the cream cheese box, and the tomato sauce in the basket one after another.	3	Put the alphabet soup in the basket | Put the cream cheese box in the basket | Put the tomato sauce in the basket	0	5	0.0	0	in(alphabet_soup_1, basket_1_contain_region) | in(cream_cheese_1, basket_1_contain_region) | in(tomato_sauce_1, basket_1_contain_region)	[null, null, null]	[false, false, false]	0	"{""000"": 0}"	5	6			../assets/composition/failure_videos/COMP_417/COMP_417_ep000_fail.mp4	../assets/composition/comparison_png/COMP_417__put_the_alphabet_soup_the_cream_cheese_box_and_the_tomato_sauce_in_the_basket_one_after_another.png	0
COMP_418	C11_object_suite_basket_triples	Put the alphabet soup, the milk, and the tomato sauce in the basket one after another.	3	Put the alphabet soup in the basket | Put the milk in the basket | Put the tomato sauce in the basket	0	5	0.0	0	in(alphabet_soup_1, basket_1_contain_region) | in(milk_1, basket_1_contain_region) | in(tomato_sauce_1, basket_1_contain_region)	[null, null, null]	[false, false, false]	0	"{""000"": 0}"	6	6			../assets/composition/failure_videos/COMP_418/COMP_418_ep000_fail.mp4	../assets/composition/comparison_png/COMP_418__put_the_alphabet_soup_the_milk_and_the_tomato_sauce_in_the_basket_one_after_another.png	0
COMP_419	C11_object_suite_basket_triples	Put the cream cheese box, the milk, and the tomato sauce in the basket one after another.	3	Put the cream cheese box in the basket | Put the milk in the basket | Put the tomato sauce in the basket	0	5	0.0	4	in(cream_cheese_1, basket_1_contain_region) | in(milk_1, basket_1_contain_region) | in(tomato_sauce_1, basket_1_contain_region)	[null, null, null]	[false, false, false]	0	"{""000"": 0}"	5	6			../assets/composition/failure_videos/COMP_419/COMP_419_ep004_fail.mp4	../assets/composition/comparison_png/COMP_419__put_the_cream_cheese_box_the_milk_and_the_tomato_sauce_in_the_basket_one_after_another.png	0
COMP_420	C11_object_suite_basket_triples	Put the tomato sauce, the milk, and the butter in the basket one after another.	3	Put the tomato sauce in the basket | Put the milk in the basket | Put the butter in the basket	0	5	0.0	4	in(tomato_sauce_1, basket_1_contain_region) | in(milk_1, basket_1_contain_region) | in(butter_1, basket_1_contain_region)	[187, null, null]	[true, false, false]	1	"{""000"": 0, ""100"": 187}"	6	6			../assets/composition/failure_videos/COMP_420/COMP_420_ep004_fail.mp4	../assets/composition/comparison_png/COMP_420__put_the_tomato_sauce_the_milk_and_the_butter_in_the_basket_one_after_another.png	0
COMP_421	C11_object_suite_basket_triples	Put the tomato sauce, the milk, and the orange juice in the basket one after another.	3	Put the tomato sauce in the basket | Put the milk in the basket | Put the orange juice in the basket	0	5	0.0	0	in(tomato_sauce_1, basket_1_contain_region) | in(milk_1, basket_1_contain_region) | in(orange_juice_1, basket_1_contain_region)	[192, null, null]	[true, false, false]	1	"{""000"": 0, ""100"": 192}"	6	6			../assets/composition/failure_videos/COMP_421/COMP_421_ep000_fail.mp4	../assets/composition/comparison_png/COMP_421__put_the_tomato_sauce_the_milk_and_the_orange_juice_in_the_basket_one_after_another.png	0
COMP_422	C11_object_suite_basket_triples	Put the tomato sauce, the milk, and the chocolate pudding in the basket one after another.	3	Put the tomato sauce in the basket | Put the milk in the basket | Put the chocolate pudding in the basket	0	5	0.0	4	in(tomato_sauce_1, basket_1_contain_region) | in(milk_1, basket_1_contain_region) | in(chocolate_pudding_1, basket_1_contain_region)	[182, null, null]	[true, false, false]	1	"{""000"": 0, ""100"": 182}"	6	6			../assets/composition/failure_videos/COMP_422/COMP_422_ep004_fail.mp4	../assets/composition/comparison_png/COMP_422__put_the_tomato_sauce_the_milk_and_the_chocolate_pudding_in_the_basket_one_after_another.png	0
COMP_423	C11_object_suite_basket_triples	Put the tomato sauce, the milk, and the bbq sauce in the basket one after another.	3	Put the tomato sauce in the basket | Put the milk in the basket | Put the bbq sauce in the basket	0	5	0.0	0	in(tomato_sauce_1, basket_1_contain_region) | in(milk_1, basket_1_contain_region) | in(bbq_sauce_1, basket_1_contain_region)	[151, null, null]	[true, false, false]	1	"{""000"": 0, ""100"": 151}"	6	6			../assets/composition/failure_videos/COMP_423/COMP_423_ep000_fail.mp4	../assets/composition/comparison_png/COMP_423__put_the_tomato_sauce_the_milk_and_the_bbq_sauce_in_the_basket_one_after_another.png	0
COMP_424	C11_object_suite_basket_triples	Put the tomato sauce, the butter, and the orange juice in the basket one after another.	3	Put the tomato sauce in the basket | Put the butter in the basket | Put the orange juice in the basket	0	5	0.0	0	in(tomato_sauce_1, basket_1_contain_region) | in(butter_1, basket_1_contain_region) | in(orange_juice_1, basket_1_contain_region)	[145, null, null]	[true, false, false]	1	"{""000"": 0, ""100"": 145}"	6	6			../assets/composition/failure_videos/COMP_424/COMP_424_ep000_fail.mp4	../assets/composition/comparison_png/COMP_424__put_the_tomato_sauce_the_butter_and_the_orange_juice_in_the_basket_one_after_another.png	0
COMP_425	C11_object_suite_basket_triples	Put the tomato sauce, the butter, and the chocolate pudding in the basket one after another.	3	Put the tomato sauce in the basket | Put the butter in the basket | Put the chocolate pudding in the basket	0	5	0.0	0	in(tomato_sauce_1, basket_1_contain_region) | in(butter_1, basket_1_contain_region) | in(chocolate_pudding_1, basket_1_contain_region)	[149, null, null]	[true, false, false]	1	"{""000"": 0, ""100"": 149}"	6	6			../assets/composition/failure_videos/COMP_425/COMP_425_ep000_fail.mp4	../assets/composition/comparison_png/COMP_425__put_the_tomato_sauce_the_butter_and_the_chocolate_pudding_in_the_basket_one_after_another.png	0
COMP_426	C11_object_suite_basket_triples	Put the tomato sauce, the butter, and the bbq sauce in the basket one after another.	3	Put the tomato sauce in the basket | Put the butter in the basket | Put the bbq sauce in the basket	0	5	0.0	0	in(tomato_sauce_1, basket_1_contain_region) | in(butter_1, basket_1_contain_region) | in(bbq_sauce_1, basket_1_contain_region)	[152, null, null]	[true, false, false]	1	"{""000"": 0, ""100"": 152}"	6	6			../assets/composition/failure_videos/COMP_426/COMP_426_ep000_fail.mp4	../assets/composition/comparison_png/COMP_426__put_the_tomato_sauce_the_butter_and_the_bbq_sauce_in_the_basket_one_after_another.png	0
COMP_427	C11_object_suite_basket_triples	Put the tomato sauce, the orange juice, and the chocolate pudding in the basket one after another.	3	Put the tomato sauce in the basket | Put the orange juice in the basket | Put the chocolate pudding in the basket	0	5	0.0	3	in(tomato_sauce_1, basket_1_contain_region) | in(orange_juice_1, basket_1_contain_region) | in(chocolate_pudding_1, basket_1_contain_region)	[144, null, null]	[true, false, false]	1	"{""000"": 0, ""100"": 144}"	6	6			../assets/composition/failure_videos/COMP_427/COMP_427_ep003_fail.mp4	../assets/composition/comparison_png/COMP_427__put_the_tomato_sauce_the_orange_juice_and_the_chocolate_pudding_in_the_basket_one_after_another.png	0
COMP_428	C11_object_suite_basket_triples	Put the tomato sauce, the orange juice, and the bbq sauce in the basket one after another.	3	Put the tomato sauce in the basket | Put the orange juice in the basket | Put the bbq sauce in the basket	0	5	0.0	2	in(tomato_sauce_1, basket_1_contain_region) | in(orange_juice_1, basket_1_contain_region) | in(bbq_sauce_1, basket_1_contain_region)	[154, null, null]	[true, false, false]	1	"{""000"": 0, ""100"": 154}"	6	6			../assets/composition/failure_videos/COMP_428/COMP_428_ep002_fail.mp4	../assets/composition/comparison_png/COMP_428__put_the_tomato_sauce_the_orange_juice_and_the_bbq_sauce_in_the_basket_one_after_another.png	0
COMP_429	C11_object_suite_basket_triples	Put the tomato sauce, the chocolate pudding, and the bbq sauce in the basket one after another.	3	Put the tomato sauce in the basket | Put the chocolate pudding in the basket | Put the bbq sauce in the basket	0	5	0.0	0	in(tomato_sauce_1, basket_1_contain_region) | in(chocolate_pudding_1, basket_1_contain_region) | in(bbq_sauce_1, basket_1_contain_region)	[194, null, null]	[true, false, false]	1	"{""000"": 0, ""100"": 194}"	6	6			../assets/composition/failure_videos/COMP_429/COMP_429_ep000_fail.mp4	../assets/composition/comparison_png/COMP_429__put_the_tomato_sauce_the_chocolate_pudding_and_the_bbq_sauce_in_the_basket_one_after_another.png	0
COMP_430	C11_object_suite_basket_triples	Put the milk, the butter, and the orange juice in the basket one after another.	3	Put the milk in the basket | Put the butter in the basket | Put the orange juice in the basket	0	5	0.0	3	in(milk_1, basket_1_contain_region) | in(butter_1, basket_1_contain_region) | in(orange_juice_1, basket_1_contain_region)	[null, null, null]	[false, false, false]	0	"{""000"": 0}"	4	6			../assets/composition/failure_videos/COMP_430/COMP_430_ep003_fail.mp4	../assets/composition/comparison_png/COMP_430__put_the_milk_the_butter_and_the_orange_juice_in_the_basket_one_after_another.png	0
COMP_431	C11_object_suite_basket_triples	Put the milk, the butter, and the chocolate pudding in the basket one after another.	3	Put the milk in the basket | Put the butter in the basket | Put the chocolate pudding in the basket	0	5	0.0	4	in(milk_1, basket_1_contain_region) | in(butter_1, basket_1_contain_region) | in(chocolate_pudding_1, basket_1_contain_region)	[null, null, null]	[false, false, false]	0	"{""000"": 0}"	6	6			../assets/composition/failure_videos/COMP_431/COMP_431_ep004_fail.mp4	../assets/composition/comparison_png/COMP_431__put_the_milk_the_butter_and_the_chocolate_pudding_in_the_basket_one_after_another.png	0
COMP_432	C11_object_suite_basket_triples	Put the milk, the butter, and the bbq sauce in the basket one after another.	3	Put the milk in the basket | Put the butter in the basket | Put the bbq sauce in the basket	0	5	0.0	1	in(milk_1, basket_1_contain_region) | in(butter_1, basket_1_contain_region) | in(bbq_sauce_1, basket_1_contain_region)	[null, null, null]	[false, false, false]	0	"{""000"": 0}"	6	6			../assets/composition/failure_videos/COMP_432/COMP_432_ep001_fail.mp4	../assets/composition/comparison_png/COMP_432__put_the_milk_the_butter_and_the_bbq_sauce_in_the_basket_one_after_another.png	0
COMP_433	C11_object_suite_basket_triples	Put the milk, the orange juice, and the chocolate pudding in the basket one after another.	3	Put the milk in the basket | Put the orange juice in the basket | Put the chocolate pudding in the basket	0	5	0.0	0	in(milk_1, basket_1_contain_region) | in(orange_juice_1, basket_1_contain_region) | in(chocolate_pudding_1, basket_1_contain_region)	[207, null, null]	[true, false, false]	1	"{""000"": 0, ""100"": 207}"	6	6			../assets/composition/failure_videos/COMP_433/COMP_433_ep000_fail.mp4	../assets/composition/comparison_png/COMP_433__put_the_milk_the_orange_juice_and_the_chocolate_pudding_in_the_basket_one_after_another.png	0
COMP_434	C11_object_suite_basket_triples	Put the milk, the orange juice, and the bbq sauce in the basket one after another.	3	Put the milk in the basket | Put the orange juice in the basket | Put the bbq sauce in the basket	0	5	0.0	0	in(milk_1, basket_1_contain_region) | in(orange_juice_1, basket_1_contain_region) | in(bbq_sauce_1, basket_1_contain_region)	[null, null, null]	[false, false, false]	0	"{""000"": 0}"	6	6			../assets/composition/failure_videos/COMP_434/COMP_434_ep000_fail.mp4	../assets/composition/comparison_png/COMP_434__put_the_milk_the_orange_juice_and_the_bbq_sauce_in_the_basket_one_after_another.png	0
COMP_435	C11_object_suite_basket_triples	Put the milk, the chocolate pudding, and the bbq sauce in the basket one after another.	3	Put the milk in the basket | Put the chocolate pudding in the basket | Put the bbq sauce in the basket	0	5	0.0	2	in(milk_1, basket_1_contain_region) | in(chocolate_pudding_1, basket_1_contain_region) | in(bbq_sauce_1, basket_1_contain_region)	[null, 469, null]	[false, true, false]	1	"{""000"": 0, ""010"": 469}"	6	6			../assets/composition/failure_videos/COMP_435/COMP_435_ep002_fail.mp4	../assets/composition/comparison_png/COMP_435__put_the_milk_the_chocolate_pudding_and_the_bbq_sauce_in_the_basket_one_after_another.png	0
COMP_436	C11_object_suite_basket_triples	Put the butter, the orange juice, and the chocolate pudding in the basket one after another.	3	Put the butter in the basket | Put the orange juice in the basket | Put the chocolate pudding in the basket	0	5	0.0	0	in(butter_1, basket_1_contain_region) | in(orange_juice_1, basket_1_contain_region) | in(chocolate_pudding_1, basket_1_contain_region)	[null, null, null]	[false, false, false]	0	"{""000"": 0}"	6	6			../assets/composition/failure_videos/COMP_436/COMP_436_ep000_fail.mp4	../assets/composition/comparison_png/COMP_436__put_the_butter_the_orange_juice_and_the_chocolate_pudding_in_the_basket_one_after_another.png	0
COMP_437	C11_object_suite_basket_triples	Put the butter, the orange juice, and the bbq sauce in the basket one after another.	3	Put the butter in the basket | Put the orange juice in the basket | Put the bbq sauce in the basket	0	5	0.0	0	in(butter_1, basket_1_contain_region) | in(orange_juice_1, basket_1_contain_region) | in(bbq_sauce_1, basket_1_contain_region)	[null, null, null]	[false, false, false]	0	"{""000"": 0}"	6	6			../assets/composition/failure_videos/COMP_437/COMP_437_ep000_fail.mp4	../assets/composition/comparison_png/COMP_437__put_the_butter_the_orange_juice_and_the_bbq_sauce_in_the_basket_one_after_another.png	0
COMP_438	C11_object_suite_basket_triples	Put the butter, the chocolate pudding, and the bbq sauce in the basket one after another.	3	Put the butter in the basket | Put the chocolate pudding in the basket | Put the bbq sauce in the basket	0	5	0.0	0	in(butter_1, basket_1_contain_region) | in(chocolate_pudding_1, basket_1_contain_region) | in(bbq_sauce_1, basket_1_contain_region)	[null, null, null]	[false, false, false]	0	"{""000"": 0}"	4	6			../assets/composition/failure_videos/COMP_438/COMP_438_ep000_fail.mp4	../assets/composition/comparison_png/COMP_438__put_the_butter_the_chocolate_pudding_and_the_bbq_sauce_in_the_basket_one_after_another.png	0
COMP_439	C11_object_suite_basket_triples	Put the orange juice, the chocolate pudding, and the bbq sauce in the basket one after another.	3	Put the orange juice in the basket | Put the chocolate pudding in the basket | Put the bbq sauce in the basket	0	5	0.0	0	in(orange_juice_1, basket_1_contain_region) | in(chocolate_pudding_1, basket_1_contain_region) | in(bbq_sauce_1, basket_1_contain_region)	[null, null, null]	[false, false, false]	0	"{""000"": 0}"	5	6			../assets/composition/failure_videos/COMP_439/COMP_439_ep000_fail.mp4	../assets/composition/comparison_png/COMP_439__put_the_orange_juice_the_chocolate_pudding_and_the_bbq_sauce_in_the_basket_one_after_another.png	0
