task_id	family	instruction	source_suite	source_task_id	source_task	original_instruction	goal_atom	evidence_notes	gpu	successes	episodes	success_rate_percent	success_videos	skill_source_ids	skill_source_instructions	scene_source_id	scene_source_instruction	object_source_ids	all_evidence_source_ids	review_status	cross_category_exact_overlaps	instruction_review_status	proposed_task_only_instruction
ADAPT_001	A0_selected_seed__E1_clean_exact_instance_three_targets	Put the white mug on the middle plate.	libero_10	104	LIVING_ROOM_SCENE5_put_the_white_mug_on_the_left_plate_and_put_the_yellow_and_white_mug_on_the_right_plate	put the white mug on the left plate and put the yellow and white mug on the right plate	on(porcelain_mug_1, plate_3)	Nonblocking source-scene mugs remain; repeated plates remain because exact-instance selection is the analogy variable. | Locked seed from ANLGX_002; previous 5-episode screen: 4/5 (80.0%).	2	3	5	60.0	3	LIBERO_10_05	put the white mug on the left plate and put the yellow and white mug on the right plate	LIBERO_10_05	put the white mug on the left plate and put the yellow and white mug on the right plate		LIBERO_10_05	ELIGIBLE		PASS	Put the white mug on the middle plate.
ADAPT_002	A0_selected_seed__E1_clean_exact_instance_three_targets	Put the white mug on the right plate.	libero_10	104	LIVING_ROOM_SCENE5_put_the_white_mug_on_the_left_plate_and_put_the_yellow_and_white_mug_on_the_right_plate	put the white mug on the left plate and put the yellow and white mug on the right plate	on(porcelain_mug_1, plate_2)	Nonblocking source-scene mugs remain; repeated plates remain because exact-instance selection is the analogy variable. | The yellow-and-white mug is removed because it lies in the white-mug-to-right-plate corridor (the ANLG_012 collision). | Locked seed from ANLGX_003; previous 5-episode screen: 3/5 (60.0%).	3	3	5	60.0	3	LIBERO_10_05	put the white mug on the left plate and put the yellow and white mug on the right plate	LIBERO_10_05	put the white mug on the left plate and put the yellow and white mug on the right plate		LIBERO_10_05	ELIGIBLE		PASS	Put the white mug on the right plate.
ADAPT_003	A0_selected_seed__E2_sibling_part_or_compartment	Put the black bowl in the middle drawer of the white cabinet.	libero_10	103	KITCHEN_SCENE4_put_the_black_bowl_in_the_bottom_drawer_of_the_cabinet_and_close_it	put the black bowl in the bottom drawer of the cabinet and close it	in(akita_black_bowl_1, white_cabinet_1_middle_region)	Locked seed from ANLGX_017; previous 5-episode screen: 5/5 (100.0%).	2	5	5	100.0	5	LIBERO_10_04	put the black bowl in the bottom drawer of the cabinet and close it	LIBERO_10_04	put the black bowl in the bottom drawer of the cabinet and close it		LIBERO_10_04	ELIGIBLE		PASS	Put the black bowl in the middle drawer of the white cabinet.
ADAPT_004	A0_selected_seed__E2_sibling_part_or_compartment	Close the top drawer of the white cabinet.	libero_10	103	KITCHEN_SCENE4_put_the_black_bowl_in_the_bottom_drawer_of_the_cabinet_and_close_it	put the black bowl in the bottom drawer of the cabinet and close it	close(white_cabinet_1_top_region)	Locked seed from ANLGX_022; previous 5-episode screen: 4/5 (80.0%).	3	3	5	60.0	3	LIBERO_10_04	put the black bowl in the bottom drawer of the cabinet and close it	LIBERO_10_04	put the black bowl in the bottom drawer of the cabinet and close it		LIBERO_10_04	ELIGIBLE		PASS	Close the top drawer of the white cabinet.
ADAPT_005	A0_selected_seed__E2_sibling_part_or_compartment	Close the middle drawer of the white cabinet.	libero_10	103	KITCHEN_SCENE4_put_the_black_bowl_in_the_bottom_drawer_of_the_cabinet_and_close_it	put the black bowl in the bottom drawer of the cabinet and close it	close(white_cabinet_1_middle_region)	Locked seed from ANLGX_023; previous 5-episode screen: 4/5 (80.0%). The actual task is middle-drawer close; the user shorthand said bottom, which was corrected here.	2	5	5	100.0	5	LIBERO_10_04	put the black bowl in the bottom drawer of the cabinet and close it	LIBERO_10_04	put the black bowl in the bottom drawer of the cabinet and close it		LIBERO_10_04	ELIGIBLE		PASS	Close the middle drawer of the white cabinet.
ADAPT_006	A0_selected_seed__S4_spatial_source_object_binding	Pick up the wine bottle at the table center and place it on the plate.	libero_spatial	5	pick_up_the_black_bowl_from_table_center_and_place_it_on_the_plate	Pick the akita black bowl from table center and place it on the plate	on(wine_bottle_1, plate_1)	Reference-identity collisions are excluded: the replaced object is never the ramekin/cookies/plate named by its own source relation. | Training evidence: direct wine-bottle grasp in original LIBERO-Goal tasks. | Locked seed from ANLGX_089; previous 5-episode screen: 3/5 (60.0%).	3	3	5	60.0	3	LIBERO_SPATIAL_03	Pick the akita black bowl from table center and place it on the plate	LIBERO_SPATIAL_03	Pick the akita black bowl from table center and place it on the plate	LIBERO_GOAL_03	LIBERO_SPATIAL_03,LIBERO_GOAL_03	ELIGIBLE		REWRITE_AND_REEVALUATE_IF_SELECTED	Pick up the wine bottle and place it on the plate.
ADAPT_007	A0_selected_seed__G3_goal_object_to_cabinet_top	Put the plate on the top of the wooden cabinet.	libero_goal	1	put_the_wine_bottle_on_top_of_the_cabinet	Put the wine bottle on the top of the drawer	on(plate_1, wooden_cabinet_1_top_side)	Relation evidence: original Goal task 5; the source manipuland pose is preserved. | Training evidence: the plate is directly manipulated by the original Goal push task, but not by pick-and-place. | Locked seed from ANLGX_134; previous 5-episode screen: 1/5 (20.0%).	2	0	5	0.0	0	LIBERO_GOAL_03	Put the wine bottle on the top of the drawer	LIBERO_GOAL_03	Put the wine bottle on the top of the drawer	LIBERO_GOAL_06	LIBERO_GOAL_03,LIBERO_GOAL_06	ELIGIBLE		PASS	Put the plate on the top of the wooden cabinet.
ADAPT_008	A0_selected_seed__G6_goal_object_to_sibling_drawer	Put the cream cheese in the top drawer of the wooden cabinet.	libero_goal	4	open_the_top_drawer_and_put_the_bowl_inside	Open the top layer of the drawer and put the bowl inside	in(cream_cheese_1, wooden_cabinet_1_top_region)	Training evidence: direct cream-cheese grasp in original Goal and LIBERO-Object tasks. | Locked seed from ANLGX_147; previous 5-episode screen: 3/5 (60.0%).	3	3	5	60.0	3	LIBERO_GOAL_04	Open the top layer of the drawer and put the bowl inside	LIBERO_GOAL_04	Open the top layer of the drawer and put the bowl inside	LIBERO_OBJECT_02	LIBERO_GOAL_04,LIBERO_OBJECT_02	ELIGIBLE		PASS	Put the cream cheese in the top drawer of the wooden cabinet.
ADAPT_009	A0_selected_seed__L3_libero10_caddy_object_compartment	Put the yellow and white mug in the left compartment of the caddy.	libero_10	104	STUDY_SCENE1_pick_up_the_book_and_place_it_in_the_back_compartment_of_the_caddy	pick up the book and place it in the back compartment of the caddy	in(white_yellow_mug_1, desk_caddy_1_left_contain_region)	Training evidence: direct mug grasp in original LIBERO-10 tasks. | Locked seed from ANLGX_178; previous 5-episode screen: 3/5 (60.0%).	2	1	5	20.0	1	LIBERO_10_06	pick up the book and place it in the back compartment of the caddy	LIBERO_10_06	pick up the book and place it in the back compartment of the caddy	LIBERO_10_05	LIBERO_10_06,LIBERO_10_05	ELIGIBLE		PASS	Put the yellow and white mug in the left compartment of the caddy.
ADAPT_010	A1_object_lateral_mirror	Pick the alphabet soup on the right and place it in the basket on the left.	libero_object	301	pick_up_the_alphabet_soup_and_place_it_in_the_basket	Pick the alphabet soup and place it in the basket	in(alphabet_soup_1, basket_1_contain_region)	A full-layout mirror preserves clearance; this is not an arbitrary continuous pose sample.	3	0	5	0.0	0	LIBERO_OBJECT_01	Pick the alphabet soup and place it in the basket	LIBERO_OBJECT_01	Pick the alphabet soup and place it in the basket		LIBERO_OBJECT_01	ELIGIBLE		REWRITE_AND_REEVALUATE_IF_SELECTED	Pick the alphabet soup and place it in the basket.
ADAPT_011	A1_object_lateral_mirror	Pick the cream cheese on the right and place it in the basket on the left.	libero_object	302	pick_up_the_cream_cheese_and_place_it_in_the_basket	Pick the cream cheese and place it in the basket	in(cream_cheese_1, basket_1_contain_region)	A full-layout mirror preserves clearance; this is not an arbitrary continuous pose sample.	2	0	5	0.0	0	LIBERO_OBJECT_02	Pick the cream cheese and place it in the basket	LIBERO_OBJECT_02	Pick the cream cheese and place it in the basket		LIBERO_OBJECT_02	ELIGIBLE		REWRITE_AND_REEVALUATE_IF_SELECTED	Pick the cream cheese and place it in the basket.
ADAPT_012	A1_object_lateral_mirror	Pick the salad dressing on the right and place it in the basket on the left.	libero_object	303	pick_up_the_salad_dressing_and_place_it_in_the_basket	Pick the salad dressing and place it in the basket	in(salad_dressing_1, basket_1_contain_region)	A full-layout mirror preserves clearance; this is not an arbitrary continuous pose sample.	3	0	5	0.0	0	LIBERO_OBJECT_03	Pick the salad dressing and place it in the basket	LIBERO_OBJECT_03	Pick the salad dressing and place it in the basket		LIBERO_OBJECT_03	ELIGIBLE		REWRITE_AND_REEVALUATE_IF_SELECTED	Pick the salad dressing and place it in the basket.
ADAPT_013	A1_object_lateral_mirror	Pick the bbq sauce on the right and place it in the basket on the left.	libero_object	304	pick_up_the_bbq_sauce_and_place_it_in_the_basket	Pick the bbq sauce and place it in the basket	in(bbq_sauce_1, basket_1_contain_region)	A full-layout mirror preserves clearance; this is not an arbitrary continuous pose sample.	2	0	5	0.0	0	LIBERO_OBJECT_04	Pick the bbq sauce and place it in the basket	LIBERO_OBJECT_04	Pick the bbq sauce and place it in the basket		LIBERO_OBJECT_04	ELIGIBLE		REWRITE_AND_REEVALUATE_IF_SELECTED	Pick the bbq sauce and place it in the basket.
ADAPT_014	A1_object_lateral_mirror	Pick the ketchup on the right and place it in the basket on the left.	libero_object	305	pick_up_the_ketchup_and_place_it_in_the_basket	Pick the ketchup and place it in the basket	in(ketchup_1, basket_1_contain_region)	A full-layout mirror preserves clearance; this is not an arbitrary continuous pose sample.	3	0	5	0.0	0	LIBERO_OBJECT_05	Pick the ketchup and place it in the basket	LIBERO_OBJECT_05	Pick the ketchup and place it in the basket		LIBERO_OBJECT_05	ELIGIBLE		REWRITE_AND_REEVALUATE_IF_SELECTED	Pick the ketchup and place it in the basket.
ADAPT_015	A1_object_lateral_mirror	Pick the tomato sauce on the right and place it in the basket on the left.	libero_object	306	pick_up_the_tomato_sauce_and_place_it_in_the_basket	Pick the tomato sauce and place it in the basket	in(tomato_sauce_1, basket_1_contain_region)	A full-layout mirror preserves clearance; this is not an arbitrary continuous pose sample.	2	0	5	0.0	0	LIBERO_OBJECT_06	Pick the tomato sauce and place it in the basket	LIBERO_OBJECT_06	Pick the tomato sauce and place it in the basket		LIBERO_OBJECT_06	ELIGIBLE		REWRITE_AND_REEVALUATE_IF_SELECTED	Pick the tomato sauce and place it in the basket.
ADAPT_016	A1_object_lateral_mirror	Pick the butter on the right and place it in the basket on the left.	libero_object	307	pick_up_the_butter_and_place_it_in_the_basket	Pick the butter and place it in the basket	in(butter_1, basket_1_contain_region)	A full-layout mirror preserves clearance; this is not an arbitrary continuous pose sample.	3	0	5	0.0	0	LIBERO_OBJECT_07	Pick the butter and place it in the basket	LIBERO_OBJECT_07	Pick the butter and place it in the basket		LIBERO_OBJECT_07	ELIGIBLE		REWRITE_AND_REEVALUATE_IF_SELECTED	Pick the butter and place it in the basket.
ADAPT_017	A1_object_lateral_mirror	Pick the milk on the right and place it in the basket on the left.	libero_object	308	pick_up_the_milk_and_place_it_in_the_basket	Pick the milk and place it in the basket	in(milk_1, basket_1_contain_region)	A full-layout mirror preserves clearance; this is not an arbitrary continuous pose sample.	2	0	5	0.0	0	LIBERO_OBJECT_08	Pick the milk and place it in the basket	LIBERO_OBJECT_08	Pick the milk and place it in the basket		LIBERO_OBJECT_08	ELIGIBLE		REWRITE_AND_REEVALUATE_IF_SELECTED	Pick the milk and place it in the basket.
ADAPT_018	A1_object_lateral_mirror	Pick the chocolate pudding on the right and place it in the basket on the left.	libero_object	309	pick_up_the_chocolate_pudding_and_place_it_in_the_basket	Pick the chocolate pudding and place it in the basket	in(chocolate_pudding_1, basket_1_contain_region)	A full-layout mirror preserves clearance; this is not an arbitrary continuous pose sample.	3	0	5	0.0	0	LIBERO_OBJECT_09	Pick the chocolate pudding and place it in the basket	LIBERO_OBJECT_09	Pick the chocolate pudding and place it in the basket		LIBERO_OBJECT_09	ELIGIBLE		REWRITE_AND_REEVALUATE_IF_SELECTED	Pick the chocolate pudding and place it in the basket.
ADAPT_019	A1_object_lateral_mirror	Pick the orange juice on the right and place it in the basket on the left.	libero_object	310	pick_up_the_orange_juice_and_place_it_in_the_basket	Pick the orange juice and place it in the basket	in(orange_juice_1, basket_1_contain_region)	A full-layout mirror preserves clearance; this is not an arbitrary continuous pose sample.	2	0	5	0.0	0	LIBERO_OBJECT_10	Pick the orange juice and place it in the basket	LIBERO_OBJECT_10	Pick the orange juice and place it in the basket		LIBERO_OBJECT_10	ELIGIBLE		REWRITE_AND_REEVALUATE_IF_SELECTED	Pick the orange juice and place it in the basket.
ADAPT_020	A2_spatial_scene_stove_control	Turn on the stove while the black bowl starts between the plate and the ramekin.	libero_spatial	7	pick_up_the_black_bowl_between_the_plate_and_the_ramekin_and_place_it_on_the_plate	Pick the akita black bowl between the plate and the ramekin and place it on the plate	turnon(flat_stove_1)	The GT interaction mask is restricted to flat_stove_1_button, never the whole stove.	3	0	5	0.0	0	LIBERO_GOAL_08	Turn on the stove	LIBERO_SPATIAL_01	Pick the akita black bowl between the plate and the ramekin and place it on the plate		LIBERO_GOAL_08,LIBERO_SPATIAL_01	ELIGIBLE		REWRITE_AND_REEVALUATE_IF_SELECTED	Turn on the stove.
ADAPT_021	A2_spatial_scene_stove_control	Turn on the stove while the black bowl starts next to the ramekin.	libero_spatial	7	pick_up_the_black_bowl_next_to_the_ramekin_and_place_it_on_the_plate	Pick the akita black bowl next to the ramekin and place it on the plate	turnon(flat_stove_1)	The GT interaction mask is restricted to flat_stove_1_button, never the whole stove.	2	0	5	0.0	0	LIBERO_GOAL_08	Turn on the stove	LIBERO_SPATIAL_02	Pick the akita black bowl next to the ramekin and place it on the plate		LIBERO_GOAL_08,LIBERO_SPATIAL_02	ELIGIBLE		REWRITE_AND_REEVALUATE_IF_SELECTED	Turn on the stove.
ADAPT_022	A2_spatial_scene_stove_control	Turn on the stove while the black bowl starts at the table center.	libero_spatial	7	pick_up_the_black_bowl_from_table_center_and_place_it_on_the_plate	Pick the akita black bowl from table center and place it on the plate	turnon(flat_stove_1)	The GT interaction mask is restricted to flat_stove_1_button, never the whole stove.	3	0	5	0.0	0	LIBERO_GOAL_08	Turn on the stove	LIBERO_SPATIAL_03	Pick the akita black bowl from table center and place it on the plate		LIBERO_GOAL_08,LIBERO_SPATIAL_03	ELIGIBLE		REWRITE_AND_REEVALUATE_IF_SELECTED	Turn on the stove.
ADAPT_023	A2_spatial_scene_stove_control	Turn on the stove while the black bowl starts on the cookies box.	libero_spatial	7	pick_up_the_black_bowl_on_the_cookie_box_and_place_it_on_the_plate	Pick the akita black bowl on the cookies box and place it on the plate	turnon(flat_stove_1)	The GT interaction mask is restricted to flat_stove_1_button, never the whole stove.	2	0	5	0.0	0	LIBERO_GOAL_08	Turn on the stove	LIBERO_SPATIAL_04	Pick the akita black bowl on the cookies box and place it on the plate		LIBERO_GOAL_08,LIBERO_SPATIAL_04	ELIGIBLE		REWRITE_AND_REEVALUATE_IF_SELECTED	Turn on the stove.
ADAPT_024	A2_spatial_scene_stove_control	Turn on the stove while the black bowl starts in the top drawer of the wooden cabinet.	libero_spatial	7	pick_up_the_black_bowl_in_the_top_drawer_of_the_wooden_cabinet_and_place_it_on_the_plate	Pick the akita black bowl in the top layer of the wooden cabinet and place it on the plate	turnon(flat_stove_1)	The GT interaction mask is restricted to flat_stove_1_button, never the whole stove.	3	0	5	0.0	0	LIBERO_GOAL_08	Turn on the stove	LIBERO_SPATIAL_05	Pick the akita black bowl in the top layer of the wooden cabinet and place it on the plate		LIBERO_GOAL_08,LIBERO_SPATIAL_05	ELIGIBLE		REWRITE_AND_REEVALUATE_IF_SELECTED	Turn on the stove.
ADAPT_025	A2_spatial_scene_stove_control	Turn on the stove while the black bowl starts on the ramekin.	libero_spatial	7	pick_up_the_black_bowl_on_the_ramekin_and_place_it_on_the_plate	Pick the akita black bowl on the ramekin and place it on the plate	turnon(flat_stove_1)	The GT interaction mask is restricted to flat_stove_1_button, never the whole stove.	2	0	5	0.0	0	LIBERO_GOAL_08	Turn on the stove	LIBERO_SPATIAL_06	Pick the akita black bowl on the ramekin and place it on the plate		LIBERO_GOAL_08,LIBERO_SPATIAL_06	ELIGIBLE		REWRITE_AND_REEVALUATE_IF_SELECTED	Turn on the stove.
ADAPT_026	A2_spatial_scene_stove_control	Turn on the stove while the black bowl starts next to the cookies box.	libero_spatial	7	pick_up_the_black_bowl_next_to_the_cookie_box_and_place_it_on_the_plate	Pick the akita black bowl next to the cookies box and place it on the plate	turnon(flat_stove_1)	The GT interaction mask is restricted to flat_stove_1_button, never the whole stove.	3	0	5	0.0	0	LIBERO_GOAL_08	Turn on the stove	LIBERO_SPATIAL_07	Pick the akita black bowl next to the cookies box and place it on the plate		LIBERO_GOAL_08,LIBERO_SPATIAL_07	ELIGIBLE		REWRITE_AND_REEVALUATE_IF_SELECTED	Turn on the stove.
ADAPT_027	A2_spatial_scene_stove_control	Turn on the stove while the black bowl starts on the stove.	libero_spatial	7	pick_up_the_black_bowl_on_the_stove_and_place_it_on_the_plate	Pick the akita black bowl on the stove and place it on the plate	turnon(flat_stove_1)	The GT interaction mask is restricted to flat_stove_1_button, never the whole stove.	2	0	5	0.0	0	LIBERO_GOAL_08	Turn on the stove	LIBERO_SPATIAL_08	Pick the akita black bowl on the stove and place it on the plate		LIBERO_GOAL_08,LIBERO_SPATIAL_08	ELIGIBLE		REWRITE_AND_REEVALUATE_IF_SELECTED	Turn on the stove.
ADAPT_028	A2_spatial_scene_stove_control	Turn on the stove while the black bowl starts next to the plate.	libero_spatial	7	pick_up_the_black_bowl_next_to_the_plate_and_place_it_on_the_plate	Pick the akita black bowl next to the plate and place it on the plate	turnon(flat_stove_1)	The GT interaction mask is restricted to flat_stove_1_button, never the whole stove.	3	0	5	0.0	0	LIBERO_GOAL_08	Turn on the stove	LIBERO_SPATIAL_09	Pick the akita black bowl next to the plate and place it on the plate		LIBERO_GOAL_08,LIBERO_SPATIAL_09	ELIGIBLE		REWRITE_AND_REEVALUATE_IF_SELECTED	Turn on the stove.
ADAPT_029	A2_spatial_scene_stove_control	Turn on the stove while the black bowl starts on top of the wooden cabinet.	libero_spatial	7	pick_up_the_black_bowl_on_the_wooden_cabinet_and_place_it_on_the_plate	Pick the akita black bowl on the wooden cabinet and place it on the plate	turnon(flat_stove_1)	The GT interaction mask is restricted to flat_stove_1_button, never the whole stove.	2	0	5	0.0	0	LIBERO_GOAL_08	Turn on the stove	LIBERO_SPATIAL_10	Pick the akita black bowl on the wooden cabinet and place it on the plate		LIBERO_GOAL_08,LIBERO_SPATIAL_10	ELIGIBLE		REWRITE_AND_REEVALUATE_IF_SELECTED	Turn on the stove.
ADAPT_030	A2_spatial_source_to_drawer_sibling	Pick up the black bowl between the plate and the ramekin and put it in the top drawer of the wooden cabinet.	libero_spatial	3	pick_up_the_black_bowl_between_the_plate_and_the_ramekin_and_place_it_on_the_plate	Pick the akita black bowl between the plate and the ramekin and place it on the plate	in(akita_black_bowl_1, wooden_cabinet_1_top_region)		3	0	5	0.0	0	LIBERO_GOAL_04	Open the top layer of the drawer and put the bowl inside	LIBERO_SPATIAL_01	Pick the akita black bowl between the plate and the ramekin and place it on the plate		LIBERO_GOAL_04,LIBERO_SPATIAL_01	ELIGIBLE		PASS	Pick up the black bowl between the plate and the ramekin and put it in the top drawer of the wooden cabinet.
ADAPT_031	A2_spatial_source_to_drawer_sibling	Pick up the black bowl between the plate and the ramekin and put it in the middle drawer of the wooden cabinet.	libero_spatial	3	pick_up_the_black_bowl_between_the_plate_and_the_ramekin_and_place_it_on_the_plate	Pick the akita black bowl between the plate and the ramekin and place it on the plate	in(akita_black_bowl_1, wooden_cabinet_1_middle_region)		2	0	5	0.0	0	LIBERO_GOAL_04,LIBERO_GOAL_01	Open the top layer of the drawer and put the bowl inside || Open the middle layer of the drawer	LIBERO_SPATIAL_01	Pick the akita black bowl between the plate and the ramekin and place it on the plate		LIBERO_GOAL_04,LIBERO_GOAL_01,LIBERO_SPATIAL_01	ELIGIBLE		PASS	Pick up the black bowl between the plate and the ramekin and put it in the middle drawer of the wooden cabinet.
ADAPT_032	A2_spatial_source_to_drawer_sibling	Pick up the black bowl between the plate and the ramekin and put it in the bottom drawer of the wooden cabinet.	libero_spatial	3	pick_up_the_black_bowl_between_the_plate_and_the_ramekin_and_place_it_on_the_plate	Pick the akita black bowl between the plate and the ramekin and place it on the plate	in(akita_black_bowl_1, wooden_cabinet_1_bottom_region)		3	0	5	0.0	0	LIBERO_10_04	put the black bowl in the bottom drawer of the cabinet and close it	LIBERO_SPATIAL_01	Pick the akita black bowl between the plate and the ramekin and place it on the plate		LIBERO_10_04,LIBERO_SPATIAL_01	ELIGIBLE		PASS	Pick up the black bowl between the plate and the ramekin and put it in the bottom drawer of the wooden cabinet.
ADAPT_033	A2_spatial_source_to_drawer_sibling	Pick up the black bowl next to the ramekin and put it in the top drawer of the wooden cabinet.	libero_spatial	3	pick_up_the_black_bowl_next_to_the_ramekin_and_place_it_on_the_plate	Pick the akita black bowl next to the ramekin and place it on the plate	in(akita_black_bowl_1, wooden_cabinet_1_top_region)		2	0	5	0.0	0	LIBERO_GOAL_04	Open the top layer of the drawer and put the bowl inside	LIBERO_SPATIAL_02	Pick the akita black bowl next to the ramekin and place it on the plate		LIBERO_GOAL_04,LIBERO_SPATIAL_02	ELIGIBLE		PASS	Pick up the black bowl next to the ramekin and put it in the top drawer of the wooden cabinet.
ADAPT_034	A2_spatial_source_to_drawer_sibling	Pick up the black bowl next to the ramekin and put it in the middle drawer of the wooden cabinet.	libero_spatial	3	pick_up_the_black_bowl_next_to_the_ramekin_and_place_it_on_the_plate	Pick the akita black bowl next to the ramekin and place it on the plate	in(akita_black_bowl_1, wooden_cabinet_1_middle_region)		3	0	5	0.0	0	LIBERO_GOAL_04,LIBERO_GOAL_01	Open the top layer of the drawer and put the bowl inside || Open the middle layer of the drawer	LIBERO_SPATIAL_02	Pick the akita black bowl next to the ramekin and place it on the plate		LIBERO_GOAL_04,LIBERO_GOAL_01,LIBERO_SPATIAL_02	ELIGIBLE		PASS	Pick up the black bowl next to the ramekin and put it in the middle drawer of the wooden cabinet.
ADAPT_035	A2_spatial_source_to_drawer_sibling	Pick up the black bowl next to the ramekin and put it in the bottom drawer of the wooden cabinet.	libero_spatial	3	pick_up_the_black_bowl_next_to_the_ramekin_and_place_it_on_the_plate	Pick the akita black bowl next to the ramekin and place it on the plate	in(akita_black_bowl_1, wooden_cabinet_1_bottom_region)		2	0	5	0.0	0	LIBERO_10_04	put the black bowl in the bottom drawer of the cabinet and close it	LIBERO_SPATIAL_02	Pick the akita black bowl next to the ramekin and place it on the plate		LIBERO_10_04,LIBERO_SPATIAL_02	ELIGIBLE		PASS	Pick up the black bowl next to the ramekin and put it in the bottom drawer of the wooden cabinet.
ADAPT_036	A2_spatial_source_to_drawer_sibling	Pick up the black bowl at the table center and put it in the top drawer of the wooden cabinet.	libero_spatial	3	pick_up_the_black_bowl_from_table_center_and_place_it_on_the_plate	Pick the akita black bowl from table center and place it on the plate	in(akita_black_bowl_1, wooden_cabinet_1_top_region)		3	0	5	0.0	0	LIBERO_GOAL_04	Open the top layer of the drawer and put the bowl inside	LIBERO_SPATIAL_03	Pick the akita black bowl from table center and place it on the plate		LIBERO_GOAL_04,LIBERO_SPATIAL_03	ELIGIBLE		PASS	Pick up the black bowl at the table center and put it in the top drawer of the wooden cabinet.
ADAPT_037	A2_spatial_source_to_drawer_sibling	Pick up the black bowl at the table center and put it in the middle drawer of the wooden cabinet.	libero_spatial	3	pick_up_the_black_bowl_from_table_center_and_place_it_on_the_plate	Pick the akita black bowl from table center and place it on the plate	in(akita_black_bowl_1, wooden_cabinet_1_middle_region)		2	0	5	0.0	0	LIBERO_GOAL_04,LIBERO_GOAL_01	Open the top layer of the drawer and put the bowl inside || Open the middle layer of the drawer	LIBERO_SPATIAL_03	Pick the akita black bowl from table center and place it on the plate		LIBERO_GOAL_04,LIBERO_GOAL_01,LIBERO_SPATIAL_03	ELIGIBLE		PASS	Pick up the black bowl at the table center and put it in the middle drawer of the wooden cabinet.
ADAPT_038	A2_spatial_source_to_drawer_sibling	Pick up the black bowl at the table center and put it in the bottom drawer of the wooden cabinet.	libero_spatial	3	pick_up_the_black_bowl_from_table_center_and_place_it_on_the_plate	Pick the akita black bowl from table center and place it on the plate	in(akita_black_bowl_1, wooden_cabinet_1_bottom_region)		3	0	5	0.0	0	LIBERO_10_04	put the black bowl in the bottom drawer of the cabinet and close it	LIBERO_SPATIAL_03	Pick the akita black bowl from table center and place it on the plate		LIBERO_10_04,LIBERO_SPATIAL_03	ELIGIBLE		PASS	Pick up the black bowl at the table center and put it in the bottom drawer of the wooden cabinet.
ADAPT_039	A2_spatial_source_to_drawer_sibling	Pick up the black bowl next to the cookies box and put it in the top drawer of the wooden cabinet.	libero_spatial	3	pick_up_the_black_bowl_next_to_the_cookie_box_and_place_it_on_the_plate	Pick the akita black bowl next to the cookies box and place it on the plate	in(akita_black_bowl_1, wooden_cabinet_1_top_region)		2	0	5	0.0	0	LIBERO_GOAL_04	Open the top layer of the drawer and put the bowl inside	LIBERO_SPATIAL_07	Pick the akita black bowl next to the cookies box and place it on the plate		LIBERO_GOAL_04,LIBERO_SPATIAL_07	ELIGIBLE		PASS	Pick up the black bowl next to the cookies box and put it in the top drawer of the wooden cabinet.
ADAPT_040	A2_spatial_source_to_drawer_sibling	Pick up the black bowl next to the cookies box and put it in the middle drawer of the wooden cabinet.	libero_spatial	3	pick_up_the_black_bowl_next_to_the_cookie_box_and_place_it_on_the_plate	Pick the akita black bowl next to the cookies box and place it on the plate	in(akita_black_bowl_1, wooden_cabinet_1_middle_region)		3	0	5	0.0	0	LIBERO_GOAL_04,LIBERO_GOAL_01	Open the top layer of the drawer and put the bowl inside || Open the middle layer of the drawer	LIBERO_SPATIAL_07	Pick the akita black bowl next to the cookies box and place it on the plate		LIBERO_GOAL_04,LIBERO_GOAL_01,LIBERO_SPATIAL_07	ELIGIBLE		PASS	Pick up the black bowl next to the cookies box and put it in the middle drawer of the wooden cabinet.
ADAPT_041	A2_spatial_source_to_drawer_sibling	Pick up the black bowl next to the cookies box and put it in the bottom drawer of the wooden cabinet.	libero_spatial	3	pick_up_the_black_bowl_next_to_the_cookie_box_and_place_it_on_the_plate	Pick the akita black bowl next to the cookies box and place it on the plate	in(akita_black_bowl_1, wooden_cabinet_1_bottom_region)		2	0	5	0.0	0	LIBERO_10_04	put the black bowl in the bottom drawer of the cabinet and close it	LIBERO_SPATIAL_07	Pick the akita black bowl next to the cookies box and place it on the plate		LIBERO_10_04,LIBERO_SPATIAL_07	ELIGIBLE		PASS	Pick up the black bowl next to the cookies box and put it in the bottom drawer of the wooden cabinet.
ADAPT_042	A2_spatial_source_to_drawer_sibling	Pick up the black bowl next to the plate and put it in the top drawer of the wooden cabinet.	libero_spatial	3	pick_up_the_black_bowl_next_to_the_plate_and_place_it_on_the_plate	Pick the akita black bowl next to the plate and place it on the plate	in(akita_black_bowl_1, wooden_cabinet_1_top_region)		3	0	5	0.0	0	LIBERO_GOAL_04	Open the top layer of the drawer and put the bowl inside	LIBERO_SPATIAL_09	Pick the akita black bowl next to the plate and place it on the plate		LIBERO_GOAL_04,LIBERO_SPATIAL_09	ELIGIBLE		PASS	Pick up the black bowl next to the plate and put it in the top drawer of the wooden cabinet.
ADAPT_043	A2_spatial_source_to_drawer_sibling	Pick up the black bowl next to the plate and put it in the middle drawer of the wooden cabinet.	libero_spatial	3	pick_up_the_black_bowl_next_to_the_plate_and_place_it_on_the_plate	Pick the akita black bowl next to the plate and place it on the plate	in(akita_black_bowl_1, wooden_cabinet_1_middle_region)		2	0	5	0.0	0	LIBERO_GOAL_04,LIBERO_GOAL_01	Open the top layer of the drawer and put the bowl inside || Open the middle layer of the drawer	LIBERO_SPATIAL_09	Pick the akita black bowl next to the plate and place it on the plate		LIBERO_GOAL_04,LIBERO_GOAL_01,LIBERO_SPATIAL_09	ELIGIBLE		PASS	Pick up the black bowl next to the plate and put it in the middle drawer of the wooden cabinet.
ADAPT_044	A2_spatial_source_to_drawer_sibling	Pick up the black bowl next to the plate and put it in the bottom drawer of the wooden cabinet.	libero_spatial	3	pick_up_the_black_bowl_next_to_the_plate_and_place_it_on_the_plate	Pick the akita black bowl next to the plate and place it on the plate	in(akita_black_bowl_1, wooden_cabinet_1_bottom_region)		3	0	5	0.0	0	LIBERO_10_04	put the black bowl in the bottom drawer of the cabinet and close it	LIBERO_SPATIAL_09	Pick the akita black bowl next to the plate and place it on the plate		LIBERO_10_04,LIBERO_SPATIAL_09	ELIGIBLE		PASS	Pick up the black bowl next to the plate and put it in the bottom drawer of the wooden cabinet.
ADAPT_045	A2_spatial_context_drawer_action	Open the top drawer while the black bowl starts on the cookies box.	libero_spatial	10	pick_up_the_black_bowl_on_the_cookie_box_and_place_it_on_the_plate	Pick the akita black bowl on the cookies box and place it on the plate	open(wooden_cabinet_1_top_region)		2	0	5	0.0	0	LIBERO_GOAL_04	Open the top layer of the drawer and put the bowl inside	LIBERO_SPATIAL_04	Pick the akita black bowl on the cookies box and place it on the plate		LIBERO_GOAL_04,LIBERO_SPATIAL_04	ELIGIBLE		REWRITE_AND_REEVALUATE_IF_SELECTED	Open the top drawer.
ADAPT_046	A2_spatial_context_drawer_action	Open the middle drawer while the black bowl starts on the cookies box.	libero_spatial	10	pick_up_the_black_bowl_on_the_cookie_box_and_place_it_on_the_plate	Pick the akita black bowl on the cookies box and place it on the plate	open(wooden_cabinet_1_middle_region)		3	0	5	0.0	0	LIBERO_GOAL_01	Open the middle layer of the drawer	LIBERO_SPATIAL_04	Pick the akita black bowl on the cookies box and place it on the plate		LIBERO_GOAL_01,LIBERO_SPATIAL_04	ELIGIBLE		REWRITE_AND_REEVALUATE_IF_SELECTED	Open the middle drawer.
ADAPT_047	A2_spatial_context_drawer_action	Open the bottom drawer while the black bowl starts on the cookies box.	libero_spatial	10	pick_up_the_black_bowl_on_the_cookie_box_and_place_it_on_the_plate	Pick the akita black bowl on the cookies box and place it on the plate	open(wooden_cabinet_1_bottom_region)		2	0	5	0.0	0	LIBERO_GOAL_01,LIBERO_GOAL_04	Open the middle layer of the drawer || Open the top layer of the drawer and put the bowl inside	LIBERO_SPATIAL_04	Pick the akita black bowl on the cookies box and place it on the plate		LIBERO_GOAL_01,LIBERO_GOAL_04,LIBERO_SPATIAL_04	ELIGIBLE		REWRITE_AND_REEVALUATE_IF_SELECTED	Open the bottom drawer.
ADAPT_048	A2_spatial_context_drawer_action	Close the top drawer while the black bowl starts on the cookies box.	libero_spatial	108	pick_up_the_black_bowl_on_the_cookie_box_and_place_it_on_the_plate	Pick the akita black bowl on the cookies box and place it on the plate	close(wooden_cabinet_1_top_region)		3	0	5	0.0	0	LIBERO_10_04	put the black bowl in the bottom drawer of the cabinet and close it	LIBERO_SPATIAL_04	Pick the akita black bowl on the cookies box and place it on the plate		LIBERO_10_04,LIBERO_SPATIAL_04	ELIGIBLE		REWRITE_AND_REEVALUATE_IF_SELECTED	Close the top drawer.
ADAPT_049	A2_spatial_context_drawer_action	Close the middle drawer while the black bowl starts on the cookies box.	libero_spatial	108	pick_up_the_black_bowl_on_the_cookie_box_and_place_it_on_the_plate	Pick the akita black bowl on the cookies box and place it on the plate	close(wooden_cabinet_1_middle_region)		2	0	5	0.0	0	LIBERO_10_04	put the black bowl in the bottom drawer of the cabinet and close it	LIBERO_SPATIAL_04	Pick the akita black bowl on the cookies box and place it on the plate		LIBERO_10_04,LIBERO_SPATIAL_04	ELIGIBLE		REWRITE_AND_REEVALUATE_IF_SELECTED	Close the middle drawer.
ADAPT_050	A2_spatial_context_drawer_action	Close the bottom drawer while the black bowl starts on the cookies box.	libero_spatial	108	pick_up_the_black_bowl_on_the_cookie_box_and_place_it_on_the_plate	Pick the akita black bowl on the cookies box and place it on the plate	close(wooden_cabinet_1_bottom_region)		3	0	5	0.0	0	LIBERO_10_04	put the black bowl in the bottom drawer of the cabinet and close it	LIBERO_SPATIAL_04	Pick the akita black bowl on the cookies box and place it on the plate		LIBERO_10_04,LIBERO_SPATIAL_04	ELIGIBLE		REWRITE_AND_REEVALUATE_IF_SELECTED	Close the bottom drawer.
ADAPT_051	A2_spatial_context_drawer_action	Open the top drawer while the black bowl starts on the stove.	libero_spatial	10	pick_up_the_black_bowl_on_the_stove_and_place_it_on_the_plate	Pick the akita black bowl on the stove and place it on the plate	open(wooden_cabinet_1_top_region)		2	0	5	0.0	0	LIBERO_GOAL_04	Open the top layer of the drawer and put the bowl inside	LIBERO_SPATIAL_08	Pick the akita black bowl on the stove and place it on the plate		LIBERO_GOAL_04,LIBERO_SPATIAL_08	ELIGIBLE		REWRITE_AND_REEVALUATE_IF_SELECTED	Open the top drawer.
ADAPT_052	A2_spatial_context_drawer_action	Open the middle drawer while the black bowl starts on the stove.	libero_spatial	10	pick_up_the_black_bowl_on_the_stove_and_place_it_on_the_plate	Pick the akita black bowl on the stove and place it on the plate	open(wooden_cabinet_1_middle_region)		3	0	5	0.0	0	LIBERO_GOAL_01	Open the middle layer of the drawer	LIBERO_SPATIAL_08	Pick the akita black bowl on the stove and place it on the plate		LIBERO_GOAL_01,LIBERO_SPATIAL_08	ELIGIBLE		REWRITE_AND_REEVALUATE_IF_SELECTED	Open the middle drawer.
ADAPT_053	A2_spatial_context_drawer_action	Open the bottom drawer while the black bowl starts on the stove.	libero_spatial	10	pick_up_the_black_bowl_on_the_stove_and_place_it_on_the_plate	Pick the akita black bowl on the stove and place it on the plate	open(wooden_cabinet_1_bottom_region)		2	0	5	0.0	0	LIBERO_GOAL_01,LIBERO_GOAL_04	Open the middle layer of the drawer || Open the top layer of the drawer and put the bowl inside	LIBERO_SPATIAL_08	Pick the akita black bowl on the stove and place it on the plate		LIBERO_GOAL_01,LIBERO_GOAL_04,LIBERO_SPATIAL_08	ELIGIBLE		REWRITE_AND_REEVALUATE_IF_SELECTED	Open the bottom drawer.
ADAPT_054	A2_spatial_context_drawer_action	Close the top drawer while the black bowl starts on the stove.	libero_spatial	108	pick_up_the_black_bowl_on_the_stove_and_place_it_on_the_plate	Pick the akita black bowl on the stove and place it on the plate	close(wooden_cabinet_1_top_region)		3	0	5	0.0	0	LIBERO_10_04	put the black bowl in the bottom drawer of the cabinet and close it	LIBERO_SPATIAL_08	Pick the akita black bowl on the stove and place it on the plate		LIBERO_10_04,LIBERO_SPATIAL_08	ELIGIBLE		REWRITE_AND_REEVALUATE_IF_SELECTED	Close the top drawer.
ADAPT_055	A2_spatial_context_drawer_action	Close the middle drawer while the black bowl starts on the stove.	libero_spatial	108	pick_up_the_black_bowl_on_the_stove_and_place_it_on_the_plate	Pick the akita black bowl on the stove and place it on the plate	close(wooden_cabinet_1_middle_region)		2	0	5	0.0	0	LIBERO_10_04	put the black bowl in the bottom drawer of the cabinet and close it	LIBERO_SPATIAL_08	Pick the akita black bowl on the stove and place it on the plate		LIBERO_10_04,LIBERO_SPATIAL_08	ELIGIBLE		REWRITE_AND_REEVALUATE_IF_SELECTED	Close the middle drawer.
ADAPT_056	A2_spatial_context_drawer_action	Close the bottom drawer while the black bowl starts on the stove.	libero_spatial	108	pick_up_the_black_bowl_on_the_stove_and_place_it_on_the_plate	Pick the akita black bowl on the stove and place it on the plate	close(wooden_cabinet_1_bottom_region)		3	0	5	0.0	0	LIBERO_10_04	put the black bowl in the bottom drawer of the cabinet and close it	LIBERO_SPATIAL_08	Pick the akita black bowl on the stove and place it on the plate		LIBERO_10_04,LIBERO_SPATIAL_08	ELIGIBLE		REWRITE_AND_REEVALUATE_IF_SELECTED	Close the bottom drawer.
ADAPT_057	A2_spatial_context_drawer_action	Open the top drawer while the black bowl starts on top of the wooden cabinet.	libero_spatial	10	pick_up_the_black_bowl_on_the_wooden_cabinet_and_place_it_on_the_plate	Pick the akita black bowl on the wooden cabinet and place it on the plate	open(wooden_cabinet_1_top_region)		2	2	5	40.0	2	LIBERO_GOAL_04	Open the top layer of the drawer and put the bowl inside	LIBERO_SPATIAL_10	Pick the akita black bowl on the wooden cabinet and place it on the plate		LIBERO_GOAL_04,LIBERO_SPATIAL_10	ELIGIBLE		REWRITE_AND_REEVALUATE_IF_SELECTED	Open the top drawer.
ADAPT_058	A2_spatial_context_drawer_action	Open the middle drawer while the black bowl starts on top of the wooden cabinet.	libero_spatial	10	pick_up_the_black_bowl_on_the_wooden_cabinet_and_place_it_on_the_plate	Pick the akita black bowl on the wooden cabinet and place it on the plate	open(wooden_cabinet_1_middle_region)		3	0	5	0.0	0	LIBERO_GOAL_01	Open the middle layer of the drawer	LIBERO_SPATIAL_10	Pick the akita black bowl on the wooden cabinet and place it on the plate		LIBERO_GOAL_01,LIBERO_SPATIAL_10	ELIGIBLE		REWRITE_AND_REEVALUATE_IF_SELECTED	Open the middle drawer.
ADAPT_059	A2_spatial_context_drawer_action	Open the bottom drawer while the black bowl starts on top of the wooden cabinet.	libero_spatial	10	pick_up_the_black_bowl_on_the_wooden_cabinet_and_place_it_on_the_plate	Pick the akita black bowl on the wooden cabinet and place it on the plate	open(wooden_cabinet_1_bottom_region)		2	0	5	0.0	0	LIBERO_GOAL_01,LIBERO_GOAL_04	Open the middle layer of the drawer || Open the top layer of the drawer and put the bowl inside	LIBERO_SPATIAL_10	Pick the akita black bowl on the wooden cabinet and place it on the plate		LIBERO_GOAL_01,LIBERO_GOAL_04,LIBERO_SPATIAL_10	ELIGIBLE		REWRITE_AND_REEVALUATE_IF_SELECTED	Open the bottom drawer.
ADAPT_060	A2_spatial_context_drawer_action	Close the top drawer while the black bowl starts on top of the wooden cabinet.	libero_spatial	108	pick_up_the_black_bowl_on_the_wooden_cabinet_and_place_it_on_the_plate	Pick the akita black bowl on the wooden cabinet and place it on the plate	close(wooden_cabinet_1_top_region)		3	0	5	0.0	0	LIBERO_10_04	put the black bowl in the bottom drawer of the cabinet and close it	LIBERO_SPATIAL_10	Pick the akita black bowl on the wooden cabinet and place it on the plate		LIBERO_10_04,LIBERO_SPATIAL_10	ELIGIBLE		REWRITE_AND_REEVALUATE_IF_SELECTED	Close the top drawer.
ADAPT_061	A2_spatial_context_drawer_action	Close the middle drawer while the black bowl starts on top of the wooden cabinet.	libero_spatial	108	pick_up_the_black_bowl_on_the_wooden_cabinet_and_place_it_on_the_plate	Pick the akita black bowl on the wooden cabinet and place it on the plate	close(wooden_cabinet_1_middle_region)		2	0	5	0.0	0	LIBERO_10_04	put the black bowl in the bottom drawer of the cabinet and close it	LIBERO_SPATIAL_10	Pick the akita black bowl on the wooden cabinet and place it on the plate		LIBERO_10_04,LIBERO_SPATIAL_10	ELIGIBLE		REWRITE_AND_REEVALUATE_IF_SELECTED	Close the middle drawer.
ADAPT_062	A2_spatial_context_drawer_action	Close the bottom drawer while the black bowl starts on top of the wooden cabinet.	libero_spatial	108	pick_up_the_black_bowl_on_the_wooden_cabinet_and_place_it_on_the_plate	Pick the akita black bowl on the wooden cabinet and place it on the plate	close(wooden_cabinet_1_bottom_region)		3	0	5	0.0	0	LIBERO_10_04	put the black bowl in the bottom drawer of the cabinet and close it	LIBERO_SPATIAL_10	Pick the akita black bowl on the wooden cabinet and place it on the plate		LIBERO_10_04,LIBERO_SPATIAL_10	ELIGIBLE		REWRITE_AND_REEVALUATE_IF_SELECTED	Close the bottom drawer.
ADAPT_063	A3_libero10_scene4_learned_destination	Put the black bowl on the wine rack in the LIBERO-10 Scene 4 layout.	libero_10	1	KITCHEN_SCENE4_put_the_black_bowl_in_the_bottom_drawer_of_the_cabinet_and_close_it	put the black bowl in the bottom drawer of the cabinet and close it	on(akita_black_bowl_1, wine_rack_1_top_region)		2	0	5	0.0	0	LIBERO_GOAL_10	Put the wine bottle on the rack	LIBERO_10_04	put the black bowl in the bottom drawer of the cabinet and close it		LIBERO_GOAL_10,LIBERO_10_04	ELIGIBLE		REWRITE_AND_REEVALUATE_IF_SELECTED	Put the black bowl on the wine rack.
ADAPT_064	A3_libero10_scene4_learned_destination	Put the black bowl on the top of the white cabinet in the LIBERO-10 Scene 4 layout.	libero_10	1	KITCHEN_SCENE4_put_the_black_bowl_in_the_bottom_drawer_of_the_cabinet_and_close_it	put the black bowl in the bottom drawer of the cabinet and close it	on(akita_black_bowl_1, white_cabinet_1_top_side)		3	0	5	0.0	0	LIBERO_GOAL_05	Put the bowl on the top of the drawer	LIBERO_10_04	put the black bowl in the bottom drawer of the cabinet and close it		LIBERO_GOAL_05,LIBERO_10_04	ELIGIBLE		REWRITE_AND_REEVALUATE_IF_SELECTED	Put the black bowl on the top of the white cabinet.
ADAPT_065	A3_libero10_scene4_learned_destination	Put the wine bottle on the wine rack in the LIBERO-10 Scene 4 layout.	libero_10	5	KITCHEN_SCENE4_put_the_black_bowl_in_the_bottom_drawer_of_the_cabinet_and_close_it	put the black bowl in the bottom drawer of the cabinet and close it	on(wine_bottle_1, wine_rack_1_top_region)		2	0	5	0.0	0	LIBERO_GOAL_10	Put the wine bottle on the rack	LIBERO_10_04	put the black bowl in the bottom drawer of the cabinet and close it		LIBERO_GOAL_10,LIBERO_10_04	ELIGIBLE		REWRITE_AND_REEVALUATE_IF_SELECTED	Put the wine bottle on the wine rack.
ADAPT_066	A3_libero10_scene4_learned_destination	Put the wine bottle on the top of the white cabinet in the LIBERO-10 Scene 4 layout.	libero_10	5	KITCHEN_SCENE4_put_the_black_bowl_in_the_bottom_drawer_of_the_cabinet_and_close_it	put the black bowl in the bottom drawer of the cabinet and close it	on(wine_bottle_1, white_cabinet_1_top_side)		3	0	5	0.0	0	LIBERO_GOAL_03	Put the wine bottle on the top of the drawer	LIBERO_10_04	put the black bowl in the bottom drawer of the cabinet and close it		LIBERO_GOAL_03,LIBERO_10_04	ELIGIBLE		REWRITE_AND_REEVALUATE_IF_SELECTED	Put the wine bottle on the top of the white cabinet.
ADAPT_067	A3_libero10_scene4_object_drawer	Put the black bowl in the top drawer of the white cabinet in Scene 4.	libero_10	1	KITCHEN_SCENE4_put_the_black_bowl_in_the_bottom_drawer_of_the_cabinet_and_close_it	put the black bowl in the bottom drawer of the cabinet and close it	in(akita_black_bowl_1, white_cabinet_1_top_region)		2	0	5	0.0	0	LIBERO_GOAL_04	Open the top layer of the drawer and put the bowl inside	LIBERO_10_04	put the black bowl in the bottom drawer of the cabinet and close it		LIBERO_GOAL_04,LIBERO_10_04	ELIGIBLE		REWRITE_AND_REEVALUATE_IF_SELECTED	Put the black bowl in the top drawer of the white cabinet.
ADAPT_068	A3_libero10_scene4_object_drawer	Put the black bowl in the middle drawer of the white cabinet in Scene 4.	libero_10	1	KITCHEN_SCENE4_put_the_black_bowl_in_the_bottom_drawer_of_the_cabinet_and_close_it	put the black bowl in the bottom drawer of the cabinet and close it	in(akita_black_bowl_1, white_cabinet_1_middle_region)		3	5	5	100.0	5	LIBERO_GOAL_04,LIBERO_GOAL_01	Open the top layer of the drawer and put the bowl inside || Open the middle layer of the drawer	LIBERO_10_04	put the black bowl in the bottom drawer of the cabinet and close it		LIBERO_GOAL_04,LIBERO_GOAL_01,LIBERO_10_04	ELIGIBLE	Older LiberoExReFinal60 exact BDDL: ula3_041__put_the_black_bowl_in_the_middle_drawer_of_the_cabinet	REWRITE_AND_REEVALUATE_IF_SELECTED	Put the black bowl in the middle drawer of the white cabinet.
ADAPT_069	A3_libero10_scene4_object_drawer	Put the wine bottle in the top drawer of the white cabinet in Scene 4.	libero_10	5	KITCHEN_SCENE4_put_the_black_bowl_in_the_bottom_drawer_of_the_cabinet_and_close_it	put the black bowl in the bottom drawer of the cabinet and close it	in(wine_bottle_1, white_cabinet_1_top_region)		2	0	5	0.0	0	LIBERO_GOAL_04	Open the top layer of the drawer and put the bowl inside	LIBERO_10_04	put the black bowl in the bottom drawer of the cabinet and close it	LIBERO_GOAL_03	LIBERO_GOAL_04,LIBERO_10_04,LIBERO_GOAL_03	ELIGIBLE		REWRITE_AND_REEVALUATE_IF_SELECTED	Put the wine bottle in the top drawer of the white cabinet.
ADAPT_070	A3_libero10_scene4_object_drawer	Put the wine bottle in the middle drawer of the white cabinet in Scene 4.	libero_10	5	KITCHEN_SCENE4_put_the_black_bowl_in_the_bottom_drawer_of_the_cabinet_and_close_it	put the black bowl in the bottom drawer of the cabinet and close it	in(wine_bottle_1, white_cabinet_1_middle_region)		3	0	5	0.0	0	LIBERO_GOAL_04,LIBERO_GOAL_01	Open the top layer of the drawer and put the bowl inside || Open the middle layer of the drawer	LIBERO_10_04	put the black bowl in the bottom drawer of the cabinet and close it	LIBERO_GOAL_03	LIBERO_GOAL_04,LIBERO_GOAL_01,LIBERO_10_04,LIBERO_GOAL_03	ELIGIBLE		REWRITE_AND_REEVALUATE_IF_SELECTED	Put the wine bottle in the middle drawer of the white cabinet.
ADAPT_071	A3_libero10_scene4_object_drawer	Put the wine bottle in the bottom drawer of the white cabinet in Scene 4.	libero_10	5	KITCHEN_SCENE4_put_the_black_bowl_in_the_bottom_drawer_of_the_cabinet_and_close_it	put the black bowl in the bottom drawer of the cabinet and close it	in(wine_bottle_1, white_cabinet_1_bottom_region)		2	0	5	0.0	0	LIBERO_10_04	put the black bowl in the bottom drawer of the cabinet and close it	LIBERO_10_04	put the black bowl in the bottom drawer of the cabinet and close it	LIBERO_GOAL_03	LIBERO_10_04,LIBERO_GOAL_03	ELIGIBLE		REWRITE_AND_REEVALUATE_IF_SELECTED	Put the wine bottle in the bottom drawer of the white cabinet.
ADAPT_072	A3_libero10_scene4_atomic_drawer_action	Open the top drawer of the white cabinet in the complete Scene 4 layout.	libero_10	10	KITCHEN_SCENE4_put_the_black_bowl_in_the_bottom_drawer_of_the_cabinet_and_close_it	put the black bowl in the bottom drawer of the cabinet and close it	open(white_cabinet_1_top_region)		3	0	5	0.0	0	LIBERO_GOAL_04	Open the top layer of the drawer and put the bowl inside	LIBERO_10_04	put the black bowl in the bottom drawer of the cabinet and close it		LIBERO_GOAL_04,LIBERO_10_04	ELIGIBLE		REWRITE_AND_REEVALUATE_IF_SELECTED	Open the top drawer of the white cabinet.
ADAPT_073	A3_libero10_scene4_atomic_drawer_action	Open the middle drawer of the white cabinet in the complete Scene 4 layout.	libero_10	10	KITCHEN_SCENE4_put_the_black_bowl_in_the_bottom_drawer_of_the_cabinet_and_close_it	put the black bowl in the bottom drawer of the cabinet and close it	open(white_cabinet_1_middle_region)		2	0	5	0.0	0	LIBERO_GOAL_01	Open the middle layer of the drawer	LIBERO_10_04	put the black bowl in the bottom drawer of the cabinet and close it		LIBERO_GOAL_01,LIBERO_10_04	ELIGIBLE		REWRITE_AND_REEVALUATE_IF_SELECTED	Open the middle drawer of the white cabinet.
ADAPT_074	A3_libero10_scene4_atomic_drawer_action	Open the bottom drawer of the white cabinet in the complete Scene 4 layout.	libero_10	10	KITCHEN_SCENE4_put_the_black_bowl_in_the_bottom_drawer_of_the_cabinet_and_close_it	put the black bowl in the bottom drawer of the cabinet and close it	open(white_cabinet_1_bottom_region)		3	0	5	0.0	0	LIBERO_GOAL_01,LIBERO_GOAL_04	Open the middle layer of the drawer || Open the top layer of the drawer and put the bowl inside	LIBERO_10_04	put the black bowl in the bottom drawer of the cabinet and close it		LIBERO_GOAL_01,LIBERO_GOAL_04,LIBERO_10_04	ELIGIBLE		REWRITE_AND_REEVALUATE_IF_SELECTED	Open the bottom drawer of the white cabinet.
ADAPT_075	A3_libero10_scene4_atomic_drawer_action	Close the top drawer of the white cabinet in the complete Scene 4 layout.	libero_10	108	KITCHEN_SCENE4_put_the_black_bowl_in_the_bottom_drawer_of_the_cabinet_and_close_it	put the black bowl in the bottom drawer of the cabinet and close it	close(white_cabinet_1_top_region)		2	5	5	100.0	5	LIBERO_10_04	put the black bowl in the bottom drawer of the cabinet and close it	LIBERO_10_04	put the black bowl in the bottom drawer of the cabinet and close it		LIBERO_10_04	ELIGIBLE	Older LiberoExReFinal60 exact BDDL: ula3_044__close_the_top_drawer_of_the_cabinet	REWRITE_AND_REEVALUATE_IF_SELECTED	Close the top drawer of the white cabinet.
ADAPT_076	A3_libero10_scene4_atomic_drawer_action	Close the middle drawer of the white cabinet in the complete Scene 4 layout.	libero_10	108	KITCHEN_SCENE4_put_the_black_bowl_in_the_bottom_drawer_of_the_cabinet_and_close_it	put the black bowl in the bottom drawer of the cabinet and close it	close(white_cabinet_1_middle_region)		3	3	5	60.0	3	LIBERO_10_04	put the black bowl in the bottom drawer of the cabinet and close it	LIBERO_10_04	put the black bowl in the bottom drawer of the cabinet and close it		LIBERO_10_04	ELIGIBLE	Older LiberoExReFinal60 exact BDDL: ula3_042__close_the_middle_drawer_of_the_cabinet	REWRITE_AND_REEVALUATE_IF_SELECTED	Close the middle drawer of the white cabinet.
ADAPT_077	A3_libero10_scene4_atomic_drawer_action	Close the bottom drawer of the white cabinet in the complete Scene 4 layout.	libero_10	108	KITCHEN_SCENE4_put_the_black_bowl_in_the_bottom_drawer_of_the_cabinet_and_close_it	put the black bowl in the bottom drawer of the cabinet and close it	close(white_cabinet_1_bottom_region)	Previously defined in the 185-task screen as ANLGX_175; rerun here for the unified Adapt screen.	2	1	5	20.0	1	LIBERO_10_04	put the black bowl in the bottom drawer of the cabinet and close it	LIBERO_10_04	put the black bowl in the bottom drawer of the cabinet and close it		LIBERO_10_04	EXCLUDE_EXACT_DECOMPOSITION_OVERLAP	Final Decomposition20 exact BDDL: tdl10_016__close_the_bottom_drawer_of_the_cabinet || Older LiberoExReFinal60 exact BDDL: tdl10_016__close_the_bottom_drawer_of_the_cabinet || Original LIBERO-40 strict-goal-subset category: KITCHEN_SCENE4_put_the_black_bowl_in_the_bottom_drawer_of_the_cabinet_and_close_it	REWRITE_AND_REEVALUATE_IF_SELECTED	Close the bottom drawer of the white cabinet.
ADAPT_078	A3_libero10_scene4_package_drawer	Put the cream cheese in the top drawer of the white cabinet in Scene 4.	libero_10	302	KITCHEN_SCENE4_put_the_black_bowl_in_the_bottom_drawer_of_the_cabinet_and_close_it	put the black bowl in the bottom drawer of the cabinet and close it	in(cream_cheese_1, white_cabinet_1_top_region)	Object-grasp evidence: original LIBERO-Object task 302.	3	0	5	0.0	0	LIBERO_GOAL_04	Open the top layer of the drawer and put the bowl inside	LIBERO_10_04	put the black bowl in the bottom drawer of the cabinet and close it	LIBERO_OBJECT_02	LIBERO_GOAL_04,LIBERO_10_04,LIBERO_OBJECT_02	ELIGIBLE		REWRITE_AND_REEVALUATE_IF_SELECTED	Put the cream cheese in the top drawer of the white cabinet.
ADAPT_079	A3_libero10_scene4_package_drawer	Put the cream cheese in the middle drawer of the white cabinet in Scene 4.	libero_10	302	KITCHEN_SCENE4_put_the_black_bowl_in_the_bottom_drawer_of_the_cabinet_and_close_it	put the black bowl in the bottom drawer of the cabinet and close it	in(cream_cheese_1, white_cabinet_1_middle_region)	Object-grasp evidence: original LIBERO-Object task 302.	2	0	5	0.0	0	LIBERO_GOAL_04,LIBERO_GOAL_01	Open the top layer of the drawer and put the bowl inside || Open the middle layer of the drawer	LIBERO_10_04	put the black bowl in the bottom drawer of the cabinet and close it	LIBERO_OBJECT_02	LIBERO_GOAL_04,LIBERO_GOAL_01,LIBERO_10_04,LIBERO_OBJECT_02	ELIGIBLE		REWRITE_AND_REEVALUATE_IF_SELECTED	Put the cream cheese in the middle drawer of the white cabinet.
ADAPT_080	A3_libero10_scene4_package_drawer	Put the cream cheese in the bottom drawer of the white cabinet in Scene 4.	libero_10	302	KITCHEN_SCENE4_put_the_black_bowl_in_the_bottom_drawer_of_the_cabinet_and_close_it	put the black bowl in the bottom drawer of the cabinet and close it	in(cream_cheese_1, white_cabinet_1_bottom_region)	Object-grasp evidence: original LIBERO-Object task 302.	3	0	5	0.0	0	LIBERO_10_04	put the black bowl in the bottom drawer of the cabinet and close it	LIBERO_10_04	put the black bowl in the bottom drawer of the cabinet and close it	LIBERO_OBJECT_02	LIBERO_10_04,LIBERO_OBJECT_02	ELIGIBLE		REWRITE_AND_REEVALUATE_IF_SELECTED	Put the cream cheese in the bottom drawer of the white cabinet.
ADAPT_081	A3_libero10_scene4_package_drawer	Put the butter in the top drawer of the white cabinet in Scene 4.	libero_10	307	KITCHEN_SCENE4_put_the_black_bowl_in_the_bottom_drawer_of_the_cabinet_and_close_it	put the black bowl in the bottom drawer of the cabinet and close it	in(butter_1, white_cabinet_1_top_region)	Object-grasp evidence: original LIBERO-Object task 307.	2	0	5	0.0	0	LIBERO_GOAL_04	Open the top layer of the drawer and put the bowl inside	LIBERO_10_04	put the black bowl in the bottom drawer of the cabinet and close it	LIBERO_OBJECT_07	LIBERO_GOAL_04,LIBERO_10_04,LIBERO_OBJECT_07	ELIGIBLE		REWRITE_AND_REEVALUATE_IF_SELECTED	Put the butter in the top drawer of the white cabinet.
ADAPT_082	A3_libero10_scene4_package_drawer	Put the butter in the middle drawer of the white cabinet in Scene 4.	libero_10	307	KITCHEN_SCENE4_put_the_black_bowl_in_the_bottom_drawer_of_the_cabinet_and_close_it	put the black bowl in the bottom drawer of the cabinet and close it	in(butter_1, white_cabinet_1_middle_region)	Object-grasp evidence: original LIBERO-Object task 307.	3	0	5	0.0	0	LIBERO_GOAL_04,LIBERO_GOAL_01	Open the top layer of the drawer and put the bowl inside || Open the middle layer of the drawer	LIBERO_10_04	put the black bowl in the bottom drawer of the cabinet and close it	LIBERO_OBJECT_07	LIBERO_GOAL_04,LIBERO_GOAL_01,LIBERO_10_04,LIBERO_OBJECT_07	ELIGIBLE		REWRITE_AND_REEVALUATE_IF_SELECTED	Put the butter in the middle drawer of the white cabinet.
ADAPT_083	A3_libero10_scene4_package_drawer	Put the butter in the bottom drawer of the white cabinet in Scene 4.	libero_10	307	KITCHEN_SCENE4_put_the_black_bowl_in_the_bottom_drawer_of_the_cabinet_and_close_it	put the black bowl in the bottom drawer of the cabinet and close it	in(butter_1, white_cabinet_1_bottom_region)	Object-grasp evidence: original LIBERO-Object task 307.	2	0	5	0.0	0	LIBERO_10_04	put the black bowl in the bottom drawer of the cabinet and close it	LIBERO_10_04	put the black bowl in the bottom drawer of the cabinet and close it	LIBERO_OBJECT_07	LIBERO_10_04,LIBERO_OBJECT_07	ELIGIBLE		REWRITE_AND_REEVALUATE_IF_SELECTED	Put the butter in the bottom drawer of the white cabinet.
ADAPT_084	A3_libero10_scene4_package_drawer	Put the chocolate pudding in the top drawer of the white cabinet in Scene 4.	libero_10	309	KITCHEN_SCENE4_put_the_black_bowl_in_the_bottom_drawer_of_the_cabinet_and_close_it	put the black bowl in the bottom drawer of the cabinet and close it	in(chocolate_pudding_1, white_cabinet_1_top_region)	Object-grasp evidence: original LIBERO-Object task 309.	3	0	5	0.0	0	LIBERO_GOAL_04	Open the top layer of the drawer and put the bowl inside	LIBERO_10_04	put the black bowl in the bottom drawer of the cabinet and close it	LIBERO_OBJECT_09	LIBERO_GOAL_04,LIBERO_10_04,LIBERO_OBJECT_09	ELIGIBLE		REWRITE_AND_REEVALUATE_IF_SELECTED	Put the chocolate pudding in the top drawer of the white cabinet.
ADAPT_085	A3_libero10_scene4_package_drawer	Put the chocolate pudding in the middle drawer of the white cabinet in Scene 4.	libero_10	309	KITCHEN_SCENE4_put_the_black_bowl_in_the_bottom_drawer_of_the_cabinet_and_close_it	put the black bowl in the bottom drawer of the cabinet and close it	in(chocolate_pudding_1, white_cabinet_1_middle_region)	Object-grasp evidence: original LIBERO-Object task 309.	2	0	5	0.0	0	LIBERO_GOAL_04,LIBERO_GOAL_01	Open the top layer of the drawer and put the bowl inside || Open the middle layer of the drawer	LIBERO_10_04	put the black bowl in the bottom drawer of the cabinet and close it	LIBERO_OBJECT_09	LIBERO_GOAL_04,LIBERO_GOAL_01,LIBERO_10_04,LIBERO_OBJECT_09	ELIGIBLE		REWRITE_AND_REEVALUATE_IF_SELECTED	Put the chocolate pudding in the middle drawer of the white cabinet.
ADAPT_086	A3_libero10_scene4_package_drawer	Put the chocolate pudding in the bottom drawer of the white cabinet in Scene 4.	libero_10	309	KITCHEN_SCENE4_put_the_black_bowl_in_the_bottom_drawer_of_the_cabinet_and_close_it	put the black bowl in the bottom drawer of the cabinet and close it	in(chocolate_pudding_1, white_cabinet_1_bottom_region)	Object-grasp evidence: original LIBERO-Object task 309.	3	0	5	0.0	0	LIBERO_10_04	put the black bowl in the bottom drawer of the cabinet and close it	LIBERO_10_04	put the black bowl in the bottom drawer of the cabinet and close it	LIBERO_OBJECT_09	LIBERO_10_04,LIBERO_OBJECT_09	ELIGIBLE		REWRITE_AND_REEVALUATE_IF_SELECTED	Put the chocolate pudding in the bottom drawer of the white cabinet.
ADAPT_087	A4_libero10_scene5_front_plate_binding	Put the alphabet soup on the left front plate.	libero_10	301	LIVING_ROOM_SCENE5_put_the_white_mug_on_the_left_plate_and_put_the_yellow_and_white_mug_on_the_right_plate	put the white mug on the left plate and put the yellow and white mug on the right plate	on(alphabet_soup_1, plate_1)	Only a demonstrated corridor blocker is removed; unrelated objects remain. | Grasp evidence source ID: 301.	2	0	5	0.0	0	LIBERO_10_05,LIBERO_10_07	put the white mug on the left plate and put the yellow and white mug on the right plate || put the white mug on the plate and put the chocolate pudding to the right of the plate	LIBERO_10_05	put the white mug on the left plate and put the yellow and white mug on the right plate	LIBERO_OBJECT_01	LIBERO_10_05,LIBERO_10_07,LIBERO_OBJECT_01	ELIGIBLE		PASS	Put the alphabet soup on the left front plate.
ADAPT_088	A4_libero10_scene5_front_plate_binding	Put the alphabet soup on the right front plate.	libero_10	301	LIVING_ROOM_SCENE5_put_the_white_mug_on_the_left_plate_and_put_the_yellow_and_white_mug_on_the_right_plate	put the white mug on the left plate and put the yellow and white mug on the right plate	on(alphabet_soup_1, plate_2)	Only a demonstrated corridor blocker is removed; unrelated objects remain. | Grasp evidence source ID: 301.	3	4	5	80.0	4	LIBERO_10_05,LIBERO_10_07	put the white mug on the left plate and put the yellow and white mug on the right plate || put the white mug on the plate and put the chocolate pudding to the right of the plate	LIBERO_10_05	put the white mug on the left plate and put the yellow and white mug on the right plate	LIBERO_OBJECT_01	LIBERO_10_05,LIBERO_10_07,LIBERO_OBJECT_01	ELIGIBLE		PASS	Put the alphabet soup on the right front plate.
ADAPT_089	A4_libero10_scene5_front_plate_binding	Put the cream cheese on the left front plate.	libero_10	302	LIVING_ROOM_SCENE5_put_the_white_mug_on_the_left_plate_and_put_the_yellow_and_white_mug_on_the_right_plate	put the white mug on the left plate and put the yellow and white mug on the right plate	on(cream_cheese_1, plate_1)	Only a demonstrated corridor blocker is removed; unrelated objects remain. | Grasp evidence source ID: 302.	2	5	5	100.0	5	LIBERO_10_05,LIBERO_10_07	put the white mug on the left plate and put the yellow and white mug on the right plate || put the white mug on the plate and put the chocolate pudding to the right of the plate	LIBERO_10_05	put the white mug on the left plate and put the yellow and white mug on the right plate	LIBERO_OBJECT_02	LIBERO_10_05,LIBERO_10_07,LIBERO_OBJECT_02	ELIGIBLE		PASS	Put the cream cheese on the left front plate.
ADAPT_090	A4_libero10_scene5_front_plate_binding	Put the cream cheese on the right front plate.	libero_10	302	LIVING_ROOM_SCENE5_put_the_white_mug_on_the_left_plate_and_put_the_yellow_and_white_mug_on_the_right_plate	put the white mug on the left plate and put the yellow and white mug on the right plate	on(cream_cheese_1, plate_2)	Only a demonstrated corridor blocker is removed; unrelated objects remain. | Grasp evidence source ID: 302.	3	4	5	80.0	4	LIBERO_10_05,LIBERO_10_07	put the white mug on the left plate and put the yellow and white mug on the right plate || put the white mug on the plate and put the chocolate pudding to the right of the plate	LIBERO_10_05	put the white mug on the left plate and put the yellow and white mug on the right plate	LIBERO_OBJECT_02	LIBERO_10_05,LIBERO_10_07,LIBERO_OBJECT_02	ELIGIBLE		PASS	Put the cream cheese on the right front plate.
ADAPT_091	A4_libero10_scene5_front_plate_binding	Put the salad dressing on the left front plate.	libero_10	303	LIVING_ROOM_SCENE5_put_the_white_mug_on_the_left_plate_and_put_the_yellow_and_white_mug_on_the_right_plate	put the white mug on the left plate and put the yellow and white mug on the right plate	on(salad_dressing_1, plate_1)	Only a demonstrated corridor blocker is removed; unrelated objects remain. | Grasp evidence source ID: 303.	2	0	5	0.0	0	LIBERO_10_05,LIBERO_10_07	put the white mug on the left plate and put the yellow and white mug on the right plate || put the white mug on the plate and put the chocolate pudding to the right of the plate	LIBERO_10_05	put the white mug on the left plate and put the yellow and white mug on the right plate	LIBERO_OBJECT_03	LIBERO_10_05,LIBERO_10_07,LIBERO_OBJECT_03	ELIGIBLE		PASS	Put the salad dressing on the left front plate.
ADAPT_092	A4_libero10_scene5_front_plate_binding	Put the salad dressing on the right front plate.	libero_10	303	LIVING_ROOM_SCENE5_put_the_white_mug_on_the_left_plate_and_put_the_yellow_and_white_mug_on_the_right_plate	put the white mug on the left plate and put the yellow and white mug on the right plate	on(salad_dressing_1, plate_2)	Only a demonstrated corridor blocker is removed; unrelated objects remain. | Grasp evidence source ID: 303.	3	0	5	0.0	0	LIBERO_10_05,LIBERO_10_07	put the white mug on the left plate and put the yellow and white mug on the right plate || put the white mug on the plate and put the chocolate pudding to the right of the plate	LIBERO_10_05	put the white mug on the left plate and put the yellow and white mug on the right plate	LIBERO_OBJECT_03	LIBERO_10_05,LIBERO_10_07,LIBERO_OBJECT_03	ELIGIBLE		PASS	Put the salad dressing on the right front plate.
ADAPT_093	A4_libero10_scene5_front_plate_binding	Put the bbq sauce on the left front plate.	libero_10	304	LIVING_ROOM_SCENE5_put_the_white_mug_on_the_left_plate_and_put_the_yellow_and_white_mug_on_the_right_plate	put the white mug on the left plate and put the yellow and white mug on the right plate	on(bbq_sauce_1, plate_1)	Only a demonstrated corridor blocker is removed; unrelated objects remain. | Grasp evidence source ID: 304.	2	3	5	60.0	3	LIBERO_10_05,LIBERO_10_07	put the white mug on the left plate and put the yellow and white mug on the right plate || put the white mug on the plate and put the chocolate pudding to the right of the plate	LIBERO_10_05	put the white mug on the left plate and put the yellow and white mug on the right plate	LIBERO_OBJECT_04	LIBERO_10_05,LIBERO_10_07,LIBERO_OBJECT_04	ELIGIBLE		PASS	Put the bbq sauce on the left front plate.
ADAPT_094	A4_libero10_scene5_front_plate_binding	Put the bbq sauce on the right front plate.	libero_10	304	LIVING_ROOM_SCENE5_put_the_white_mug_on_the_left_plate_and_put_the_yellow_and_white_mug_on_the_right_plate	put the white mug on the left plate and put the yellow and white mug on the right plate	on(bbq_sauce_1, plate_2)	Only a demonstrated corridor blocker is removed; unrelated objects remain. | Grasp evidence source ID: 304.	3	1	5	20.0	1	LIBERO_10_05,LIBERO_10_07	put the white mug on the left plate and put the yellow and white mug on the right plate || put the white mug on the plate and put the chocolate pudding to the right of the plate	LIBERO_10_05	put the white mug on the left plate and put the yellow and white mug on the right plate	LIBERO_OBJECT_04	LIBERO_10_05,LIBERO_10_07,LIBERO_OBJECT_04	ELIGIBLE		PASS	Put the bbq sauce on the right front plate.
ADAPT_095	A4_libero10_scene5_front_plate_binding	Put the ketchup on the left front plate.	libero_10	305	LIVING_ROOM_SCENE5_put_the_white_mug_on_the_left_plate_and_put_the_yellow_and_white_mug_on_the_right_plate	put the white mug on the left plate and put the yellow and white mug on the right plate	on(ketchup_1, plate_1)	Only a demonstrated corridor blocker is removed; unrelated objects remain. | Grasp evidence source ID: 305.	2	0	5	0.0	0	LIBERO_10_05,LIBERO_10_07	put the white mug on the left plate and put the yellow and white mug on the right plate || put the white mug on the plate and put the chocolate pudding to the right of the plate	LIBERO_10_05	put the white mug on the left plate and put the yellow and white mug on the right plate	LIBERO_OBJECT_05	LIBERO_10_05,LIBERO_10_07,LIBERO_OBJECT_05	ELIGIBLE		PASS	Put the ketchup on the left front plate.
ADAPT_096	A4_libero10_scene5_front_plate_binding	Put the ketchup on the right front plate.	libero_10	305	LIVING_ROOM_SCENE5_put_the_white_mug_on_the_left_plate_and_put_the_yellow_and_white_mug_on_the_right_plate	put the white mug on the left plate and put the yellow and white mug on the right plate	on(ketchup_1, plate_2)	Only a demonstrated corridor blocker is removed; unrelated objects remain. | Grasp evidence source ID: 305.	3	0	5	0.0	0	LIBERO_10_05,LIBERO_10_07	put the white mug on the left plate and put the yellow and white mug on the right plate || put the white mug on the plate and put the chocolate pudding to the right of the plate	LIBERO_10_05	put the white mug on the left plate and put the yellow and white mug on the right plate	LIBERO_OBJECT_05	LIBERO_10_05,LIBERO_10_07,LIBERO_OBJECT_05	ELIGIBLE		PASS	Put the ketchup on the right front plate.
ADAPT_097	A4_libero10_scene5_front_plate_binding	Put the tomato sauce on the left front plate.	libero_10	306	LIVING_ROOM_SCENE5_put_the_white_mug_on_the_left_plate_and_put_the_yellow_and_white_mug_on_the_right_plate	put the white mug on the left plate and put the yellow and white mug on the right plate	on(tomato_sauce_1, plate_1)	Only a demonstrated corridor blocker is removed; unrelated objects remain. | Grasp evidence source ID: 306.	2	1	5	20.0	1	LIBERO_10_05,LIBERO_10_07	put the white mug on the left plate and put the yellow and white mug on the right plate || put the white mug on the plate and put the chocolate pudding to the right of the plate	LIBERO_10_05	put the white mug on the left plate and put the yellow and white mug on the right plate	LIBERO_OBJECT_06	LIBERO_10_05,LIBERO_10_07,LIBERO_OBJECT_06	ELIGIBLE		PASS	Put the tomato sauce on the left front plate.
ADAPT_098	A4_libero10_scene5_front_plate_binding	Put the tomato sauce on the right front plate.	libero_10	306	LIVING_ROOM_SCENE5_put_the_white_mug_on_the_left_plate_and_put_the_yellow_and_white_mug_on_the_right_plate	put the white mug on the left plate and put the yellow and white mug on the right plate	on(tomato_sauce_1, plate_2)	Only a demonstrated corridor blocker is removed; unrelated objects remain. | Grasp evidence source ID: 306.	3	3	5	60.0	3	LIBERO_10_05,LIBERO_10_07	put the white mug on the left plate and put the yellow and white mug on the right plate || put the white mug on the plate and put the chocolate pudding to the right of the plate	LIBERO_10_05	put the white mug on the left plate and put the yellow and white mug on the right plate	LIBERO_OBJECT_06	LIBERO_10_05,LIBERO_10_07,LIBERO_OBJECT_06	ELIGIBLE		PASS	Put the tomato sauce on the right front plate.
ADAPT_099	A4_libero10_scene5_front_plate_binding	Put the butter on the left front plate.	libero_10	307	LIVING_ROOM_SCENE5_put_the_white_mug_on_the_left_plate_and_put_the_yellow_and_white_mug_on_the_right_plate	put the white mug on the left plate and put the yellow and white mug on the right plate	on(butter_1, plate_1)	Only a demonstrated corridor blocker is removed; unrelated objects remain. | Grasp evidence source ID: 307.	2	1	5	20.0	1	LIBERO_10_05,LIBERO_10_07	put the white mug on the left plate and put the yellow and white mug on the right plate || put the white mug on the plate and put the chocolate pudding to the right of the plate	LIBERO_10_05	put the white mug on the left plate and put the yellow and white mug on the right plate	LIBERO_OBJECT_07	LIBERO_10_05,LIBERO_10_07,LIBERO_OBJECT_07	ELIGIBLE		PASS	Put the butter on the left front plate.
ADAPT_100	A4_libero10_scene5_front_plate_binding	Put the butter on the right front plate.	libero_10	307	LIVING_ROOM_SCENE5_put_the_white_mug_on_the_left_plate_and_put_the_yellow_and_white_mug_on_the_right_plate	put the white mug on the left plate and put the yellow and white mug on the right plate	on(butter_1, plate_2)	Only a demonstrated corridor blocker is removed; unrelated objects remain. | Grasp evidence source ID: 307.	3	3	5	60.0	3	LIBERO_10_05,LIBERO_10_07	put the white mug on the left plate and put the yellow and white mug on the right plate || put the white mug on the plate and put the chocolate pudding to the right of the plate	LIBERO_10_05	put the white mug on the left plate and put the yellow and white mug on the right plate	LIBERO_OBJECT_07	LIBERO_10_05,LIBERO_10_07,LIBERO_OBJECT_07	ELIGIBLE		PASS	Put the butter on the right front plate.
ADAPT_101	A4_libero10_scene5_front_plate_binding	Put the milk on the left front plate.	libero_10	308	LIVING_ROOM_SCENE5_put_the_white_mug_on_the_left_plate_and_put_the_yellow_and_white_mug_on_the_right_plate	put the white mug on the left plate and put the yellow and white mug on the right plate	on(milk_1, plate_1)	Only a demonstrated corridor blocker is removed; unrelated objects remain. | Grasp evidence source ID: 308.	2	4	5	80.0	4	LIBERO_10_05,LIBERO_10_07	put the white mug on the left plate and put the yellow and white mug on the right plate || put the white mug on the plate and put the chocolate pudding to the right of the plate	LIBERO_10_05	put the white mug on the left plate and put the yellow and white mug on the right plate	LIBERO_OBJECT_08	LIBERO_10_05,LIBERO_10_07,LIBERO_OBJECT_08	ELIGIBLE		PASS	Put the milk on the left front plate.
ADAPT_102	A4_libero10_scene5_front_plate_binding	Put the milk on the right front plate.	libero_10	308	LIVING_ROOM_SCENE5_put_the_white_mug_on_the_left_plate_and_put_the_yellow_and_white_mug_on_the_right_plate	put the white mug on the left plate and put the yellow and white mug on the right plate	on(milk_1, plate_2)	Only a demonstrated corridor blocker is removed; unrelated objects remain. | Grasp evidence source ID: 308.	3	1	5	20.0	1	LIBERO_10_05,LIBERO_10_07	put the white mug on the left plate and put the yellow and white mug on the right plate || put the white mug on the plate and put the chocolate pudding to the right of the plate	LIBERO_10_05	put the white mug on the left plate and put the yellow and white mug on the right plate	LIBERO_OBJECT_08	LIBERO_10_05,LIBERO_10_07,LIBERO_OBJECT_08	ELIGIBLE		PASS	Put the milk on the right front plate.
ADAPT_103	A4_libero10_scene5_front_plate_binding	Put the chocolate pudding on the left front plate.	libero_10	309	LIVING_ROOM_SCENE5_put_the_white_mug_on_the_left_plate_and_put_the_yellow_and_white_mug_on_the_right_plate	put the white mug on the left plate and put the yellow and white mug on the right plate	on(chocolate_pudding_1, plate_1)	Only a demonstrated corridor blocker is removed; unrelated objects remain. | Grasp evidence source ID: 309.	2	3	5	60.0	3	LIBERO_10_05,LIBERO_10_07	put the white mug on the left plate and put the yellow and white mug on the right plate || put the white mug on the plate and put the chocolate pudding to the right of the plate	LIBERO_10_05	put the white mug on the left plate and put the yellow and white mug on the right plate		LIBERO_10_05,LIBERO_10_07	ELIGIBLE		PASS	Put the chocolate pudding on the left front plate.
ADAPT_104	A4_libero10_scene5_front_plate_binding	Put the chocolate pudding on the right front plate.	libero_10	309	LIVING_ROOM_SCENE5_put_the_white_mug_on_the_left_plate_and_put_the_yellow_and_white_mug_on_the_right_plate	put the white mug on the left plate and put the yellow and white mug on the right plate	on(chocolate_pudding_1, plate_2)	Only a demonstrated corridor blocker is removed; unrelated objects remain. | Grasp evidence source ID: 309.	3	4	5	80.0	4	LIBERO_10_05,LIBERO_10_07	put the white mug on the left plate and put the yellow and white mug on the right plate || put the white mug on the plate and put the chocolate pudding to the right of the plate	LIBERO_10_05	put the white mug on the left plate and put the yellow and white mug on the right plate		LIBERO_10_05,LIBERO_10_07	ELIGIBLE		PASS	Put the chocolate pudding on the right front plate.
ADAPT_105	A4_libero10_scene5_front_plate_binding	Put the orange juice on the left front plate.	libero_10	310	LIVING_ROOM_SCENE5_put_the_white_mug_on_the_left_plate_and_put_the_yellow_and_white_mug_on_the_right_plate	put the white mug on the left plate and put the yellow and white mug on the right plate	on(orange_juice_1, plate_1)	Only a demonstrated corridor blocker is removed; unrelated objects remain. | Grasp evidence source ID: 310.	2	0	5	0.0	0	LIBERO_10_05,LIBERO_10_07	put the white mug on the left plate and put the yellow and white mug on the right plate || put the white mug on the plate and put the chocolate pudding to the right of the plate	LIBERO_10_05	put the white mug on the left plate and put the yellow and white mug on the right plate	LIBERO_OBJECT_10	LIBERO_10_05,LIBERO_10_07,LIBERO_OBJECT_10	ELIGIBLE		PASS	Put the orange juice on the left front plate.
ADAPT_106	A4_libero10_scene5_front_plate_binding	Put the orange juice on the right front plate.	libero_10	310	LIVING_ROOM_SCENE5_put_the_white_mug_on_the_left_plate_and_put_the_yellow_and_white_mug_on_the_right_plate	put the white mug on the left plate and put the yellow and white mug on the right plate	on(orange_juice_1, plate_2)	Only a demonstrated corridor blocker is removed; unrelated objects remain. | Grasp evidence source ID: 310.	3	0	5	0.0	0	LIBERO_10_05,LIBERO_10_07	put the white mug on the left plate and put the yellow and white mug on the right plate || put the white mug on the plate and put the chocolate pudding to the right of the plate	LIBERO_10_05	put the white mug on the left plate and put the yellow and white mug on the right plate	LIBERO_OBJECT_10	LIBERO_10_05,LIBERO_10_07,LIBERO_OBJECT_10	ELIGIBLE		PASS	Put the orange juice on the right front plate.
ADAPT_107	A4_libero10_scene5_front_plate_binding	Put the white mug on the left front plate.	libero_10	104	LIVING_ROOM_SCENE5_put_the_white_mug_on_the_left_plate_and_put_the_yellow_and_white_mug_on_the_right_plate	put the white mug on the left plate and put the yellow and white mug on the right plate	on(porcelain_mug_1, plate_1)	Only a demonstrated corridor blocker is removed; unrelated objects remain. | Grasp evidence source ID: 104.	2	0	5	0.0	0	LIBERO_10_05,LIBERO_10_07	put the white mug on the left plate and put the yellow and white mug on the right plate || put the white mug on the plate and put the chocolate pudding to the right of the plate	LIBERO_10_05	put the white mug on the left plate and put the yellow and white mug on the right plate		LIBERO_10_05,LIBERO_10_07	ELIGIBLE		PASS	Put the white mug on the left front plate.
ADAPT_108	A4_libero10_scene5_front_plate_binding	Put the white mug on the right front plate.	libero_10	104	LIVING_ROOM_SCENE5_put_the_white_mug_on_the_left_plate_and_put_the_yellow_and_white_mug_on_the_right_plate	put the white mug on the left plate and put the yellow and white mug on the right plate	on(porcelain_mug_1, plate_2)	Only a demonstrated corridor blocker is removed; unrelated objects remain. | Grasp evidence source ID: 104.	3	5	5	100.0	5	LIBERO_10_05,LIBERO_10_07	put the white mug on the left plate and put the yellow and white mug on the right plate || put the white mug on the plate and put the chocolate pudding to the right of the plate	LIBERO_10_05	put the white mug on the left plate and put the yellow and white mug on the right plate		LIBERO_10_05,LIBERO_10_07	ELIGIBLE		PASS	Put the white mug on the right front plate.
ADAPT_109	A4_libero10_scene5_front_plate_binding	Put the yellow and white mug on the left front plate.	libero_10	104	LIVING_ROOM_SCENE5_put_the_white_mug_on_the_left_plate_and_put_the_yellow_and_white_mug_on_the_right_plate	put the white mug on the left plate and put the yellow and white mug on the right plate	on(white_yellow_mug_1, plate_1)	Only a demonstrated corridor blocker is removed; unrelated objects remain. | Grasp evidence source ID: 104.	2	0	5	0.0	0	LIBERO_10_05,LIBERO_10_07	put the white mug on the left plate and put the yellow and white mug on the right plate || put the white mug on the plate and put the chocolate pudding to the right of the plate	LIBERO_10_05	put the white mug on the left plate and put the yellow and white mug on the right plate		LIBERO_10_05,LIBERO_10_07	ELIGIBLE		PASS	Put the yellow and white mug on the left front plate.
ADAPT_110	A4_libero10_scene5_front_plate_binding	Put the yellow and white mug on the right front plate.	libero_10	104	LIVING_ROOM_SCENE5_put_the_white_mug_on_the_left_plate_and_put_the_yellow_and_white_mug_on_the_right_plate	put the white mug on the left plate and put the yellow and white mug on the right plate	on(white_yellow_mug_1, plate_2)	Only a demonstrated corridor blocker is removed; unrelated objects remain. | Grasp evidence source ID: 104.	3	5	5	100.0	5	LIBERO_10_05,LIBERO_10_07	put the white mug on the left plate and put the yellow and white mug on the right plate || put the white mug on the plate and put the chocolate pudding to the right of the plate	LIBERO_10_05	put the white mug on the left plate and put the yellow and white mug on the right plate		LIBERO_10_05,LIBERO_10_07	ELIGIBLE		PASS	Put the yellow and white mug on the right front plate.
ADAPT_111	A4_libero10_scene5_front_plate_binding	Put the red mug on the left front plate.	libero_10	104	LIVING_ROOM_SCENE5_put_the_white_mug_on_the_left_plate_and_put_the_yellow_and_white_mug_on_the_right_plate	put the white mug on the left plate and put the yellow and white mug on the right plate	on(red_coffee_mug_1, plate_1)	Only a demonstrated corridor blocker is removed; unrelated objects remain. | Grasp evidence source ID: 104.	2	0	5	0.0	0	LIBERO_10_05,LIBERO_10_07	put the white mug on the left plate and put the yellow and white mug on the right plate || put the white mug on the plate and put the chocolate pudding to the right of the plate	LIBERO_10_05	put the white mug on the left plate and put the yellow and white mug on the right plate		LIBERO_10_05,LIBERO_10_07	MANUAL_REVIEW_TRAINING_EVIDENCE		PASS	Put the red mug on the left front plate.
ADAPT_112	A4_libero10_scene5_front_plate_binding	Put the red mug on the right front plate.	libero_10	104	LIVING_ROOM_SCENE5_put_the_white_mug_on_the_left_plate_and_put_the_yellow_and_white_mug_on_the_right_plate	put the white mug on the left plate and put the yellow and white mug on the right plate	on(red_coffee_mug_1, plate_2)	Only a demonstrated corridor blocker is removed; unrelated objects remain. | Grasp evidence source ID: 104.	3	4	5	80.0	4	LIBERO_10_05,LIBERO_10_07	put the white mug on the left plate and put the yellow and white mug on the right plate || put the white mug on the plate and put the chocolate pudding to the right of the plate	LIBERO_10_05	put the white mug on the left plate and put the yellow and white mug on the right plate		LIBERO_10_05,LIBERO_10_07	MANUAL_REVIEW_TRAINING_EVIDENCE		PASS	Put the red mug on the right front plate.
ADAPT_113	A5_libero10_caddy_object_compartment	Put the alphabet soup in the back compartment of the caddy.	libero_10	301	STUDY_SCENE1_pick_up_the_book_and_place_it_in_the_back_compartment_of_the_caddy	pick up the book and place it in the back compartment of the caddy	in(alphabet_soup_1, desk_caddy_1_back_contain_region)	Direct grasp evidence source ID: 301. | The object is known to fit the caddy aperture; milk and cream-cheese packages are excluded by the prior aperture gate.	2	2	5	40.0	2	LIBERO_10_06	pick up the book and place it in the back compartment of the caddy	LIBERO_10_06	pick up the book and place it in the back compartment of the caddy	LIBERO_OBJECT_01	LIBERO_10_06,LIBERO_OBJECT_01	ELIGIBLE		PASS	Put the alphabet soup in the back compartment of the caddy.
ADAPT_114	A5_libero10_caddy_object_compartment	Put the alphabet soup in the front compartment of the caddy.	libero_10	301	STUDY_SCENE1_pick_up_the_book_and_place_it_in_the_back_compartment_of_the_caddy	pick up the book and place it in the back compartment of the caddy	in(alphabet_soup_1, desk_caddy_1_front_contain_region)	Direct grasp evidence source ID: 301. | The object is known to fit the caddy aperture; milk and cream-cheese packages are excluded by the prior aperture gate.	3	0	5	0.0	0	LIBERO_10_06	pick up the book and place it in the back compartment of the caddy	LIBERO_10_06	pick up the book and place it in the back compartment of the caddy	LIBERO_OBJECT_01	LIBERO_10_06,LIBERO_OBJECT_01	ELIGIBLE		PASS	Put the alphabet soup in the front compartment of the caddy.
ADAPT_115	A5_libero10_caddy_object_compartment	Put the alphabet soup in the left compartment of the caddy.	libero_10	301	STUDY_SCENE1_pick_up_the_book_and_place_it_in_the_back_compartment_of_the_caddy	pick up the book and place it in the back compartment of the caddy	in(alphabet_soup_1, desk_caddy_1_left_contain_region)	Direct grasp evidence source ID: 301. | The object is known to fit the caddy aperture; milk and cream-cheese packages are excluded by the prior aperture gate.	2	0	5	0.0	0	LIBERO_10_06	pick up the book and place it in the back compartment of the caddy	LIBERO_10_06	pick up the book and place it in the back compartment of the caddy	LIBERO_OBJECT_01	LIBERO_10_06,LIBERO_OBJECT_01	ELIGIBLE		PASS	Put the alphabet soup in the left compartment of the caddy.
ADAPT_116	A5_libero10_caddy_object_compartment	Put the alphabet soup in the right compartment of the caddy.	libero_10	301	STUDY_SCENE1_pick_up_the_book_and_place_it_in_the_back_compartment_of_the_caddy	pick up the book and place it in the back compartment of the caddy	in(alphabet_soup_1, desk_caddy_1_right_contain_region)	Direct grasp evidence source ID: 301. | The object is known to fit the caddy aperture; milk and cream-cheese packages are excluded by the prior aperture gate.	3	0	5	0.0	0	LIBERO_10_06	pick up the book and place it in the back compartment of the caddy	LIBERO_10_06	pick up the book and place it in the back compartment of the caddy	LIBERO_OBJECT_01	LIBERO_10_06,LIBERO_OBJECT_01	ELIGIBLE		PASS	Put the alphabet soup in the right compartment of the caddy.
ADAPT_117	A5_libero10_caddy_object_compartment	Put the salad dressing in the back compartment of the caddy.	libero_10	303	STUDY_SCENE1_pick_up_the_book_and_place_it_in_the_back_compartment_of_the_caddy	pick up the book and place it in the back compartment of the caddy	in(salad_dressing_1, desk_caddy_1_back_contain_region)	Direct grasp evidence source ID: 303. | The object is known to fit the caddy aperture; milk and cream-cheese packages are excluded by the prior aperture gate.	2	4	5	80.0	4	LIBERO_10_06	pick up the book and place it in the back compartment of the caddy	LIBERO_10_06	pick up the book and place it in the back compartment of the caddy	LIBERO_OBJECT_03	LIBERO_10_06,LIBERO_OBJECT_03	ELIGIBLE		PASS	Put the salad dressing in the back compartment of the caddy.
ADAPT_118	A5_libero10_caddy_object_compartment	Put the salad dressing in the front compartment of the caddy.	libero_10	303	STUDY_SCENE1_pick_up_the_book_and_place_it_in_the_back_compartment_of_the_caddy	pick up the book and place it in the back compartment of the caddy	in(salad_dressing_1, desk_caddy_1_front_contain_region)	Direct grasp evidence source ID: 303. | The object is known to fit the caddy aperture; milk and cream-cheese packages are excluded by the prior aperture gate.	3	0	5	0.0	0	LIBERO_10_06	pick up the book and place it in the back compartment of the caddy	LIBERO_10_06	pick up the book and place it in the back compartment of the caddy	LIBERO_OBJECT_03	LIBERO_10_06,LIBERO_OBJECT_03	ELIGIBLE		PASS	Put the salad dressing in the front compartment of the caddy.
ADAPT_119	A5_libero10_caddy_object_compartment	Put the salad dressing in the left compartment of the caddy.	libero_10	303	STUDY_SCENE1_pick_up_the_book_and_place_it_in_the_back_compartment_of_the_caddy	pick up the book and place it in the back compartment of the caddy	in(salad_dressing_1, desk_caddy_1_left_contain_region)	Direct grasp evidence source ID: 303. | The object is known to fit the caddy aperture; milk and cream-cheese packages are excluded by the prior aperture gate.	2	2	5	40.0	2	LIBERO_10_06	pick up the book and place it in the back compartment of the caddy	LIBERO_10_06	pick up the book and place it in the back compartment of the caddy	LIBERO_OBJECT_03	LIBERO_10_06,LIBERO_OBJECT_03	ELIGIBLE		PASS	Put the salad dressing in the left compartment of the caddy.
ADAPT_120	A5_libero10_caddy_object_compartment	Put the salad dressing in the right compartment of the caddy.	libero_10	303	STUDY_SCENE1_pick_up_the_book_and_place_it_in_the_back_compartment_of_the_caddy	pick up the book and place it in the back compartment of the caddy	in(salad_dressing_1, desk_caddy_1_right_contain_region)	Direct grasp evidence source ID: 303. | The object is known to fit the caddy aperture; milk and cream-cheese packages are excluded by the prior aperture gate.	3	0	5	0.0	0	LIBERO_10_06	pick up the book and place it in the back compartment of the caddy	LIBERO_10_06	pick up the book and place it in the back compartment of the caddy	LIBERO_OBJECT_03	LIBERO_10_06,LIBERO_OBJECT_03	ELIGIBLE		PASS	Put the salad dressing in the right compartment of the caddy.
ADAPT_121	A5_libero10_caddy_object_compartment	Put the bbq sauce in the back compartment of the caddy.	libero_10	304	STUDY_SCENE1_pick_up_the_book_and_place_it_in_the_back_compartment_of_the_caddy	pick up the book and place it in the back compartment of the caddy	in(bbq_sauce_1, desk_caddy_1_back_contain_region)	Direct grasp evidence source ID: 304. | The object is known to fit the caddy aperture; milk and cream-cheese packages are excluded by the prior aperture gate.	2	5	5	100.0	5	LIBERO_10_06	pick up the book and place it in the back compartment of the caddy	LIBERO_10_06	pick up the book and place it in the back compartment of the caddy	LIBERO_OBJECT_04	LIBERO_10_06,LIBERO_OBJECT_04	ELIGIBLE		PASS	Put the bbq sauce in the back compartment of the caddy.
ADAPT_122	A5_libero10_caddy_object_compartment	Put the bbq sauce in the front compartment of the caddy.	libero_10	304	STUDY_SCENE1_pick_up_the_book_and_place_it_in_the_back_compartment_of_the_caddy	pick up the book and place it in the back compartment of the caddy	in(bbq_sauce_1, desk_caddy_1_front_contain_region)	Direct grasp evidence source ID: 304. | The object is known to fit the caddy aperture; milk and cream-cheese packages are excluded by the prior aperture gate.	3	0	5	0.0	0	LIBERO_10_06	pick up the book and place it in the back compartment of the caddy	LIBERO_10_06	pick up the book and place it in the back compartment of the caddy	LIBERO_OBJECT_04	LIBERO_10_06,LIBERO_OBJECT_04	ELIGIBLE		PASS	Put the bbq sauce in the front compartment of the caddy.
ADAPT_123	A5_libero10_caddy_object_compartment	Put the bbq sauce in the left compartment of the caddy.	libero_10	304	STUDY_SCENE1_pick_up_the_book_and_place_it_in_the_back_compartment_of_the_caddy	pick up the book and place it in the back compartment of the caddy	in(bbq_sauce_1, desk_caddy_1_left_contain_region)	Direct grasp evidence source ID: 304. | The object is known to fit the caddy aperture; milk and cream-cheese packages are excluded by the prior aperture gate.	2	0	5	0.0	0	LIBERO_10_06	pick up the book and place it in the back compartment of the caddy	LIBERO_10_06	pick up the book and place it in the back compartment of the caddy	LIBERO_OBJECT_04	LIBERO_10_06,LIBERO_OBJECT_04	ELIGIBLE		PASS	Put the bbq sauce in the left compartment of the caddy.
ADAPT_124	A5_libero10_caddy_object_compartment	Put the bbq sauce in the right compartment of the caddy.	libero_10	304	STUDY_SCENE1_pick_up_the_book_and_place_it_in_the_back_compartment_of_the_caddy	pick up the book and place it in the back compartment of the caddy	in(bbq_sauce_1, desk_caddy_1_right_contain_region)	Direct grasp evidence source ID: 304. | The object is known to fit the caddy aperture; milk and cream-cheese packages are excluded by the prior aperture gate.	3	0	5	0.0	0	LIBERO_10_06	pick up the book and place it in the back compartment of the caddy	LIBERO_10_06	pick up the book and place it in the back compartment of the caddy	LIBERO_OBJECT_04	LIBERO_10_06,LIBERO_OBJECT_04	ELIGIBLE		PASS	Put the bbq sauce in the right compartment of the caddy.
ADAPT_125	A5_libero10_caddy_object_compartment	Put the ketchup in the back compartment of the caddy.	libero_10	305	STUDY_SCENE1_pick_up_the_book_and_place_it_in_the_back_compartment_of_the_caddy	pick up the book and place it in the back compartment of the caddy	in(ketchup_1, desk_caddy_1_back_contain_region)	Direct grasp evidence source ID: 305. | The object is known to fit the caddy aperture; milk and cream-cheese packages are excluded by the prior aperture gate.	2	3	5	60.0	3	LIBERO_10_06	pick up the book and place it in the back compartment of the caddy	LIBERO_10_06	pick up the book and place it in the back compartment of the caddy	LIBERO_OBJECT_05	LIBERO_10_06,LIBERO_OBJECT_05	ELIGIBLE		PASS	Put the ketchup in the back compartment of the caddy.
ADAPT_126	A5_libero10_caddy_object_compartment	Put the ketchup in the front compartment of the caddy.	libero_10	305	STUDY_SCENE1_pick_up_the_book_and_place_it_in_the_back_compartment_of_the_caddy	pick up the book and place it in the back compartment of the caddy	in(ketchup_1, desk_caddy_1_front_contain_region)	Direct grasp evidence source ID: 305. | The object is known to fit the caddy aperture; milk and cream-cheese packages are excluded by the prior aperture gate.	3	0	5	0.0	0	LIBERO_10_06	pick up the book and place it in the back compartment of the caddy	LIBERO_10_06	pick up the book and place it in the back compartment of the caddy	LIBERO_OBJECT_05	LIBERO_10_06,LIBERO_OBJECT_05	ELIGIBLE		PASS	Put the ketchup in the front compartment of the caddy.
ADAPT_127	A5_libero10_caddy_object_compartment	Put the ketchup in the left compartment of the caddy.	libero_10	305	STUDY_SCENE1_pick_up_the_book_and_place_it_in_the_back_compartment_of_the_caddy	pick up the book and place it in the back compartment of the caddy	in(ketchup_1, desk_caddy_1_left_contain_region)	Direct grasp evidence source ID: 305. | The object is known to fit the caddy aperture; milk and cream-cheese packages are excluded by the prior aperture gate.	2	0	5	0.0	0	LIBERO_10_06	pick up the book and place it in the back compartment of the caddy	LIBERO_10_06	pick up the book and place it in the back compartment of the caddy	LIBERO_OBJECT_05	LIBERO_10_06,LIBERO_OBJECT_05	ELIGIBLE		PASS	Put the ketchup in the left compartment of the caddy.
ADAPT_128	A5_libero10_caddy_object_compartment	Put the ketchup in the right compartment of the caddy.	libero_10	305	STUDY_SCENE1_pick_up_the_book_and_place_it_in_the_back_compartment_of_the_caddy	pick up the book and place it in the back compartment of the caddy	in(ketchup_1, desk_caddy_1_right_contain_region)	Direct grasp evidence source ID: 305. | The object is known to fit the caddy aperture; milk and cream-cheese packages are excluded by the prior aperture gate.	3	0	5	0.0	0	LIBERO_10_06	pick up the book and place it in the back compartment of the caddy	LIBERO_10_06	pick up the book and place it in the back compartment of the caddy	LIBERO_OBJECT_05	LIBERO_10_06,LIBERO_OBJECT_05	ELIGIBLE		PASS	Put the ketchup in the right compartment of the caddy.
ADAPT_129	A5_libero10_caddy_object_compartment	Put the tomato sauce in the back compartment of the caddy.	libero_10	306	STUDY_SCENE1_pick_up_the_book_and_place_it_in_the_back_compartment_of_the_caddy	pick up the book and place it in the back compartment of the caddy	in(tomato_sauce_1, desk_caddy_1_back_contain_region)	Direct grasp evidence source ID: 306. | The object is known to fit the caddy aperture; milk and cream-cheese packages are excluded by the prior aperture gate.	2	2	5	40.0	2	LIBERO_10_06	pick up the book and place it in the back compartment of the caddy	LIBERO_10_06	pick up the book and place it in the back compartment of the caddy	LIBERO_OBJECT_06	LIBERO_10_06,LIBERO_OBJECT_06	ELIGIBLE		PASS	Put the tomato sauce in the back compartment of the caddy.
ADAPT_130	A5_libero10_caddy_object_compartment	Put the tomato sauce in the front compartment of the caddy.	libero_10	306	STUDY_SCENE1_pick_up_the_book_and_place_it_in_the_back_compartment_of_the_caddy	pick up the book and place it in the back compartment of the caddy	in(tomato_sauce_1, desk_caddy_1_front_contain_region)	Direct grasp evidence source ID: 306. | The object is known to fit the caddy aperture; milk and cream-cheese packages are excluded by the prior aperture gate.	3	0	5	0.0	0	LIBERO_10_06	pick up the book and place it in the back compartment of the caddy	LIBERO_10_06	pick up the book and place it in the back compartment of the caddy	LIBERO_OBJECT_06	LIBERO_10_06,LIBERO_OBJECT_06	ELIGIBLE		PASS	Put the tomato sauce in the front compartment of the caddy.
ADAPT_131	A5_libero10_caddy_object_compartment	Put the tomato sauce in the left compartment of the caddy.	libero_10	306	STUDY_SCENE1_pick_up_the_book_and_place_it_in_the_back_compartment_of_the_caddy	pick up the book and place it in the back compartment of the caddy	in(tomato_sauce_1, desk_caddy_1_left_contain_region)	Direct grasp evidence source ID: 306. | The object is known to fit the caddy aperture; milk and cream-cheese packages are excluded by the prior aperture gate.	2	0	5	0.0	0	LIBERO_10_06	pick up the book and place it in the back compartment of the caddy	LIBERO_10_06	pick up the book and place it in the back compartment of the caddy	LIBERO_OBJECT_06	LIBERO_10_06,LIBERO_OBJECT_06	ELIGIBLE		PASS	Put the tomato sauce in the left compartment of the caddy.
ADAPT_132	A5_libero10_caddy_object_compartment	Put the tomato sauce in the right compartment of the caddy.	libero_10	306	STUDY_SCENE1_pick_up_the_book_and_place_it_in_the_back_compartment_of_the_caddy	pick up the book and place it in the back compartment of the caddy	in(tomato_sauce_1, desk_caddy_1_right_contain_region)	Direct grasp evidence source ID: 306. | The object is known to fit the caddy aperture; milk and cream-cheese packages are excluded by the prior aperture gate.	3	0	5	0.0	0	LIBERO_10_06	pick up the book and place it in the back compartment of the caddy	LIBERO_10_06	pick up the book and place it in the back compartment of the caddy	LIBERO_OBJECT_06	LIBERO_10_06,LIBERO_OBJECT_06	ELIGIBLE		PASS	Put the tomato sauce in the right compartment of the caddy.
ADAPT_133	A5_libero10_caddy_object_compartment	Put the butter in the back compartment of the caddy.	libero_10	307	STUDY_SCENE1_pick_up_the_book_and_place_it_in_the_back_compartment_of_the_caddy	pick up the book and place it in the back compartment of the caddy	in(butter_1, desk_caddy_1_back_contain_region)	Direct grasp evidence source ID: 307. | The object is known to fit the caddy aperture; milk and cream-cheese packages are excluded by the prior aperture gate.	2	0	5	0.0	0	LIBERO_10_06	pick up the book and place it in the back compartment of the caddy	LIBERO_10_06	pick up the book and place it in the back compartment of the caddy	LIBERO_OBJECT_07	LIBERO_10_06,LIBERO_OBJECT_07	ELIGIBLE		PASS	Put the butter in the back compartment of the caddy.
ADAPT_134	A5_libero10_caddy_object_compartment	Put the butter in the front compartment of the caddy.	libero_10	307	STUDY_SCENE1_pick_up_the_book_and_place_it_in_the_back_compartment_of_the_caddy	pick up the book and place it in the back compartment of the caddy	in(butter_1, desk_caddy_1_front_contain_region)	Direct grasp evidence source ID: 307. | The object is known to fit the caddy aperture; milk and cream-cheese packages are excluded by the prior aperture gate.	3	0	5	0.0	0	LIBERO_10_06	pick up the book and place it in the back compartment of the caddy	LIBERO_10_06	pick up the book and place it in the back compartment of the caddy	LIBERO_OBJECT_07	LIBERO_10_06,LIBERO_OBJECT_07	ELIGIBLE		PASS	Put the butter in the front compartment of the caddy.
ADAPT_135	A5_libero10_caddy_object_compartment	Put the butter in the left compartment of the caddy.	libero_10	307	STUDY_SCENE1_pick_up_the_book_and_place_it_in_the_back_compartment_of_the_caddy	pick up the book and place it in the back compartment of the caddy	in(butter_1, desk_caddy_1_left_contain_region)	Direct grasp evidence source ID: 307. | The object is known to fit the caddy aperture; milk and cream-cheese packages are excluded by the prior aperture gate.	2	0	5	0.0	0	LIBERO_10_06	pick up the book and place it in the back compartment of the caddy	LIBERO_10_06	pick up the book and place it in the back compartment of the caddy	LIBERO_OBJECT_07	LIBERO_10_06,LIBERO_OBJECT_07	ELIGIBLE		PASS	Put the butter in the left compartment of the caddy.
ADAPT_136	A5_libero10_caddy_object_compartment	Put the butter in the right compartment of the caddy.	libero_10	307	STUDY_SCENE1_pick_up_the_book_and_place_it_in_the_back_compartment_of_the_caddy	pick up the book and place it in the back compartment of the caddy	in(butter_1, desk_caddy_1_right_contain_region)	Direct grasp evidence source ID: 307. | The object is known to fit the caddy aperture; milk and cream-cheese packages are excluded by the prior aperture gate.	3	0	5	0.0	0	LIBERO_10_06	pick up the book and place it in the back compartment of the caddy	LIBERO_10_06	pick up the book and place it in the back compartment of the caddy	LIBERO_OBJECT_07	LIBERO_10_06,LIBERO_OBJECT_07	ELIGIBLE		PASS	Put the butter in the right compartment of the caddy.
ADAPT_137	A5_libero10_caddy_object_compartment	Put the chocolate pudding in the back compartment of the caddy.	libero_10	309	STUDY_SCENE1_pick_up_the_book_and_place_it_in_the_back_compartment_of_the_caddy	pick up the book and place it in the back compartment of the caddy	in(chocolate_pudding_1, desk_caddy_1_back_contain_region)	Direct grasp evidence source ID: 309. | The object is known to fit the caddy aperture; milk and cream-cheese packages are excluded by the prior aperture gate.	2	0	5	0.0	0	LIBERO_10_06	pick up the book and place it in the back compartment of the caddy	LIBERO_10_06	pick up the book and place it in the back compartment of the caddy	LIBERO_OBJECT_09	LIBERO_10_06,LIBERO_OBJECT_09	ELIGIBLE		PASS	Put the chocolate pudding in the back compartment of the caddy.
ADAPT_138	A5_libero10_caddy_object_compartment	Put the chocolate pudding in the front compartment of the caddy.	libero_10	309	STUDY_SCENE1_pick_up_the_book_and_place_it_in_the_back_compartment_of_the_caddy	pick up the book and place it in the back compartment of the caddy	in(chocolate_pudding_1, desk_caddy_1_front_contain_region)	Direct grasp evidence source ID: 309. | The object is known to fit the caddy aperture; milk and cream-cheese packages are excluded by the prior aperture gate.	3	0	5	0.0	0	LIBERO_10_06	pick up the book and place it in the back compartment of the caddy	LIBERO_10_06	pick up the book and place it in the back compartment of the caddy	LIBERO_OBJECT_09	LIBERO_10_06,LIBERO_OBJECT_09	ELIGIBLE		PASS	Put the chocolate pudding in the front compartment of the caddy.
ADAPT_139	A5_libero10_caddy_object_compartment	Put the chocolate pudding in the left compartment of the caddy.	libero_10	309	STUDY_SCENE1_pick_up_the_book_and_place_it_in_the_back_compartment_of_the_caddy	pick up the book and place it in the back compartment of the caddy	in(chocolate_pudding_1, desk_caddy_1_left_contain_region)	Direct grasp evidence source ID: 309. | The object is known to fit the caddy aperture; milk and cream-cheese packages are excluded by the prior aperture gate.	2	0	5	0.0	0	LIBERO_10_06	pick up the book and place it in the back compartment of the caddy	LIBERO_10_06	pick up the book and place it in the back compartment of the caddy	LIBERO_OBJECT_09	LIBERO_10_06,LIBERO_OBJECT_09	ELIGIBLE		PASS	Put the chocolate pudding in the left compartment of the caddy.
ADAPT_140	A5_libero10_caddy_object_compartment	Put the chocolate pudding in the right compartment of the caddy.	libero_10	309	STUDY_SCENE1_pick_up_the_book_and_place_it_in_the_back_compartment_of_the_caddy	pick up the book and place it in the back compartment of the caddy	in(chocolate_pudding_1, desk_caddy_1_right_contain_region)	Direct grasp evidence source ID: 309. | The object is known to fit the caddy aperture; milk and cream-cheese packages are excluded by the prior aperture gate.	3	0	5	0.0	0	LIBERO_10_06	pick up the book and place it in the back compartment of the caddy	LIBERO_10_06	pick up the book and place it in the back compartment of the caddy	LIBERO_OBJECT_09	LIBERO_10_06,LIBERO_OBJECT_09	ELIGIBLE		PASS	Put the chocolate pudding in the right compartment of the caddy.
ADAPT_141	A5_libero10_caddy_object_compartment	Put the orange juice in the back compartment of the caddy.	libero_10	310	STUDY_SCENE1_pick_up_the_book_and_place_it_in_the_back_compartment_of_the_caddy	pick up the book and place it in the back compartment of the caddy	in(orange_juice_1, desk_caddy_1_back_contain_region)	Direct grasp evidence source ID: 310. | The object is known to fit the caddy aperture; milk and cream-cheese packages are excluded by the prior aperture gate.	2	3	5	60.0	3	LIBERO_10_06	pick up the book and place it in the back compartment of the caddy	LIBERO_10_06	pick up the book and place it in the back compartment of the caddy	LIBERO_OBJECT_10	LIBERO_10_06,LIBERO_OBJECT_10	ELIGIBLE		PASS	Put the orange juice in the back compartment of the caddy.
ADAPT_142	A5_libero10_caddy_object_compartment	Put the orange juice in the front compartment of the caddy.	libero_10	310	STUDY_SCENE1_pick_up_the_book_and_place_it_in_the_back_compartment_of_the_caddy	pick up the book and place it in the back compartment of the caddy	in(orange_juice_1, desk_caddy_1_front_contain_region)	Direct grasp evidence source ID: 310. | The object is known to fit the caddy aperture; milk and cream-cheese packages are excluded by the prior aperture gate.	3	0	5	0.0	0	LIBERO_10_06	pick up the book and place it in the back compartment of the caddy	LIBERO_10_06	pick up the book and place it in the back compartment of the caddy	LIBERO_OBJECT_10	LIBERO_10_06,LIBERO_OBJECT_10	ELIGIBLE		PASS	Put the orange juice in the front compartment of the caddy.
ADAPT_143	A5_libero10_caddy_object_compartment	Put the orange juice in the left compartment of the caddy.	libero_10	310	STUDY_SCENE1_pick_up_the_book_and_place_it_in_the_back_compartment_of_the_caddy	pick up the book and place it in the back compartment of the caddy	in(orange_juice_1, desk_caddy_1_left_contain_region)	Direct grasp evidence source ID: 310. | The object is known to fit the caddy aperture; milk and cream-cheese packages are excluded by the prior aperture gate.	2	0	5	0.0	0	LIBERO_10_06	pick up the book and place it in the back compartment of the caddy	LIBERO_10_06	pick up the book and place it in the back compartment of the caddy	LIBERO_OBJECT_10	LIBERO_10_06,LIBERO_OBJECT_10	ELIGIBLE		PASS	Put the orange juice in the left compartment of the caddy.
ADAPT_144	A5_libero10_caddy_object_compartment	Put the orange juice in the right compartment of the caddy.	libero_10	310	STUDY_SCENE1_pick_up_the_book_and_place_it_in_the_back_compartment_of_the_caddy	pick up the book and place it in the back compartment of the caddy	in(orange_juice_1, desk_caddy_1_right_contain_region)	Direct grasp evidence source ID: 310. | The object is known to fit the caddy aperture; milk and cream-cheese packages are excluded by the prior aperture gate.	3	0	5	0.0	0	LIBERO_10_06	pick up the book and place it in the back compartment of the caddy	LIBERO_10_06	pick up the book and place it in the back compartment of the caddy	LIBERO_OBJECT_10	LIBERO_10_06,LIBERO_OBJECT_10	ELIGIBLE		PASS	Put the orange juice in the right compartment of the caddy.
ADAPT_145	A5_libero10_caddy_object_compartment	Put the book in the front compartment of the caddy.	libero_10	105	STUDY_SCENE1_pick_up_the_book_and_place_it_in_the_back_compartment_of_the_caddy	pick up the book and place it in the back compartment of the caddy	in(black_book_1, desk_caddy_1_front_contain_region)	Direct grasp evidence source ID: 105. | The object is known to fit the caddy aperture; milk and cream-cheese packages are excluded by the prior aperture gate.	2	0	5	0.0	0	LIBERO_10_06	pick up the book and place it in the back compartment of the caddy	LIBERO_10_06	pick up the book and place it in the back compartment of the caddy		LIBERO_10_06	ELIGIBLE		PASS	Put the book in the front compartment of the caddy.
ADAPT_146	A5_libero10_caddy_object_compartment	Put the book in the left compartment of the caddy.	libero_10	105	STUDY_SCENE1_pick_up_the_book_and_place_it_in_the_back_compartment_of_the_caddy	pick up the book and place it in the back compartment of the caddy	in(black_book_1, desk_caddy_1_left_contain_region)	Direct grasp evidence source ID: 105. | The object is known to fit the caddy aperture; milk and cream-cheese packages are excluded by the prior aperture gate.	3	0	5	0.0	0	LIBERO_10_06	pick up the book and place it in the back compartment of the caddy	LIBERO_10_06	pick up the book and place it in the back compartment of the caddy		LIBERO_10_06	ELIGIBLE		PASS	Put the book in the left compartment of the caddy.
ADAPT_147	A5_libero10_caddy_object_compartment	Put the book in the right compartment of the caddy.	libero_10	105	STUDY_SCENE1_pick_up_the_book_and_place_it_in_the_back_compartment_of_the_caddy	pick up the book and place it in the back compartment of the caddy	in(black_book_1, desk_caddy_1_right_contain_region)	Direct grasp evidence source ID: 105. | The object is known to fit the caddy aperture; milk and cream-cheese packages are excluded by the prior aperture gate.	2	0	5	0.0	0	LIBERO_10_06	pick up the book and place it in the back compartment of the caddy	LIBERO_10_06	pick up the book and place it in the back compartment of the caddy		LIBERO_10_06	ELIGIBLE		PASS	Put the book in the right compartment of the caddy.
ADAPT_148	A5_libero10_caddy_object_compartment	Put the white mug in the back compartment of the caddy.	libero_10	104	STUDY_SCENE1_pick_up_the_book_and_place_it_in_the_back_compartment_of_the_caddy	pick up the book and place it in the back compartment of the caddy	in(porcelain_mug_1, desk_caddy_1_back_contain_region)	Direct grasp evidence source ID: 104. | The object is known to fit the caddy aperture; milk and cream-cheese packages are excluded by the prior aperture gate.	3	3	5	60.0	3	LIBERO_10_06	pick up the book and place it in the back compartment of the caddy	LIBERO_10_06	pick up the book and place it in the back compartment of the caddy	LIBERO_10_05	LIBERO_10_06,LIBERO_10_05	ELIGIBLE		PASS	Put the white mug in the back compartment of the caddy.
ADAPT_149	A5_libero10_caddy_object_compartment	Put the white mug in the front compartment of the caddy.	libero_10	104	STUDY_SCENE1_pick_up_the_book_and_place_it_in_the_back_compartment_of_the_caddy	pick up the book and place it in the back compartment of the caddy	in(porcelain_mug_1, desk_caddy_1_front_contain_region)	Direct grasp evidence source ID: 104. | The object is known to fit the caddy aperture; milk and cream-cheese packages are excluded by the prior aperture gate.	2	0	5	0.0	0	LIBERO_10_06	pick up the book and place it in the back compartment of the caddy	LIBERO_10_06	pick up the book and place it in the back compartment of the caddy	LIBERO_10_05	LIBERO_10_06,LIBERO_10_05	ELIGIBLE		PASS	Put the white mug in the front compartment of the caddy.
ADAPT_150	A5_libero10_caddy_object_compartment	Put the white mug in the left compartment of the caddy.	libero_10	104	STUDY_SCENE1_pick_up_the_book_and_place_it_in_the_back_compartment_of_the_caddy	pick up the book and place it in the back compartment of the caddy	in(porcelain_mug_1, desk_caddy_1_left_contain_region)	Direct grasp evidence source ID: 104. | The object is known to fit the caddy aperture; milk and cream-cheese packages are excluded by the prior aperture gate.	3	1	5	20.0	1	LIBERO_10_06	pick up the book and place it in the back compartment of the caddy	LIBERO_10_06	pick up the book and place it in the back compartment of the caddy	LIBERO_10_05	LIBERO_10_06,LIBERO_10_05	ELIGIBLE		PASS	Put the white mug in the left compartment of the caddy.
ADAPT_151	A5_libero10_caddy_object_compartment	Put the white mug in the right compartment of the caddy.	libero_10	104	STUDY_SCENE1_pick_up_the_book_and_place_it_in_the_back_compartment_of_the_caddy	pick up the book and place it in the back compartment of the caddy	in(porcelain_mug_1, desk_caddy_1_right_contain_region)	Direct grasp evidence source ID: 104. | The object is known to fit the caddy aperture; milk and cream-cheese packages are excluded by the prior aperture gate.	2	0	5	0.0	0	LIBERO_10_06	pick up the book and place it in the back compartment of the caddy	LIBERO_10_06	pick up the book and place it in the back compartment of the caddy	LIBERO_10_05	LIBERO_10_06,LIBERO_10_05	ELIGIBLE		PASS	Put the white mug in the right compartment of the caddy.
ADAPT_152	A5_libero10_caddy_object_compartment	Put the yellow and white mug in the back compartment of the caddy.	libero_10	104	STUDY_SCENE1_pick_up_the_book_and_place_it_in_the_back_compartment_of_the_caddy	pick up the book and place it in the back compartment of the caddy	in(white_yellow_mug_1, desk_caddy_1_back_contain_region)	Direct grasp evidence source ID: 104. | The object is known to fit the caddy aperture; milk and cream-cheese packages are excluded by the prior aperture gate. | Previously defined in the 185-task screen as ANLGX_176; rerun here for the unified Adapt screen.	3	1	5	20.0	1	LIBERO_10_06	pick up the book and place it in the back compartment of the caddy	LIBERO_10_06	pick up the book and place it in the back compartment of the caddy	LIBERO_10_05	LIBERO_10_06,LIBERO_10_05	ELIGIBLE		PASS	Put the yellow and white mug in the back compartment of the caddy.
ADAPT_153	A5_libero10_caddy_object_compartment	Put the yellow and white mug in the front compartment of the caddy.	libero_10	104	STUDY_SCENE1_pick_up_the_book_and_place_it_in_the_back_compartment_of_the_caddy	pick up the book and place it in the back compartment of the caddy	in(white_yellow_mug_1, desk_caddy_1_front_contain_region)	Direct grasp evidence source ID: 104. | The object is known to fit the caddy aperture; milk and cream-cheese packages are excluded by the prior aperture gate. | Previously defined in the 185-task screen as ANLGX_177; rerun here for the unified Adapt screen.	2	0	5	0.0	0	LIBERO_10_06	pick up the book and place it in the back compartment of the caddy	LIBERO_10_06	pick up the book and place it in the back compartment of the caddy	LIBERO_10_05	LIBERO_10_06,LIBERO_10_05	ELIGIBLE		PASS	Put the yellow and white mug in the front compartment of the caddy.
ADAPT_154	A5_libero10_caddy_object_compartment	Put the yellow and white mug in the right compartment of the caddy.	libero_10	104	STUDY_SCENE1_pick_up_the_book_and_place_it_in_the_back_compartment_of_the_caddy	pick up the book and place it in the back compartment of the caddy	in(white_yellow_mug_1, desk_caddy_1_right_contain_region)	Direct grasp evidence source ID: 104. | The object is known to fit the caddy aperture; milk and cream-cheese packages are excluded by the prior aperture gate. | Previously defined in the 185-task screen as ANLGX_179; rerun here for the unified Adapt screen.	3	0	5	0.0	0	LIBERO_10_06	pick up the book and place it in the back compartment of the caddy	LIBERO_10_06	pick up the book and place it in the back compartment of the caddy	LIBERO_10_05	LIBERO_10_06,LIBERO_10_05	ELIGIBLE		PASS	Put the yellow and white mug in the right compartment of the caddy.
ADAPT_155	A6_libero10_scene6_relative_region	Put the alphabet soup to the left of the plate.	libero_10	301	LIVING_ROOM_SCENE6_put_the_white_mug_on_the_plate_and_put_the_chocolate_pudding_to_the_right_of_the_plate	put the white mug on the plate and put the chocolate pudding to the right of the plate	on(alphabet_soup_1, living_room_table_plate_left_region)	The destination mask is projected from the current BDDL region; it is not a source-image mask.	2	0	5	0.0	0	LIBERO_10_07	put the white mug on the plate and put the chocolate pudding to the right of the plate	LIBERO_10_07	put the white mug on the plate and put the chocolate pudding to the right of the plate	LIBERO_OBJECT_01	LIBERO_10_07,LIBERO_OBJECT_01	ELIGIBLE		PASS	Put the alphabet soup to the left of the plate.
ADAPT_156	A6_libero10_scene6_relative_region	Put the alphabet soup to the right of the plate.	libero_10	301	LIVING_ROOM_SCENE6_put_the_white_mug_on_the_plate_and_put_the_chocolate_pudding_to_the_right_of_the_plate	put the white mug on the plate and put the chocolate pudding to the right of the plate	on(alphabet_soup_1, living_room_table_plate_right_region)	The destination mask is projected from the current BDDL region; it is not a source-image mask.	3	3	5	60.0	3	LIBERO_10_07	put the white mug on the plate and put the chocolate pudding to the right of the plate	LIBERO_10_07	put the white mug on the plate and put the chocolate pudding to the right of the plate	LIBERO_OBJECT_01	LIBERO_10_07,LIBERO_OBJECT_01	ELIGIBLE		PASS	Put the alphabet soup to the right of the plate.
ADAPT_157	A6_libero10_scene6_relative_region	Put the cream cheese to the left of the plate.	libero_10	302	LIVING_ROOM_SCENE6_put_the_white_mug_on_the_plate_and_put_the_chocolate_pudding_to_the_right_of_the_plate	put the white mug on the plate and put the chocolate pudding to the right of the plate	on(cream_cheese_1, living_room_table_plate_left_region)	The destination mask is projected from the current BDDL region; it is not a source-image mask.	2	0	5	0.0	0	LIBERO_10_07	put the white mug on the plate and put the chocolate pudding to the right of the plate	LIBERO_10_07	put the white mug on the plate and put the chocolate pudding to the right of the plate	LIBERO_OBJECT_02	LIBERO_10_07,LIBERO_OBJECT_02	ELIGIBLE		PASS	Put the cream cheese to the left of the plate.
ADAPT_158	A6_libero10_scene6_relative_region	Put the cream cheese to the right of the plate.	libero_10	302	LIVING_ROOM_SCENE6_put_the_white_mug_on_the_plate_and_put_the_chocolate_pudding_to_the_right_of_the_plate	put the white mug on the plate and put the chocolate pudding to the right of the plate	on(cream_cheese_1, living_room_table_plate_right_region)	The destination mask is projected from the current BDDL region; it is not a source-image mask.	3	4	5	80.0	4	LIBERO_10_07	put the white mug on the plate and put the chocolate pudding to the right of the plate	LIBERO_10_07	put the white mug on the plate and put the chocolate pudding to the right of the plate	LIBERO_OBJECT_02	LIBERO_10_07,LIBERO_OBJECT_02	ELIGIBLE		PASS	Put the cream cheese to the right of the plate.
ADAPT_159	A6_libero10_scene6_relative_region	Put the salad dressing to the left of the plate.	libero_10	303	LIVING_ROOM_SCENE6_put_the_white_mug_on_the_plate_and_put_the_chocolate_pudding_to_the_right_of_the_plate	put the white mug on the plate and put the chocolate pudding to the right of the plate	on(salad_dressing_1, living_room_table_plate_left_region)	The destination mask is projected from the current BDDL region; it is not a source-image mask.	2	0	5	0.0	0	LIBERO_10_07	put the white mug on the plate and put the chocolate pudding to the right of the plate	LIBERO_10_07	put the white mug on the plate and put the chocolate pudding to the right of the plate	LIBERO_OBJECT_03	LIBERO_10_07,LIBERO_OBJECT_03	ELIGIBLE		PASS	Put the salad dressing to the left of the plate.
ADAPT_160	A6_libero10_scene6_relative_region	Put the salad dressing to the right of the plate.	libero_10	303	LIVING_ROOM_SCENE6_put_the_white_mug_on_the_plate_and_put_the_chocolate_pudding_to_the_right_of_the_plate	put the white mug on the plate and put the chocolate pudding to the right of the plate	on(salad_dressing_1, living_room_table_plate_right_region)	The destination mask is projected from the current BDDL region; it is not a source-image mask.	3	0	5	0.0	0	LIBERO_10_07	put the white mug on the plate and put the chocolate pudding to the right of the plate	LIBERO_10_07	put the white mug on the plate and put the chocolate pudding to the right of the plate	LIBERO_OBJECT_03	LIBERO_10_07,LIBERO_OBJECT_03	ELIGIBLE		PASS	Put the salad dressing to the right of the plate.
ADAPT_161	A6_libero10_scene6_relative_region	Put the bbq sauce to the left of the plate.	libero_10	304	LIVING_ROOM_SCENE6_put_the_white_mug_on_the_plate_and_put_the_chocolate_pudding_to_the_right_of_the_plate	put the white mug on the plate and put the chocolate pudding to the right of the plate	on(bbq_sauce_1, living_room_table_plate_left_region)	The destination mask is projected from the current BDDL region; it is not a source-image mask.	2	0	5	0.0	0	LIBERO_10_07	put the white mug on the plate and put the chocolate pudding to the right of the plate	LIBERO_10_07	put the white mug on the plate and put the chocolate pudding to the right of the plate	LIBERO_OBJECT_04	LIBERO_10_07,LIBERO_OBJECT_04	ELIGIBLE		PASS	Put the bbq sauce to the left of the plate.
ADAPT_162	A6_libero10_scene6_relative_region	Put the bbq sauce to the right of the plate.	libero_10	304	LIVING_ROOM_SCENE6_put_the_white_mug_on_the_plate_and_put_the_chocolate_pudding_to_the_right_of_the_plate	put the white mug on the plate and put the chocolate pudding to the right of the plate	on(bbq_sauce_1, living_room_table_plate_right_region)	The destination mask is projected from the current BDDL region; it is not a source-image mask.	3	3	5	60.0	3	LIBERO_10_07	put the white mug on the plate and put the chocolate pudding to the right of the plate	LIBERO_10_07	put the white mug on the plate and put the chocolate pudding to the right of the plate	LIBERO_OBJECT_04	LIBERO_10_07,LIBERO_OBJECT_04	ELIGIBLE		PASS	Put the bbq sauce to the right of the plate.
ADAPT_163	A6_libero10_scene6_relative_region	Put the ketchup to the left of the plate.	libero_10	305	LIVING_ROOM_SCENE6_put_the_white_mug_on_the_plate_and_put_the_chocolate_pudding_to_the_right_of_the_plate	put the white mug on the plate and put the chocolate pudding to the right of the plate	on(ketchup_1, living_room_table_plate_left_region)	The destination mask is projected from the current BDDL region; it is not a source-image mask.	2	0	5	0.0	0	LIBERO_10_07	put the white mug on the plate and put the chocolate pudding to the right of the plate	LIBERO_10_07	put the white mug on the plate and put the chocolate pudding to the right of the plate	LIBERO_OBJECT_05	LIBERO_10_07,LIBERO_OBJECT_05	ELIGIBLE		PASS	Put the ketchup to the left of the plate.
ADAPT_164	A6_libero10_scene6_relative_region	Put the ketchup to the right of the plate.	libero_10	305	LIVING_ROOM_SCENE6_put_the_white_mug_on_the_plate_and_put_the_chocolate_pudding_to_the_right_of_the_plate	put the white mug on the plate and put the chocolate pudding to the right of the plate	on(ketchup_1, living_room_table_plate_right_region)	The destination mask is projected from the current BDDL region; it is not a source-image mask.	3	1	5	20.0	1	LIBERO_10_07	put the white mug on the plate and put the chocolate pudding to the right of the plate	LIBERO_10_07	put the white mug on the plate and put the chocolate pudding to the right of the plate	LIBERO_OBJECT_05	LIBERO_10_07,LIBERO_OBJECT_05	ELIGIBLE		PASS	Put the ketchup to the right of the plate.
ADAPT_165	A6_libero10_scene6_relative_region	Put the tomato sauce to the left of the plate.	libero_10	306	LIVING_ROOM_SCENE6_put_the_white_mug_on_the_plate_and_put_the_chocolate_pudding_to_the_right_of_the_plate	put the white mug on the plate and put the chocolate pudding to the right of the plate	on(tomato_sauce_1, living_room_table_plate_left_region)	The destination mask is projected from the current BDDL region; it is not a source-image mask.	2	0	5	0.0	0	LIBERO_10_07	put the white mug on the plate and put the chocolate pudding to the right of the plate	LIBERO_10_07	put the white mug on the plate and put the chocolate pudding to the right of the plate	LIBERO_OBJECT_06	LIBERO_10_07,LIBERO_OBJECT_06	ELIGIBLE		PASS	Put the tomato sauce to the left of the plate.
ADAPT_166	A6_libero10_scene6_relative_region	Put the tomato sauce to the right of the plate.	libero_10	306	LIVING_ROOM_SCENE6_put_the_white_mug_on_the_plate_and_put_the_chocolate_pudding_to_the_right_of_the_plate	put the white mug on the plate and put the chocolate pudding to the right of the plate	on(tomato_sauce_1, living_room_table_plate_right_region)	The destination mask is projected from the current BDDL region; it is not a source-image mask.	3	2	5	40.0	2	LIBERO_10_07	put the white mug on the plate and put the chocolate pudding to the right of the plate	LIBERO_10_07	put the white mug on the plate and put the chocolate pudding to the right of the plate	LIBERO_OBJECT_06	LIBERO_10_07,LIBERO_OBJECT_06	ELIGIBLE		PASS	Put the tomato sauce to the right of the plate.
ADAPT_167	A6_libero10_scene6_relative_region	Put the butter to the left of the plate.	libero_10	307	LIVING_ROOM_SCENE6_put_the_white_mug_on_the_plate_and_put_the_chocolate_pudding_to_the_right_of_the_plate	put the white mug on the plate and put the chocolate pudding to the right of the plate	on(butter_1, living_room_table_plate_left_region)	The destination mask is projected from the current BDDL region; it is not a source-image mask.	2	0	5	0.0	0	LIBERO_10_07	put the white mug on the plate and put the chocolate pudding to the right of the plate	LIBERO_10_07	put the white mug on the plate and put the chocolate pudding to the right of the plate	LIBERO_OBJECT_07	LIBERO_10_07,LIBERO_OBJECT_07	ELIGIBLE		PASS	Put the butter to the left of the plate.
ADAPT_168	A6_libero10_scene6_relative_region	Put the butter to the right of the plate.	libero_10	307	LIVING_ROOM_SCENE6_put_the_white_mug_on_the_plate_and_put_the_chocolate_pudding_to_the_right_of_the_plate	put the white mug on the plate and put the chocolate pudding to the right of the plate	on(butter_1, living_room_table_plate_right_region)	The destination mask is projected from the current BDDL region; it is not a source-image mask.	3	5	5	100.0	5	LIBERO_10_07	put the white mug on the plate and put the chocolate pudding to the right of the plate	LIBERO_10_07	put the white mug on the plate and put the chocolate pudding to the right of the plate	LIBERO_OBJECT_07	LIBERO_10_07,LIBERO_OBJECT_07	ELIGIBLE		PASS	Put the butter to the right of the plate.
ADAPT_169	A6_libero10_scene6_relative_region	Put the milk to the left of the plate.	libero_10	308	LIVING_ROOM_SCENE6_put_the_white_mug_on_the_plate_and_put_the_chocolate_pudding_to_the_right_of_the_plate	put the white mug on the plate and put the chocolate pudding to the right of the plate	on(milk_1, living_room_table_plate_left_region)	The destination mask is projected from the current BDDL region; it is not a source-image mask.	2	0	5	0.0	0	LIBERO_10_07	put the white mug on the plate and put the chocolate pudding to the right of the plate	LIBERO_10_07	put the white mug on the plate and put the chocolate pudding to the right of the plate	LIBERO_OBJECT_08	LIBERO_10_07,LIBERO_OBJECT_08	ELIGIBLE		PASS	Put the milk to the left of the plate.
ADAPT_170	A6_libero10_scene6_relative_region	Put the milk to the right of the plate.	libero_10	308	LIVING_ROOM_SCENE6_put_the_white_mug_on_the_plate_and_put_the_chocolate_pudding_to_the_right_of_the_plate	put the white mug on the plate and put the chocolate pudding to the right of the plate	on(milk_1, living_room_table_plate_right_region)	The destination mask is projected from the current BDDL region; it is not a source-image mask.	3	0	5	0.0	0	LIBERO_10_07	put the white mug on the plate and put the chocolate pudding to the right of the plate	LIBERO_10_07	put the white mug on the plate and put the chocolate pudding to the right of the plate	LIBERO_OBJECT_08	LIBERO_10_07,LIBERO_OBJECT_08	ELIGIBLE		PASS	Put the milk to the right of the plate.
ADAPT_171	A6_libero10_scene6_relative_region	Put the chocolate pudding to the left of the plate.	libero_10	309	LIVING_ROOM_SCENE6_put_the_white_mug_on_the_plate_and_put_the_chocolate_pudding_to_the_right_of_the_plate	put the white mug on the plate and put the chocolate pudding to the right of the plate	on(chocolate_pudding_1, living_room_table_plate_left_region)	The destination mask is projected from the current BDDL region; it is not a source-image mask.	2	0	5	0.0	0	LIBERO_10_07	put the white mug on the plate and put the chocolate pudding to the right of the plate	LIBERO_10_07	put the white mug on the plate and put the chocolate pudding to the right of the plate		LIBERO_10_07	ELIGIBLE		PASS	Put the chocolate pudding to the left of the plate.
ADAPT_172	A6_libero10_scene6_relative_region	Put the chocolate pudding to the right of the plate.	libero_10	309	LIVING_ROOM_SCENE6_put_the_white_mug_on_the_plate_and_put_the_chocolate_pudding_to_the_right_of_the_plate	put the white mug on the plate and put the chocolate pudding to the right of the plate	on(chocolate_pudding_1, living_room_table_plate_right_region)	The destination mask is projected from the current BDDL region; it is not a source-image mask.	3	5	5	100.0	5	LIBERO_10_07	put the white mug on the plate and put the chocolate pudding to the right of the plate	LIBERO_10_07	put the white mug on the plate and put the chocolate pudding to the right of the plate		LIBERO_10_07	EXCLUDE_EXACT_DECOMPOSITION_OVERLAP	Final Decomposition20 exact BDDL: tdl10_004__put_the_chocolate_pudding_to_the_right_of_the_plate || Older LiberoExReFinal60 exact BDDL: tdl10_004__put_the_chocolate_pudding_to_the_right_of_the_plate || Original LIBERO-40 strict-goal-subset category: LIVING_ROOM_SCENE6_put_the_white_mug_on_the_plate_and_put_the_chocolate_pudding_to_the_right_of_the_plate	PASS	Put the chocolate pudding to the right of the plate.
ADAPT_173	A6_libero10_scene6_relative_region	Put the orange juice to the left of the plate.	libero_10	310	LIVING_ROOM_SCENE6_put_the_white_mug_on_the_plate_and_put_the_chocolate_pudding_to_the_right_of_the_plate	put the white mug on the plate and put the chocolate pudding to the right of the plate	on(orange_juice_1, living_room_table_plate_left_region)	The destination mask is projected from the current BDDL region; it is not a source-image mask.	2	0	5	0.0	0	LIBERO_10_07	put the white mug on the plate and put the chocolate pudding to the right of the plate	LIBERO_10_07	put the white mug on the plate and put the chocolate pudding to the right of the plate	LIBERO_OBJECT_10	LIBERO_10_07,LIBERO_OBJECT_10	ELIGIBLE		PASS	Put the orange juice to the left of the plate.
ADAPT_174	A6_libero10_scene6_relative_region	Put the orange juice to the right of the plate.	libero_10	310	LIVING_ROOM_SCENE6_put_the_white_mug_on_the_plate_and_put_the_chocolate_pudding_to_the_right_of_the_plate	put the white mug on the plate and put the chocolate pudding to the right of the plate	on(orange_juice_1, living_room_table_plate_right_region)	The destination mask is projected from the current BDDL region; it is not a source-image mask.	3	3	5	60.0	3	LIBERO_10_07	put the white mug on the plate and put the chocolate pudding to the right of the plate	LIBERO_10_07	put the white mug on the plate and put the chocolate pudding to the right of the plate	LIBERO_OBJECT_10	LIBERO_10_07,LIBERO_OBJECT_10	ELIGIBLE		PASS	Put the orange juice to the right of the plate.
ADAPT_175	A6_libero10_scene6_relative_region	Put the white mug to the left of the plate.	libero_10	104	LIVING_ROOM_SCENE6_put_the_white_mug_on_the_plate_and_put_the_chocolate_pudding_to_the_right_of_the_plate	put the white mug on the plate and put the chocolate pudding to the right of the plate	on(porcelain_mug_1, living_room_table_plate_left_region)	The destination mask is projected from the current BDDL region; it is not a source-image mask.	2	0	5	0.0	0	LIBERO_10_07	put the white mug on the plate and put the chocolate pudding to the right of the plate	LIBERO_10_07	put the white mug on the plate and put the chocolate pudding to the right of the plate		LIBERO_10_07	ELIGIBLE		PASS	Put the white mug to the left of the plate.
ADAPT_176	A6_libero10_scene6_relative_region	Put the white mug to the right of the plate.	libero_10	104	LIVING_ROOM_SCENE6_put_the_white_mug_on_the_plate_and_put_the_chocolate_pudding_to_the_right_of_the_plate	put the white mug on the plate and put the chocolate pudding to the right of the plate	on(porcelain_mug_1, living_room_table_plate_right_region)	The destination mask is projected from the current BDDL region; it is not a source-image mask.	3	1	5	20.0	1	LIBERO_10_07	put the white mug on the plate and put the chocolate pudding to the right of the plate	LIBERO_10_07	put the white mug on the plate and put the chocolate pudding to the right of the plate		LIBERO_10_07	ELIGIBLE		PASS	Put the white mug to the right of the plate.
ADAPT_177	A6_libero10_scene6_relative_region	Put the yellow and white mug to the left of the plate.	libero_10	104	LIVING_ROOM_SCENE6_put_the_white_mug_on_the_plate_and_put_the_chocolate_pudding_to_the_right_of_the_plate	put the white mug on the plate and put the chocolate pudding to the right of the plate	on(white_yellow_mug_1, living_room_table_plate_left_region)	The destination mask is projected from the current BDDL region; it is not a source-image mask.	2	0	5	0.0	0	LIBERO_10_07	put the white mug on the plate and put the chocolate pudding to the right of the plate	LIBERO_10_07	put the white mug on the plate and put the chocolate pudding to the right of the plate	LIBERO_10_05	LIBERO_10_07,LIBERO_10_05	ELIGIBLE		PASS	Put the yellow and white mug to the left of the plate.
ADAPT_178	A6_libero10_scene6_relative_region	Put the yellow and white mug to the right of the plate.	libero_10	104	LIVING_ROOM_SCENE6_put_the_white_mug_on_the_plate_and_put_the_chocolate_pudding_to_the_right_of_the_plate	put the white mug on the plate and put the chocolate pudding to the right of the plate	on(white_yellow_mug_1, living_room_table_plate_right_region)	The destination mask is projected from the current BDDL region; it is not a source-image mask.	3	4	5	80.0	4	LIBERO_10_07	put the white mug on the plate and put the chocolate pudding to the right of the plate	LIBERO_10_07	put the white mug on the plate and put the chocolate pudding to the right of the plate	LIBERO_10_05	LIBERO_10_07,LIBERO_10_05	ELIGIBLE		PASS	Put the yellow and white mug to the right of the plate.
ADAPT_179	A7_libero10_scene8_stove_control	Turn on the stove in the two-moka-pot LIBERO-10 layout.	libero_10	7	KITCHEN_SCENE8_put_both_moka_pots_on_the_stove	put both moka pots on the stove	turnon(flat_stove_1)	The exact current-simulator GT mask contains only the stove knob.	2	1	5	20.0	1	LIBERO_GOAL_08	Turn on the stove	LIBERO_10_09	put both moka pots on the stove		LIBERO_GOAL_08,LIBERO_10_09	ELIGIBLE		REWRITE_AND_REEVALUATE_IF_SELECTED	Turn on the stove.
ADAPT_180	A8_libero10_mirrored_microwave_insert	Put the alphabet soup in the right-side microwave.	libero_10	301	KITCHEN_SCENE6_put_the_yellow_and_white_mug_in_the_microwave_and_close_it	put the yellow and white mug in the microwave and close it	in(alphabet_soup_1, microwave_1_heating_region)	The overlapping source white mug is removed; the demonstrated donor slot keeps the pickup visible and the approach corridor clear.	3	0	5	0.0	0	LIBERO_10_10,LIBERO_10_09	put the yellow and white mug in the microwave and close it || put both moka pots on the stove	LIBERO_10_10	put the yellow and white mug in the microwave and close it	LIBERO_OBJECT_01	LIBERO_10_10,LIBERO_10_09,LIBERO_OBJECT_01	ELIGIBLE		REWRITE_AND_REEVALUATE_IF_SELECTED	Put the alphabet soup in the microwave.
ADAPT_181	A8_libero10_mirrored_microwave_insert	Put the cream cheese in the right-side microwave.	libero_10	302	KITCHEN_SCENE6_put_the_yellow_and_white_mug_in_the_microwave_and_close_it	put the yellow and white mug in the microwave and close it	in(cream_cheese_1, microwave_1_heating_region)	The overlapping source white mug is removed; the demonstrated donor slot keeps the pickup visible and the approach corridor clear.	2	0	5	0.0	0	LIBERO_10_10,LIBERO_10_09	put the yellow and white mug in the microwave and close it || put both moka pots on the stove	LIBERO_10_10	put the yellow and white mug in the microwave and close it	LIBERO_OBJECT_02	LIBERO_10_10,LIBERO_10_09,LIBERO_OBJECT_02	ELIGIBLE		REWRITE_AND_REEVALUATE_IF_SELECTED	Put the cream cheese in the microwave.
ADAPT_182	A8_libero10_mirrored_microwave_insert	Put the salad dressing in the right-side microwave.	libero_10	303	KITCHEN_SCENE6_put_the_yellow_and_white_mug_in_the_microwave_and_close_it	put the yellow and white mug in the microwave and close it	in(salad_dressing_1, microwave_1_heating_region)	The overlapping source white mug is removed; the demonstrated donor slot keeps the pickup visible and the approach corridor clear.	3	0	5	0.0	0	LIBERO_10_10,LIBERO_10_09	put the yellow and white mug in the microwave and close it || put both moka pots on the stove	LIBERO_10_10	put the yellow and white mug in the microwave and close it	LIBERO_OBJECT_03	LIBERO_10_10,LIBERO_10_09,LIBERO_OBJECT_03	ELIGIBLE		REWRITE_AND_REEVALUATE_IF_SELECTED	Put the salad dressing in the microwave.
ADAPT_183	A8_libero10_mirrored_microwave_insert	Put the bbq sauce in the right-side microwave.	libero_10	304	KITCHEN_SCENE6_put_the_yellow_and_white_mug_in_the_microwave_and_close_it	put the yellow and white mug in the microwave and close it	in(bbq_sauce_1, microwave_1_heating_region)	The overlapping source white mug is removed; the demonstrated donor slot keeps the pickup visible and the approach corridor clear.	2	0	5	0.0	0	LIBERO_10_10,LIBERO_10_09	put the yellow and white mug in the microwave and close it || put both moka pots on the stove	LIBERO_10_10	put the yellow and white mug in the microwave and close it	LIBERO_OBJECT_04	LIBERO_10_10,LIBERO_10_09,LIBERO_OBJECT_04	ELIGIBLE		REWRITE_AND_REEVALUATE_IF_SELECTED	Put the bbq sauce in the microwave.
ADAPT_184	A8_libero10_mirrored_microwave_insert	Put the ketchup in the right-side microwave.	libero_10	305	KITCHEN_SCENE6_put_the_yellow_and_white_mug_in_the_microwave_and_close_it	put the yellow and white mug in the microwave and close it	in(ketchup_1, microwave_1_heating_region)	The overlapping source white mug is removed; the demonstrated donor slot keeps the pickup visible and the approach corridor clear.	3	0	5	0.0	0	LIBERO_10_10,LIBERO_10_09	put the yellow and white mug in the microwave and close it || put both moka pots on the stove	LIBERO_10_10	put the yellow and white mug in the microwave and close it	LIBERO_OBJECT_05	LIBERO_10_10,LIBERO_10_09,LIBERO_OBJECT_05	ELIGIBLE		REWRITE_AND_REEVALUATE_IF_SELECTED	Put the ketchup in the microwave.
ADAPT_185	A8_libero10_mirrored_microwave_insert	Put the tomato sauce in the right-side microwave.	libero_10	306	KITCHEN_SCENE6_put_the_yellow_and_white_mug_in_the_microwave_and_close_it	put the yellow and white mug in the microwave and close it	in(tomato_sauce_1, microwave_1_heating_region)	The overlapping source white mug is removed; the demonstrated donor slot keeps the pickup visible and the approach corridor clear.	2	0	5	0.0	0	LIBERO_10_10,LIBERO_10_09	put the yellow and white mug in the microwave and close it || put both moka pots on the stove	LIBERO_10_10	put the yellow and white mug in the microwave and close it	LIBERO_OBJECT_06	LIBERO_10_10,LIBERO_10_09,LIBERO_OBJECT_06	ELIGIBLE		REWRITE_AND_REEVALUATE_IF_SELECTED	Put the tomato sauce in the microwave.
ADAPT_186	A8_libero10_mirrored_microwave_insert	Put the butter in the right-side microwave.	libero_10	307	KITCHEN_SCENE6_put_the_yellow_and_white_mug_in_the_microwave_and_close_it	put the yellow and white mug in the microwave and close it	in(butter_1, microwave_1_heating_region)	The overlapping source white mug is removed; the demonstrated donor slot keeps the pickup visible and the approach corridor clear.	3	0	5	0.0	0	LIBERO_10_10,LIBERO_10_09	put the yellow and white mug in the microwave and close it || put both moka pots on the stove	LIBERO_10_10	put the yellow and white mug in the microwave and close it	LIBERO_OBJECT_07	LIBERO_10_10,LIBERO_10_09,LIBERO_OBJECT_07	ELIGIBLE		REWRITE_AND_REEVALUATE_IF_SELECTED	Put the butter in the microwave.
ADAPT_187	A8_libero10_mirrored_microwave_insert	Put the milk in the right-side microwave.	libero_10	308	KITCHEN_SCENE6_put_the_yellow_and_white_mug_in_the_microwave_and_close_it	put the yellow and white mug in the microwave and close it	in(milk_1, microwave_1_heating_region)	The overlapping source white mug is removed; the demonstrated donor slot keeps the pickup visible and the approach corridor clear.	2	0	5	0.0	0	LIBERO_10_10,LIBERO_10_09	put the yellow and white mug in the microwave and close it || put both moka pots on the stove	LIBERO_10_10	put the yellow and white mug in the microwave and close it	LIBERO_OBJECT_08	LIBERO_10_10,LIBERO_10_09,LIBERO_OBJECT_08	ELIGIBLE		REWRITE_AND_REEVALUATE_IF_SELECTED	Put the milk in the microwave.
ADAPT_188	A8_libero10_mirrored_microwave_insert	Put the chocolate pudding in the right-side microwave.	libero_10	309	KITCHEN_SCENE6_put_the_yellow_and_white_mug_in_the_microwave_and_close_it	put the yellow and white mug in the microwave and close it	in(chocolate_pudding_1, microwave_1_heating_region)	The overlapping source white mug is removed; the demonstrated donor slot keeps the pickup visible and the approach corridor clear.	3	0	5	0.0	0	LIBERO_10_10,LIBERO_10_09	put the yellow and white mug in the microwave and close it || put both moka pots on the stove	LIBERO_10_10	put the yellow and white mug in the microwave and close it	LIBERO_OBJECT_09	LIBERO_10_10,LIBERO_10_09,LIBERO_OBJECT_09	ELIGIBLE		REWRITE_AND_REEVALUATE_IF_SELECTED	Put the chocolate pudding in the microwave.
ADAPT_189	A8_libero10_mirrored_microwave_insert	Put the orange juice in the right-side microwave.	libero_10	310	KITCHEN_SCENE6_put_the_yellow_and_white_mug_in_the_microwave_and_close_it	put the yellow and white mug in the microwave and close it	in(orange_juice_1, microwave_1_heating_region)	The overlapping source white mug is removed; the demonstrated donor slot keeps the pickup visible and the approach corridor clear.	2	0	5	0.0	0	LIBERO_10_10,LIBERO_10_09	put the yellow and white mug in the microwave and close it || put both moka pots on the stove	LIBERO_10_10	put the yellow and white mug in the microwave and close it	LIBERO_OBJECT_10	LIBERO_10_10,LIBERO_10_09,LIBERO_OBJECT_10	ELIGIBLE		REWRITE_AND_REEVALUATE_IF_SELECTED	Put the orange juice in the microwave.
ADAPT_190	A8_libero10_mirrored_microwave_insert	Put the white mug in the right-side microwave.	libero_10	104	KITCHEN_SCENE6_put_the_yellow_and_white_mug_in_the_microwave_and_close_it	put the yellow and white mug in the microwave and close it	in(porcelain_mug_1, microwave_1_heating_region)	The overlapping source white mug is removed; the demonstrated donor slot keeps the pickup visible and the approach corridor clear.	3	0	5	0.0	0	LIBERO_10_10,LIBERO_10_09	put the yellow and white mug in the microwave and close it || put both moka pots on the stove	LIBERO_10_10	put the yellow and white mug in the microwave and close it	LIBERO_10_05	LIBERO_10_10,LIBERO_10_09,LIBERO_10_05	ELIGIBLE		REWRITE_AND_REEVALUATE_IF_SELECTED	Put the white mug in the microwave.
ADAPT_191	A8_libero10_mirrored_microwave_insert	Put the yellow and white mug in the right-side microwave.	libero_10	104	KITCHEN_SCENE6_put_the_yellow_and_white_mug_in_the_microwave_and_close_it	put the yellow and white mug in the microwave and close it	in(white_yellow_mug_1, microwave_1_heating_region)	The overlapping source white mug is removed; the demonstrated donor slot keeps the pickup visible and the approach corridor clear.	2	0	5	0.0	0	LIBERO_10_10,LIBERO_10_09	put the yellow and white mug in the microwave and close it || put both moka pots on the stove	LIBERO_10_10	put the yellow and white mug in the microwave and close it		LIBERO_10_10,LIBERO_10_09	ELIGIBLE		REWRITE_AND_REEVALUATE_IF_SELECTED	Put the yellow and white mug in the microwave.
ADAPT_192	A8_libero10_mirrored_microwave_close	Close the door of the right-side microwave.	libero_10	109	KITCHEN_SCENE6_put_the_yellow_and_white_mug_in_the_microwave_and_close_it	put the yellow and white mug in the microwave and close it	close(microwave_1)	Door-only GT mask: microwave_1_microdoorroot; the whole appliance is forbidden.	3	0	5	0.0	0	LIBERO_10_10	put the yellow and white mug in the microwave and close it	LIBERO_10_10	put the yellow and white mug in the microwave and close it		LIBERO_10_10	ELIGIBLE		REWRITE_AND_REEVALUATE_IF_SELECTED	Close the microwave door.
