task_id	family	semantic_subtasks	pure_composition	requires_transition	source_suite	source_task_id	source_task	original_instruction	new_instruction	goal_atom	physical_group	evidence_notes	init_states	action_plan_steps	comparison_png	bundle	canonical_task_signature
COMPOSEOBJ_001	L1_long_milk_first_3_to_basket	3	true	true	libero_10;libero_object	308;301;307	LIVING_ROOM_SCENE2_put_both_the_alphabet_soup_and_the_tomato_sauce_in_the_basket;pick_up_the_milk_and_place_it_in_the_basket;pick_up_the_alphabet_soup_and_place_it_in_the_basket;pick_up_the_butter_and_place_it_in_the_basket	put both the alphabet soup and the tomato sauce in the basket | Pick the milk and place it in the basket | Pick the alphabet soup and place it in the basket | Pick the butter and place it in the basket	First put the milk in the basket, then put the alphabet soup in the basket, and finally put the butter in the basket.	in(milk_1, basket_1_contain_region); in(alphabet_soup_1, basket_1_contain_region); in(butter_1, basket_1_contain_region)	long_scene2_stock_milk_first_3	Sequence diagnostic on the stock COMP_209 scene: milk must be placed in the basket before the remaining objects. | The physical layout is unchanged; temporal stages distinguish this intervention from prior unordered final-goal screens. | Object identity has its own original LIBERO-Object pick-to-basket trajectory; its pose in the composite scene may differ. | Object identity has its own original LIBERO-Object pick-to-basket trajectory; its pose in the composite scene may differ. | Object identity has its own original LIBERO-Object pick-to-basket trajectory; its pose in the composite scene may differ.	5	6	comparison_png/COMPOSEOBJ_001__first_put_the_milk_in_the_basket_then_put_the_alphabet_soup_in_the_basket_and_finally_put_the_butter_in_the_basket.png	tasks/composeobj_001__first_put_the_milk_in_the_basket_then_put_the_alphabet_soup_in_the_basket_and_finally_put_the_butter_in_the_basket	composition|ca920439e1c91be83da410695061460677aa83c4a15959e0740b4f07cd427d68|frozenset({in(alphabet_soup_1,basket_1_contain_region),in(butter_1,basket_1_contain_region),in(milk_1,basket_1_contain_region)})
COMPOSEOBJ_002	L1_long_milk_first_3_to_basket	3	true	true	libero_10;libero_object	308;301;302	LIVING_ROOM_SCENE2_put_both_the_alphabet_soup_and_the_tomato_sauce_in_the_basket;pick_up_the_milk_and_place_it_in_the_basket;pick_up_the_alphabet_soup_and_place_it_in_the_basket;pick_up_the_cream_cheese_and_place_it_in_the_basket	put both the alphabet soup and the tomato sauce in the basket | Pick the milk and place it in the basket | Pick the alphabet soup and place it in the basket | Pick the cream cheese and place it in the basket	First put the milk in the basket, then put the alphabet soup in the basket, and finally put the cream cheese box in the basket.	in(milk_1, basket_1_contain_region); in(alphabet_soup_1, basket_1_contain_region); in(cream_cheese_1, basket_1_contain_region)	long_scene2_stock_milk_first_3	Sequence diagnostic on the stock COMP_209 scene: milk must be placed in the basket before the remaining objects. | The physical layout is unchanged; temporal stages distinguish this intervention from prior unordered final-goal screens. | Object identity has its own original LIBERO-Object pick-to-basket trajectory; its pose in the composite scene may differ. | Object identity has its own original LIBERO-Object pick-to-basket trajectory; its pose in the composite scene may differ. | Object identity has its own original LIBERO-Object pick-to-basket trajectory; its pose in the composite scene may differ.	5	6	comparison_png/COMPOSEOBJ_002__first_put_the_milk_in_the_basket_then_put_the_alphabet_soup_in_the_basket_and_finally_put_the_cream_cheese_box_in_the_basket.png	tasks/composeobj_002__first_put_the_milk_in_the_basket_then_put_the_alphabet_soup_in_the_basket_and_finally_put_the_cream_cheese_box_in_the_basket	composition|ca920439e1c91be83da410695061460677aa83c4a15959e0740b4f07cd427d68|frozenset({in(alphabet_soup_1,basket_1_contain_region),in(cream_cheese_1,basket_1_contain_region),in(milk_1,basket_1_contain_region)})
COMPOSEOBJ_003	L1_long_milk_first_3_to_basket	3	true	true	libero_10;libero_object	308;301;305	LIVING_ROOM_SCENE2_put_both_the_alphabet_soup_and_the_tomato_sauce_in_the_basket;pick_up_the_milk_and_place_it_in_the_basket;pick_up_the_alphabet_soup_and_place_it_in_the_basket;pick_up_the_ketchup_and_place_it_in_the_basket	put both the alphabet soup and the tomato sauce in the basket | Pick the milk and place it in the basket | Pick the alphabet soup and place it in the basket | Pick the ketchup and place it in the basket	First put the milk in the basket, then put the alphabet soup in the basket, and finally put the ketchup in the basket.	in(milk_1, basket_1_contain_region); in(alphabet_soup_1, basket_1_contain_region); in(ketchup_1, basket_1_contain_region)	long_scene2_stock_milk_first_3	Sequence diagnostic on the stock COMP_209 scene: milk must be placed in the basket before the remaining objects. | The physical layout is unchanged; temporal stages distinguish this intervention from prior unordered final-goal screens. | Object identity has its own original LIBERO-Object pick-to-basket trajectory; its pose in the composite scene may differ. | Object identity has its own original LIBERO-Object pick-to-basket trajectory; its pose in the composite scene may differ. | Object identity has its own original LIBERO-Object pick-to-basket trajectory; its pose in the composite scene may differ.	5	6	comparison_png/COMPOSEOBJ_003__first_put_the_milk_in_the_basket_then_put_the_alphabet_soup_in_the_basket_and_finally_put_the_ketchup_in_the_basket.png	tasks/composeobj_003__first_put_the_milk_in_the_basket_then_put_the_alphabet_soup_in_the_basket_and_finally_put_the_ketchup_in_the_basket	composition|ca920439e1c91be83da410695061460677aa83c4a15959e0740b4f07cd427d68|frozenset({in(alphabet_soup_1,basket_1_contain_region),in(ketchup_1,basket_1_contain_region),in(milk_1,basket_1_contain_region)})
COMPOSEOBJ_004	L1_long_milk_first_3_to_basket	3	true	true	libero_10;libero_object	308;301;310	LIVING_ROOM_SCENE2_put_both_the_alphabet_soup_and_the_tomato_sauce_in_the_basket;pick_up_the_milk_and_place_it_in_the_basket;pick_up_the_alphabet_soup_and_place_it_in_the_basket;pick_up_the_orange_juice_and_place_it_in_the_basket	put both the alphabet soup and the tomato sauce in the basket | Pick the milk and place it in the basket | Pick the alphabet soup and place it in the basket | Pick the orange juice and place it in the basket	First put the milk in the basket, then put the alphabet soup in the basket, and finally put the orange juice in the basket.	in(milk_1, basket_1_contain_region); in(alphabet_soup_1, basket_1_contain_region); in(orange_juice_1, basket_1_contain_region)	long_scene2_stock_milk_first_3	Sequence diagnostic on the stock COMP_209 scene: milk must be placed in the basket before the remaining objects. | The physical layout is unchanged; temporal stages distinguish this intervention from prior unordered final-goal screens. | Object identity has its own original LIBERO-Object pick-to-basket trajectory; its pose in the composite scene may differ. | Object identity has its own original LIBERO-Object pick-to-basket trajectory; its pose in the composite scene may differ. | Object identity has its own original LIBERO-Object pick-to-basket trajectory; its pose in the composite scene may differ.	5	6	comparison_png/COMPOSEOBJ_004__first_put_the_milk_in_the_basket_then_put_the_alphabet_soup_in_the_basket_and_finally_put_the_orange_juice_in_the_basket.png	tasks/composeobj_004__first_put_the_milk_in_the_basket_then_put_the_alphabet_soup_in_the_basket_and_finally_put_the_orange_juice_in_the_basket	composition|ca920439e1c91be83da410695061460677aa83c4a15959e0740b4f07cd427d68|frozenset({in(alphabet_soup_1,basket_1_contain_region),in(milk_1,basket_1_contain_region),in(orange_juice_1,basket_1_contain_region)})
COMPOSEOBJ_005	L1_long_milk_first_3_to_basket	3	true	true	libero_10;libero_object	308;301;306	LIVING_ROOM_SCENE2_put_both_the_alphabet_soup_and_the_tomato_sauce_in_the_basket;pick_up_the_milk_and_place_it_in_the_basket;pick_up_the_alphabet_soup_and_place_it_in_the_basket;pick_up_the_tomato_sauce_and_place_it_in_the_basket	put both the alphabet soup and the tomato sauce in the basket | Pick the milk and place it in the basket | Pick the alphabet soup and place it in the basket | Pick the tomato sauce and place it in the basket	First put the milk in the basket, then put the alphabet soup in the basket, and finally put the tomato sauce in the basket.	in(milk_1, basket_1_contain_region); in(alphabet_soup_1, basket_1_contain_region); in(tomato_sauce_1, basket_1_contain_region)	long_scene2_stock_milk_first_3	Sequence diagnostic on the stock COMP_209 scene: milk must be placed in the basket before the remaining objects. | The physical layout is unchanged; temporal stages distinguish this intervention from prior unordered final-goal screens. | Object identity has its own original LIBERO-Object pick-to-basket trajectory; its pose in the composite scene may differ. | Object identity has its own original LIBERO-Object pick-to-basket trajectory; its pose in the composite scene may differ. | Object identity has its own original LIBERO-Object pick-to-basket trajectory; its pose in the composite scene may differ.	5	6	comparison_png/COMPOSEOBJ_005__first_put_the_milk_in_the_basket_then_put_the_alphabet_soup_in_the_basket_and_finally_put_the_tomato_sauce_in_the_basket.png	tasks/composeobj_005__first_put_the_milk_in_the_basket_then_put_the_alphabet_soup_in_the_basket_and_finally_put_the_tomato_sauce_in_the_basket	composition|ca920439e1c91be83da410695061460677aa83c4a15959e0740b4f07cd427d68|frozenset({in(alphabet_soup_1,basket_1_contain_region),in(milk_1,basket_1_contain_region),in(tomato_sauce_1,basket_1_contain_region)})
COMPOSEOBJ_006	L1_long_milk_first_3_to_basket	3	true	true	libero_10;libero_object	308;307;302	LIVING_ROOM_SCENE2_put_both_the_alphabet_soup_and_the_tomato_sauce_in_the_basket;pick_up_the_milk_and_place_it_in_the_basket;pick_up_the_butter_and_place_it_in_the_basket;pick_up_the_cream_cheese_and_place_it_in_the_basket	put both the alphabet soup and the tomato sauce in the basket | Pick the milk and place it in the basket | Pick the butter and place it in the basket | Pick the cream cheese and place it in the basket	First put the milk in the basket, then put the butter in the basket, and finally put the cream cheese box in the basket.	in(milk_1, basket_1_contain_region); in(butter_1, basket_1_contain_region); in(cream_cheese_1, basket_1_contain_region)	long_scene2_stock_milk_first_3	Sequence diagnostic on the stock COMP_209 scene: milk must be placed in the basket before the remaining objects. | The physical layout is unchanged; temporal stages distinguish this intervention from prior unordered final-goal screens. | Object identity has its own original LIBERO-Object pick-to-basket trajectory; its pose in the composite scene may differ. | Object identity has its own original LIBERO-Object pick-to-basket trajectory; its pose in the composite scene may differ. | Object identity has its own original LIBERO-Object pick-to-basket trajectory; its pose in the composite scene may differ.	5	6	comparison_png/COMPOSEOBJ_006__first_put_the_milk_in_the_basket_then_put_the_butter_in_the_basket_and_finally_put_the_cream_cheese_box_in_the_basket.png	tasks/composeobj_006__first_put_the_milk_in_the_basket_then_put_the_butter_in_the_basket_and_finally_put_the_cream_cheese_box_in_the_basket	composition|ca920439e1c91be83da410695061460677aa83c4a15959e0740b4f07cd427d68|frozenset({in(butter_1,basket_1_contain_region),in(cream_cheese_1,basket_1_contain_region),in(milk_1,basket_1_contain_region)})
COMPOSEOBJ_007	L1_long_milk_first_3_to_basket	3	true	true	libero_10;libero_object	308;307;305	LIVING_ROOM_SCENE2_put_both_the_alphabet_soup_and_the_tomato_sauce_in_the_basket;pick_up_the_milk_and_place_it_in_the_basket;pick_up_the_butter_and_place_it_in_the_basket;pick_up_the_ketchup_and_place_it_in_the_basket	put both the alphabet soup and the tomato sauce in the basket | Pick the milk and place it in the basket | Pick the butter and place it in the basket | Pick the ketchup and place it in the basket	First put the milk in the basket, then put the butter in the basket, and finally put the ketchup in the basket.	in(milk_1, basket_1_contain_region); in(butter_1, basket_1_contain_region); in(ketchup_1, basket_1_contain_region)	long_scene2_stock_milk_first_3	Sequence diagnostic on the stock COMP_209 scene: milk must be placed in the basket before the remaining objects. | The physical layout is unchanged; temporal stages distinguish this intervention from prior unordered final-goal screens. | Object identity has its own original LIBERO-Object pick-to-basket trajectory; its pose in the composite scene may differ. | Object identity has its own original LIBERO-Object pick-to-basket trajectory; its pose in the composite scene may differ. | Object identity has its own original LIBERO-Object pick-to-basket trajectory; its pose in the composite scene may differ.	5	6	comparison_png/COMPOSEOBJ_007__first_put_the_milk_in_the_basket_then_put_the_butter_in_the_basket_and_finally_put_the_ketchup_in_the_basket.png	tasks/composeobj_007__first_put_the_milk_in_the_basket_then_put_the_butter_in_the_basket_and_finally_put_the_ketchup_in_the_basket	composition|ca920439e1c91be83da410695061460677aa83c4a15959e0740b4f07cd427d68|frozenset({in(butter_1,basket_1_contain_region),in(ketchup_1,basket_1_contain_region),in(milk_1,basket_1_contain_region)})
COMPOSEOBJ_008	L1_long_milk_first_3_to_basket	3	true	true	libero_10;libero_object	308;307;310	LIVING_ROOM_SCENE2_put_both_the_alphabet_soup_and_the_tomato_sauce_in_the_basket;pick_up_the_milk_and_place_it_in_the_basket;pick_up_the_butter_and_place_it_in_the_basket;pick_up_the_orange_juice_and_place_it_in_the_basket	put both the alphabet soup and the tomato sauce in the basket | Pick the milk and place it in the basket | Pick the butter and place it in the basket | Pick the orange juice and place it in the basket	First put the milk in the basket, then put the butter in the basket, and finally put the orange juice in the basket.	in(milk_1, basket_1_contain_region); in(butter_1, basket_1_contain_region); in(orange_juice_1, basket_1_contain_region)	long_scene2_stock_milk_first_3	Sequence diagnostic on the stock COMP_209 scene: milk must be placed in the basket before the remaining objects. | The physical layout is unchanged; temporal stages distinguish this intervention from prior unordered final-goal screens. | Object identity has its own original LIBERO-Object pick-to-basket trajectory; its pose in the composite scene may differ. | Object identity has its own original LIBERO-Object pick-to-basket trajectory; its pose in the composite scene may differ. | Object identity has its own original LIBERO-Object pick-to-basket trajectory; its pose in the composite scene may differ.	5	6	comparison_png/COMPOSEOBJ_008__first_put_the_milk_in_the_basket_then_put_the_butter_in_the_basket_and_finally_put_the_orange_juice_in_the_basket.png	tasks/composeobj_008__first_put_the_milk_in_the_basket_then_put_the_butter_in_the_basket_and_finally_put_the_orange_juice_in_the_basket	composition|ca920439e1c91be83da410695061460677aa83c4a15959e0740b4f07cd427d68|frozenset({in(butter_1,basket_1_contain_region),in(milk_1,basket_1_contain_region),in(orange_juice_1,basket_1_contain_region)})
COMPOSEOBJ_009	L1_long_milk_first_3_to_basket	3	true	true	libero_10;libero_object	308;307;306	LIVING_ROOM_SCENE2_put_both_the_alphabet_soup_and_the_tomato_sauce_in_the_basket;pick_up_the_milk_and_place_it_in_the_basket;pick_up_the_butter_and_place_it_in_the_basket;pick_up_the_tomato_sauce_and_place_it_in_the_basket	put both the alphabet soup and the tomato sauce in the basket | Pick the milk and place it in the basket | Pick the butter and place it in the basket | Pick the tomato sauce and place it in the basket	First put the milk in the basket, then put the butter in the basket, and finally put the tomato sauce in the basket.	in(milk_1, basket_1_contain_region); in(butter_1, basket_1_contain_region); in(tomato_sauce_1, basket_1_contain_region)	long_scene2_stock_milk_first_3	Sequence diagnostic on the stock COMP_209 scene: milk must be placed in the basket before the remaining objects. | The physical layout is unchanged; temporal stages distinguish this intervention from prior unordered final-goal screens. | Object identity has its own original LIBERO-Object pick-to-basket trajectory; its pose in the composite scene may differ. | Object identity has its own original LIBERO-Object pick-to-basket trajectory; its pose in the composite scene may differ. | Object identity has its own original LIBERO-Object pick-to-basket trajectory; its pose in the composite scene may differ.	5	6	comparison_png/COMPOSEOBJ_009__first_put_the_milk_in_the_basket_then_put_the_butter_in_the_basket_and_finally_put_the_tomato_sauce_in_the_basket.png	tasks/composeobj_009__first_put_the_milk_in_the_basket_then_put_the_butter_in_the_basket_and_finally_put_the_tomato_sauce_in_the_basket	composition|ca920439e1c91be83da410695061460677aa83c4a15959e0740b4f07cd427d68|frozenset({in(butter_1,basket_1_contain_region),in(milk_1,basket_1_contain_region),in(tomato_sauce_1,basket_1_contain_region)})
COMPOSEOBJ_010	L1_long_milk_first_3_to_basket	3	true	true	libero_10;libero_object	308;302;305	LIVING_ROOM_SCENE2_put_both_the_alphabet_soup_and_the_tomato_sauce_in_the_basket;pick_up_the_milk_and_place_it_in_the_basket;pick_up_the_cream_cheese_and_place_it_in_the_basket;pick_up_the_ketchup_and_place_it_in_the_basket	put both the alphabet soup and the tomato sauce in the basket | Pick the milk and place it in the basket | Pick the cream cheese and place it in the basket | Pick the ketchup and place it in the basket	First put the milk in the basket, then put the cream cheese box in the basket, and finally put the ketchup in the basket.	in(milk_1, basket_1_contain_region); in(cream_cheese_1, basket_1_contain_region); in(ketchup_1, basket_1_contain_region)	long_scene2_stock_milk_first_3	Sequence diagnostic on the stock COMP_209 scene: milk must be placed in the basket before the remaining objects. | The physical layout is unchanged; temporal stages distinguish this intervention from prior unordered final-goal screens. | Object identity has its own original LIBERO-Object pick-to-basket trajectory; its pose in the composite scene may differ. | Object identity has its own original LIBERO-Object pick-to-basket trajectory; its pose in the composite scene may differ. | Object identity has its own original LIBERO-Object pick-to-basket trajectory; its pose in the composite scene may differ.	5	6	comparison_png/COMPOSEOBJ_010__first_put_the_milk_in_the_basket_then_put_the_cream_cheese_box_in_the_basket_and_finally_put_the_ketchup_in_the_basket.png	tasks/composeobj_010__first_put_the_milk_in_the_basket_then_put_the_cream_cheese_box_in_the_basket_and_finally_put_the_ketchup_in_the_basket	composition|ca920439e1c91be83da410695061460677aa83c4a15959e0740b4f07cd427d68|frozenset({in(cream_cheese_1,basket_1_contain_region),in(ketchup_1,basket_1_contain_region),in(milk_1,basket_1_contain_region)})
COMPOSEOBJ_011	L1_long_milk_first_3_to_basket	3	true	true	libero_10;libero_object	308;302;310	LIVING_ROOM_SCENE2_put_both_the_alphabet_soup_and_the_tomato_sauce_in_the_basket;pick_up_the_milk_and_place_it_in_the_basket;pick_up_the_cream_cheese_and_place_it_in_the_basket;pick_up_the_orange_juice_and_place_it_in_the_basket	put both the alphabet soup and the tomato sauce in the basket | Pick the milk and place it in the basket | Pick the cream cheese and place it in the basket | Pick the orange juice and place it in the basket	First put the milk in the basket, then put the cream cheese box in the basket, and finally put the orange juice in the basket.	in(milk_1, basket_1_contain_region); in(cream_cheese_1, basket_1_contain_region); in(orange_juice_1, basket_1_contain_region)	long_scene2_stock_milk_first_3	Sequence diagnostic on the stock COMP_209 scene: milk must be placed in the basket before the remaining objects. | The physical layout is unchanged; temporal stages distinguish this intervention from prior unordered final-goal screens. | Object identity has its own original LIBERO-Object pick-to-basket trajectory; its pose in the composite scene may differ. | Object identity has its own original LIBERO-Object pick-to-basket trajectory; its pose in the composite scene may differ. | Object identity has its own original LIBERO-Object pick-to-basket trajectory; its pose in the composite scene may differ.	5	6	comparison_png/COMPOSEOBJ_011__first_put_the_milk_in_the_basket_then_put_the_cream_cheese_box_in_the_basket_and_finally_put_the_orange_juice_in_the_basket.png	tasks/composeobj_011__first_put_the_milk_in_the_basket_then_put_the_cream_cheese_box_in_the_basket_and_finally_put_the_orange_juice_in_the_basket	composition|ca920439e1c91be83da410695061460677aa83c4a15959e0740b4f07cd427d68|frozenset({in(cream_cheese_1,basket_1_contain_region),in(milk_1,basket_1_contain_region),in(orange_juice_1,basket_1_contain_region)})
COMPOSEOBJ_012	L1_long_milk_first_3_to_basket	3	true	true	libero_10;libero_object	308;302;306	LIVING_ROOM_SCENE2_put_both_the_alphabet_soup_and_the_tomato_sauce_in_the_basket;pick_up_the_milk_and_place_it_in_the_basket;pick_up_the_cream_cheese_and_place_it_in_the_basket;pick_up_the_tomato_sauce_and_place_it_in_the_basket	put both the alphabet soup and the tomato sauce in the basket | Pick the milk and place it in the basket | Pick the cream cheese and place it in the basket | Pick the tomato sauce and place it in the basket	First put the milk in the basket, then put the cream cheese box in the basket, and finally put the tomato sauce in the basket.	in(milk_1, basket_1_contain_region); in(cream_cheese_1, basket_1_contain_region); in(tomato_sauce_1, basket_1_contain_region)	long_scene2_stock_milk_first_3	Sequence diagnostic on the stock COMP_209 scene: milk must be placed in the basket before the remaining objects. | The physical layout is unchanged; temporal stages distinguish this intervention from prior unordered final-goal screens. | Object identity has its own original LIBERO-Object pick-to-basket trajectory; its pose in the composite scene may differ. | Object identity has its own original LIBERO-Object pick-to-basket trajectory; its pose in the composite scene may differ. | Object identity has its own original LIBERO-Object pick-to-basket trajectory; its pose in the composite scene may differ.	5	6	comparison_png/COMPOSEOBJ_012__first_put_the_milk_in_the_basket_then_put_the_cream_cheese_box_in_the_basket_and_finally_put_the_tomato_sauce_in_the_basket.png	tasks/composeobj_012__first_put_the_milk_in_the_basket_then_put_the_cream_cheese_box_in_the_basket_and_finally_put_the_tomato_sauce_in_the_basket	composition|ca920439e1c91be83da410695061460677aa83c4a15959e0740b4f07cd427d68|frozenset({in(cream_cheese_1,basket_1_contain_region),in(milk_1,basket_1_contain_region),in(tomato_sauce_1,basket_1_contain_region)})
COMPOSEOBJ_013	L1_long_milk_first_3_to_basket	3	true	true	libero_10;libero_object	308;305;310	LIVING_ROOM_SCENE2_put_both_the_alphabet_soup_and_the_tomato_sauce_in_the_basket;pick_up_the_milk_and_place_it_in_the_basket;pick_up_the_ketchup_and_place_it_in_the_basket;pick_up_the_orange_juice_and_place_it_in_the_basket	put both the alphabet soup and the tomato sauce in the basket | Pick the milk and place it in the basket | Pick the ketchup and place it in the basket | Pick the orange juice and place it in the basket	First put the milk in the basket, then put the ketchup in the basket, and finally put the orange juice in the basket.	in(milk_1, basket_1_contain_region); in(ketchup_1, basket_1_contain_region); in(orange_juice_1, basket_1_contain_region)	long_scene2_stock_milk_first_3	Sequence diagnostic on the stock COMP_209 scene: milk must be placed in the basket before the remaining objects. | The physical layout is unchanged; temporal stages distinguish this intervention from prior unordered final-goal screens. | Object identity has its own original LIBERO-Object pick-to-basket trajectory; its pose in the composite scene may differ. | Object identity has its own original LIBERO-Object pick-to-basket trajectory; its pose in the composite scene may differ. | Object identity has its own original LIBERO-Object pick-to-basket trajectory; its pose in the composite scene may differ.	5	6	comparison_png/COMPOSEOBJ_013__first_put_the_milk_in_the_basket_then_put_the_ketchup_in_the_basket_and_finally_put_the_orange_juice_in_the_basket.png	tasks/composeobj_013__first_put_the_milk_in_the_basket_then_put_the_ketchup_in_the_basket_and_finally_put_the_orange_juice_in_the_basket	composition|ca920439e1c91be83da410695061460677aa83c4a15959e0740b4f07cd427d68|frozenset({in(ketchup_1,basket_1_contain_region),in(milk_1,basket_1_contain_region),in(orange_juice_1,basket_1_contain_region)})
COMPOSEOBJ_014	L1_long_milk_first_3_to_basket	3	true	true	libero_10;libero_object	308;305;306	LIVING_ROOM_SCENE2_put_both_the_alphabet_soup_and_the_tomato_sauce_in_the_basket;pick_up_the_milk_and_place_it_in_the_basket;pick_up_the_ketchup_and_place_it_in_the_basket;pick_up_the_tomato_sauce_and_place_it_in_the_basket	put both the alphabet soup and the tomato sauce in the basket | Pick the milk and place it in the basket | Pick the ketchup and place it in the basket | Pick the tomato sauce and place it in the basket	First put the milk in the basket, then put the ketchup in the basket, and finally put the tomato sauce in the basket.	in(milk_1, basket_1_contain_region); in(ketchup_1, basket_1_contain_region); in(tomato_sauce_1, basket_1_contain_region)	long_scene2_stock_milk_first_3	Sequence diagnostic on the stock COMP_209 scene: milk must be placed in the basket before the remaining objects. | The physical layout is unchanged; temporal stages distinguish this intervention from prior unordered final-goal screens. | Object identity has its own original LIBERO-Object pick-to-basket trajectory; its pose in the composite scene may differ. | Object identity has its own original LIBERO-Object pick-to-basket trajectory; its pose in the composite scene may differ. | Object identity has its own original LIBERO-Object pick-to-basket trajectory; its pose in the composite scene may differ.	5	6	comparison_png/COMPOSEOBJ_014__first_put_the_milk_in_the_basket_then_put_the_ketchup_in_the_basket_and_finally_put_the_tomato_sauce_in_the_basket.png	tasks/composeobj_014__first_put_the_milk_in_the_basket_then_put_the_ketchup_in_the_basket_and_finally_put_the_tomato_sauce_in_the_basket	composition|ca920439e1c91be83da410695061460677aa83c4a15959e0740b4f07cd427d68|frozenset({in(ketchup_1,basket_1_contain_region),in(milk_1,basket_1_contain_region),in(tomato_sauce_1,basket_1_contain_region)})
COMPOSEOBJ_015	L1_long_milk_first_3_to_basket	3	true	true	libero_10;libero_object	308;310;306	LIVING_ROOM_SCENE2_put_both_the_alphabet_soup_and_the_tomato_sauce_in_the_basket;pick_up_the_milk_and_place_it_in_the_basket;pick_up_the_orange_juice_and_place_it_in_the_basket;pick_up_the_tomato_sauce_and_place_it_in_the_basket	put both the alphabet soup and the tomato sauce in the basket | Pick the milk and place it in the basket | Pick the orange juice and place it in the basket | Pick the tomato sauce and place it in the basket	First put the milk in the basket, then put the orange juice in the basket, and finally put the tomato sauce in the basket.	in(milk_1, basket_1_contain_region); in(orange_juice_1, basket_1_contain_region); in(tomato_sauce_1, basket_1_contain_region)	long_scene2_stock_milk_first_3	Sequence diagnostic on the stock COMP_209 scene: milk must be placed in the basket before the remaining objects. | The physical layout is unchanged; temporal stages distinguish this intervention from prior unordered final-goal screens. | Object identity has its own original LIBERO-Object pick-to-basket trajectory; its pose in the composite scene may differ. | Object identity has its own original LIBERO-Object pick-to-basket trajectory; its pose in the composite scene may differ. | Object identity has its own original LIBERO-Object pick-to-basket trajectory; its pose in the composite scene may differ.	5	6	comparison_png/COMPOSEOBJ_015__first_put_the_milk_in_the_basket_then_put_the_orange_juice_in_the_basket_and_finally_put_the_tomato_sauce_in_the_basket.png	tasks/composeobj_015__first_put_the_milk_in_the_basket_then_put_the_orange_juice_in_the_basket_and_finally_put_the_tomato_sauce_in_the_basket	composition|ca920439e1c91be83da410695061460677aa83c4a15959e0740b4f07cd427d68|frozenset({in(milk_1,basket_1_contain_region),in(orange_juice_1,basket_1_contain_region),in(tomato_sauce_1,basket_1_contain_region)})
COMPOSEOBJ_016	L1_long_milk_first_4_to_basket	4	true	true	libero_10;libero_object	308;301;307;302	LIVING_ROOM_SCENE2_put_both_the_alphabet_soup_and_the_tomato_sauce_in_the_basket;pick_up_the_milk_and_place_it_in_the_basket;pick_up_the_alphabet_soup_and_place_it_in_the_basket;pick_up_the_butter_and_place_it_in_the_basket;pick_up_the_cream_cheese_and_place_it_in_the_basket	put both the alphabet soup and the tomato sauce in the basket | Pick the milk and place it in the basket | Pick the alphabet soup and place it in the basket | Pick the butter and place it in the basket | Pick the cream cheese and place it in the basket	First put the milk in the basket, then put the alphabet soup in the basket, then put the butter in the basket, and finally put the cream cheese box in the basket.	in(milk_1, basket_1_contain_region); in(alphabet_soup_1, basket_1_contain_region); in(butter_1, basket_1_contain_region); in(cream_cheese_1, basket_1_contain_region)	long_scene2_stock_milk_first_4	Sequence diagnostic on the stock COMP_209 scene: milk must be placed in the basket before the remaining objects. | The physical layout is unchanged; temporal stages distinguish this intervention from prior unordered final-goal screens. | Object identity has its own original LIBERO-Object pick-to-basket trajectory; its pose in the composite scene may differ. | Object identity has its own original LIBERO-Object pick-to-basket trajectory; its pose in the composite scene may differ. | Object identity has its own original LIBERO-Object pick-to-basket trajectory; its pose in the composite scene may differ. | Object identity has its own original LIBERO-Object pick-to-basket trajectory; its pose in the composite scene may differ.	5	8	comparison_png/COMPOSEOBJ_016__first_put_the_milk_in_the_basket_then_put_the_alphabet_soup_in_the_basket_then_put_the_butter_in_the_basket_and_finally_put_the_cream_cheese_box_in_th.png	tasks/composeobj_016__first_put_the_milk_in_the_basket_then_put_the_alphabet_soup_in_the_basket_then_put_the_butter_in_the_basket_and_finally_put_the_cream_cheese_box_in_th	composition|ca920439e1c91be83da410695061460677aa83c4a15959e0740b4f07cd427d68|frozenset({in(alphabet_soup_1,basket_1_contain_region),in(butter_1,basket_1_contain_region),in(cream_cheese_1,basket_1_contain_region),in(milk_1,basket_1_contain_region)})
COMPOSEOBJ_017	L1_long_milk_first_4_to_basket	4	true	true	libero_10;libero_object	308;301;307;305	LIVING_ROOM_SCENE2_put_both_the_alphabet_soup_and_the_tomato_sauce_in_the_basket;pick_up_the_milk_and_place_it_in_the_basket;pick_up_the_alphabet_soup_and_place_it_in_the_basket;pick_up_the_butter_and_place_it_in_the_basket;pick_up_the_ketchup_and_place_it_in_the_basket	put both the alphabet soup and the tomato sauce in the basket | Pick the milk and place it in the basket | Pick the alphabet soup and place it in the basket | Pick the butter and place it in the basket | Pick the ketchup and place it in the basket	First put the milk in the basket, then put the alphabet soup in the basket, then put the butter in the basket, and finally put the ketchup in the basket.	in(milk_1, basket_1_contain_region); in(alphabet_soup_1, basket_1_contain_region); in(butter_1, basket_1_contain_region); in(ketchup_1, basket_1_contain_region)	long_scene2_stock_milk_first_4	Sequence diagnostic on the stock COMP_209 scene: milk must be placed in the basket before the remaining objects. | The physical layout is unchanged; temporal stages distinguish this intervention from prior unordered final-goal screens. | Object identity has its own original LIBERO-Object pick-to-basket trajectory; its pose in the composite scene may differ. | Object identity has its own original LIBERO-Object pick-to-basket trajectory; its pose in the composite scene may differ. | Object identity has its own original LIBERO-Object pick-to-basket trajectory; its pose in the composite scene may differ. | Object identity has its own original LIBERO-Object pick-to-basket trajectory; its pose in the composite scene may differ.	5	8	comparison_png/COMPOSEOBJ_017__first_put_the_milk_in_the_basket_then_put_the_alphabet_soup_in_the_basket_then_put_the_butter_in_the_basket_and_finally_put_the_ketchup_in_the_basket.png	tasks/composeobj_017__first_put_the_milk_in_the_basket_then_put_the_alphabet_soup_in_the_basket_then_put_the_butter_in_the_basket_and_finally_put_the_ketchup_in_the_basket	composition|ca920439e1c91be83da410695061460677aa83c4a15959e0740b4f07cd427d68|frozenset({in(alphabet_soup_1,basket_1_contain_region),in(butter_1,basket_1_contain_region),in(ketchup_1,basket_1_contain_region),in(milk_1,basket_1_contain_region)})
COMPOSEOBJ_018	L1_long_milk_first_4_to_basket	4	true	true	libero_10;libero_object	308;301;307;310	LIVING_ROOM_SCENE2_put_both_the_alphabet_soup_and_the_tomato_sauce_in_the_basket;pick_up_the_milk_and_place_it_in_the_basket;pick_up_the_alphabet_soup_and_place_it_in_the_basket;pick_up_the_butter_and_place_it_in_the_basket;pick_up_the_orange_juice_and_place_it_in_the_basket	put both the alphabet soup and the tomato sauce in the basket | Pick the milk and place it in the basket | Pick the alphabet soup and place it in the basket | Pick the butter and place it in the basket | Pick the orange juice and place it in the basket	First put the milk in the basket, then put the alphabet soup in the basket, then put the butter in the basket, and finally put the orange juice in the basket.	in(milk_1, basket_1_contain_region); in(alphabet_soup_1, basket_1_contain_region); in(butter_1, basket_1_contain_region); in(orange_juice_1, basket_1_contain_region)	long_scene2_stock_milk_first_4	Sequence diagnostic on the stock COMP_209 scene: milk must be placed in the basket before the remaining objects. | The physical layout is unchanged; temporal stages distinguish this intervention from prior unordered final-goal screens. | Object identity has its own original LIBERO-Object pick-to-basket trajectory; its pose in the composite scene may differ. | Object identity has its own original LIBERO-Object pick-to-basket trajectory; its pose in the composite scene may differ. | Object identity has its own original LIBERO-Object pick-to-basket trajectory; its pose in the composite scene may differ. | Object identity has its own original LIBERO-Object pick-to-basket trajectory; its pose in the composite scene may differ.	5	8	comparison_png/COMPOSEOBJ_018__first_put_the_milk_in_the_basket_then_put_the_alphabet_soup_in_the_basket_then_put_the_butter_in_the_basket_and_finally_put_the_orange_juice_in_the_ba.png	tasks/composeobj_018__first_put_the_milk_in_the_basket_then_put_the_alphabet_soup_in_the_basket_then_put_the_butter_in_the_basket_and_finally_put_the_orange_juice_in_the_ba	composition|ca920439e1c91be83da410695061460677aa83c4a15959e0740b4f07cd427d68|frozenset({in(alphabet_soup_1,basket_1_contain_region),in(butter_1,basket_1_contain_region),in(milk_1,basket_1_contain_region),in(orange_juice_1,basket_1_contain_region)})
COMPOSEOBJ_019	L1_long_milk_first_4_to_basket	4	true	true	libero_10;libero_object	308;301;307;306	LIVING_ROOM_SCENE2_put_both_the_alphabet_soup_and_the_tomato_sauce_in_the_basket;pick_up_the_milk_and_place_it_in_the_basket;pick_up_the_alphabet_soup_and_place_it_in_the_basket;pick_up_the_butter_and_place_it_in_the_basket;pick_up_the_tomato_sauce_and_place_it_in_the_basket	put both the alphabet soup and the tomato sauce in the basket | Pick the milk and place it in the basket | Pick the alphabet soup and place it in the basket | Pick the butter and place it in the basket | Pick the tomato sauce and place it in the basket	First put the milk in the basket, then put the alphabet soup in the basket, then put the butter in the basket, and finally put the tomato sauce in the basket.	in(milk_1, basket_1_contain_region); in(alphabet_soup_1, basket_1_contain_region); in(butter_1, basket_1_contain_region); in(tomato_sauce_1, basket_1_contain_region)	long_scene2_stock_milk_first_4	Sequence diagnostic on the stock COMP_209 scene: milk must be placed in the basket before the remaining objects. | The physical layout is unchanged; temporal stages distinguish this intervention from prior unordered final-goal screens. | Object identity has its own original LIBERO-Object pick-to-basket trajectory; its pose in the composite scene may differ. | Object identity has its own original LIBERO-Object pick-to-basket trajectory; its pose in the composite scene may differ. | Object identity has its own original LIBERO-Object pick-to-basket trajectory; its pose in the composite scene may differ. | Object identity has its own original LIBERO-Object pick-to-basket trajectory; its pose in the composite scene may differ.	5	8	comparison_png/COMPOSEOBJ_019__first_put_the_milk_in_the_basket_then_put_the_alphabet_soup_in_the_basket_then_put_the_butter_in_the_basket_and_finally_put_the_tomato_sauce_in_the_ba.png	tasks/composeobj_019__first_put_the_milk_in_the_basket_then_put_the_alphabet_soup_in_the_basket_then_put_the_butter_in_the_basket_and_finally_put_the_tomato_sauce_in_the_ba	composition|ca920439e1c91be83da410695061460677aa83c4a15959e0740b4f07cd427d68|frozenset({in(alphabet_soup_1,basket_1_contain_region),in(butter_1,basket_1_contain_region),in(milk_1,basket_1_contain_region),in(tomato_sauce_1,basket_1_contain_region)})
COMPOSEOBJ_020	L1_long_milk_first_4_to_basket	4	true	true	libero_10;libero_object	308;301;302;305	LIVING_ROOM_SCENE2_put_both_the_alphabet_soup_and_the_tomato_sauce_in_the_basket;pick_up_the_milk_and_place_it_in_the_basket;pick_up_the_alphabet_soup_and_place_it_in_the_basket;pick_up_the_cream_cheese_and_place_it_in_the_basket;pick_up_the_ketchup_and_place_it_in_the_basket	put both the alphabet soup and the tomato sauce in the basket | Pick the milk and place it in the basket | Pick the alphabet soup and place it in the basket | Pick the cream cheese and place it in the basket | Pick the ketchup and place it in the basket	First put the milk in the basket, then put the alphabet soup in the basket, then put the cream cheese box in the basket, and finally put the ketchup in the basket.	in(milk_1, basket_1_contain_region); in(alphabet_soup_1, basket_1_contain_region); in(cream_cheese_1, basket_1_contain_region); in(ketchup_1, basket_1_contain_region)	long_scene2_stock_milk_first_4	Sequence diagnostic on the stock COMP_209 scene: milk must be placed in the basket before the remaining objects. | The physical layout is unchanged; temporal stages distinguish this intervention from prior unordered final-goal screens. | Object identity has its own original LIBERO-Object pick-to-basket trajectory; its pose in the composite scene may differ. | Object identity has its own original LIBERO-Object pick-to-basket trajectory; its pose in the composite scene may differ. | Object identity has its own original LIBERO-Object pick-to-basket trajectory; its pose in the composite scene may differ. | Object identity has its own original LIBERO-Object pick-to-basket trajectory; its pose in the composite scene may differ.	5	8	comparison_png/COMPOSEOBJ_020__first_put_the_milk_in_the_basket_then_put_the_alphabet_soup_in_the_basket_then_put_the_cream_cheese_box_in_the_basket_and_finally_put_the_ketchup_in_t.png	tasks/composeobj_020__first_put_the_milk_in_the_basket_then_put_the_alphabet_soup_in_the_basket_then_put_the_cream_cheese_box_in_the_basket_and_finally_put_the_ketchup_in_t	composition|ca920439e1c91be83da410695061460677aa83c4a15959e0740b4f07cd427d68|frozenset({in(alphabet_soup_1,basket_1_contain_region),in(cream_cheese_1,basket_1_contain_region),in(ketchup_1,basket_1_contain_region),in(milk_1,basket_1_contain_region)})
COMPOSEOBJ_021	L1_long_milk_first_4_to_basket	4	true	true	libero_10;libero_object	308;301;302;310	LIVING_ROOM_SCENE2_put_both_the_alphabet_soup_and_the_tomato_sauce_in_the_basket;pick_up_the_milk_and_place_it_in_the_basket;pick_up_the_alphabet_soup_and_place_it_in_the_basket;pick_up_the_cream_cheese_and_place_it_in_the_basket;pick_up_the_orange_juice_and_place_it_in_the_basket	put both the alphabet soup and the tomato sauce in the basket | Pick the milk and place it in the basket | Pick the alphabet soup and place it in the basket | Pick the cream cheese and place it in the basket | Pick the orange juice and place it in the basket	First put the milk in the basket, then put the alphabet soup in the basket, then put the cream cheese box in the basket, and finally put the orange juice in the basket.	in(milk_1, basket_1_contain_region); in(alphabet_soup_1, basket_1_contain_region); in(cream_cheese_1, basket_1_contain_region); in(orange_juice_1, basket_1_contain_region)	long_scene2_stock_milk_first_4	Sequence diagnostic on the stock COMP_209 scene: milk must be placed in the basket before the remaining objects. | The physical layout is unchanged; temporal stages distinguish this intervention from prior unordered final-goal screens. | Object identity has its own original LIBERO-Object pick-to-basket trajectory; its pose in the composite scene may differ. | Object identity has its own original LIBERO-Object pick-to-basket trajectory; its pose in the composite scene may differ. | Object identity has its own original LIBERO-Object pick-to-basket trajectory; its pose in the composite scene may differ. | Object identity has its own original LIBERO-Object pick-to-basket trajectory; its pose in the composite scene may differ.	5	8	comparison_png/COMPOSEOBJ_021__first_put_the_milk_in_the_basket_then_put_the_alphabet_soup_in_the_basket_then_put_the_cream_cheese_box_in_the_basket_and_finally_put_the_orange_juice.png	tasks/composeobj_021__first_put_the_milk_in_the_basket_then_put_the_alphabet_soup_in_the_basket_then_put_the_cream_cheese_box_in_the_basket_and_finally_put_the_orange_juice	composition|ca920439e1c91be83da410695061460677aa83c4a15959e0740b4f07cd427d68|frozenset({in(alphabet_soup_1,basket_1_contain_region),in(cream_cheese_1,basket_1_contain_region),in(milk_1,basket_1_contain_region),in(orange_juice_1,basket_1_contain_region)})
COMPOSEOBJ_022	L1_long_milk_first_4_to_basket	4	true	true	libero_10;libero_object	308;301;302;306	LIVING_ROOM_SCENE2_put_both_the_alphabet_soup_and_the_tomato_sauce_in_the_basket;pick_up_the_milk_and_place_it_in_the_basket;pick_up_the_alphabet_soup_and_place_it_in_the_basket;pick_up_the_cream_cheese_and_place_it_in_the_basket;pick_up_the_tomato_sauce_and_place_it_in_the_basket	put both the alphabet soup and the tomato sauce in the basket | Pick the milk and place it in the basket | Pick the alphabet soup and place it in the basket | Pick the cream cheese and place it in the basket | Pick the tomato sauce and place it in the basket	First put the milk in the basket, then put the alphabet soup in the basket, then put the cream cheese box in the basket, and finally put the tomato sauce in the basket.	in(milk_1, basket_1_contain_region); in(alphabet_soup_1, basket_1_contain_region); in(cream_cheese_1, basket_1_contain_region); in(tomato_sauce_1, basket_1_contain_region)	long_scene2_stock_milk_first_4	Sequence diagnostic on the stock COMP_209 scene: milk must be placed in the basket before the remaining objects. | The physical layout is unchanged; temporal stages distinguish this intervention from prior unordered final-goal screens. | Object identity has its own original LIBERO-Object pick-to-basket trajectory; its pose in the composite scene may differ. | Object identity has its own original LIBERO-Object pick-to-basket trajectory; its pose in the composite scene may differ. | Object identity has its own original LIBERO-Object pick-to-basket trajectory; its pose in the composite scene may differ. | Object identity has its own original LIBERO-Object pick-to-basket trajectory; its pose in the composite scene may differ.	5	8	comparison_png/COMPOSEOBJ_022__first_put_the_milk_in_the_basket_then_put_the_alphabet_soup_in_the_basket_then_put_the_cream_cheese_box_in_the_basket_and_finally_put_the_tomato_sauce.png	tasks/composeobj_022__first_put_the_milk_in_the_basket_then_put_the_alphabet_soup_in_the_basket_then_put_the_cream_cheese_box_in_the_basket_and_finally_put_the_tomato_sauce	composition|ca920439e1c91be83da410695061460677aa83c4a15959e0740b4f07cd427d68|frozenset({in(alphabet_soup_1,basket_1_contain_region),in(cream_cheese_1,basket_1_contain_region),in(milk_1,basket_1_contain_region),in(tomato_sauce_1,basket_1_contain_region)})
COMPOSEOBJ_023	L1_long_milk_first_4_to_basket	4	true	true	libero_10;libero_object	308;301;305;310	LIVING_ROOM_SCENE2_put_both_the_alphabet_soup_and_the_tomato_sauce_in_the_basket;pick_up_the_milk_and_place_it_in_the_basket;pick_up_the_alphabet_soup_and_place_it_in_the_basket;pick_up_the_ketchup_and_place_it_in_the_basket;pick_up_the_orange_juice_and_place_it_in_the_basket	put both the alphabet soup and the tomato sauce in the basket | Pick the milk and place it in the basket | Pick the alphabet soup and place it in the basket | Pick the ketchup and place it in the basket | Pick the orange juice and place it in the basket	First put the milk in the basket, then put the alphabet soup in the basket, then put the ketchup in the basket, and finally put the orange juice in the basket.	in(milk_1, basket_1_contain_region); in(alphabet_soup_1, basket_1_contain_region); in(ketchup_1, basket_1_contain_region); in(orange_juice_1, basket_1_contain_region)	long_scene2_stock_milk_first_4	Sequence diagnostic on the stock COMP_209 scene: milk must be placed in the basket before the remaining objects. | The physical layout is unchanged; temporal stages distinguish this intervention from prior unordered final-goal screens. | Object identity has its own original LIBERO-Object pick-to-basket trajectory; its pose in the composite scene may differ. | Object identity has its own original LIBERO-Object pick-to-basket trajectory; its pose in the composite scene may differ. | Object identity has its own original LIBERO-Object pick-to-basket trajectory; its pose in the composite scene may differ. | Object identity has its own original LIBERO-Object pick-to-basket trajectory; its pose in the composite scene may differ.	5	8	comparison_png/COMPOSEOBJ_023__first_put_the_milk_in_the_basket_then_put_the_alphabet_soup_in_the_basket_then_put_the_ketchup_in_the_basket_and_finally_put_the_orange_juice_in_the_b.png	tasks/composeobj_023__first_put_the_milk_in_the_basket_then_put_the_alphabet_soup_in_the_basket_then_put_the_ketchup_in_the_basket_and_finally_put_the_orange_juice_in_the_b	composition|ca920439e1c91be83da410695061460677aa83c4a15959e0740b4f07cd427d68|frozenset({in(alphabet_soup_1,basket_1_contain_region),in(ketchup_1,basket_1_contain_region),in(milk_1,basket_1_contain_region),in(orange_juice_1,basket_1_contain_region)})
COMPOSEOBJ_024	L1_long_milk_first_4_to_basket	4	true	true	libero_10;libero_object	308;301;305;306	LIVING_ROOM_SCENE2_put_both_the_alphabet_soup_and_the_tomato_sauce_in_the_basket;pick_up_the_milk_and_place_it_in_the_basket;pick_up_the_alphabet_soup_and_place_it_in_the_basket;pick_up_the_ketchup_and_place_it_in_the_basket;pick_up_the_tomato_sauce_and_place_it_in_the_basket	put both the alphabet soup and the tomato sauce in the basket | Pick the milk and place it in the basket | Pick the alphabet soup and place it in the basket | Pick the ketchup and place it in the basket | Pick the tomato sauce and place it in the basket	First put the milk in the basket, then put the alphabet soup in the basket, then put the ketchup in the basket, and finally put the tomato sauce in the basket.	in(milk_1, basket_1_contain_region); in(alphabet_soup_1, basket_1_contain_region); in(ketchup_1, basket_1_contain_region); in(tomato_sauce_1, basket_1_contain_region)	long_scene2_stock_milk_first_4	Sequence diagnostic on the stock COMP_209 scene: milk must be placed in the basket before the remaining objects. | The physical layout is unchanged; temporal stages distinguish this intervention from prior unordered final-goal screens. | Object identity has its own original LIBERO-Object pick-to-basket trajectory; its pose in the composite scene may differ. | Object identity has its own original LIBERO-Object pick-to-basket trajectory; its pose in the composite scene may differ. | Object identity has its own original LIBERO-Object pick-to-basket trajectory; its pose in the composite scene may differ. | Object identity has its own original LIBERO-Object pick-to-basket trajectory; its pose in the composite scene may differ.	5	8	comparison_png/COMPOSEOBJ_024__first_put_the_milk_in_the_basket_then_put_the_alphabet_soup_in_the_basket_then_put_the_ketchup_in_the_basket_and_finally_put_the_tomato_sauce_in_the_b.png	tasks/composeobj_024__first_put_the_milk_in_the_basket_then_put_the_alphabet_soup_in_the_basket_then_put_the_ketchup_in_the_basket_and_finally_put_the_tomato_sauce_in_the_b	composition|ca920439e1c91be83da410695061460677aa83c4a15959e0740b4f07cd427d68|frozenset({in(alphabet_soup_1,basket_1_contain_region),in(ketchup_1,basket_1_contain_region),in(milk_1,basket_1_contain_region),in(tomato_sauce_1,basket_1_contain_region)})
COMPOSEOBJ_025	L1_long_milk_first_4_to_basket	4	true	true	libero_10;libero_object	308;301;310;306	LIVING_ROOM_SCENE2_put_both_the_alphabet_soup_and_the_tomato_sauce_in_the_basket;pick_up_the_milk_and_place_it_in_the_basket;pick_up_the_alphabet_soup_and_place_it_in_the_basket;pick_up_the_orange_juice_and_place_it_in_the_basket;pick_up_the_tomato_sauce_and_place_it_in_the_basket	put both the alphabet soup and the tomato sauce in the basket | Pick the milk and place it in the basket | Pick the alphabet soup and place it in the basket | Pick the orange juice and place it in the basket | Pick the tomato sauce and place it in the basket	First put the milk in the basket, then put the alphabet soup in the basket, then put the orange juice in the basket, and finally put the tomato sauce in the basket.	in(milk_1, basket_1_contain_region); in(alphabet_soup_1, basket_1_contain_region); in(orange_juice_1, basket_1_contain_region); in(tomato_sauce_1, basket_1_contain_region)	long_scene2_stock_milk_first_4	Sequence diagnostic on the stock COMP_209 scene: milk must be placed in the basket before the remaining objects. | The physical layout is unchanged; temporal stages distinguish this intervention from prior unordered final-goal screens. | Object identity has its own original LIBERO-Object pick-to-basket trajectory; its pose in the composite scene may differ. | Object identity has its own original LIBERO-Object pick-to-basket trajectory; its pose in the composite scene may differ. | Object identity has its own original LIBERO-Object pick-to-basket trajectory; its pose in the composite scene may differ. | Object identity has its own original LIBERO-Object pick-to-basket trajectory; its pose in the composite scene may differ.	5	8	comparison_png/COMPOSEOBJ_025__first_put_the_milk_in_the_basket_then_put_the_alphabet_soup_in_the_basket_then_put_the_orange_juice_in_the_basket_and_finally_put_the_tomato_sauce_in.png	tasks/composeobj_025__first_put_the_milk_in_the_basket_then_put_the_alphabet_soup_in_the_basket_then_put_the_orange_juice_in_the_basket_and_finally_put_the_tomato_sauce_in	composition|ca920439e1c91be83da410695061460677aa83c4a15959e0740b4f07cd427d68|frozenset({in(alphabet_soup_1,basket_1_contain_region),in(milk_1,basket_1_contain_region),in(orange_juice_1,basket_1_contain_region),in(tomato_sauce_1,basket_1_contain_region)})
COMPOSEOBJ_026	L1_long_milk_first_4_to_basket	4	true	true	libero_10;libero_object	308;307;302;305	LIVING_ROOM_SCENE2_put_both_the_alphabet_soup_and_the_tomato_sauce_in_the_basket;pick_up_the_milk_and_place_it_in_the_basket;pick_up_the_butter_and_place_it_in_the_basket;pick_up_the_cream_cheese_and_place_it_in_the_basket;pick_up_the_ketchup_and_place_it_in_the_basket	put both the alphabet soup and the tomato sauce in the basket | Pick the milk and place it in the basket | Pick the butter and place it in the basket | Pick the cream cheese and place it in the basket | Pick the ketchup and place it in the basket	First put the milk in the basket, then put the butter in the basket, then put the cream cheese box in the basket, and finally put the ketchup in the basket.	in(milk_1, basket_1_contain_region); in(butter_1, basket_1_contain_region); in(cream_cheese_1, basket_1_contain_region); in(ketchup_1, basket_1_contain_region)	long_scene2_stock_milk_first_4	Sequence diagnostic on the stock COMP_209 scene: milk must be placed in the basket before the remaining objects. | The physical layout is unchanged; temporal stages distinguish this intervention from prior unordered final-goal screens. | Object identity has its own original LIBERO-Object pick-to-basket trajectory; its pose in the composite scene may differ. | Object identity has its own original LIBERO-Object pick-to-basket trajectory; its pose in the composite scene may differ. | Object identity has its own original LIBERO-Object pick-to-basket trajectory; its pose in the composite scene may differ. | Object identity has its own original LIBERO-Object pick-to-basket trajectory; its pose in the composite scene may differ.	5	8	comparison_png/COMPOSEOBJ_026__first_put_the_milk_in_the_basket_then_put_the_butter_in_the_basket_then_put_the_cream_cheese_box_in_the_basket_and_finally_put_the_ketchup_in_the_bask.png	tasks/composeobj_026__first_put_the_milk_in_the_basket_then_put_the_butter_in_the_basket_then_put_the_cream_cheese_box_in_the_basket_and_finally_put_the_ketchup_in_the_bask	composition|ca920439e1c91be83da410695061460677aa83c4a15959e0740b4f07cd427d68|frozenset({in(butter_1,basket_1_contain_region),in(cream_cheese_1,basket_1_contain_region),in(ketchup_1,basket_1_contain_region),in(milk_1,basket_1_contain_region)})
COMPOSEOBJ_027	L1_long_milk_first_4_to_basket	4	true	true	libero_10;libero_object	308;307;302;310	LIVING_ROOM_SCENE2_put_both_the_alphabet_soup_and_the_tomato_sauce_in_the_basket;pick_up_the_milk_and_place_it_in_the_basket;pick_up_the_butter_and_place_it_in_the_basket;pick_up_the_cream_cheese_and_place_it_in_the_basket;pick_up_the_orange_juice_and_place_it_in_the_basket	put both the alphabet soup and the tomato sauce in the basket | Pick the milk and place it in the basket | Pick the butter and place it in the basket | Pick the cream cheese and place it in the basket | Pick the orange juice and place it in the basket	First put the milk in the basket, then put the butter in the basket, then put the cream cheese box in the basket, and finally put the orange juice in the basket.	in(milk_1, basket_1_contain_region); in(butter_1, basket_1_contain_region); in(cream_cheese_1, basket_1_contain_region); in(orange_juice_1, basket_1_contain_region)	long_scene2_stock_milk_first_4	Sequence diagnostic on the stock COMP_209 scene: milk must be placed in the basket before the remaining objects. | The physical layout is unchanged; temporal stages distinguish this intervention from prior unordered final-goal screens. | Object identity has its own original LIBERO-Object pick-to-basket trajectory; its pose in the composite scene may differ. | Object identity has its own original LIBERO-Object pick-to-basket trajectory; its pose in the composite scene may differ. | Object identity has its own original LIBERO-Object pick-to-basket trajectory; its pose in the composite scene may differ. | Object identity has its own original LIBERO-Object pick-to-basket trajectory; its pose in the composite scene may differ.	5	8	comparison_png/COMPOSEOBJ_027__first_put_the_milk_in_the_basket_then_put_the_butter_in_the_basket_then_put_the_cream_cheese_box_in_the_basket_and_finally_put_the_orange_juice_in_the.png	tasks/composeobj_027__first_put_the_milk_in_the_basket_then_put_the_butter_in_the_basket_then_put_the_cream_cheese_box_in_the_basket_and_finally_put_the_orange_juice_in_the	composition|ca920439e1c91be83da410695061460677aa83c4a15959e0740b4f07cd427d68|frozenset({in(butter_1,basket_1_contain_region),in(cream_cheese_1,basket_1_contain_region),in(milk_1,basket_1_contain_region),in(orange_juice_1,basket_1_contain_region)})
COMPOSEOBJ_028	L1_long_milk_first_4_to_basket	4	true	true	libero_10;libero_object	308;307;302;306	LIVING_ROOM_SCENE2_put_both_the_alphabet_soup_and_the_tomato_sauce_in_the_basket;pick_up_the_milk_and_place_it_in_the_basket;pick_up_the_butter_and_place_it_in_the_basket;pick_up_the_cream_cheese_and_place_it_in_the_basket;pick_up_the_tomato_sauce_and_place_it_in_the_basket	put both the alphabet soup and the tomato sauce in the basket | Pick the milk and place it in the basket | Pick the butter and place it in the basket | Pick the cream cheese and place it in the basket | Pick the tomato sauce and place it in the basket	First put the milk in the basket, then put the butter in the basket, then put the cream cheese box in the basket, and finally put the tomato sauce in the basket.	in(milk_1, basket_1_contain_region); in(butter_1, basket_1_contain_region); in(cream_cheese_1, basket_1_contain_region); in(tomato_sauce_1, basket_1_contain_region)	long_scene2_stock_milk_first_4	Sequence diagnostic on the stock COMP_209 scene: milk must be placed in the basket before the remaining objects. | The physical layout is unchanged; temporal stages distinguish this intervention from prior unordered final-goal screens. | Object identity has its own original LIBERO-Object pick-to-basket trajectory; its pose in the composite scene may differ. | Object identity has its own original LIBERO-Object pick-to-basket trajectory; its pose in the composite scene may differ. | Object identity has its own original LIBERO-Object pick-to-basket trajectory; its pose in the composite scene may differ. | Object identity has its own original LIBERO-Object pick-to-basket trajectory; its pose in the composite scene may differ.	5	8	comparison_png/COMPOSEOBJ_028__first_put_the_milk_in_the_basket_then_put_the_butter_in_the_basket_then_put_the_cream_cheese_box_in_the_basket_and_finally_put_the_tomato_sauce_in_the.png	tasks/composeobj_028__first_put_the_milk_in_the_basket_then_put_the_butter_in_the_basket_then_put_the_cream_cheese_box_in_the_basket_and_finally_put_the_tomato_sauce_in_the	composition|ca920439e1c91be83da410695061460677aa83c4a15959e0740b4f07cd427d68|frozenset({in(butter_1,basket_1_contain_region),in(cream_cheese_1,basket_1_contain_region),in(milk_1,basket_1_contain_region),in(tomato_sauce_1,basket_1_contain_region)})
COMPOSEOBJ_029	L1_long_milk_first_4_to_basket	4	true	true	libero_10;libero_object	308;307;305;310	LIVING_ROOM_SCENE2_put_both_the_alphabet_soup_and_the_tomato_sauce_in_the_basket;pick_up_the_milk_and_place_it_in_the_basket;pick_up_the_butter_and_place_it_in_the_basket;pick_up_the_ketchup_and_place_it_in_the_basket;pick_up_the_orange_juice_and_place_it_in_the_basket	put both the alphabet soup and the tomato sauce in the basket | Pick the milk and place it in the basket | Pick the butter and place it in the basket | Pick the ketchup and place it in the basket | Pick the orange juice and place it in the basket	First put the milk in the basket, then put the butter in the basket, then put the ketchup in the basket, and finally put the orange juice in the basket.	in(milk_1, basket_1_contain_region); in(butter_1, basket_1_contain_region); in(ketchup_1, basket_1_contain_region); in(orange_juice_1, basket_1_contain_region)	long_scene2_stock_milk_first_4	Sequence diagnostic on the stock COMP_209 scene: milk must be placed in the basket before the remaining objects. | The physical layout is unchanged; temporal stages distinguish this intervention from prior unordered final-goal screens. | Object identity has its own original LIBERO-Object pick-to-basket trajectory; its pose in the composite scene may differ. | Object identity has its own original LIBERO-Object pick-to-basket trajectory; its pose in the composite scene may differ. | Object identity has its own original LIBERO-Object pick-to-basket trajectory; its pose in the composite scene may differ. | Object identity has its own original LIBERO-Object pick-to-basket trajectory; its pose in the composite scene may differ.	5	8	comparison_png/COMPOSEOBJ_029__first_put_the_milk_in_the_basket_then_put_the_butter_in_the_basket_then_put_the_ketchup_in_the_basket_and_finally_put_the_orange_juice_in_the_basket.png	tasks/composeobj_029__first_put_the_milk_in_the_basket_then_put_the_butter_in_the_basket_then_put_the_ketchup_in_the_basket_and_finally_put_the_orange_juice_in_the_basket	composition|ca920439e1c91be83da410695061460677aa83c4a15959e0740b4f07cd427d68|frozenset({in(butter_1,basket_1_contain_region),in(ketchup_1,basket_1_contain_region),in(milk_1,basket_1_contain_region),in(orange_juice_1,basket_1_contain_region)})
COMPOSEOBJ_030	L1_long_milk_first_4_to_basket	4	true	true	libero_10;libero_object	308;307;305;306	LIVING_ROOM_SCENE2_put_both_the_alphabet_soup_and_the_tomato_sauce_in_the_basket;pick_up_the_milk_and_place_it_in_the_basket;pick_up_the_butter_and_place_it_in_the_basket;pick_up_the_ketchup_and_place_it_in_the_basket;pick_up_the_tomato_sauce_and_place_it_in_the_basket	put both the alphabet soup and the tomato sauce in the basket | Pick the milk and place it in the basket | Pick the butter and place it in the basket | Pick the ketchup and place it in the basket | Pick the tomato sauce and place it in the basket	First put the milk in the basket, then put the butter in the basket, then put the ketchup in the basket, and finally put the tomato sauce in the basket.	in(milk_1, basket_1_contain_region); in(butter_1, basket_1_contain_region); in(ketchup_1, basket_1_contain_region); in(tomato_sauce_1, basket_1_contain_region)	long_scene2_stock_milk_first_4	Sequence diagnostic on the stock COMP_209 scene: milk must be placed in the basket before the remaining objects. | The physical layout is unchanged; temporal stages distinguish this intervention from prior unordered final-goal screens. | Object identity has its own original LIBERO-Object pick-to-basket trajectory; its pose in the composite scene may differ. | Object identity has its own original LIBERO-Object pick-to-basket trajectory; its pose in the composite scene may differ. | Object identity has its own original LIBERO-Object pick-to-basket trajectory; its pose in the composite scene may differ. | Object identity has its own original LIBERO-Object pick-to-basket trajectory; its pose in the composite scene may differ.	5	8	comparison_png/COMPOSEOBJ_030__first_put_the_milk_in_the_basket_then_put_the_butter_in_the_basket_then_put_the_ketchup_in_the_basket_and_finally_put_the_tomato_sauce_in_the_basket.png	tasks/composeobj_030__first_put_the_milk_in_the_basket_then_put_the_butter_in_the_basket_then_put_the_ketchup_in_the_basket_and_finally_put_the_tomato_sauce_in_the_basket	composition|ca920439e1c91be83da410695061460677aa83c4a15959e0740b4f07cd427d68|frozenset({in(butter_1,basket_1_contain_region),in(ketchup_1,basket_1_contain_region),in(milk_1,basket_1_contain_region),in(tomato_sauce_1,basket_1_contain_region)})
COMPOSEOBJ_031	L1_long_milk_first_4_to_basket	4	true	true	libero_10;libero_object	308;307;310;306	LIVING_ROOM_SCENE2_put_both_the_alphabet_soup_and_the_tomato_sauce_in_the_basket;pick_up_the_milk_and_place_it_in_the_basket;pick_up_the_butter_and_place_it_in_the_basket;pick_up_the_orange_juice_and_place_it_in_the_basket;pick_up_the_tomato_sauce_and_place_it_in_the_basket	put both the alphabet soup and the tomato sauce in the basket | Pick the milk and place it in the basket | Pick the butter and place it in the basket | Pick the orange juice and place it in the basket | Pick the tomato sauce and place it in the basket	First put the milk in the basket, then put the butter in the basket, then put the orange juice in the basket, and finally put the tomato sauce in the basket.	in(milk_1, basket_1_contain_region); in(butter_1, basket_1_contain_region); in(orange_juice_1, basket_1_contain_region); in(tomato_sauce_1, basket_1_contain_region)	long_scene2_stock_milk_first_4	Sequence diagnostic on the stock COMP_209 scene: milk must be placed in the basket before the remaining objects. | The physical layout is unchanged; temporal stages distinguish this intervention from prior unordered final-goal screens. | Object identity has its own original LIBERO-Object pick-to-basket trajectory; its pose in the composite scene may differ. | Object identity has its own original LIBERO-Object pick-to-basket trajectory; its pose in the composite scene may differ. | Object identity has its own original LIBERO-Object pick-to-basket trajectory; its pose in the composite scene may differ. | Object identity has its own original LIBERO-Object pick-to-basket trajectory; its pose in the composite scene may differ.	5	8	comparison_png/COMPOSEOBJ_031__first_put_the_milk_in_the_basket_then_put_the_butter_in_the_basket_then_put_the_orange_juice_in_the_basket_and_finally_put_the_tomato_sauce_in_the_bas.png	tasks/composeobj_031__first_put_the_milk_in_the_basket_then_put_the_butter_in_the_basket_then_put_the_orange_juice_in_the_basket_and_finally_put_the_tomato_sauce_in_the_bas	composition|ca920439e1c91be83da410695061460677aa83c4a15959e0740b4f07cd427d68|frozenset({in(butter_1,basket_1_contain_region),in(milk_1,basket_1_contain_region),in(orange_juice_1,basket_1_contain_region),in(tomato_sauce_1,basket_1_contain_region)})
COMPOSEOBJ_032	L1_long_milk_first_4_to_basket	4	true	true	libero_10;libero_object	308;302;305;310	LIVING_ROOM_SCENE2_put_both_the_alphabet_soup_and_the_tomato_sauce_in_the_basket;pick_up_the_milk_and_place_it_in_the_basket;pick_up_the_cream_cheese_and_place_it_in_the_basket;pick_up_the_ketchup_and_place_it_in_the_basket;pick_up_the_orange_juice_and_place_it_in_the_basket	put both the alphabet soup and the tomato sauce in the basket | Pick the milk and place it in the basket | Pick the cream cheese and place it in the basket | Pick the ketchup and place it in the basket | Pick the orange juice and place it in the basket	First put the milk in the basket, then put the cream cheese box in the basket, then put the ketchup in the basket, and finally put the orange juice in the basket.	in(milk_1, basket_1_contain_region); in(cream_cheese_1, basket_1_contain_region); in(ketchup_1, basket_1_contain_region); in(orange_juice_1, basket_1_contain_region)	long_scene2_stock_milk_first_4	Sequence diagnostic on the stock COMP_209 scene: milk must be placed in the basket before the remaining objects. | The physical layout is unchanged; temporal stages distinguish this intervention from prior unordered final-goal screens. | Object identity has its own original LIBERO-Object pick-to-basket trajectory; its pose in the composite scene may differ. | Object identity has its own original LIBERO-Object pick-to-basket trajectory; its pose in the composite scene may differ. | Object identity has its own original LIBERO-Object pick-to-basket trajectory; its pose in the composite scene may differ. | Object identity has its own original LIBERO-Object pick-to-basket trajectory; its pose in the composite scene may differ.	5	8	comparison_png/COMPOSEOBJ_032__first_put_the_milk_in_the_basket_then_put_the_cream_cheese_box_in_the_basket_then_put_the_ketchup_in_the_basket_and_finally_put_the_orange_juice_in_th.png	tasks/composeobj_032__first_put_the_milk_in_the_basket_then_put_the_cream_cheese_box_in_the_basket_then_put_the_ketchup_in_the_basket_and_finally_put_the_orange_juice_in_th	composition|ca920439e1c91be83da410695061460677aa83c4a15959e0740b4f07cd427d68|frozenset({in(cream_cheese_1,basket_1_contain_region),in(ketchup_1,basket_1_contain_region),in(milk_1,basket_1_contain_region),in(orange_juice_1,basket_1_contain_region)})
COMPOSEOBJ_033	L1_long_milk_first_4_to_basket	4	true	true	libero_10;libero_object	308;302;305;306	LIVING_ROOM_SCENE2_put_both_the_alphabet_soup_and_the_tomato_sauce_in_the_basket;pick_up_the_milk_and_place_it_in_the_basket;pick_up_the_cream_cheese_and_place_it_in_the_basket;pick_up_the_ketchup_and_place_it_in_the_basket;pick_up_the_tomato_sauce_and_place_it_in_the_basket	put both the alphabet soup and the tomato sauce in the basket | Pick the milk and place it in the basket | Pick the cream cheese and place it in the basket | Pick the ketchup and place it in the basket | Pick the tomato sauce and place it in the basket	First put the milk in the basket, then put the cream cheese box in the basket, then put the ketchup in the basket, and finally put the tomato sauce in the basket.	in(milk_1, basket_1_contain_region); in(cream_cheese_1, basket_1_contain_region); in(ketchup_1, basket_1_contain_region); in(tomato_sauce_1, basket_1_contain_region)	long_scene2_stock_milk_first_4	Sequence diagnostic on the stock COMP_209 scene: milk must be placed in the basket before the remaining objects. | The physical layout is unchanged; temporal stages distinguish this intervention from prior unordered final-goal screens. | Object identity has its own original LIBERO-Object pick-to-basket trajectory; its pose in the composite scene may differ. | Object identity has its own original LIBERO-Object pick-to-basket trajectory; its pose in the composite scene may differ. | Object identity has its own original LIBERO-Object pick-to-basket trajectory; its pose in the composite scene may differ. | Object identity has its own original LIBERO-Object pick-to-basket trajectory; its pose in the composite scene may differ.	5	8	comparison_png/COMPOSEOBJ_033__first_put_the_milk_in_the_basket_then_put_the_cream_cheese_box_in_the_basket_then_put_the_ketchup_in_the_basket_and_finally_put_the_tomato_sauce_in_th.png	tasks/composeobj_033__first_put_the_milk_in_the_basket_then_put_the_cream_cheese_box_in_the_basket_then_put_the_ketchup_in_the_basket_and_finally_put_the_tomato_sauce_in_th	composition|ca920439e1c91be83da410695061460677aa83c4a15959e0740b4f07cd427d68|frozenset({in(cream_cheese_1,basket_1_contain_region),in(ketchup_1,basket_1_contain_region),in(milk_1,basket_1_contain_region),in(tomato_sauce_1,basket_1_contain_region)})
COMPOSEOBJ_034	L1_long_milk_first_4_to_basket	4	true	true	libero_10;libero_object	308;302;310;306	LIVING_ROOM_SCENE2_put_both_the_alphabet_soup_and_the_tomato_sauce_in_the_basket;pick_up_the_milk_and_place_it_in_the_basket;pick_up_the_cream_cheese_and_place_it_in_the_basket;pick_up_the_orange_juice_and_place_it_in_the_basket;pick_up_the_tomato_sauce_and_place_it_in_the_basket	put both the alphabet soup and the tomato sauce in the basket | Pick the milk and place it in the basket | Pick the cream cheese and place it in the basket | Pick the orange juice and place it in the basket | Pick the tomato sauce and place it in the basket	First put the milk in the basket, then put the cream cheese box in the basket, then put the orange juice in the basket, and finally put the tomato sauce in the basket.	in(milk_1, basket_1_contain_region); in(cream_cheese_1, basket_1_contain_region); in(orange_juice_1, basket_1_contain_region); in(tomato_sauce_1, basket_1_contain_region)	long_scene2_stock_milk_first_4	Sequence diagnostic on the stock COMP_209 scene: milk must be placed in the basket before the remaining objects. | The physical layout is unchanged; temporal stages distinguish this intervention from prior unordered final-goal screens. | Object identity has its own original LIBERO-Object pick-to-basket trajectory; its pose in the composite scene may differ. | Object identity has its own original LIBERO-Object pick-to-basket trajectory; its pose in the composite scene may differ. | Object identity has its own original LIBERO-Object pick-to-basket trajectory; its pose in the composite scene may differ. | Object identity has its own original LIBERO-Object pick-to-basket trajectory; its pose in the composite scene may differ.	5	8	comparison_png/COMPOSEOBJ_034__first_put_the_milk_in_the_basket_then_put_the_cream_cheese_box_in_the_basket_then_put_the_orange_juice_in_the_basket_and_finally_put_the_tomato_sauce.png	tasks/composeobj_034__first_put_the_milk_in_the_basket_then_put_the_cream_cheese_box_in_the_basket_then_put_the_orange_juice_in_the_basket_and_finally_put_the_tomato_sauce	composition|ca920439e1c91be83da410695061460677aa83c4a15959e0740b4f07cd427d68|frozenset({in(cream_cheese_1,basket_1_contain_region),in(milk_1,basket_1_contain_region),in(orange_juice_1,basket_1_contain_region),in(tomato_sauce_1,basket_1_contain_region)})
COMPOSEOBJ_035	L1_long_milk_first_4_to_basket	4	true	true	libero_10;libero_object	308;305;310;306	LIVING_ROOM_SCENE2_put_both_the_alphabet_soup_and_the_tomato_sauce_in_the_basket;pick_up_the_milk_and_place_it_in_the_basket;pick_up_the_ketchup_and_place_it_in_the_basket;pick_up_the_orange_juice_and_place_it_in_the_basket;pick_up_the_tomato_sauce_and_place_it_in_the_basket	put both the alphabet soup and the tomato sauce in the basket | Pick the milk and place it in the basket | Pick the ketchup and place it in the basket | Pick the orange juice and place it in the basket | Pick the tomato sauce and place it in the basket	First put the milk in the basket, then put the ketchup in the basket, then put the orange juice in the basket, and finally put the tomato sauce in the basket.	in(milk_1, basket_1_contain_region); in(ketchup_1, basket_1_contain_region); in(orange_juice_1, basket_1_contain_region); in(tomato_sauce_1, basket_1_contain_region)	long_scene2_stock_milk_first_4	Sequence diagnostic on the stock COMP_209 scene: milk must be placed in the basket before the remaining objects. | The physical layout is unchanged; temporal stages distinguish this intervention from prior unordered final-goal screens. | Object identity has its own original LIBERO-Object pick-to-basket trajectory; its pose in the composite scene may differ. | Object identity has its own original LIBERO-Object pick-to-basket trajectory; its pose in the composite scene may differ. | Object identity has its own original LIBERO-Object pick-to-basket trajectory; its pose in the composite scene may differ. | Object identity has its own original LIBERO-Object pick-to-basket trajectory; its pose in the composite scene may differ.	5	8	comparison_png/COMPOSEOBJ_035__first_put_the_milk_in_the_basket_then_put_the_ketchup_in_the_basket_then_put_the_orange_juice_in_the_basket_and_finally_put_the_tomato_sauce_in_the_ba.png	tasks/composeobj_035__first_put_the_milk_in_the_basket_then_put_the_ketchup_in_the_basket_then_put_the_orange_juice_in_the_basket_and_finally_put_the_tomato_sauce_in_the_ba	composition|ca920439e1c91be83da410695061460677aa83c4a15959e0740b4f07cd427d68|frozenset({in(ketchup_1,basket_1_contain_region),in(milk_1,basket_1_contain_region),in(orange_juice_1,basket_1_contain_region),in(tomato_sauce_1,basket_1_contain_region)})
COMPOSEOBJ_036	L2_long_milk_beside_ketchup_3_to_basket	3	true	false	libero_10;libero_object	301;307;302	LIVING_ROOM_SCENE2_put_both_the_alphabet_soup_and_the_tomato_sauce_in_the_basket;pick_up_the_alphabet_soup_and_place_it_in_the_basket;pick_up_the_butter_and_place_it_in_the_basket;pick_up_the_cream_cheese_and_place_it_in_the_basket	put both the alphabet soup and the tomato sauce in the basket | Pick the alphabet soup and place it in the basket | Pick the butter and place it in the basket | Pick the cream cheese and place it in the basket	Put the alphabet soup in the basket, then put the butter in the basket, and finally put the cream cheese box in the basket.	in(alphabet_soup_1, basket_1_contain_region); in(butter_1, basket_1_contain_region); in(cream_cheese_1, basket_1_contain_region)	long_scene2_milk_beside_ketchup	Milk is retained as a distractor but relocated beside ketchup, outside the central approach corridor where COMP_209 repeatedly toppled it. | Milk region is (-0.265, -0.065, -0.235, -0.035); ketchup remains at its original LIBERO-10 Scene 2 pose. | Object identity has its own original LIBERO-Object pick-to-basket trajectory; its pose in the composite scene may differ. | Object identity has its own original LIBERO-Object pick-to-basket trajectory; its pose in the composite scene may differ. | Object identity has its own original LIBERO-Object pick-to-basket trajectory; its pose in the composite scene may differ.	5	6	comparison_png/COMPOSEOBJ_036__put_the_alphabet_soup_in_the_basket_then_put_the_butter_in_the_basket_and_finally_put_the_cream_cheese_box_in_the_basket.png	tasks/composeobj_036__put_the_alphabet_soup_in_the_basket_then_put_the_butter_in_the_basket_and_finally_put_the_cream_cheese_box_in_the_basket	composition|25bbbecd7350b1a47ff6f52f9232feab4608abd5604dc8ca1daeaa55dd015414|frozenset({in(alphabet_soup_1,basket_1_contain_region),in(butter_1,basket_1_contain_region),in(cream_cheese_1,basket_1_contain_region)})
COMPOSEOBJ_037	L2_long_milk_beside_ketchup_3_to_basket	3	true	false	libero_10;libero_object	301;307;305	LIVING_ROOM_SCENE2_put_both_the_alphabet_soup_and_the_tomato_sauce_in_the_basket;pick_up_the_alphabet_soup_and_place_it_in_the_basket;pick_up_the_butter_and_place_it_in_the_basket;pick_up_the_ketchup_and_place_it_in_the_basket	put both the alphabet soup and the tomato sauce in the basket | Pick the alphabet soup and place it in the basket | Pick the butter and place it in the basket | Pick the ketchup and place it in the basket	Put the alphabet soup in the basket, then put the butter in the basket, and finally put the ketchup in the basket.	in(alphabet_soup_1, basket_1_contain_region); in(butter_1, basket_1_contain_region); in(ketchup_1, basket_1_contain_region)	long_scene2_milk_beside_ketchup	Milk is retained as a distractor but relocated beside ketchup, outside the central approach corridor where COMP_209 repeatedly toppled it. | Milk region is (-0.265, -0.065, -0.235, -0.035); ketchup remains at its original LIBERO-10 Scene 2 pose. | Object identity has its own original LIBERO-Object pick-to-basket trajectory; its pose in the composite scene may differ. | Object identity has its own original LIBERO-Object pick-to-basket trajectory; its pose in the composite scene may differ. | Object identity has its own original LIBERO-Object pick-to-basket trajectory; its pose in the composite scene may differ.	5	6	comparison_png/COMPOSEOBJ_037__put_the_alphabet_soup_in_the_basket_then_put_the_butter_in_the_basket_and_finally_put_the_ketchup_in_the_basket.png	tasks/composeobj_037__put_the_alphabet_soup_in_the_basket_then_put_the_butter_in_the_basket_and_finally_put_the_ketchup_in_the_basket	composition|25bbbecd7350b1a47ff6f52f9232feab4608abd5604dc8ca1daeaa55dd015414|frozenset({in(alphabet_soup_1,basket_1_contain_region),in(butter_1,basket_1_contain_region),in(ketchup_1,basket_1_contain_region)})
COMPOSEOBJ_038	L2_long_milk_beside_ketchup_3_to_basket	3	true	false	libero_10;libero_object	301;307;310	LIVING_ROOM_SCENE2_put_both_the_alphabet_soup_and_the_tomato_sauce_in_the_basket;pick_up_the_alphabet_soup_and_place_it_in_the_basket;pick_up_the_butter_and_place_it_in_the_basket;pick_up_the_orange_juice_and_place_it_in_the_basket	put both the alphabet soup and the tomato sauce in the basket | Pick the alphabet soup and place it in the basket | Pick the butter and place it in the basket | Pick the orange juice and place it in the basket	Put the alphabet soup in the basket, then put the butter in the basket, and finally put the orange juice in the basket.	in(alphabet_soup_1, basket_1_contain_region); in(butter_1, basket_1_contain_region); in(orange_juice_1, basket_1_contain_region)	long_scene2_milk_beside_ketchup	Milk is retained as a distractor but relocated beside ketchup, outside the central approach corridor where COMP_209 repeatedly toppled it. | Milk region is (-0.265, -0.065, -0.235, -0.035); ketchup remains at its original LIBERO-10 Scene 2 pose. | Object identity has its own original LIBERO-Object pick-to-basket trajectory; its pose in the composite scene may differ. | Object identity has its own original LIBERO-Object pick-to-basket trajectory; its pose in the composite scene may differ. | Object identity has its own original LIBERO-Object pick-to-basket trajectory; its pose in the composite scene may differ.	5	6	comparison_png/COMPOSEOBJ_038__put_the_alphabet_soup_in_the_basket_then_put_the_butter_in_the_basket_and_finally_put_the_orange_juice_in_the_basket.png	tasks/composeobj_038__put_the_alphabet_soup_in_the_basket_then_put_the_butter_in_the_basket_and_finally_put_the_orange_juice_in_the_basket	composition|25bbbecd7350b1a47ff6f52f9232feab4608abd5604dc8ca1daeaa55dd015414|frozenset({in(alphabet_soup_1,basket_1_contain_region),in(butter_1,basket_1_contain_region),in(orange_juice_1,basket_1_contain_region)})
COMPOSEOBJ_039	L2_long_milk_beside_ketchup_3_to_basket	3	true	false	libero_10;libero_object	301;307;306	LIVING_ROOM_SCENE2_put_both_the_alphabet_soup_and_the_tomato_sauce_in_the_basket;pick_up_the_alphabet_soup_and_place_it_in_the_basket;pick_up_the_butter_and_place_it_in_the_basket;pick_up_the_tomato_sauce_and_place_it_in_the_basket	put both the alphabet soup and the tomato sauce in the basket | Pick the alphabet soup and place it in the basket | Pick the butter and place it in the basket | Pick the tomato sauce and place it in the basket	Put the alphabet soup in the basket, then put the butter in the basket, and finally put the tomato sauce in the basket.	in(alphabet_soup_1, basket_1_contain_region); in(butter_1, basket_1_contain_region); in(tomato_sauce_1, basket_1_contain_region)	long_scene2_milk_beside_ketchup	Milk is retained as a distractor but relocated beside ketchup, outside the central approach corridor where COMP_209 repeatedly toppled it. | Milk region is (-0.265, -0.065, -0.235, -0.035); ketchup remains at its original LIBERO-10 Scene 2 pose. | Object identity has its own original LIBERO-Object pick-to-basket trajectory; its pose in the composite scene may differ. | Object identity has its own original LIBERO-Object pick-to-basket trajectory; its pose in the composite scene may differ. | Object identity has its own original LIBERO-Object pick-to-basket trajectory; its pose in the composite scene may differ.	5	6	comparison_png/COMPOSEOBJ_039__put_the_alphabet_soup_in_the_basket_then_put_the_butter_in_the_basket_and_finally_put_the_tomato_sauce_in_the_basket.png	tasks/composeobj_039__put_the_alphabet_soup_in_the_basket_then_put_the_butter_in_the_basket_and_finally_put_the_tomato_sauce_in_the_basket	composition|25bbbecd7350b1a47ff6f52f9232feab4608abd5604dc8ca1daeaa55dd015414|frozenset({in(alphabet_soup_1,basket_1_contain_region),in(butter_1,basket_1_contain_region),in(tomato_sauce_1,basket_1_contain_region)})
COMPOSEOBJ_040	L2_long_milk_beside_ketchup_3_to_basket	3	true	false	libero_10;libero_object	301;302;305	LIVING_ROOM_SCENE2_put_both_the_alphabet_soup_and_the_tomato_sauce_in_the_basket;pick_up_the_alphabet_soup_and_place_it_in_the_basket;pick_up_the_cream_cheese_and_place_it_in_the_basket;pick_up_the_ketchup_and_place_it_in_the_basket	put both the alphabet soup and the tomato sauce in the basket | Pick the alphabet soup and place it in the basket | Pick the cream cheese and place it in the basket | Pick the ketchup and place it in the basket	Put the alphabet soup in the basket, then put the cream cheese box in the basket, and finally put the ketchup in the basket.	in(alphabet_soup_1, basket_1_contain_region); in(cream_cheese_1, basket_1_contain_region); in(ketchup_1, basket_1_contain_region)	long_scene2_milk_beside_ketchup	Milk is retained as a distractor but relocated beside ketchup, outside the central approach corridor where COMP_209 repeatedly toppled it. | Milk region is (-0.265, -0.065, -0.235, -0.035); ketchup remains at its original LIBERO-10 Scene 2 pose. | Object identity has its own original LIBERO-Object pick-to-basket trajectory; its pose in the composite scene may differ. | Object identity has its own original LIBERO-Object pick-to-basket trajectory; its pose in the composite scene may differ. | Object identity has its own original LIBERO-Object pick-to-basket trajectory; its pose in the composite scene may differ.	5	6	comparison_png/COMPOSEOBJ_040__put_the_alphabet_soup_in_the_basket_then_put_the_cream_cheese_box_in_the_basket_and_finally_put_the_ketchup_in_the_basket.png	tasks/composeobj_040__put_the_alphabet_soup_in_the_basket_then_put_the_cream_cheese_box_in_the_basket_and_finally_put_the_ketchup_in_the_basket	composition|25bbbecd7350b1a47ff6f52f9232feab4608abd5604dc8ca1daeaa55dd015414|frozenset({in(alphabet_soup_1,basket_1_contain_region),in(cream_cheese_1,basket_1_contain_region),in(ketchup_1,basket_1_contain_region)})
COMPOSEOBJ_041	L2_long_milk_beside_ketchup_3_to_basket	3	true	false	libero_10;libero_object	301;302;310	LIVING_ROOM_SCENE2_put_both_the_alphabet_soup_and_the_tomato_sauce_in_the_basket;pick_up_the_alphabet_soup_and_place_it_in_the_basket;pick_up_the_cream_cheese_and_place_it_in_the_basket;pick_up_the_orange_juice_and_place_it_in_the_basket	put both the alphabet soup and the tomato sauce in the basket | Pick the alphabet soup and place it in the basket | Pick the cream cheese and place it in the basket | Pick the orange juice and place it in the basket	Put the alphabet soup in the basket, then put the cream cheese box in the basket, and finally put the orange juice in the basket.	in(alphabet_soup_1, basket_1_contain_region); in(cream_cheese_1, basket_1_contain_region); in(orange_juice_1, basket_1_contain_region)	long_scene2_milk_beside_ketchup	Milk is retained as a distractor but relocated beside ketchup, outside the central approach corridor where COMP_209 repeatedly toppled it. | Milk region is (-0.265, -0.065, -0.235, -0.035); ketchup remains at its original LIBERO-10 Scene 2 pose. | Object identity has its own original LIBERO-Object pick-to-basket trajectory; its pose in the composite scene may differ. | Object identity has its own original LIBERO-Object pick-to-basket trajectory; its pose in the composite scene may differ. | Object identity has its own original LIBERO-Object pick-to-basket trajectory; its pose in the composite scene may differ.	5	6	comparison_png/COMPOSEOBJ_041__put_the_alphabet_soup_in_the_basket_then_put_the_cream_cheese_box_in_the_basket_and_finally_put_the_orange_juice_in_the_basket.png	tasks/composeobj_041__put_the_alphabet_soup_in_the_basket_then_put_the_cream_cheese_box_in_the_basket_and_finally_put_the_orange_juice_in_the_basket	composition|25bbbecd7350b1a47ff6f52f9232feab4608abd5604dc8ca1daeaa55dd015414|frozenset({in(alphabet_soup_1,basket_1_contain_region),in(cream_cheese_1,basket_1_contain_region),in(orange_juice_1,basket_1_contain_region)})
COMPOSEOBJ_042	L2_long_milk_beside_ketchup_3_to_basket	3	true	false	libero_10;libero_object	301;302;306	LIVING_ROOM_SCENE2_put_both_the_alphabet_soup_and_the_tomato_sauce_in_the_basket;pick_up_the_alphabet_soup_and_place_it_in_the_basket;pick_up_the_cream_cheese_and_place_it_in_the_basket;pick_up_the_tomato_sauce_and_place_it_in_the_basket	put both the alphabet soup and the tomato sauce in the basket | Pick the alphabet soup and place it in the basket | Pick the cream cheese and place it in the basket | Pick the tomato sauce and place it in the basket	Put the alphabet soup in the basket, then put the cream cheese box in the basket, and finally put the tomato sauce in the basket.	in(alphabet_soup_1, basket_1_contain_region); in(cream_cheese_1, basket_1_contain_region); in(tomato_sauce_1, basket_1_contain_region)	long_scene2_milk_beside_ketchup	Milk is retained as a distractor but relocated beside ketchup, outside the central approach corridor where COMP_209 repeatedly toppled it. | Milk region is (-0.265, -0.065, -0.235, -0.035); ketchup remains at its original LIBERO-10 Scene 2 pose. | Object identity has its own original LIBERO-Object pick-to-basket trajectory; its pose in the composite scene may differ. | Object identity has its own original LIBERO-Object pick-to-basket trajectory; its pose in the composite scene may differ. | Object identity has its own original LIBERO-Object pick-to-basket trajectory; its pose in the composite scene may differ.	5	6	comparison_png/COMPOSEOBJ_042__put_the_alphabet_soup_in_the_basket_then_put_the_cream_cheese_box_in_the_basket_and_finally_put_the_tomato_sauce_in_the_basket.png	tasks/composeobj_042__put_the_alphabet_soup_in_the_basket_then_put_the_cream_cheese_box_in_the_basket_and_finally_put_the_tomato_sauce_in_the_basket	composition|25bbbecd7350b1a47ff6f52f9232feab4608abd5604dc8ca1daeaa55dd015414|frozenset({in(alphabet_soup_1,basket_1_contain_region),in(cream_cheese_1,basket_1_contain_region),in(tomato_sauce_1,basket_1_contain_region)})
COMPOSEOBJ_043	L2_long_milk_beside_ketchup_3_to_basket	3	true	false	libero_10;libero_object	301;305;310	LIVING_ROOM_SCENE2_put_both_the_alphabet_soup_and_the_tomato_sauce_in_the_basket;pick_up_the_alphabet_soup_and_place_it_in_the_basket;pick_up_the_ketchup_and_place_it_in_the_basket;pick_up_the_orange_juice_and_place_it_in_the_basket	put both the alphabet soup and the tomato sauce in the basket | Pick the alphabet soup and place it in the basket | Pick the ketchup and place it in the basket | Pick the orange juice and place it in the basket	Put the alphabet soup in the basket, then put the ketchup in the basket, and finally put the orange juice in the basket.	in(alphabet_soup_1, basket_1_contain_region); in(ketchup_1, basket_1_contain_region); in(orange_juice_1, basket_1_contain_region)	long_scene2_milk_beside_ketchup	Milk is retained as a distractor but relocated beside ketchup, outside the central approach corridor where COMP_209 repeatedly toppled it. | Milk region is (-0.265, -0.065, -0.235, -0.035); ketchup remains at its original LIBERO-10 Scene 2 pose. | Object identity has its own original LIBERO-Object pick-to-basket trajectory; its pose in the composite scene may differ. | Object identity has its own original LIBERO-Object pick-to-basket trajectory; its pose in the composite scene may differ. | Object identity has its own original LIBERO-Object pick-to-basket trajectory; its pose in the composite scene may differ.	5	6	comparison_png/COMPOSEOBJ_043__put_the_alphabet_soup_in_the_basket_then_put_the_ketchup_in_the_basket_and_finally_put_the_orange_juice_in_the_basket.png	tasks/composeobj_043__put_the_alphabet_soup_in_the_basket_then_put_the_ketchup_in_the_basket_and_finally_put_the_orange_juice_in_the_basket	composition|25bbbecd7350b1a47ff6f52f9232feab4608abd5604dc8ca1daeaa55dd015414|frozenset({in(alphabet_soup_1,basket_1_contain_region),in(ketchup_1,basket_1_contain_region),in(orange_juice_1,basket_1_contain_region)})
COMPOSEOBJ_044	L2_long_milk_beside_ketchup_3_to_basket	3	true	false	libero_10;libero_object	301;305;306	LIVING_ROOM_SCENE2_put_both_the_alphabet_soup_and_the_tomato_sauce_in_the_basket;pick_up_the_alphabet_soup_and_place_it_in_the_basket;pick_up_the_ketchup_and_place_it_in_the_basket;pick_up_the_tomato_sauce_and_place_it_in_the_basket	put both the alphabet soup and the tomato sauce in the basket | Pick the alphabet soup and place it in the basket | Pick the ketchup and place it in the basket | Pick the tomato sauce and place it in the basket	Put the alphabet soup in the basket, then put the ketchup in the basket, and finally put the tomato sauce in the basket.	in(alphabet_soup_1, basket_1_contain_region); in(ketchup_1, basket_1_contain_region); in(tomato_sauce_1, basket_1_contain_region)	long_scene2_milk_beside_ketchup	Milk is retained as a distractor but relocated beside ketchup, outside the central approach corridor where COMP_209 repeatedly toppled it. | Milk region is (-0.265, -0.065, -0.235, -0.035); ketchup remains at its original LIBERO-10 Scene 2 pose. | Object identity has its own original LIBERO-Object pick-to-basket trajectory; its pose in the composite scene may differ. | Object identity has its own original LIBERO-Object pick-to-basket trajectory; its pose in the composite scene may differ. | Object identity has its own original LIBERO-Object pick-to-basket trajectory; its pose in the composite scene may differ.	5	6	comparison_png/COMPOSEOBJ_044__put_the_alphabet_soup_in_the_basket_then_put_the_ketchup_in_the_basket_and_finally_put_the_tomato_sauce_in_the_basket.png	tasks/composeobj_044__put_the_alphabet_soup_in_the_basket_then_put_the_ketchup_in_the_basket_and_finally_put_the_tomato_sauce_in_the_basket	composition|25bbbecd7350b1a47ff6f52f9232feab4608abd5604dc8ca1daeaa55dd015414|frozenset({in(alphabet_soup_1,basket_1_contain_region),in(ketchup_1,basket_1_contain_region),in(tomato_sauce_1,basket_1_contain_region)})
COMPOSEOBJ_045	L2_long_milk_beside_ketchup_3_to_basket	3	true	false	libero_10;libero_object	301;310;306	LIVING_ROOM_SCENE2_put_both_the_alphabet_soup_and_the_tomato_sauce_in_the_basket;pick_up_the_alphabet_soup_and_place_it_in_the_basket;pick_up_the_orange_juice_and_place_it_in_the_basket;pick_up_the_tomato_sauce_and_place_it_in_the_basket	put both the alphabet soup and the tomato sauce in the basket | Pick the alphabet soup and place it in the basket | Pick the orange juice and place it in the basket | Pick the tomato sauce and place it in the basket	Put the alphabet soup in the basket, then put the orange juice in the basket, and finally put the tomato sauce in the basket.	in(alphabet_soup_1, basket_1_contain_region); in(orange_juice_1, basket_1_contain_region); in(tomato_sauce_1, basket_1_contain_region)	long_scene2_milk_beside_ketchup	Milk is retained as a distractor but relocated beside ketchup, outside the central approach corridor where COMP_209 repeatedly toppled it. | Milk region is (-0.265, -0.065, -0.235, -0.035); ketchup remains at its original LIBERO-10 Scene 2 pose. | Object identity has its own original LIBERO-Object pick-to-basket trajectory; its pose in the composite scene may differ. | Object identity has its own original LIBERO-Object pick-to-basket trajectory; its pose in the composite scene may differ. | Object identity has its own original LIBERO-Object pick-to-basket trajectory; its pose in the composite scene may differ.	5	6	comparison_png/COMPOSEOBJ_045__put_the_alphabet_soup_in_the_basket_then_put_the_orange_juice_in_the_basket_and_finally_put_the_tomato_sauce_in_the_basket.png	tasks/composeobj_045__put_the_alphabet_soup_in_the_basket_then_put_the_orange_juice_in_the_basket_and_finally_put_the_tomato_sauce_in_the_basket	composition|25bbbecd7350b1a47ff6f52f9232feab4608abd5604dc8ca1daeaa55dd015414|frozenset({in(alphabet_soup_1,basket_1_contain_region),in(orange_juice_1,basket_1_contain_region),in(tomato_sauce_1,basket_1_contain_region)})
COMPOSEOBJ_046	L2_long_milk_beside_ketchup_3_to_basket	3	true	false	libero_10;libero_object	307;302;305	LIVING_ROOM_SCENE2_put_both_the_alphabet_soup_and_the_tomato_sauce_in_the_basket;pick_up_the_butter_and_place_it_in_the_basket;pick_up_the_cream_cheese_and_place_it_in_the_basket;pick_up_the_ketchup_and_place_it_in_the_basket	put both the alphabet soup and the tomato sauce in the basket | Pick the butter and place it in the basket | Pick the cream cheese and place it in the basket | Pick the ketchup and place it in the basket	Put the butter in the basket, then put the cream cheese box in the basket, and finally put the ketchup in the basket.	in(butter_1, basket_1_contain_region); in(cream_cheese_1, basket_1_contain_region); in(ketchup_1, basket_1_contain_region)	long_scene2_milk_beside_ketchup	Milk is retained as a distractor but relocated beside ketchup, outside the central approach corridor where COMP_209 repeatedly toppled it. | Milk region is (-0.265, -0.065, -0.235, -0.035); ketchup remains at its original LIBERO-10 Scene 2 pose. | Object identity has its own original LIBERO-Object pick-to-basket trajectory; its pose in the composite scene may differ. | Object identity has its own original LIBERO-Object pick-to-basket trajectory; its pose in the composite scene may differ. | Object identity has its own original LIBERO-Object pick-to-basket trajectory; its pose in the composite scene may differ.	5	6	comparison_png/COMPOSEOBJ_046__put_the_butter_in_the_basket_then_put_the_cream_cheese_box_in_the_basket_and_finally_put_the_ketchup_in_the_basket.png	tasks/composeobj_046__put_the_butter_in_the_basket_then_put_the_cream_cheese_box_in_the_basket_and_finally_put_the_ketchup_in_the_basket	composition|25bbbecd7350b1a47ff6f52f9232feab4608abd5604dc8ca1daeaa55dd015414|frozenset({in(butter_1,basket_1_contain_region),in(cream_cheese_1,basket_1_contain_region),in(ketchup_1,basket_1_contain_region)})
COMPOSEOBJ_047	L2_long_milk_beside_ketchup_3_to_basket	3	true	false	libero_10;libero_object	307;302;310	LIVING_ROOM_SCENE2_put_both_the_alphabet_soup_and_the_tomato_sauce_in_the_basket;pick_up_the_butter_and_place_it_in_the_basket;pick_up_the_cream_cheese_and_place_it_in_the_basket;pick_up_the_orange_juice_and_place_it_in_the_basket	put both the alphabet soup and the tomato sauce in the basket | Pick the butter and place it in the basket | Pick the cream cheese and place it in the basket | Pick the orange juice and place it in the basket	Put the butter in the basket, then put the cream cheese box in the basket, and finally put the orange juice in the basket.	in(butter_1, basket_1_contain_region); in(cream_cheese_1, basket_1_contain_region); in(orange_juice_1, basket_1_contain_region)	long_scene2_milk_beside_ketchup	Milk is retained as a distractor but relocated beside ketchup, outside the central approach corridor where COMP_209 repeatedly toppled it. | Milk region is (-0.265, -0.065, -0.235, -0.035); ketchup remains at its original LIBERO-10 Scene 2 pose. | Object identity has its own original LIBERO-Object pick-to-basket trajectory; its pose in the composite scene may differ. | Object identity has its own original LIBERO-Object pick-to-basket trajectory; its pose in the composite scene may differ. | Object identity has its own original LIBERO-Object pick-to-basket trajectory; its pose in the composite scene may differ.	5	6	comparison_png/COMPOSEOBJ_047__put_the_butter_in_the_basket_then_put_the_cream_cheese_box_in_the_basket_and_finally_put_the_orange_juice_in_the_basket.png	tasks/composeobj_047__put_the_butter_in_the_basket_then_put_the_cream_cheese_box_in_the_basket_and_finally_put_the_orange_juice_in_the_basket	composition|25bbbecd7350b1a47ff6f52f9232feab4608abd5604dc8ca1daeaa55dd015414|frozenset({in(butter_1,basket_1_contain_region),in(cream_cheese_1,basket_1_contain_region),in(orange_juice_1,basket_1_contain_region)})
COMPOSEOBJ_048	L2_long_milk_beside_ketchup_3_to_basket	3	true	false	libero_10;libero_object	307;302;306	LIVING_ROOM_SCENE2_put_both_the_alphabet_soup_and_the_tomato_sauce_in_the_basket;pick_up_the_butter_and_place_it_in_the_basket;pick_up_the_cream_cheese_and_place_it_in_the_basket;pick_up_the_tomato_sauce_and_place_it_in_the_basket	put both the alphabet soup and the tomato sauce in the basket | Pick the butter and place it in the basket | Pick the cream cheese and place it in the basket | Pick the tomato sauce and place it in the basket	Put the butter in the basket, then put the cream cheese box in the basket, and finally put the tomato sauce in the basket.	in(butter_1, basket_1_contain_region); in(cream_cheese_1, basket_1_contain_region); in(tomato_sauce_1, basket_1_contain_region)	long_scene2_milk_beside_ketchup	Milk is retained as a distractor but relocated beside ketchup, outside the central approach corridor where COMP_209 repeatedly toppled it. | Milk region is (-0.265, -0.065, -0.235, -0.035); ketchup remains at its original LIBERO-10 Scene 2 pose. | Object identity has its own original LIBERO-Object pick-to-basket trajectory; its pose in the composite scene may differ. | Object identity has its own original LIBERO-Object pick-to-basket trajectory; its pose in the composite scene may differ. | Object identity has its own original LIBERO-Object pick-to-basket trajectory; its pose in the composite scene may differ.	5	6	comparison_png/COMPOSEOBJ_048__put_the_butter_in_the_basket_then_put_the_cream_cheese_box_in_the_basket_and_finally_put_the_tomato_sauce_in_the_basket.png	tasks/composeobj_048__put_the_butter_in_the_basket_then_put_the_cream_cheese_box_in_the_basket_and_finally_put_the_tomato_sauce_in_the_basket	composition|25bbbecd7350b1a47ff6f52f9232feab4608abd5604dc8ca1daeaa55dd015414|frozenset({in(butter_1,basket_1_contain_region),in(cream_cheese_1,basket_1_contain_region),in(tomato_sauce_1,basket_1_contain_region)})
COMPOSEOBJ_049	L2_long_milk_beside_ketchup_3_to_basket	3	true	false	libero_10;libero_object	307;305;310	LIVING_ROOM_SCENE2_put_both_the_alphabet_soup_and_the_tomato_sauce_in_the_basket;pick_up_the_butter_and_place_it_in_the_basket;pick_up_the_ketchup_and_place_it_in_the_basket;pick_up_the_orange_juice_and_place_it_in_the_basket	put both the alphabet soup and the tomato sauce in the basket | Pick the butter and place it in the basket | Pick the ketchup and place it in the basket | Pick the orange juice and place it in the basket	Put the butter in the basket, then put the ketchup in the basket, and finally put the orange juice in the basket.	in(butter_1, basket_1_contain_region); in(ketchup_1, basket_1_contain_region); in(orange_juice_1, basket_1_contain_region)	long_scene2_milk_beside_ketchup	Milk is retained as a distractor but relocated beside ketchup, outside the central approach corridor where COMP_209 repeatedly toppled it. | Milk region is (-0.265, -0.065, -0.235, -0.035); ketchup remains at its original LIBERO-10 Scene 2 pose. | Object identity has its own original LIBERO-Object pick-to-basket trajectory; its pose in the composite scene may differ. | Object identity has its own original LIBERO-Object pick-to-basket trajectory; its pose in the composite scene may differ. | Object identity has its own original LIBERO-Object pick-to-basket trajectory; its pose in the composite scene may differ.	5	6	comparison_png/COMPOSEOBJ_049__put_the_butter_in_the_basket_then_put_the_ketchup_in_the_basket_and_finally_put_the_orange_juice_in_the_basket.png	tasks/composeobj_049__put_the_butter_in_the_basket_then_put_the_ketchup_in_the_basket_and_finally_put_the_orange_juice_in_the_basket	composition|25bbbecd7350b1a47ff6f52f9232feab4608abd5604dc8ca1daeaa55dd015414|frozenset({in(butter_1,basket_1_contain_region),in(ketchup_1,basket_1_contain_region),in(orange_juice_1,basket_1_contain_region)})
COMPOSEOBJ_050	L2_long_milk_beside_ketchup_3_to_basket	3	true	false	libero_10;libero_object	307;305;306	LIVING_ROOM_SCENE2_put_both_the_alphabet_soup_and_the_tomato_sauce_in_the_basket;pick_up_the_butter_and_place_it_in_the_basket;pick_up_the_ketchup_and_place_it_in_the_basket;pick_up_the_tomato_sauce_and_place_it_in_the_basket	put both the alphabet soup and the tomato sauce in the basket | Pick the butter and place it in the basket | Pick the ketchup and place it in the basket | Pick the tomato sauce and place it in the basket	Put the butter in the basket, then put the ketchup in the basket, and finally put the tomato sauce in the basket.	in(butter_1, basket_1_contain_region); in(ketchup_1, basket_1_contain_region); in(tomato_sauce_1, basket_1_contain_region)	long_scene2_milk_beside_ketchup	Milk is retained as a distractor but relocated beside ketchup, outside the central approach corridor where COMP_209 repeatedly toppled it. | Milk region is (-0.265, -0.065, -0.235, -0.035); ketchup remains at its original LIBERO-10 Scene 2 pose. | Object identity has its own original LIBERO-Object pick-to-basket trajectory; its pose in the composite scene may differ. | Object identity has its own original LIBERO-Object pick-to-basket trajectory; its pose in the composite scene may differ. | Object identity has its own original LIBERO-Object pick-to-basket trajectory; its pose in the composite scene may differ.	5	6	comparison_png/COMPOSEOBJ_050__put_the_butter_in_the_basket_then_put_the_ketchup_in_the_basket_and_finally_put_the_tomato_sauce_in_the_basket.png	tasks/composeobj_050__put_the_butter_in_the_basket_then_put_the_ketchup_in_the_basket_and_finally_put_the_tomato_sauce_in_the_basket	composition|25bbbecd7350b1a47ff6f52f9232feab4608abd5604dc8ca1daeaa55dd015414|frozenset({in(butter_1,basket_1_contain_region),in(ketchup_1,basket_1_contain_region),in(tomato_sauce_1,basket_1_contain_region)})
COMPOSEOBJ_051	L2_long_milk_beside_ketchup_3_to_basket	3	true	false	libero_10;libero_object	307;310;306	LIVING_ROOM_SCENE2_put_both_the_alphabet_soup_and_the_tomato_sauce_in_the_basket;pick_up_the_butter_and_place_it_in_the_basket;pick_up_the_orange_juice_and_place_it_in_the_basket;pick_up_the_tomato_sauce_and_place_it_in_the_basket	put both the alphabet soup and the tomato sauce in the basket | Pick the butter and place it in the basket | Pick the orange juice and place it in the basket | Pick the tomato sauce and place it in the basket	Put the butter in the basket, then put the orange juice in the basket, and finally put the tomato sauce in the basket.	in(butter_1, basket_1_contain_region); in(orange_juice_1, basket_1_contain_region); in(tomato_sauce_1, basket_1_contain_region)	long_scene2_milk_beside_ketchup	Milk is retained as a distractor but relocated beside ketchup, outside the central approach corridor where COMP_209 repeatedly toppled it. | Milk region is (-0.265, -0.065, -0.235, -0.035); ketchup remains at its original LIBERO-10 Scene 2 pose. | Object identity has its own original LIBERO-Object pick-to-basket trajectory; its pose in the composite scene may differ. | Object identity has its own original LIBERO-Object pick-to-basket trajectory; its pose in the composite scene may differ. | Object identity has its own original LIBERO-Object pick-to-basket trajectory; its pose in the composite scene may differ.	5	6	comparison_png/COMPOSEOBJ_051__put_the_butter_in_the_basket_then_put_the_orange_juice_in_the_basket_and_finally_put_the_tomato_sauce_in_the_basket.png	tasks/composeobj_051__put_the_butter_in_the_basket_then_put_the_orange_juice_in_the_basket_and_finally_put_the_tomato_sauce_in_the_basket	composition|25bbbecd7350b1a47ff6f52f9232feab4608abd5604dc8ca1daeaa55dd015414|frozenset({in(butter_1,basket_1_contain_region),in(orange_juice_1,basket_1_contain_region),in(tomato_sauce_1,basket_1_contain_region)})
COMPOSEOBJ_052	L2_long_milk_beside_ketchup_3_to_basket	3	true	false	libero_10;libero_object	302;305;310	LIVING_ROOM_SCENE2_put_both_the_alphabet_soup_and_the_tomato_sauce_in_the_basket;pick_up_the_cream_cheese_and_place_it_in_the_basket;pick_up_the_ketchup_and_place_it_in_the_basket;pick_up_the_orange_juice_and_place_it_in_the_basket	put both the alphabet soup and the tomato sauce in the basket | Pick the cream cheese and place it in the basket | Pick the ketchup and place it in the basket | Pick the orange juice and place it in the basket	Put the cream cheese box in the basket, then put the ketchup in the basket, and finally put the orange juice in the basket.	in(cream_cheese_1, basket_1_contain_region); in(ketchup_1, basket_1_contain_region); in(orange_juice_1, basket_1_contain_region)	long_scene2_milk_beside_ketchup	Milk is retained as a distractor but relocated beside ketchup, outside the central approach corridor where COMP_209 repeatedly toppled it. | Milk region is (-0.265, -0.065, -0.235, -0.035); ketchup remains at its original LIBERO-10 Scene 2 pose. | Object identity has its own original LIBERO-Object pick-to-basket trajectory; its pose in the composite scene may differ. | Object identity has its own original LIBERO-Object pick-to-basket trajectory; its pose in the composite scene may differ. | Object identity has its own original LIBERO-Object pick-to-basket trajectory; its pose in the composite scene may differ.	5	6	comparison_png/COMPOSEOBJ_052__put_the_cream_cheese_box_in_the_basket_then_put_the_ketchup_in_the_basket_and_finally_put_the_orange_juice_in_the_basket.png	tasks/composeobj_052__put_the_cream_cheese_box_in_the_basket_then_put_the_ketchup_in_the_basket_and_finally_put_the_orange_juice_in_the_basket	composition|25bbbecd7350b1a47ff6f52f9232feab4608abd5604dc8ca1daeaa55dd015414|frozenset({in(cream_cheese_1,basket_1_contain_region),in(ketchup_1,basket_1_contain_region),in(orange_juice_1,basket_1_contain_region)})
COMPOSEOBJ_053	L2_long_milk_beside_ketchup_3_to_basket	3	true	false	libero_10;libero_object	302;305;306	LIVING_ROOM_SCENE2_put_both_the_alphabet_soup_and_the_tomato_sauce_in_the_basket;pick_up_the_cream_cheese_and_place_it_in_the_basket;pick_up_the_ketchup_and_place_it_in_the_basket;pick_up_the_tomato_sauce_and_place_it_in_the_basket	put both the alphabet soup and the tomato sauce in the basket | Pick the cream cheese and place it in the basket | Pick the ketchup and place it in the basket | Pick the tomato sauce and place it in the basket	Put the cream cheese box in the basket, then put the ketchup in the basket, and finally put the tomato sauce in the basket.	in(cream_cheese_1, basket_1_contain_region); in(ketchup_1, basket_1_contain_region); in(tomato_sauce_1, basket_1_contain_region)	long_scene2_milk_beside_ketchup	Milk is retained as a distractor but relocated beside ketchup, outside the central approach corridor where COMP_209 repeatedly toppled it. | Milk region is (-0.265, -0.065, -0.235, -0.035); ketchup remains at its original LIBERO-10 Scene 2 pose. | Object identity has its own original LIBERO-Object pick-to-basket trajectory; its pose in the composite scene may differ. | Object identity has its own original LIBERO-Object pick-to-basket trajectory; its pose in the composite scene may differ. | Object identity has its own original LIBERO-Object pick-to-basket trajectory; its pose in the composite scene may differ.	5	6	comparison_png/COMPOSEOBJ_053__put_the_cream_cheese_box_in_the_basket_then_put_the_ketchup_in_the_basket_and_finally_put_the_tomato_sauce_in_the_basket.png	tasks/composeobj_053__put_the_cream_cheese_box_in_the_basket_then_put_the_ketchup_in_the_basket_and_finally_put_the_tomato_sauce_in_the_basket	composition|25bbbecd7350b1a47ff6f52f9232feab4608abd5604dc8ca1daeaa55dd015414|frozenset({in(cream_cheese_1,basket_1_contain_region),in(ketchup_1,basket_1_contain_region),in(tomato_sauce_1,basket_1_contain_region)})
COMPOSEOBJ_054	L2_long_milk_beside_ketchup_3_to_basket	3	true	false	libero_10;libero_object	302;310;306	LIVING_ROOM_SCENE2_put_both_the_alphabet_soup_and_the_tomato_sauce_in_the_basket;pick_up_the_cream_cheese_and_place_it_in_the_basket;pick_up_the_orange_juice_and_place_it_in_the_basket;pick_up_the_tomato_sauce_and_place_it_in_the_basket	put both the alphabet soup and the tomato sauce in the basket | Pick the cream cheese and place it in the basket | Pick the orange juice and place it in the basket | Pick the tomato sauce and place it in the basket	Put the cream cheese box in the basket, then put the orange juice in the basket, and finally put the tomato sauce in the basket.	in(cream_cheese_1, basket_1_contain_region); in(orange_juice_1, basket_1_contain_region); in(tomato_sauce_1, basket_1_contain_region)	long_scene2_milk_beside_ketchup	Milk is retained as a distractor but relocated beside ketchup, outside the central approach corridor where COMP_209 repeatedly toppled it. | Milk region is (-0.265, -0.065, -0.235, -0.035); ketchup remains at its original LIBERO-10 Scene 2 pose. | Object identity has its own original LIBERO-Object pick-to-basket trajectory; its pose in the composite scene may differ. | Object identity has its own original LIBERO-Object pick-to-basket trajectory; its pose in the composite scene may differ. | Object identity has its own original LIBERO-Object pick-to-basket trajectory; its pose in the composite scene may differ.	5	6	comparison_png/COMPOSEOBJ_054__put_the_cream_cheese_box_in_the_basket_then_put_the_orange_juice_in_the_basket_and_finally_put_the_tomato_sauce_in_the_basket.png	tasks/composeobj_054__put_the_cream_cheese_box_in_the_basket_then_put_the_orange_juice_in_the_basket_and_finally_put_the_tomato_sauce_in_the_basket	composition|25bbbecd7350b1a47ff6f52f9232feab4608abd5604dc8ca1daeaa55dd015414|frozenset({in(cream_cheese_1,basket_1_contain_region),in(orange_juice_1,basket_1_contain_region),in(tomato_sauce_1,basket_1_contain_region)})
COMPOSEOBJ_055	L2_long_milk_beside_ketchup_3_to_basket	3	true	false	libero_10;libero_object	305;310;306	LIVING_ROOM_SCENE2_put_both_the_alphabet_soup_and_the_tomato_sauce_in_the_basket;pick_up_the_ketchup_and_place_it_in_the_basket;pick_up_the_orange_juice_and_place_it_in_the_basket;pick_up_the_tomato_sauce_and_place_it_in_the_basket	put both the alphabet soup and the tomato sauce in the basket | Pick the ketchup and place it in the basket | Pick the orange juice and place it in the basket | Pick the tomato sauce and place it in the basket	Put the ketchup in the basket, then put the orange juice in the basket, and finally put the tomato sauce in the basket.	in(ketchup_1, basket_1_contain_region); in(orange_juice_1, basket_1_contain_region); in(tomato_sauce_1, basket_1_contain_region)	long_scene2_milk_beside_ketchup	Milk is retained as a distractor but relocated beside ketchup, outside the central approach corridor where COMP_209 repeatedly toppled it. | Milk region is (-0.265, -0.065, -0.235, -0.035); ketchup remains at its original LIBERO-10 Scene 2 pose. | Object identity has its own original LIBERO-Object pick-to-basket trajectory; its pose in the composite scene may differ. | Object identity has its own original LIBERO-Object pick-to-basket trajectory; its pose in the composite scene may differ. | Object identity has its own original LIBERO-Object pick-to-basket trajectory; its pose in the composite scene may differ.	5	6	comparison_png/COMPOSEOBJ_055__put_the_ketchup_in_the_basket_then_put_the_orange_juice_in_the_basket_and_finally_put_the_tomato_sauce_in_the_basket.png	tasks/composeobj_055__put_the_ketchup_in_the_basket_then_put_the_orange_juice_in_the_basket_and_finally_put_the_tomato_sauce_in_the_basket	composition|25bbbecd7350b1a47ff6f52f9232feab4608abd5604dc8ca1daeaa55dd015414|frozenset({in(ketchup_1,basket_1_contain_region),in(orange_juice_1,basket_1_contain_region),in(tomato_sauce_1,basket_1_contain_region)})
COMPOSEOBJ_056	L2_long_milk_beside_ketchup_4_to_basket	4	true	false	libero_10;libero_object	301;307;302;305	LIVING_ROOM_SCENE2_put_both_the_alphabet_soup_and_the_tomato_sauce_in_the_basket;pick_up_the_alphabet_soup_and_place_it_in_the_basket;pick_up_the_butter_and_place_it_in_the_basket;pick_up_the_cream_cheese_and_place_it_in_the_basket;pick_up_the_ketchup_and_place_it_in_the_basket	put both the alphabet soup and the tomato sauce in the basket | Pick the alphabet soup and place it in the basket | Pick the butter and place it in the basket | Pick the cream cheese and place it in the basket | Pick the ketchup and place it in the basket	Put the alphabet soup in the basket, then put the butter in the basket, then put the cream cheese box in the basket, and finally put the ketchup in the basket.	in(alphabet_soup_1, basket_1_contain_region); in(butter_1, basket_1_contain_region); in(cream_cheese_1, basket_1_contain_region); in(ketchup_1, basket_1_contain_region)	long_scene2_milk_beside_ketchup	Milk is retained as a distractor but relocated beside ketchup, outside the central approach corridor where COMP_209 repeatedly toppled it. | Milk region is (-0.265, -0.065, -0.235, -0.035); ketchup remains at its original LIBERO-10 Scene 2 pose. | Object identity has its own original LIBERO-Object pick-to-basket trajectory; its pose in the composite scene may differ. | Object identity has its own original LIBERO-Object pick-to-basket trajectory; its pose in the composite scene may differ. | Object identity has its own original LIBERO-Object pick-to-basket trajectory; its pose in the composite scene may differ. | Object identity has its own original LIBERO-Object pick-to-basket trajectory; its pose in the composite scene may differ.	5	8	comparison_png/COMPOSEOBJ_056__put_the_alphabet_soup_in_the_basket_then_put_the_butter_in_the_basket_then_put_the_cream_cheese_box_in_the_basket_and_finally_put_the_ketchup_in_the_b.png	tasks/composeobj_056__put_the_alphabet_soup_in_the_basket_then_put_the_butter_in_the_basket_then_put_the_cream_cheese_box_in_the_basket_and_finally_put_the_ketchup_in_the_b	composition|25bbbecd7350b1a47ff6f52f9232feab4608abd5604dc8ca1daeaa55dd015414|frozenset({in(alphabet_soup_1,basket_1_contain_region),in(butter_1,basket_1_contain_region),in(cream_cheese_1,basket_1_contain_region),in(ketchup_1,basket_1_contain_region)})
COMPOSEOBJ_057	L2_long_milk_beside_ketchup_4_to_basket	4	true	false	libero_10;libero_object	301;307;302;310	LIVING_ROOM_SCENE2_put_both_the_alphabet_soup_and_the_tomato_sauce_in_the_basket;pick_up_the_alphabet_soup_and_place_it_in_the_basket;pick_up_the_butter_and_place_it_in_the_basket;pick_up_the_cream_cheese_and_place_it_in_the_basket;pick_up_the_orange_juice_and_place_it_in_the_basket	put both the alphabet soup and the tomato sauce in the basket | Pick the alphabet soup and place it in the basket | Pick the butter and place it in the basket | Pick the cream cheese and place it in the basket | Pick the orange juice and place it in the basket	Put the alphabet soup in the basket, then put the butter in the basket, then put the cream cheese box in the basket, and finally put the orange juice in the basket.	in(alphabet_soup_1, basket_1_contain_region); in(butter_1, basket_1_contain_region); in(cream_cheese_1, basket_1_contain_region); in(orange_juice_1, basket_1_contain_region)	long_scene2_milk_beside_ketchup	Milk is retained as a distractor but relocated beside ketchup, outside the central approach corridor where COMP_209 repeatedly toppled it. | Milk region is (-0.265, -0.065, -0.235, -0.035); ketchup remains at its original LIBERO-10 Scene 2 pose. | Object identity has its own original LIBERO-Object pick-to-basket trajectory; its pose in the composite scene may differ. | Object identity has its own original LIBERO-Object pick-to-basket trajectory; its pose in the composite scene may differ. | Object identity has its own original LIBERO-Object pick-to-basket trajectory; its pose in the composite scene may differ. | Object identity has its own original LIBERO-Object pick-to-basket trajectory; its pose in the composite scene may differ.	5	8	comparison_png/COMPOSEOBJ_057__put_the_alphabet_soup_in_the_basket_then_put_the_butter_in_the_basket_then_put_the_cream_cheese_box_in_the_basket_and_finally_put_the_orange_juice_in.png	tasks/composeobj_057__put_the_alphabet_soup_in_the_basket_then_put_the_butter_in_the_basket_then_put_the_cream_cheese_box_in_the_basket_and_finally_put_the_orange_juice_in	composition|25bbbecd7350b1a47ff6f52f9232feab4608abd5604dc8ca1daeaa55dd015414|frozenset({in(alphabet_soup_1,basket_1_contain_region),in(butter_1,basket_1_contain_region),in(cream_cheese_1,basket_1_contain_region),in(orange_juice_1,basket_1_contain_region)})
COMPOSEOBJ_058	L2_long_milk_beside_ketchup_4_to_basket	4	true	false	libero_10;libero_object	301;307;306;302	LIVING_ROOM_SCENE2_put_both_the_alphabet_soup_and_the_tomato_sauce_in_the_basket;pick_up_the_alphabet_soup_and_place_it_in_the_basket;pick_up_the_butter_and_place_it_in_the_basket;pick_up_the_tomato_sauce_and_place_it_in_the_basket;pick_up_the_cream_cheese_and_place_it_in_the_basket	put both the alphabet soup and the tomato sauce in the basket | Pick the alphabet soup and place it in the basket | Pick the butter and place it in the basket | Pick the tomato sauce and place it in the basket | Pick the cream cheese and place it in the basket	Put the alphabet soup in the basket, then put the butter in the basket, then put the tomato sauce in the basket, and finally put the cream cheese box in the basket.	in(alphabet_soup_1, basket_1_contain_region); in(butter_1, basket_1_contain_region); in(tomato_sauce_1, basket_1_contain_region); in(cream_cheese_1, basket_1_contain_region)	long_scene2_milk_beside_ketchup	Milk is retained as a distractor but relocated beside ketchup, outside the central approach corridor where COMP_209 repeatedly toppled it. | Milk region is (-0.265, -0.065, -0.235, -0.035); ketchup remains at its original LIBERO-10 Scene 2 pose. | Object identity has its own original LIBERO-Object pick-to-basket trajectory; its pose in the composite scene may differ. | Object identity has its own original LIBERO-Object pick-to-basket trajectory; its pose in the composite scene may differ. | Object identity has its own original LIBERO-Object pick-to-basket trajectory; its pose in the composite scene may differ. | Object identity has its own original LIBERO-Object pick-to-basket trajectory; its pose in the composite scene may differ.	5	8	comparison_png/COMPOSEOBJ_058__put_the_alphabet_soup_in_the_basket_then_put_the_butter_in_the_basket_then_put_the_tomato_sauce_in_the_basket_and_finally_put_the_cream_cheese_box_in.png	tasks/composeobj_058__put_the_alphabet_soup_in_the_basket_then_put_the_butter_in_the_basket_then_put_the_tomato_sauce_in_the_basket_and_finally_put_the_cream_cheese_box_in	composition|25bbbecd7350b1a47ff6f52f9232feab4608abd5604dc8ca1daeaa55dd015414|frozenset({in(alphabet_soup_1,basket_1_contain_region),in(butter_1,basket_1_contain_region),in(cream_cheese_1,basket_1_contain_region),in(tomato_sauce_1,basket_1_contain_region)})
COMPOSEOBJ_059	L2_long_milk_beside_ketchup_4_to_basket	4	true	false	libero_10;libero_object	301;307;305;310	LIVING_ROOM_SCENE2_put_both_the_alphabet_soup_and_the_tomato_sauce_in_the_basket;pick_up_the_alphabet_soup_and_place_it_in_the_basket;pick_up_the_butter_and_place_it_in_the_basket;pick_up_the_ketchup_and_place_it_in_the_basket;pick_up_the_orange_juice_and_place_it_in_the_basket	put both the alphabet soup and the tomato sauce in the basket | Pick the alphabet soup and place it in the basket | Pick the butter and place it in the basket | Pick the ketchup and place it in the basket | Pick the orange juice and place it in the basket	Put the alphabet soup in the basket, then put the butter in the basket, then put the ketchup in the basket, and finally put the orange juice in the basket.	in(alphabet_soup_1, basket_1_contain_region); in(butter_1, basket_1_contain_region); in(ketchup_1, basket_1_contain_region); in(orange_juice_1, basket_1_contain_region)	long_scene2_milk_beside_ketchup	Milk is retained as a distractor but relocated beside ketchup, outside the central approach corridor where COMP_209 repeatedly toppled it. | Milk region is (-0.265, -0.065, -0.235, -0.035); ketchup remains at its original LIBERO-10 Scene 2 pose. | Object identity has its own original LIBERO-Object pick-to-basket trajectory; its pose in the composite scene may differ. | Object identity has its own original LIBERO-Object pick-to-basket trajectory; its pose in the composite scene may differ. | Object identity has its own original LIBERO-Object pick-to-basket trajectory; its pose in the composite scene may differ. | Object identity has its own original LIBERO-Object pick-to-basket trajectory; its pose in the composite scene may differ.	5	8	comparison_png/COMPOSEOBJ_059__put_the_alphabet_soup_in_the_basket_then_put_the_butter_in_the_basket_then_put_the_ketchup_in_the_basket_and_finally_put_the_orange_juice_in_the_baske.png	tasks/composeobj_059__put_the_alphabet_soup_in_the_basket_then_put_the_butter_in_the_basket_then_put_the_ketchup_in_the_basket_and_finally_put_the_orange_juice_in_the_baske	composition|25bbbecd7350b1a47ff6f52f9232feab4608abd5604dc8ca1daeaa55dd015414|frozenset({in(alphabet_soup_1,basket_1_contain_region),in(butter_1,basket_1_contain_region),in(ketchup_1,basket_1_contain_region),in(orange_juice_1,basket_1_contain_region)})
COMPOSEOBJ_060	L2_long_milk_beside_ketchup_4_to_basket	4	true	false	libero_10;libero_object	301;307;306;305	LIVING_ROOM_SCENE2_put_both_the_alphabet_soup_and_the_tomato_sauce_in_the_basket;pick_up_the_alphabet_soup_and_place_it_in_the_basket;pick_up_the_butter_and_place_it_in_the_basket;pick_up_the_tomato_sauce_and_place_it_in_the_basket;pick_up_the_ketchup_and_place_it_in_the_basket	put both the alphabet soup and the tomato sauce in the basket | Pick the alphabet soup and place it in the basket | Pick the butter and place it in the basket | Pick the tomato sauce and place it in the basket | Pick the ketchup and place it in the basket	Put the alphabet soup in the basket, then put the butter in the basket, then put the tomato sauce in the basket, and finally put the ketchup in the basket.	in(alphabet_soup_1, basket_1_contain_region); in(butter_1, basket_1_contain_region); in(tomato_sauce_1, basket_1_contain_region); in(ketchup_1, basket_1_contain_region)	long_scene2_milk_beside_ketchup	Milk is retained as a distractor but relocated beside ketchup, outside the central approach corridor where COMP_209 repeatedly toppled it. | Milk region is (-0.265, -0.065, -0.235, -0.035); ketchup remains at its original LIBERO-10 Scene 2 pose. | Object identity has its own original LIBERO-Object pick-to-basket trajectory; its pose in the composite scene may differ. | Object identity has its own original LIBERO-Object pick-to-basket trajectory; its pose in the composite scene may differ. | Object identity has its own original LIBERO-Object pick-to-basket trajectory; its pose in the composite scene may differ. | Object identity has its own original LIBERO-Object pick-to-basket trajectory; its pose in the composite scene may differ.	5	8	comparison_png/COMPOSEOBJ_060__put_the_alphabet_soup_in_the_basket_then_put_the_butter_in_the_basket_then_put_the_tomato_sauce_in_the_basket_and_finally_put_the_ketchup_in_the_baske.png	tasks/composeobj_060__put_the_alphabet_soup_in_the_basket_then_put_the_butter_in_the_basket_then_put_the_tomato_sauce_in_the_basket_and_finally_put_the_ketchup_in_the_baske	composition|25bbbecd7350b1a47ff6f52f9232feab4608abd5604dc8ca1daeaa55dd015414|frozenset({in(alphabet_soup_1,basket_1_contain_region),in(butter_1,basket_1_contain_region),in(ketchup_1,basket_1_contain_region),in(tomato_sauce_1,basket_1_contain_region)})
COMPOSEOBJ_061	L2_long_milk_beside_ketchup_4_to_basket	4	true	false	libero_10;libero_object	301;307;306;310	LIVING_ROOM_SCENE2_put_both_the_alphabet_soup_and_the_tomato_sauce_in_the_basket;pick_up_the_alphabet_soup_and_place_it_in_the_basket;pick_up_the_butter_and_place_it_in_the_basket;pick_up_the_tomato_sauce_and_place_it_in_the_basket;pick_up_the_orange_juice_and_place_it_in_the_basket	put both the alphabet soup and the tomato sauce in the basket | Pick the alphabet soup and place it in the basket | Pick the butter and place it in the basket | Pick the tomato sauce and place it in the basket | Pick the orange juice and place it in the basket	Put the alphabet soup in the basket, then put the butter in the basket, then put the tomato sauce in the basket, and finally put the orange juice in the basket.	in(alphabet_soup_1, basket_1_contain_region); in(butter_1, basket_1_contain_region); in(tomato_sauce_1, basket_1_contain_region); in(orange_juice_1, basket_1_contain_region)	long_scene2_milk_beside_ketchup	Milk is retained as a distractor but relocated beside ketchup, outside the central approach corridor where COMP_209 repeatedly toppled it. | Milk region is (-0.265, -0.065, -0.235, -0.035); ketchup remains at its original LIBERO-10 Scene 2 pose. | Object identity has its own original LIBERO-Object pick-to-basket trajectory; its pose in the composite scene may differ. | Object identity has its own original LIBERO-Object pick-to-basket trajectory; its pose in the composite scene may differ. | Object identity has its own original LIBERO-Object pick-to-basket trajectory; its pose in the composite scene may differ. | Object identity has its own original LIBERO-Object pick-to-basket trajectory; its pose in the composite scene may differ.	5	8	comparison_png/COMPOSEOBJ_061__put_the_alphabet_soup_in_the_basket_then_put_the_butter_in_the_basket_then_put_the_tomato_sauce_in_the_basket_and_finally_put_the_orange_juice_in_the.png	tasks/composeobj_061__put_the_alphabet_soup_in_the_basket_then_put_the_butter_in_the_basket_then_put_the_tomato_sauce_in_the_basket_and_finally_put_the_orange_juice_in_the	composition|25bbbecd7350b1a47ff6f52f9232feab4608abd5604dc8ca1daeaa55dd015414|frozenset({in(alphabet_soup_1,basket_1_contain_region),in(butter_1,basket_1_contain_region),in(orange_juice_1,basket_1_contain_region),in(tomato_sauce_1,basket_1_contain_region)})
COMPOSEOBJ_062	L2_long_milk_beside_ketchup_4_to_basket	4	true	false	libero_10;libero_object	301;302;305;310	LIVING_ROOM_SCENE2_put_both_the_alphabet_soup_and_the_tomato_sauce_in_the_basket;pick_up_the_alphabet_soup_and_place_it_in_the_basket;pick_up_the_cream_cheese_and_place_it_in_the_basket;pick_up_the_ketchup_and_place_it_in_the_basket;pick_up_the_orange_juice_and_place_it_in_the_basket	put both the alphabet soup and the tomato sauce in the basket | Pick the alphabet soup and place it in the basket | Pick the cream cheese and place it in the basket | Pick the ketchup and place it in the basket | Pick the orange juice and place it in the basket	Put the alphabet soup in the basket, then put the cream cheese box in the basket, then put the ketchup in the basket, and finally put the orange juice in the basket.	in(alphabet_soup_1, basket_1_contain_region); in(cream_cheese_1, basket_1_contain_region); in(ketchup_1, basket_1_contain_region); in(orange_juice_1, basket_1_contain_region)	long_scene2_milk_beside_ketchup	Milk is retained as a distractor but relocated beside ketchup, outside the central approach corridor where COMP_209 repeatedly toppled it. | Milk region is (-0.265, -0.065, -0.235, -0.035); ketchup remains at its original LIBERO-10 Scene 2 pose. | Object identity has its own original LIBERO-Object pick-to-basket trajectory; its pose in the composite scene may differ. | Object identity has its own original LIBERO-Object pick-to-basket trajectory; its pose in the composite scene may differ. | Object identity has its own original LIBERO-Object pick-to-basket trajectory; its pose in the composite scene may differ. | Object identity has its own original LIBERO-Object pick-to-basket trajectory; its pose in the composite scene may differ.	5	8	comparison_png/COMPOSEOBJ_062__put_the_alphabet_soup_in_the_basket_then_put_the_cream_cheese_box_in_the_basket_then_put_the_ketchup_in_the_basket_and_finally_put_the_orange_juice_in.png	tasks/composeobj_062__put_the_alphabet_soup_in_the_basket_then_put_the_cream_cheese_box_in_the_basket_then_put_the_ketchup_in_the_basket_and_finally_put_the_orange_juice_in	composition|25bbbecd7350b1a47ff6f52f9232feab4608abd5604dc8ca1daeaa55dd015414|frozenset({in(alphabet_soup_1,basket_1_contain_region),in(cream_cheese_1,basket_1_contain_region),in(ketchup_1,basket_1_contain_region),in(orange_juice_1,basket_1_contain_region)})
COMPOSEOBJ_063	L2_long_milk_beside_ketchup_4_to_basket	4	true	false	libero_10;libero_object	301;302;305;306	LIVING_ROOM_SCENE2_put_both_the_alphabet_soup_and_the_tomato_sauce_in_the_basket;pick_up_the_alphabet_soup_and_place_it_in_the_basket;pick_up_the_cream_cheese_and_place_it_in_the_basket;pick_up_the_ketchup_and_place_it_in_the_basket;pick_up_the_tomato_sauce_and_place_it_in_the_basket	put both the alphabet soup and the tomato sauce in the basket | Pick the alphabet soup and place it in the basket | Pick the cream cheese and place it in the basket | Pick the ketchup and place it in the basket | Pick the tomato sauce and place it in the basket	Put the alphabet soup in the basket, then put the cream cheese box in the basket, then put the ketchup in the basket, and finally put the tomato sauce in the basket.	in(alphabet_soup_1, basket_1_contain_region); in(cream_cheese_1, basket_1_contain_region); in(ketchup_1, basket_1_contain_region); in(tomato_sauce_1, basket_1_contain_region)	long_scene2_milk_beside_ketchup	Milk is retained as a distractor but relocated beside ketchup, outside the central approach corridor where COMP_209 repeatedly toppled it. | Milk region is (-0.265, -0.065, -0.235, -0.035); ketchup remains at its original LIBERO-10 Scene 2 pose. | Object identity has its own original LIBERO-Object pick-to-basket trajectory; its pose in the composite scene may differ. | Object identity has its own original LIBERO-Object pick-to-basket trajectory; its pose in the composite scene may differ. | Object identity has its own original LIBERO-Object pick-to-basket trajectory; its pose in the composite scene may differ. | Object identity has its own original LIBERO-Object pick-to-basket trajectory; its pose in the composite scene may differ.	5	8	comparison_png/COMPOSEOBJ_063__put_the_alphabet_soup_in_the_basket_then_put_the_cream_cheese_box_in_the_basket_then_put_the_ketchup_in_the_basket_and_finally_put_the_tomato_sauce_in.png	tasks/composeobj_063__put_the_alphabet_soup_in_the_basket_then_put_the_cream_cheese_box_in_the_basket_then_put_the_ketchup_in_the_basket_and_finally_put_the_tomato_sauce_in	composition|25bbbecd7350b1a47ff6f52f9232feab4608abd5604dc8ca1daeaa55dd015414|frozenset({in(alphabet_soup_1,basket_1_contain_region),in(cream_cheese_1,basket_1_contain_region),in(ketchup_1,basket_1_contain_region),in(tomato_sauce_1,basket_1_contain_region)})
COMPOSEOBJ_064	L2_long_milk_beside_ketchup_4_to_basket	4	true	false	libero_10;libero_object	301;302;310;306	LIVING_ROOM_SCENE2_put_both_the_alphabet_soup_and_the_tomato_sauce_in_the_basket;pick_up_the_alphabet_soup_and_place_it_in_the_basket;pick_up_the_cream_cheese_and_place_it_in_the_basket;pick_up_the_orange_juice_and_place_it_in_the_basket;pick_up_the_tomato_sauce_and_place_it_in_the_basket	put both the alphabet soup and the tomato sauce in the basket | Pick the alphabet soup and place it in the basket | Pick the cream cheese and place it in the basket | Pick the orange juice and place it in the basket | Pick the tomato sauce and place it in the basket	Put the alphabet soup in the basket, then put the cream cheese box in the basket, then put the orange juice in the basket, and finally put the tomato sauce in the basket.	in(alphabet_soup_1, basket_1_contain_region); in(cream_cheese_1, basket_1_contain_region); in(orange_juice_1, basket_1_contain_region); in(tomato_sauce_1, basket_1_contain_region)	long_scene2_milk_beside_ketchup	Milk is retained as a distractor but relocated beside ketchup, outside the central approach corridor where COMP_209 repeatedly toppled it. | Milk region is (-0.265, -0.065, -0.235, -0.035); ketchup remains at its original LIBERO-10 Scene 2 pose. | Object identity has its own original LIBERO-Object pick-to-basket trajectory; its pose in the composite scene may differ. | Object identity has its own original LIBERO-Object pick-to-basket trajectory; its pose in the composite scene may differ. | Object identity has its own original LIBERO-Object pick-to-basket trajectory; its pose in the composite scene may differ. | Object identity has its own original LIBERO-Object pick-to-basket trajectory; its pose in the composite scene may differ.	5	8	comparison_png/COMPOSEOBJ_064__put_the_alphabet_soup_in_the_basket_then_put_the_cream_cheese_box_in_the_basket_then_put_the_orange_juice_in_the_basket_and_finally_put_the_tomato_sau.png	tasks/composeobj_064__put_the_alphabet_soup_in_the_basket_then_put_the_cream_cheese_box_in_the_basket_then_put_the_orange_juice_in_the_basket_and_finally_put_the_tomato_sau	composition|25bbbecd7350b1a47ff6f52f9232feab4608abd5604dc8ca1daeaa55dd015414|frozenset({in(alphabet_soup_1,basket_1_contain_region),in(cream_cheese_1,basket_1_contain_region),in(orange_juice_1,basket_1_contain_region),in(tomato_sauce_1,basket_1_contain_region)})
COMPOSEOBJ_065	L2_long_milk_beside_ketchup_4_to_basket	4	true	false	libero_10;libero_object	301;305;310;306	LIVING_ROOM_SCENE2_put_both_the_alphabet_soup_and_the_tomato_sauce_in_the_basket;pick_up_the_alphabet_soup_and_place_it_in_the_basket;pick_up_the_ketchup_and_place_it_in_the_basket;pick_up_the_orange_juice_and_place_it_in_the_basket;pick_up_the_tomato_sauce_and_place_it_in_the_basket	put both the alphabet soup and the tomato sauce in the basket | Pick the alphabet soup and place it in the basket | Pick the ketchup and place it in the basket | Pick the orange juice and place it in the basket | Pick the tomato sauce and place it in the basket	Put the alphabet soup in the basket, then put the ketchup in the basket, then put the orange juice in the basket, and finally put the tomato sauce in the basket.	in(alphabet_soup_1, basket_1_contain_region); in(ketchup_1, basket_1_contain_region); in(orange_juice_1, basket_1_contain_region); in(tomato_sauce_1, basket_1_contain_region)	long_scene2_milk_beside_ketchup	Milk is retained as a distractor but relocated beside ketchup, outside the central approach corridor where COMP_209 repeatedly toppled it. | Milk region is (-0.265, -0.065, -0.235, -0.035); ketchup remains at its original LIBERO-10 Scene 2 pose. | Object identity has its own original LIBERO-Object pick-to-basket trajectory; its pose in the composite scene may differ. | Object identity has its own original LIBERO-Object pick-to-basket trajectory; its pose in the composite scene may differ. | Object identity has its own original LIBERO-Object pick-to-basket trajectory; its pose in the composite scene may differ. | Object identity has its own original LIBERO-Object pick-to-basket trajectory; its pose in the composite scene may differ.	5	8	comparison_png/COMPOSEOBJ_065__put_the_alphabet_soup_in_the_basket_then_put_the_ketchup_in_the_basket_then_put_the_orange_juice_in_the_basket_and_finally_put_the_tomato_sauce_in_the.png	tasks/composeobj_065__put_the_alphabet_soup_in_the_basket_then_put_the_ketchup_in_the_basket_then_put_the_orange_juice_in_the_basket_and_finally_put_the_tomato_sauce_in_the	composition|25bbbecd7350b1a47ff6f52f9232feab4608abd5604dc8ca1daeaa55dd015414|frozenset({in(alphabet_soup_1,basket_1_contain_region),in(ketchup_1,basket_1_contain_region),in(orange_juice_1,basket_1_contain_region),in(tomato_sauce_1,basket_1_contain_region)})
COMPOSEOBJ_066	L2_long_milk_beside_ketchup_4_to_basket	4	true	false	libero_10;libero_object	307;302;305;310	LIVING_ROOM_SCENE2_put_both_the_alphabet_soup_and_the_tomato_sauce_in_the_basket;pick_up_the_butter_and_place_it_in_the_basket;pick_up_the_cream_cheese_and_place_it_in_the_basket;pick_up_the_ketchup_and_place_it_in_the_basket;pick_up_the_orange_juice_and_place_it_in_the_basket	put both the alphabet soup and the tomato sauce in the basket | Pick the butter and place it in the basket | Pick the cream cheese and place it in the basket | Pick the ketchup and place it in the basket | Pick the orange juice and place it in the basket	Put the butter in the basket, then put the cream cheese box in the basket, then put the ketchup in the basket, and finally put the orange juice in the basket.	in(butter_1, basket_1_contain_region); in(cream_cheese_1, basket_1_contain_region); in(ketchup_1, basket_1_contain_region); in(orange_juice_1, basket_1_contain_region)	long_scene2_milk_beside_ketchup	Milk is retained as a distractor but relocated beside ketchup, outside the central approach corridor where COMP_209 repeatedly toppled it. | Milk region is (-0.265, -0.065, -0.235, -0.035); ketchup remains at its original LIBERO-10 Scene 2 pose. | Object identity has its own original LIBERO-Object pick-to-basket trajectory; its pose in the composite scene may differ. | Object identity has its own original LIBERO-Object pick-to-basket trajectory; its pose in the composite scene may differ. | Object identity has its own original LIBERO-Object pick-to-basket trajectory; its pose in the composite scene may differ. | Object identity has its own original LIBERO-Object pick-to-basket trajectory; its pose in the composite scene may differ.	5	8	comparison_png/COMPOSEOBJ_066__put_the_butter_in_the_basket_then_put_the_cream_cheese_box_in_the_basket_then_put_the_ketchup_in_the_basket_and_finally_put_the_orange_juice_in_the_ba.png	tasks/composeobj_066__put_the_butter_in_the_basket_then_put_the_cream_cheese_box_in_the_basket_then_put_the_ketchup_in_the_basket_and_finally_put_the_orange_juice_in_the_ba	composition|25bbbecd7350b1a47ff6f52f9232feab4608abd5604dc8ca1daeaa55dd015414|frozenset({in(butter_1,basket_1_contain_region),in(cream_cheese_1,basket_1_contain_region),in(ketchup_1,basket_1_contain_region),in(orange_juice_1,basket_1_contain_region)})
COMPOSEOBJ_067	L2_long_milk_beside_ketchup_4_to_basket	4	true	false	libero_10;libero_object	307;302;305;306	LIVING_ROOM_SCENE2_put_both_the_alphabet_soup_and_the_tomato_sauce_in_the_basket;pick_up_the_butter_and_place_it_in_the_basket;pick_up_the_cream_cheese_and_place_it_in_the_basket;pick_up_the_ketchup_and_place_it_in_the_basket;pick_up_the_tomato_sauce_and_place_it_in_the_basket	put both the alphabet soup and the tomato sauce in the basket | Pick the butter and place it in the basket | Pick the cream cheese and place it in the basket | Pick the ketchup and place it in the basket | Pick the tomato sauce and place it in the basket	Put the butter in the basket, then put the cream cheese box in the basket, then put the ketchup in the basket, and finally put the tomato sauce in the basket.	in(butter_1, basket_1_contain_region); in(cream_cheese_1, basket_1_contain_region); in(ketchup_1, basket_1_contain_region); in(tomato_sauce_1, basket_1_contain_region)	long_scene2_milk_beside_ketchup	Milk is retained as a distractor but relocated beside ketchup, outside the central approach corridor where COMP_209 repeatedly toppled it. | Milk region is (-0.265, -0.065, -0.235, -0.035); ketchup remains at its original LIBERO-10 Scene 2 pose. | Object identity has its own original LIBERO-Object pick-to-basket trajectory; its pose in the composite scene may differ. | Object identity has its own original LIBERO-Object pick-to-basket trajectory; its pose in the composite scene may differ. | Object identity has its own original LIBERO-Object pick-to-basket trajectory; its pose in the composite scene may differ. | Object identity has its own original LIBERO-Object pick-to-basket trajectory; its pose in the composite scene may differ.	5	8	comparison_png/COMPOSEOBJ_067__put_the_butter_in_the_basket_then_put_the_cream_cheese_box_in_the_basket_then_put_the_ketchup_in_the_basket_and_finally_put_the_tomato_sauce_in_the_ba.png	tasks/composeobj_067__put_the_butter_in_the_basket_then_put_the_cream_cheese_box_in_the_basket_then_put_the_ketchup_in_the_basket_and_finally_put_the_tomato_sauce_in_the_ba	composition|25bbbecd7350b1a47ff6f52f9232feab4608abd5604dc8ca1daeaa55dd015414|frozenset({in(butter_1,basket_1_contain_region),in(cream_cheese_1,basket_1_contain_region),in(ketchup_1,basket_1_contain_region),in(tomato_sauce_1,basket_1_contain_region)})
COMPOSEOBJ_068	L2_long_milk_beside_ketchup_4_to_basket	4	true	false	libero_10;libero_object	307;302;310;306	LIVING_ROOM_SCENE2_put_both_the_alphabet_soup_and_the_tomato_sauce_in_the_basket;pick_up_the_butter_and_place_it_in_the_basket;pick_up_the_cream_cheese_and_place_it_in_the_basket;pick_up_the_orange_juice_and_place_it_in_the_basket;pick_up_the_tomato_sauce_and_place_it_in_the_basket	put both the alphabet soup and the tomato sauce in the basket | Pick the butter and place it in the basket | Pick the cream cheese and place it in the basket | Pick the orange juice and place it in the basket | Pick the tomato sauce and place it in the basket	Put the butter in the basket, then put the cream cheese box in the basket, then put the orange juice in the basket, and finally put the tomato sauce in the basket.	in(butter_1, basket_1_contain_region); in(cream_cheese_1, basket_1_contain_region); in(orange_juice_1, basket_1_contain_region); in(tomato_sauce_1, basket_1_contain_region)	long_scene2_milk_beside_ketchup	Milk is retained as a distractor but relocated beside ketchup, outside the central approach corridor where COMP_209 repeatedly toppled it. | Milk region is (-0.265, -0.065, -0.235, -0.035); ketchup remains at its original LIBERO-10 Scene 2 pose. | Object identity has its own original LIBERO-Object pick-to-basket trajectory; its pose in the composite scene may differ. | Object identity has its own original LIBERO-Object pick-to-basket trajectory; its pose in the composite scene may differ. | Object identity has its own original LIBERO-Object pick-to-basket trajectory; its pose in the composite scene may differ. | Object identity has its own original LIBERO-Object pick-to-basket trajectory; its pose in the composite scene may differ.	5	8	comparison_png/COMPOSEOBJ_068__put_the_butter_in_the_basket_then_put_the_cream_cheese_box_in_the_basket_then_put_the_orange_juice_in_the_basket_and_finally_put_the_tomato_sauce_in_t.png	tasks/composeobj_068__put_the_butter_in_the_basket_then_put_the_cream_cheese_box_in_the_basket_then_put_the_orange_juice_in_the_basket_and_finally_put_the_tomato_sauce_in_t	composition|25bbbecd7350b1a47ff6f52f9232feab4608abd5604dc8ca1daeaa55dd015414|frozenset({in(butter_1,basket_1_contain_region),in(cream_cheese_1,basket_1_contain_region),in(orange_juice_1,basket_1_contain_region),in(tomato_sauce_1,basket_1_contain_region)})
COMPOSEOBJ_069	L2_long_milk_beside_ketchup_4_to_basket	4	true	false	libero_10;libero_object	307;305;310;306	LIVING_ROOM_SCENE2_put_both_the_alphabet_soup_and_the_tomato_sauce_in_the_basket;pick_up_the_butter_and_place_it_in_the_basket;pick_up_the_ketchup_and_place_it_in_the_basket;pick_up_the_orange_juice_and_place_it_in_the_basket;pick_up_the_tomato_sauce_and_place_it_in_the_basket	put both the alphabet soup and the tomato sauce in the basket | Pick the butter and place it in the basket | Pick the ketchup and place it in the basket | Pick the orange juice and place it in the basket | Pick the tomato sauce and place it in the basket	Put the butter in the basket, then put the ketchup in the basket, then put the orange juice in the basket, and finally put the tomato sauce in the basket.	in(butter_1, basket_1_contain_region); in(ketchup_1, basket_1_contain_region); in(orange_juice_1, basket_1_contain_region); in(tomato_sauce_1, basket_1_contain_region)	long_scene2_milk_beside_ketchup	Milk is retained as a distractor but relocated beside ketchup, outside the central approach corridor where COMP_209 repeatedly toppled it. | Milk region is (-0.265, -0.065, -0.235, -0.035); ketchup remains at its original LIBERO-10 Scene 2 pose. | Object identity has its own original LIBERO-Object pick-to-basket trajectory; its pose in the composite scene may differ. | Object identity has its own original LIBERO-Object pick-to-basket trajectory; its pose in the composite scene may differ. | Object identity has its own original LIBERO-Object pick-to-basket trajectory; its pose in the composite scene may differ. | Object identity has its own original LIBERO-Object pick-to-basket trajectory; its pose in the composite scene may differ.	5	8	comparison_png/COMPOSEOBJ_069__put_the_butter_in_the_basket_then_put_the_ketchup_in_the_basket_then_put_the_orange_juice_in_the_basket_and_finally_put_the_tomato_sauce_in_the_basket.png	tasks/composeobj_069__put_the_butter_in_the_basket_then_put_the_ketchup_in_the_basket_then_put_the_orange_juice_in_the_basket_and_finally_put_the_tomato_sauce_in_the_basket	composition|25bbbecd7350b1a47ff6f52f9232feab4608abd5604dc8ca1daeaa55dd015414|frozenset({in(butter_1,basket_1_contain_region),in(ketchup_1,basket_1_contain_region),in(orange_juice_1,basket_1_contain_region),in(tomato_sauce_1,basket_1_contain_region)})
COMPOSEOBJ_070	L2_long_milk_beside_ketchup_4_to_basket	4	true	false	libero_10;libero_object	302;305;310;306	LIVING_ROOM_SCENE2_put_both_the_alphabet_soup_and_the_tomato_sauce_in_the_basket;pick_up_the_cream_cheese_and_place_it_in_the_basket;pick_up_the_ketchup_and_place_it_in_the_basket;pick_up_the_orange_juice_and_place_it_in_the_basket;pick_up_the_tomato_sauce_and_place_it_in_the_basket	put both the alphabet soup and the tomato sauce in the basket | Pick the cream cheese and place it in the basket | Pick the ketchup and place it in the basket | Pick the orange juice and place it in the basket | Pick the tomato sauce and place it in the basket	Put the cream cheese box in the basket, then put the ketchup in the basket, then put the orange juice in the basket, and finally put the tomato sauce in the basket.	in(cream_cheese_1, basket_1_contain_region); in(ketchup_1, basket_1_contain_region); in(orange_juice_1, basket_1_contain_region); in(tomato_sauce_1, basket_1_contain_region)	long_scene2_milk_beside_ketchup	Milk is retained as a distractor but relocated beside ketchup, outside the central approach corridor where COMP_209 repeatedly toppled it. | Milk region is (-0.265, -0.065, -0.235, -0.035); ketchup remains at its original LIBERO-10 Scene 2 pose. | Object identity has its own original LIBERO-Object pick-to-basket trajectory; its pose in the composite scene may differ. | Object identity has its own original LIBERO-Object pick-to-basket trajectory; its pose in the composite scene may differ. | Object identity has its own original LIBERO-Object pick-to-basket trajectory; its pose in the composite scene may differ. | Object identity has its own original LIBERO-Object pick-to-basket trajectory; its pose in the composite scene may differ.	5	8	comparison_png/COMPOSEOBJ_070__put_the_cream_cheese_box_in_the_basket_then_put_the_ketchup_in_the_basket_then_put_the_orange_juice_in_the_basket_and_finally_put_the_tomato_sauce_in.png	tasks/composeobj_070__put_the_cream_cheese_box_in_the_basket_then_put_the_ketchup_in_the_basket_then_put_the_orange_juice_in_the_basket_and_finally_put_the_tomato_sauce_in	composition|25bbbecd7350b1a47ff6f52f9232feab4608abd5604dc8ca1daeaa55dd015414|frozenset({in(cream_cheese_1,basket_1_contain_region),in(ketchup_1,basket_1_contain_region),in(orange_juice_1,basket_1_contain_region),in(tomato_sauce_1,basket_1_contain_region)})
COMPOSEOBJ_071	L3_compose155_prefix_then_append_fourth	4	true	true	libero_10;libero_object	301;307;306;302	LIVING_ROOM_SCENE2_put_both_the_alphabet_soup_and_the_tomato_sauce_in_the_basket;pick_up_the_alphabet_soup_and_place_it_in_the_basket;pick_up_the_butter_and_place_it_in_the_basket;pick_up_the_tomato_sauce_and_place_it_in_the_basket;pick_up_the_cream_cheese_and_place_it_in_the_basket	put both the alphabet soup and the tomato sauce in the basket | Pick the alphabet soup and place it in the basket | Pick the butter and place it in the basket | Pick the tomato sauce and place it in the basket | Pick the cream cheese and place it in the basket	Put the alphabet soup in the basket, then put the butter in the basket, then put the tomato sauce in the basket, and finally put the cream cheese box in the basket.	in(alphabet_soup_1, basket_1_contain_region); in(butter_1, basket_1_contain_region); in(tomato_sauce_1, basket_1_contain_region); in(cream_cheese_1, basket_1_contain_region)	long_scene2_compose155_exact_states_ordered_append	Exact milk-removed COMPOSE_155 physical scene and its five init states are reused. | The successful COMPOSE_155 prefix (alphabet soup -> butter -> tomato sauce) is completed before appending cream cheese box. | The same unordered four-object identity previously scored 0/5; this task isolates prefix-preserving execution order. | Object identity has its own original LIBERO-Object pick-to-basket trajectory; its pose in the composite scene may differ. | Object identity has its own original LIBERO-Object pick-to-basket trajectory; its pose in the composite scene may differ. | Object identity has its own original LIBERO-Object pick-to-basket trajectory; its pose in the composite scene may differ. | Object identity has its own original LIBERO-Object pick-to-basket trajectory; its pose in the composite scene may differ.	5	8	comparison_png/COMPOSEOBJ_071__put_the_alphabet_soup_in_the_basket_then_put_the_butter_in_the_basket_then_put_the_tomato_sauce_in_the_basket_and_finally_put_the_cream_cheese_box_in.png	tasks/composeobj_071__put_the_alphabet_soup_in_the_basket_then_put_the_butter_in_the_basket_then_put_the_tomato_sauce_in_the_basket_and_finally_put_the_cream_cheese_box_in	composition|16d60b6417ebeed74645d67ef8834e2dfb629ef82039d216f1f056fba6095708|frozenset({in(alphabet_soup_1,basket_1_contain_region),in(butter_1,basket_1_contain_region),in(cream_cheese_1,basket_1_contain_region),in(tomato_sauce_1,basket_1_contain_region)})
COMPOSEOBJ_072	L3_compose155_prefix_then_append_fourth	4	true	true	libero_10;libero_object	301;307;306;305	LIVING_ROOM_SCENE2_put_both_the_alphabet_soup_and_the_tomato_sauce_in_the_basket;pick_up_the_alphabet_soup_and_place_it_in_the_basket;pick_up_the_butter_and_place_it_in_the_basket;pick_up_the_tomato_sauce_and_place_it_in_the_basket;pick_up_the_ketchup_and_place_it_in_the_basket	put both the alphabet soup and the tomato sauce in the basket | Pick the alphabet soup and place it in the basket | Pick the butter and place it in the basket | Pick the tomato sauce and place it in the basket | Pick the ketchup and place it in the basket	Put the alphabet soup in the basket, then put the butter in the basket, then put the tomato sauce in the basket, and finally put the ketchup in the basket.	in(alphabet_soup_1, basket_1_contain_region); in(butter_1, basket_1_contain_region); in(tomato_sauce_1, basket_1_contain_region); in(ketchup_1, basket_1_contain_region)	long_scene2_compose155_exact_states_ordered_append	Exact milk-removed COMPOSE_155 physical scene and its five init states are reused. | The successful COMPOSE_155 prefix (alphabet soup -> butter -> tomato sauce) is completed before appending ketchup. | The same unordered four-object identity previously scored 0/5; this task isolates prefix-preserving execution order. | Object identity has its own original LIBERO-Object pick-to-basket trajectory; its pose in the composite scene may differ. | Object identity has its own original LIBERO-Object pick-to-basket trajectory; its pose in the composite scene may differ. | Object identity has its own original LIBERO-Object pick-to-basket trajectory; its pose in the composite scene may differ. | Object identity has its own original LIBERO-Object pick-to-basket trajectory; its pose in the composite scene may differ.	5	8	comparison_png/COMPOSEOBJ_072__put_the_alphabet_soup_in_the_basket_then_put_the_butter_in_the_basket_then_put_the_tomato_sauce_in_the_basket_and_finally_put_the_ketchup_in_the_baske.png	tasks/composeobj_072__put_the_alphabet_soup_in_the_basket_then_put_the_butter_in_the_basket_then_put_the_tomato_sauce_in_the_basket_and_finally_put_the_ketchup_in_the_baske	composition|16d60b6417ebeed74645d67ef8834e2dfb629ef82039d216f1f056fba6095708|frozenset({in(alphabet_soup_1,basket_1_contain_region),in(butter_1,basket_1_contain_region),in(ketchup_1,basket_1_contain_region),in(tomato_sauce_1,basket_1_contain_region)})
COMPOSEOBJ_073	L3_compose155_prefix_then_append_fourth	4	true	true	libero_10;libero_object	301;307;306;310	LIVING_ROOM_SCENE2_put_both_the_alphabet_soup_and_the_tomato_sauce_in_the_basket;pick_up_the_alphabet_soup_and_place_it_in_the_basket;pick_up_the_butter_and_place_it_in_the_basket;pick_up_the_tomato_sauce_and_place_it_in_the_basket;pick_up_the_orange_juice_and_place_it_in_the_basket	put both the alphabet soup and the tomato sauce in the basket | Pick the alphabet soup and place it in the basket | Pick the butter and place it in the basket | Pick the tomato sauce and place it in the basket | Pick the orange juice and place it in the basket	Put the alphabet soup in the basket, then put the butter in the basket, then put the tomato sauce in the basket, and finally put the orange juice in the basket.	in(alphabet_soup_1, basket_1_contain_region); in(butter_1, basket_1_contain_region); in(tomato_sauce_1, basket_1_contain_region); in(orange_juice_1, basket_1_contain_region)	long_scene2_compose155_exact_states_ordered_append	Exact milk-removed COMPOSE_155 physical scene and its five init states are reused. | The successful COMPOSE_155 prefix (alphabet soup -> butter -> tomato sauce) is completed before appending orange juice. | The same unordered four-object identity previously scored 0/5; this task isolates prefix-preserving execution order. | Object identity has its own original LIBERO-Object pick-to-basket trajectory; its pose in the composite scene may differ. | Object identity has its own original LIBERO-Object pick-to-basket trajectory; its pose in the composite scene may differ. | Object identity has its own original LIBERO-Object pick-to-basket trajectory; its pose in the composite scene may differ. | Object identity has its own original LIBERO-Object pick-to-basket trajectory; its pose in the composite scene may differ.	5	8	comparison_png/COMPOSEOBJ_073__put_the_alphabet_soup_in_the_basket_then_put_the_butter_in_the_basket_then_put_the_tomato_sauce_in_the_basket_and_finally_put_the_orange_juice_in_the.png	tasks/composeobj_073__put_the_alphabet_soup_in_the_basket_then_put_the_butter_in_the_basket_then_put_the_tomato_sauce_in_the_basket_and_finally_put_the_orange_juice_in_the	composition|16d60b6417ebeed74645d67ef8834e2dfb629ef82039d216f1f056fba6095708|frozenset({in(alphabet_soup_1,basket_1_contain_region),in(butter_1,basket_1_contain_region),in(orange_juice_1,basket_1_contain_region),in(tomato_sauce_1,basket_1_contain_region)})
COMPOSEOBJ_074	O1_object_milk_first_3_to_basket	3	true	true	libero_object	308;301;303	pick_up_the_alphabet_soup_and_place_it_in_the_basket;pick_up_the_milk_and_place_it_in_the_basket;pick_up_the_salad_dressing_and_place_it_in_the_basket	Pick the alphabet soup and place it in the basket | Pick the milk and place it in the basket | Pick the salad dressing and place it in the basket	First put the milk in the basket, then put the alphabet soup in the basket, and finally put the salad dressing in the basket.	in(milk_1, basket_1_contain_region); in(alphabet_soup_1, basket_1_contain_region); in(salad_dressing_1, basket_1_contain_region)	object_stock_milk_first_pick_up_the_alphabet_soup_and_place_it_in_the_basket_3	Sequence diagnostic in an original LIBERO-Object layout: milk is removed first before the remaining two or three picks. | The physical scene is stock; the unchanged unordered 3-step and 4-step controls already scored 0 successful tasks across 350 candidates. | Object identity has its own original LIBERO-Object pick-to-basket trajectory; its pose in the composite scene may differ. | Object identity has its own original LIBERO-Object pick-to-basket trajectory; its pose in the composite scene may differ. | Object identity has its own original LIBERO-Object pick-to-basket trajectory; its pose in the composite scene may differ.	5	6	comparison_png/COMPOSEOBJ_074__first_put_the_milk_in_the_basket_then_put_the_alphabet_soup_in_the_basket_and_finally_put_the_salad_dressing_in_the_basket.png	tasks/composeobj_074__first_put_the_milk_in_the_basket_then_put_the_alphabet_soup_in_the_basket_and_finally_put_the_salad_dressing_in_the_basket	composition|6f539a70682318de1f02e5e48d0094b8430bdd78cbc718ac1e7c89a9f51197fb|frozenset({in(alphabet_soup_1,basket_1_contain_region),in(milk_1,basket_1_contain_region),in(salad_dressing_1,basket_1_contain_region)})
COMPOSEOBJ_075	O1_object_milk_first_3_to_basket	3	true	true	libero_object	308;301;302	pick_up_the_alphabet_soup_and_place_it_in_the_basket;pick_up_the_milk_and_place_it_in_the_basket;pick_up_the_cream_cheese_and_place_it_in_the_basket	Pick the alphabet soup and place it in the basket | Pick the milk and place it in the basket | Pick the cream cheese and place it in the basket	First put the milk in the basket, then put the alphabet soup in the basket, and finally put the cream cheese box in the basket.	in(milk_1, basket_1_contain_region); in(alphabet_soup_1, basket_1_contain_region); in(cream_cheese_1, basket_1_contain_region)	object_stock_milk_first_pick_up_the_alphabet_soup_and_place_it_in_the_basket_3	Sequence diagnostic in an original LIBERO-Object layout: milk is removed first before the remaining two or three picks. | The physical scene is stock; the unchanged unordered 3-step and 4-step controls already scored 0 successful tasks across 350 candidates. | Object identity has its own original LIBERO-Object pick-to-basket trajectory; its pose in the composite scene may differ. | Object identity has its own original LIBERO-Object pick-to-basket trajectory; its pose in the composite scene may differ. | Object identity has its own original LIBERO-Object pick-to-basket trajectory; its pose in the composite scene may differ.	5	6	comparison_png/COMPOSEOBJ_075__first_put_the_milk_in_the_basket_then_put_the_alphabet_soup_in_the_basket_and_finally_put_the_cream_cheese_box_in_the_basket.png	tasks/composeobj_075__first_put_the_milk_in_the_basket_then_put_the_alphabet_soup_in_the_basket_and_finally_put_the_cream_cheese_box_in_the_basket	composition|6f539a70682318de1f02e5e48d0094b8430bdd78cbc718ac1e7c89a9f51197fb|frozenset({in(alphabet_soup_1,basket_1_contain_region),in(cream_cheese_1,basket_1_contain_region),in(milk_1,basket_1_contain_region)})
COMPOSEOBJ_076	O1_object_milk_first_3_to_basket	3	true	true	libero_object	308;301;306	pick_up_the_alphabet_soup_and_place_it_in_the_basket;pick_up_the_milk_and_place_it_in_the_basket;pick_up_the_tomato_sauce_and_place_it_in_the_basket	Pick the alphabet soup and place it in the basket | Pick the milk and place it in the basket | Pick the tomato sauce and place it in the basket	First put the milk in the basket, then put the alphabet soup in the basket, and finally put the tomato sauce in the basket.	in(milk_1, basket_1_contain_region); in(alphabet_soup_1, basket_1_contain_region); in(tomato_sauce_1, basket_1_contain_region)	object_stock_milk_first_pick_up_the_alphabet_soup_and_place_it_in_the_basket_3	Sequence diagnostic in an original LIBERO-Object layout: milk is removed first before the remaining two or three picks. | The physical scene is stock; the unchanged unordered 3-step and 4-step controls already scored 0 successful tasks across 350 candidates. | Object identity has its own original LIBERO-Object pick-to-basket trajectory; its pose in the composite scene may differ. | Object identity has its own original LIBERO-Object pick-to-basket trajectory; its pose in the composite scene may differ. | Object identity has its own original LIBERO-Object pick-to-basket trajectory; its pose in the composite scene may differ.	5	6	comparison_png/COMPOSEOBJ_076__first_put_the_milk_in_the_basket_then_put_the_alphabet_soup_in_the_basket_and_finally_put_the_tomato_sauce_in_the_basket.png	tasks/composeobj_076__first_put_the_milk_in_the_basket_then_put_the_alphabet_soup_in_the_basket_and_finally_put_the_tomato_sauce_in_the_basket	composition|6f539a70682318de1f02e5e48d0094b8430bdd78cbc718ac1e7c89a9f51197fb|frozenset({in(alphabet_soup_1,basket_1_contain_region),in(milk_1,basket_1_contain_region),in(tomato_sauce_1,basket_1_contain_region)})
COMPOSEOBJ_077	O1_object_milk_first_3_to_basket	3	true	true	libero_object	308;301;307	pick_up_the_alphabet_soup_and_place_it_in_the_basket;pick_up_the_milk_and_place_it_in_the_basket;pick_up_the_butter_and_place_it_in_the_basket	Pick the alphabet soup and place it in the basket | Pick the milk and place it in the basket | Pick the butter and place it in the basket	First put the milk in the basket, then put the alphabet soup in the basket, and finally put the butter in the basket.	in(milk_1, basket_1_contain_region); in(alphabet_soup_1, basket_1_contain_region); in(butter_1, basket_1_contain_region)	object_stock_milk_first_pick_up_the_alphabet_soup_and_place_it_in_the_basket_3	Sequence diagnostic in an original LIBERO-Object layout: milk is removed first before the remaining two or three picks. | The physical scene is stock; the unchanged unordered 3-step and 4-step controls already scored 0 successful tasks across 350 candidates. | Object identity has its own original LIBERO-Object pick-to-basket trajectory; its pose in the composite scene may differ. | Object identity has its own original LIBERO-Object pick-to-basket trajectory; its pose in the composite scene may differ. | Object identity has its own original LIBERO-Object pick-to-basket trajectory; its pose in the composite scene may differ.	5	6	comparison_png/COMPOSEOBJ_077__first_put_the_milk_in_the_basket_then_put_the_alphabet_soup_in_the_basket_and_finally_put_the_butter_in_the_basket.png	tasks/composeobj_077__first_put_the_milk_in_the_basket_then_put_the_alphabet_soup_in_the_basket_and_finally_put_the_butter_in_the_basket	composition|6f539a70682318de1f02e5e48d0094b8430bdd78cbc718ac1e7c89a9f51197fb|frozenset({in(alphabet_soup_1,basket_1_contain_region),in(butter_1,basket_1_contain_region),in(milk_1,basket_1_contain_region)})
COMPOSEOBJ_078	O1_object_milk_first_3_to_basket	3	true	true	libero_object	308;303;302	pick_up_the_alphabet_soup_and_place_it_in_the_basket;pick_up_the_milk_and_place_it_in_the_basket;pick_up_the_salad_dressing_and_place_it_in_the_basket;pick_up_the_cream_cheese_and_place_it_in_the_basket	Pick the alphabet soup and place it in the basket | Pick the milk and place it in the basket | Pick the salad dressing and place it in the basket | Pick the cream cheese and place it in the basket	First put the milk in the basket, then put the salad dressing in the basket, and finally put the cream cheese box in the basket.	in(milk_1, basket_1_contain_region); in(salad_dressing_1, basket_1_contain_region); in(cream_cheese_1, basket_1_contain_region)	object_stock_milk_first_pick_up_the_alphabet_soup_and_place_it_in_the_basket_3	Sequence diagnostic in an original LIBERO-Object layout: milk is removed first before the remaining two or three picks. | The physical scene is stock; the unchanged unordered 3-step and 4-step controls already scored 0 successful tasks across 350 candidates. | Object identity has its own original LIBERO-Object pick-to-basket trajectory; its pose in the composite scene may differ. | Object identity has its own original LIBERO-Object pick-to-basket trajectory; its pose in the composite scene may differ. | Object identity has its own original LIBERO-Object pick-to-basket trajectory; its pose in the composite scene may differ.	5	6	comparison_png/COMPOSEOBJ_078__first_put_the_milk_in_the_basket_then_put_the_salad_dressing_in_the_basket_and_finally_put_the_cream_cheese_box_in_the_basket.png	tasks/composeobj_078__first_put_the_milk_in_the_basket_then_put_the_salad_dressing_in_the_basket_and_finally_put_the_cream_cheese_box_in_the_basket	composition|6f539a70682318de1f02e5e48d0094b8430bdd78cbc718ac1e7c89a9f51197fb|frozenset({in(cream_cheese_1,basket_1_contain_region),in(milk_1,basket_1_contain_region),in(salad_dressing_1,basket_1_contain_region)})
COMPOSEOBJ_079	O1_object_milk_first_3_to_basket	3	true	true	libero_object	308;303;306	pick_up_the_alphabet_soup_and_place_it_in_the_basket;pick_up_the_milk_and_place_it_in_the_basket;pick_up_the_salad_dressing_and_place_it_in_the_basket;pick_up_the_tomato_sauce_and_place_it_in_the_basket	Pick the alphabet soup and place it in the basket | Pick the milk and place it in the basket | Pick the salad dressing and place it in the basket | Pick the tomato sauce and place it in the basket	First put the milk in the basket, then put the salad dressing in the basket, and finally put the tomato sauce in the basket.	in(milk_1, basket_1_contain_region); in(salad_dressing_1, basket_1_contain_region); in(tomato_sauce_1, basket_1_contain_region)	object_stock_milk_first_pick_up_the_alphabet_soup_and_place_it_in_the_basket_3	Sequence diagnostic in an original LIBERO-Object layout: milk is removed first before the remaining two or three picks. | The physical scene is stock; the unchanged unordered 3-step and 4-step controls already scored 0 successful tasks across 350 candidates. | Object identity has its own original LIBERO-Object pick-to-basket trajectory; its pose in the composite scene may differ. | Object identity has its own original LIBERO-Object pick-to-basket trajectory; its pose in the composite scene may differ. | Object identity has its own original LIBERO-Object pick-to-basket trajectory; its pose in the composite scene may differ.	5	6	comparison_png/COMPOSEOBJ_079__first_put_the_milk_in_the_basket_then_put_the_salad_dressing_in_the_basket_and_finally_put_the_tomato_sauce_in_the_basket.png	tasks/composeobj_079__first_put_the_milk_in_the_basket_then_put_the_salad_dressing_in_the_basket_and_finally_put_the_tomato_sauce_in_the_basket	composition|6f539a70682318de1f02e5e48d0094b8430bdd78cbc718ac1e7c89a9f51197fb|frozenset({in(milk_1,basket_1_contain_region),in(salad_dressing_1,basket_1_contain_region),in(tomato_sauce_1,basket_1_contain_region)})
COMPOSEOBJ_080	O1_object_milk_first_3_to_basket	3	true	true	libero_object	308;303;307	pick_up_the_alphabet_soup_and_place_it_in_the_basket;pick_up_the_milk_and_place_it_in_the_basket;pick_up_the_salad_dressing_and_place_it_in_the_basket;pick_up_the_butter_and_place_it_in_the_basket	Pick the alphabet soup and place it in the basket | Pick the milk and place it in the basket | Pick the salad dressing and place it in the basket | Pick the butter and place it in the basket	First put the milk in the basket, then put the salad dressing in the basket, and finally put the butter in the basket.	in(milk_1, basket_1_contain_region); in(salad_dressing_1, basket_1_contain_region); in(butter_1, basket_1_contain_region)	object_stock_milk_first_pick_up_the_alphabet_soup_and_place_it_in_the_basket_3	Sequence diagnostic in an original LIBERO-Object layout: milk is removed first before the remaining two or three picks. | The physical scene is stock; the unchanged unordered 3-step and 4-step controls already scored 0 successful tasks across 350 candidates. | Object identity has its own original LIBERO-Object pick-to-basket trajectory; its pose in the composite scene may differ. | Object identity has its own original LIBERO-Object pick-to-basket trajectory; its pose in the composite scene may differ. | Object identity has its own original LIBERO-Object pick-to-basket trajectory; its pose in the composite scene may differ.	5	6	comparison_png/COMPOSEOBJ_080__first_put_the_milk_in_the_basket_then_put_the_salad_dressing_in_the_basket_and_finally_put_the_butter_in_the_basket.png	tasks/composeobj_080__first_put_the_milk_in_the_basket_then_put_the_salad_dressing_in_the_basket_and_finally_put_the_butter_in_the_basket	composition|6f539a70682318de1f02e5e48d0094b8430bdd78cbc718ac1e7c89a9f51197fb|frozenset({in(butter_1,basket_1_contain_region),in(milk_1,basket_1_contain_region),in(salad_dressing_1,basket_1_contain_region)})
COMPOSEOBJ_081	O1_object_milk_first_3_to_basket	3	true	true	libero_object	308;302;306	pick_up_the_alphabet_soup_and_place_it_in_the_basket;pick_up_the_milk_and_place_it_in_the_basket;pick_up_the_cream_cheese_and_place_it_in_the_basket;pick_up_the_tomato_sauce_and_place_it_in_the_basket	Pick the alphabet soup and place it in the basket | Pick the milk and place it in the basket | Pick the cream cheese and place it in the basket | Pick the tomato sauce and place it in the basket	First put the milk in the basket, then put the cream cheese box in the basket, and finally put the tomato sauce in the basket.	in(milk_1, basket_1_contain_region); in(cream_cheese_1, basket_1_contain_region); in(tomato_sauce_1, basket_1_contain_region)	object_stock_milk_first_pick_up_the_alphabet_soup_and_place_it_in_the_basket_3	Sequence diagnostic in an original LIBERO-Object layout: milk is removed first before the remaining two or three picks. | The physical scene is stock; the unchanged unordered 3-step and 4-step controls already scored 0 successful tasks across 350 candidates. | Object identity has its own original LIBERO-Object pick-to-basket trajectory; its pose in the composite scene may differ. | Object identity has its own original LIBERO-Object pick-to-basket trajectory; its pose in the composite scene may differ. | Object identity has its own original LIBERO-Object pick-to-basket trajectory; its pose in the composite scene may differ.	5	6	comparison_png/COMPOSEOBJ_081__first_put_the_milk_in_the_basket_then_put_the_cream_cheese_box_in_the_basket_and_finally_put_the_tomato_sauce_in_the_basket.png	tasks/composeobj_081__first_put_the_milk_in_the_basket_then_put_the_cream_cheese_box_in_the_basket_and_finally_put_the_tomato_sauce_in_the_basket	composition|6f539a70682318de1f02e5e48d0094b8430bdd78cbc718ac1e7c89a9f51197fb|frozenset({in(cream_cheese_1,basket_1_contain_region),in(milk_1,basket_1_contain_region),in(tomato_sauce_1,basket_1_contain_region)})
COMPOSEOBJ_082	O1_object_milk_first_3_to_basket	3	true	true	libero_object	308;302;307	pick_up_the_alphabet_soup_and_place_it_in_the_basket;pick_up_the_milk_and_place_it_in_the_basket;pick_up_the_cream_cheese_and_place_it_in_the_basket;pick_up_the_butter_and_place_it_in_the_basket	Pick the alphabet soup and place it in the basket | Pick the milk and place it in the basket | Pick the cream cheese and place it in the basket | Pick the butter and place it in the basket	First put the milk in the basket, then put the cream cheese box in the basket, and finally put the butter in the basket.	in(milk_1, basket_1_contain_region); in(cream_cheese_1, basket_1_contain_region); in(butter_1, basket_1_contain_region)	object_stock_milk_first_pick_up_the_alphabet_soup_and_place_it_in_the_basket_3	Sequence diagnostic in an original LIBERO-Object layout: milk is removed first before the remaining two or three picks. | The physical scene is stock; the unchanged unordered 3-step and 4-step controls already scored 0 successful tasks across 350 candidates. | Object identity has its own original LIBERO-Object pick-to-basket trajectory; its pose in the composite scene may differ. | Object identity has its own original LIBERO-Object pick-to-basket trajectory; its pose in the composite scene may differ. | Object identity has its own original LIBERO-Object pick-to-basket trajectory; its pose in the composite scene may differ.	5	6	comparison_png/COMPOSEOBJ_082__first_put_the_milk_in_the_basket_then_put_the_cream_cheese_box_in_the_basket_and_finally_put_the_butter_in_the_basket.png	tasks/composeobj_082__first_put_the_milk_in_the_basket_then_put_the_cream_cheese_box_in_the_basket_and_finally_put_the_butter_in_the_basket	composition|6f539a70682318de1f02e5e48d0094b8430bdd78cbc718ac1e7c89a9f51197fb|frozenset({in(butter_1,basket_1_contain_region),in(cream_cheese_1,basket_1_contain_region),in(milk_1,basket_1_contain_region)})
COMPOSEOBJ_083	O1_object_milk_first_3_to_basket	3	true	true	libero_object	308;306;307	pick_up_the_alphabet_soup_and_place_it_in_the_basket;pick_up_the_milk_and_place_it_in_the_basket;pick_up_the_tomato_sauce_and_place_it_in_the_basket;pick_up_the_butter_and_place_it_in_the_basket	Pick the alphabet soup and place it in the basket | Pick the milk and place it in the basket | Pick the tomato sauce and place it in the basket | Pick the butter and place it in the basket	First put the milk in the basket, then put the tomato sauce in the basket, and finally put the butter in the basket.	in(milk_1, basket_1_contain_region); in(tomato_sauce_1, basket_1_contain_region); in(butter_1, basket_1_contain_region)	object_stock_milk_first_pick_up_the_alphabet_soup_and_place_it_in_the_basket_3	Sequence diagnostic in an original LIBERO-Object layout: milk is removed first before the remaining two or three picks. | The physical scene is stock; the unchanged unordered 3-step and 4-step controls already scored 0 successful tasks across 350 candidates. | Object identity has its own original LIBERO-Object pick-to-basket trajectory; its pose in the composite scene may differ. | Object identity has its own original LIBERO-Object pick-to-basket trajectory; its pose in the composite scene may differ. | Object identity has its own original LIBERO-Object pick-to-basket trajectory; its pose in the composite scene may differ.	5	6	comparison_png/COMPOSEOBJ_083__first_put_the_milk_in_the_basket_then_put_the_tomato_sauce_in_the_basket_and_finally_put_the_butter_in_the_basket.png	tasks/composeobj_083__first_put_the_milk_in_the_basket_then_put_the_tomato_sauce_in_the_basket_and_finally_put_the_butter_in_the_basket	composition|6f539a70682318de1f02e5e48d0094b8430bdd78cbc718ac1e7c89a9f51197fb|frozenset({in(butter_1,basket_1_contain_region),in(milk_1,basket_1_contain_region),in(tomato_sauce_1,basket_1_contain_region)})
COMPOSEOBJ_084	O1_object_milk_first_4_to_basket	4	true	true	libero_object	308;301;303;302	pick_up_the_alphabet_soup_and_place_it_in_the_basket;pick_up_the_milk_and_place_it_in_the_basket;pick_up_the_salad_dressing_and_place_it_in_the_basket;pick_up_the_cream_cheese_and_place_it_in_the_basket	Pick the alphabet soup and place it in the basket | Pick the milk and place it in the basket | Pick the salad dressing and place it in the basket | Pick the cream cheese and place it in the basket	First put the milk in the basket, then put the alphabet soup in the basket, then put the salad dressing in the basket, and finally put the cream cheese box in the basket.	in(milk_1, basket_1_contain_region); in(alphabet_soup_1, basket_1_contain_region); in(salad_dressing_1, basket_1_contain_region); in(cream_cheese_1, basket_1_contain_region)	object_stock_milk_first_pick_up_the_alphabet_soup_and_place_it_in_the_basket_4	Sequence diagnostic in an original LIBERO-Object layout: milk is removed first before the remaining two or three picks. | The physical scene is stock; the unchanged unordered 3-step and 4-step controls already scored 0 successful tasks across 350 candidates. | Object identity has its own original LIBERO-Object pick-to-basket trajectory; its pose in the composite scene may differ. | Object identity has its own original LIBERO-Object pick-to-basket trajectory; its pose in the composite scene may differ. | Object identity has its own original LIBERO-Object pick-to-basket trajectory; its pose in the composite scene may differ. | Object identity has its own original LIBERO-Object pick-to-basket trajectory; its pose in the composite scene may differ.	5	8	comparison_png/COMPOSEOBJ_084__first_put_the_milk_in_the_basket_then_put_the_alphabet_soup_in_the_basket_then_put_the_salad_dressing_in_the_basket_and_finally_put_the_cream_cheese_b.png	tasks/composeobj_084__first_put_the_milk_in_the_basket_then_put_the_alphabet_soup_in_the_basket_then_put_the_salad_dressing_in_the_basket_and_finally_put_the_cream_cheese_b	composition|6f539a70682318de1f02e5e48d0094b8430bdd78cbc718ac1e7c89a9f51197fb|frozenset({in(alphabet_soup_1,basket_1_contain_region),in(cream_cheese_1,basket_1_contain_region),in(milk_1,basket_1_contain_region),in(salad_dressing_1,basket_1_contain_region)})
COMPOSEOBJ_085	O1_object_milk_first_4_to_basket	4	true	true	libero_object	308;301;303;306	pick_up_the_alphabet_soup_and_place_it_in_the_basket;pick_up_the_milk_and_place_it_in_the_basket;pick_up_the_salad_dressing_and_place_it_in_the_basket;pick_up_the_tomato_sauce_and_place_it_in_the_basket	Pick the alphabet soup and place it in the basket | Pick the milk and place it in the basket | Pick the salad dressing and place it in the basket | Pick the tomato sauce and place it in the basket	First put the milk in the basket, then put the alphabet soup in the basket, then put the salad dressing in the basket, and finally put the tomato sauce in the basket.	in(milk_1, basket_1_contain_region); in(alphabet_soup_1, basket_1_contain_region); in(salad_dressing_1, basket_1_contain_region); in(tomato_sauce_1, basket_1_contain_region)	object_stock_milk_first_pick_up_the_alphabet_soup_and_place_it_in_the_basket_4	Sequence diagnostic in an original LIBERO-Object layout: milk is removed first before the remaining two or three picks. | The physical scene is stock; the unchanged unordered 3-step and 4-step controls already scored 0 successful tasks across 350 candidates. | Object identity has its own original LIBERO-Object pick-to-basket trajectory; its pose in the composite scene may differ. | Object identity has its own original LIBERO-Object pick-to-basket trajectory; its pose in the composite scene may differ. | Object identity has its own original LIBERO-Object pick-to-basket trajectory; its pose in the composite scene may differ. | Object identity has its own original LIBERO-Object pick-to-basket trajectory; its pose in the composite scene may differ.	5	8	comparison_png/COMPOSEOBJ_085__first_put_the_milk_in_the_basket_then_put_the_alphabet_soup_in_the_basket_then_put_the_salad_dressing_in_the_basket_and_finally_put_the_tomato_sauce_i.png	tasks/composeobj_085__first_put_the_milk_in_the_basket_then_put_the_alphabet_soup_in_the_basket_then_put_the_salad_dressing_in_the_basket_and_finally_put_the_tomato_sauce_i	composition|6f539a70682318de1f02e5e48d0094b8430bdd78cbc718ac1e7c89a9f51197fb|frozenset({in(alphabet_soup_1,basket_1_contain_region),in(milk_1,basket_1_contain_region),in(salad_dressing_1,basket_1_contain_region),in(tomato_sauce_1,basket_1_contain_region)})
COMPOSEOBJ_086	O1_object_milk_first_4_to_basket	4	true	true	libero_object	308;301;303;307	pick_up_the_alphabet_soup_and_place_it_in_the_basket;pick_up_the_milk_and_place_it_in_the_basket;pick_up_the_salad_dressing_and_place_it_in_the_basket;pick_up_the_butter_and_place_it_in_the_basket	Pick the alphabet soup and place it in the basket | Pick the milk and place it in the basket | Pick the salad dressing and place it in the basket | Pick the butter and place it in the basket	First put the milk in the basket, then put the alphabet soup in the basket, then put the salad dressing in the basket, and finally put the butter in the basket.	in(milk_1, basket_1_contain_region); in(alphabet_soup_1, basket_1_contain_region); in(salad_dressing_1, basket_1_contain_region); in(butter_1, basket_1_contain_region)	object_stock_milk_first_pick_up_the_alphabet_soup_and_place_it_in_the_basket_4	Sequence diagnostic in an original LIBERO-Object layout: milk is removed first before the remaining two or three picks. | The physical scene is stock; the unchanged unordered 3-step and 4-step controls already scored 0 successful tasks across 350 candidates. | Object identity has its own original LIBERO-Object pick-to-basket trajectory; its pose in the composite scene may differ. | Object identity has its own original LIBERO-Object pick-to-basket trajectory; its pose in the composite scene may differ. | Object identity has its own original LIBERO-Object pick-to-basket trajectory; its pose in the composite scene may differ. | Object identity has its own original LIBERO-Object pick-to-basket trajectory; its pose in the composite scene may differ.	5	8	comparison_png/COMPOSEOBJ_086__first_put_the_milk_in_the_basket_then_put_the_alphabet_soup_in_the_basket_then_put_the_salad_dressing_in_the_basket_and_finally_put_the_butter_in_the.png	tasks/composeobj_086__first_put_the_milk_in_the_basket_then_put_the_alphabet_soup_in_the_basket_then_put_the_salad_dressing_in_the_basket_and_finally_put_the_butter_in_the	composition|6f539a70682318de1f02e5e48d0094b8430bdd78cbc718ac1e7c89a9f51197fb|frozenset({in(alphabet_soup_1,basket_1_contain_region),in(butter_1,basket_1_contain_region),in(milk_1,basket_1_contain_region),in(salad_dressing_1,basket_1_contain_region)})
COMPOSEOBJ_087	O1_object_milk_first_4_to_basket	4	true	true	libero_object	308;301;302;306	pick_up_the_alphabet_soup_and_place_it_in_the_basket;pick_up_the_milk_and_place_it_in_the_basket;pick_up_the_cream_cheese_and_place_it_in_the_basket;pick_up_the_tomato_sauce_and_place_it_in_the_basket	Pick the alphabet soup and place it in the basket | Pick the milk and place it in the basket | Pick the cream cheese and place it in the basket | Pick the tomato sauce and place it in the basket	First put the milk in the basket, then put the alphabet soup in the basket, then put the cream cheese box in the basket, and finally put the tomato sauce in the basket.	in(milk_1, basket_1_contain_region); in(alphabet_soup_1, basket_1_contain_region); in(cream_cheese_1, basket_1_contain_region); in(tomato_sauce_1, basket_1_contain_region)	object_stock_milk_first_pick_up_the_alphabet_soup_and_place_it_in_the_basket_4	Sequence diagnostic in an original LIBERO-Object layout: milk is removed first before the remaining two or three picks. | The physical scene is stock; the unchanged unordered 3-step and 4-step controls already scored 0 successful tasks across 350 candidates. | Object identity has its own original LIBERO-Object pick-to-basket trajectory; its pose in the composite scene may differ. | Object identity has its own original LIBERO-Object pick-to-basket trajectory; its pose in the composite scene may differ. | Object identity has its own original LIBERO-Object pick-to-basket trajectory; its pose in the composite scene may differ. | Object identity has its own original LIBERO-Object pick-to-basket trajectory; its pose in the composite scene may differ.	5	8	comparison_png/COMPOSEOBJ_087__first_put_the_milk_in_the_basket_then_put_the_alphabet_soup_in_the_basket_then_put_the_cream_cheese_box_in_the_basket_and_finally_put_the_tomato_sauce.png	tasks/composeobj_087__first_put_the_milk_in_the_basket_then_put_the_alphabet_soup_in_the_basket_then_put_the_cream_cheese_box_in_the_basket_and_finally_put_the_tomato_sauce	composition|6f539a70682318de1f02e5e48d0094b8430bdd78cbc718ac1e7c89a9f51197fb|frozenset({in(alphabet_soup_1,basket_1_contain_region),in(cream_cheese_1,basket_1_contain_region),in(milk_1,basket_1_contain_region),in(tomato_sauce_1,basket_1_contain_region)})
COMPOSEOBJ_088	O1_object_milk_first_4_to_basket	4	true	true	libero_object	308;301;302;307	pick_up_the_alphabet_soup_and_place_it_in_the_basket;pick_up_the_milk_and_place_it_in_the_basket;pick_up_the_cream_cheese_and_place_it_in_the_basket;pick_up_the_butter_and_place_it_in_the_basket	Pick the alphabet soup and place it in the basket | Pick the milk and place it in the basket | Pick the cream cheese and place it in the basket | Pick the butter and place it in the basket	First put the milk in the basket, then put the alphabet soup in the basket, then put the cream cheese box in the basket, and finally put the butter in the basket.	in(milk_1, basket_1_contain_region); in(alphabet_soup_1, basket_1_contain_region); in(cream_cheese_1, basket_1_contain_region); in(butter_1, basket_1_contain_region)	object_stock_milk_first_pick_up_the_alphabet_soup_and_place_it_in_the_basket_4	Sequence diagnostic in an original LIBERO-Object layout: milk is removed first before the remaining two or three picks. | The physical scene is stock; the unchanged unordered 3-step and 4-step controls already scored 0 successful tasks across 350 candidates. | Object identity has its own original LIBERO-Object pick-to-basket trajectory; its pose in the composite scene may differ. | Object identity has its own original LIBERO-Object pick-to-basket trajectory; its pose in the composite scene may differ. | Object identity has its own original LIBERO-Object pick-to-basket trajectory; its pose in the composite scene may differ. | Object identity has its own original LIBERO-Object pick-to-basket trajectory; its pose in the composite scene may differ.	5	8	comparison_png/COMPOSEOBJ_088__first_put_the_milk_in_the_basket_then_put_the_alphabet_soup_in_the_basket_then_put_the_cream_cheese_box_in_the_basket_and_finally_put_the_butter_in_th.png	tasks/composeobj_088__first_put_the_milk_in_the_basket_then_put_the_alphabet_soup_in_the_basket_then_put_the_cream_cheese_box_in_the_basket_and_finally_put_the_butter_in_th	composition|6f539a70682318de1f02e5e48d0094b8430bdd78cbc718ac1e7c89a9f51197fb|frozenset({in(alphabet_soup_1,basket_1_contain_region),in(butter_1,basket_1_contain_region),in(cream_cheese_1,basket_1_contain_region),in(milk_1,basket_1_contain_region)})
COMPOSEOBJ_089	O1_object_milk_first_4_to_basket	4	true	true	libero_object	308;301;306;307	pick_up_the_alphabet_soup_and_place_it_in_the_basket;pick_up_the_milk_and_place_it_in_the_basket;pick_up_the_tomato_sauce_and_place_it_in_the_basket;pick_up_the_butter_and_place_it_in_the_basket	Pick the alphabet soup and place it in the basket | Pick the milk and place it in the basket | Pick the tomato sauce and place it in the basket | Pick the butter and place it in the basket	First put the milk in the basket, then put the alphabet soup in the basket, then put the tomato sauce in the basket, and finally put the butter in the basket.	in(milk_1, basket_1_contain_region); in(alphabet_soup_1, basket_1_contain_region); in(tomato_sauce_1, basket_1_contain_region); in(butter_1, basket_1_contain_region)	object_stock_milk_first_pick_up_the_alphabet_soup_and_place_it_in_the_basket_4	Sequence diagnostic in an original LIBERO-Object layout: milk is removed first before the remaining two or three picks. | The physical scene is stock; the unchanged unordered 3-step and 4-step controls already scored 0 successful tasks across 350 candidates. | Object identity has its own original LIBERO-Object pick-to-basket trajectory; its pose in the composite scene may differ. | Object identity has its own original LIBERO-Object pick-to-basket trajectory; its pose in the composite scene may differ. | Object identity has its own original LIBERO-Object pick-to-basket trajectory; its pose in the composite scene may differ. | Object identity has its own original LIBERO-Object pick-to-basket trajectory; its pose in the composite scene may differ.	5	8	comparison_png/COMPOSEOBJ_089__first_put_the_milk_in_the_basket_then_put_the_alphabet_soup_in_the_basket_then_put_the_tomato_sauce_in_the_basket_and_finally_put_the_butter_in_the_ba.png	tasks/composeobj_089__first_put_the_milk_in_the_basket_then_put_the_alphabet_soup_in_the_basket_then_put_the_tomato_sauce_in_the_basket_and_finally_put_the_butter_in_the_ba	composition|6f539a70682318de1f02e5e48d0094b8430bdd78cbc718ac1e7c89a9f51197fb|frozenset({in(alphabet_soup_1,basket_1_contain_region),in(butter_1,basket_1_contain_region),in(milk_1,basket_1_contain_region),in(tomato_sauce_1,basket_1_contain_region)})
COMPOSEOBJ_090	O1_object_milk_first_4_to_basket	4	true	true	libero_object	308;303;302;306	pick_up_the_alphabet_soup_and_place_it_in_the_basket;pick_up_the_milk_and_place_it_in_the_basket;pick_up_the_salad_dressing_and_place_it_in_the_basket;pick_up_the_cream_cheese_and_place_it_in_the_basket;pick_up_the_tomato_sauce_and_place_it_in_the_basket	Pick the alphabet soup and place it in the basket | Pick the milk and place it in the basket | Pick the salad dressing and place it in the basket | Pick the cream cheese and place it in the basket | Pick the tomato sauce and place it in the basket	First put the milk in the basket, then put the salad dressing in the basket, then put the cream cheese box in the basket, and finally put the tomato sauce in the basket.	in(milk_1, basket_1_contain_region); in(salad_dressing_1, basket_1_contain_region); in(cream_cheese_1, basket_1_contain_region); in(tomato_sauce_1, basket_1_contain_region)	object_stock_milk_first_pick_up_the_alphabet_soup_and_place_it_in_the_basket_4	Sequence diagnostic in an original LIBERO-Object layout: milk is removed first before the remaining two or three picks. | The physical scene is stock; the unchanged unordered 3-step and 4-step controls already scored 0 successful tasks across 350 candidates. | Object identity has its own original LIBERO-Object pick-to-basket trajectory; its pose in the composite scene may differ. | Object identity has its own original LIBERO-Object pick-to-basket trajectory; its pose in the composite scene may differ. | Object identity has its own original LIBERO-Object pick-to-basket trajectory; its pose in the composite scene may differ. | Object identity has its own original LIBERO-Object pick-to-basket trajectory; its pose in the composite scene may differ.	5	8	comparison_png/COMPOSEOBJ_090__first_put_the_milk_in_the_basket_then_put_the_salad_dressing_in_the_basket_then_put_the_cream_cheese_box_in_the_basket_and_finally_put_the_tomato_sauc.png	tasks/composeobj_090__first_put_the_milk_in_the_basket_then_put_the_salad_dressing_in_the_basket_then_put_the_cream_cheese_box_in_the_basket_and_finally_put_the_tomato_sauc	composition|6f539a70682318de1f02e5e48d0094b8430bdd78cbc718ac1e7c89a9f51197fb|frozenset({in(cream_cheese_1,basket_1_contain_region),in(milk_1,basket_1_contain_region),in(salad_dressing_1,basket_1_contain_region),in(tomato_sauce_1,basket_1_contain_region)})
COMPOSEOBJ_091	O1_object_milk_first_4_to_basket	4	true	true	libero_object	308;303;302;307	pick_up_the_alphabet_soup_and_place_it_in_the_basket;pick_up_the_milk_and_place_it_in_the_basket;pick_up_the_salad_dressing_and_place_it_in_the_basket;pick_up_the_cream_cheese_and_place_it_in_the_basket;pick_up_the_butter_and_place_it_in_the_basket	Pick the alphabet soup and place it in the basket | Pick the milk and place it in the basket | Pick the salad dressing and place it in the basket | Pick the cream cheese and place it in the basket | Pick the butter and place it in the basket	First put the milk in the basket, then put the salad dressing in the basket, then put the cream cheese box in the basket, and finally put the butter in the basket.	in(milk_1, basket_1_contain_region); in(salad_dressing_1, basket_1_contain_region); in(cream_cheese_1, basket_1_contain_region); in(butter_1, basket_1_contain_region)	object_stock_milk_first_pick_up_the_alphabet_soup_and_place_it_in_the_basket_4	Sequence diagnostic in an original LIBERO-Object layout: milk is removed first before the remaining two or three picks. | The physical scene is stock; the unchanged unordered 3-step and 4-step controls already scored 0 successful tasks across 350 candidates. | Object identity has its own original LIBERO-Object pick-to-basket trajectory; its pose in the composite scene may differ. | Object identity has its own original LIBERO-Object pick-to-basket trajectory; its pose in the composite scene may differ. | Object identity has its own original LIBERO-Object pick-to-basket trajectory; its pose in the composite scene may differ. | Object identity has its own original LIBERO-Object pick-to-basket trajectory; its pose in the composite scene may differ.	5	8	comparison_png/COMPOSEOBJ_091__first_put_the_milk_in_the_basket_then_put_the_salad_dressing_in_the_basket_then_put_the_cream_cheese_box_in_the_basket_and_finally_put_the_butter_in_t.png	tasks/composeobj_091__first_put_the_milk_in_the_basket_then_put_the_salad_dressing_in_the_basket_then_put_the_cream_cheese_box_in_the_basket_and_finally_put_the_butter_in_t	composition|6f539a70682318de1f02e5e48d0094b8430bdd78cbc718ac1e7c89a9f51197fb|frozenset({in(butter_1,basket_1_contain_region),in(cream_cheese_1,basket_1_contain_region),in(milk_1,basket_1_contain_region),in(salad_dressing_1,basket_1_contain_region)})
COMPOSEOBJ_092	O1_object_milk_first_4_to_basket	4	true	true	libero_object	308;303;306;307	pick_up_the_alphabet_soup_and_place_it_in_the_basket;pick_up_the_milk_and_place_it_in_the_basket;pick_up_the_salad_dressing_and_place_it_in_the_basket;pick_up_the_tomato_sauce_and_place_it_in_the_basket;pick_up_the_butter_and_place_it_in_the_basket	Pick the alphabet soup and place it in the basket | Pick the milk and place it in the basket | Pick the salad dressing and place it in the basket | Pick the tomato sauce and place it in the basket | Pick the butter and place it in the basket	First put the milk in the basket, then put the salad dressing in the basket, then put the tomato sauce in the basket, and finally put the butter in the basket.	in(milk_1, basket_1_contain_region); in(salad_dressing_1, basket_1_contain_region); in(tomato_sauce_1, basket_1_contain_region); in(butter_1, basket_1_contain_region)	object_stock_milk_first_pick_up_the_alphabet_soup_and_place_it_in_the_basket_4	Sequence diagnostic in an original LIBERO-Object layout: milk is removed first before the remaining two or three picks. | The physical scene is stock; the unchanged unordered 3-step and 4-step controls already scored 0 successful tasks across 350 candidates. | Object identity has its own original LIBERO-Object pick-to-basket trajectory; its pose in the composite scene may differ. | Object identity has its own original LIBERO-Object pick-to-basket trajectory; its pose in the composite scene may differ. | Object identity has its own original LIBERO-Object pick-to-basket trajectory; its pose in the composite scene may differ. | Object identity has its own original LIBERO-Object pick-to-basket trajectory; its pose in the composite scene may differ.	5	8	comparison_png/COMPOSEOBJ_092__first_put_the_milk_in_the_basket_then_put_the_salad_dressing_in_the_basket_then_put_the_tomato_sauce_in_the_basket_and_finally_put_the_butter_in_the_b.png	tasks/composeobj_092__first_put_the_milk_in_the_basket_then_put_the_salad_dressing_in_the_basket_then_put_the_tomato_sauce_in_the_basket_and_finally_put_the_butter_in_the_b	composition|6f539a70682318de1f02e5e48d0094b8430bdd78cbc718ac1e7c89a9f51197fb|frozenset({in(butter_1,basket_1_contain_region),in(milk_1,basket_1_contain_region),in(salad_dressing_1,basket_1_contain_region),in(tomato_sauce_1,basket_1_contain_region)})
COMPOSEOBJ_093	O1_object_milk_first_4_to_basket	4	true	true	libero_object	308;302;306;307	pick_up_the_alphabet_soup_and_place_it_in_the_basket;pick_up_the_milk_and_place_it_in_the_basket;pick_up_the_cream_cheese_and_place_it_in_the_basket;pick_up_the_tomato_sauce_and_place_it_in_the_basket;pick_up_the_butter_and_place_it_in_the_basket	Pick the alphabet soup and place it in the basket | Pick the milk and place it in the basket | Pick the cream cheese and place it in the basket | Pick the tomato sauce and place it in the basket | Pick the butter and place it in the basket	First put the milk in the basket, then put the cream cheese box in the basket, then put the tomato sauce in the basket, and finally put the butter in the basket.	in(milk_1, basket_1_contain_region); in(cream_cheese_1, basket_1_contain_region); in(tomato_sauce_1, basket_1_contain_region); in(butter_1, basket_1_contain_region)	object_stock_milk_first_pick_up_the_alphabet_soup_and_place_it_in_the_basket_4	Sequence diagnostic in an original LIBERO-Object layout: milk is removed first before the remaining two or three picks. | The physical scene is stock; the unchanged unordered 3-step and 4-step controls already scored 0 successful tasks across 350 candidates. | Object identity has its own original LIBERO-Object pick-to-basket trajectory; its pose in the composite scene may differ. | Object identity has its own original LIBERO-Object pick-to-basket trajectory; its pose in the composite scene may differ. | Object identity has its own original LIBERO-Object pick-to-basket trajectory; its pose in the composite scene may differ. | Object identity has its own original LIBERO-Object pick-to-basket trajectory; its pose in the composite scene may differ.	5	8	comparison_png/COMPOSEOBJ_093__first_put_the_milk_in_the_basket_then_put_the_cream_cheese_box_in_the_basket_then_put_the_tomato_sauce_in_the_basket_and_finally_put_the_butter_in_the.png	tasks/composeobj_093__first_put_the_milk_in_the_basket_then_put_the_cream_cheese_box_in_the_basket_then_put_the_tomato_sauce_in_the_basket_and_finally_put_the_butter_in_the	composition|6f539a70682318de1f02e5e48d0094b8430bdd78cbc718ac1e7c89a9f51197fb|frozenset({in(butter_1,basket_1_contain_region),in(cream_cheese_1,basket_1_contain_region),in(milk_1,basket_1_contain_region),in(tomato_sauce_1,basket_1_contain_region)})
COMPOSEOBJ_094	O2_object_milk_upper_swap_3_to_basket	3	true	false	libero_object	301;303;302	pick_up_the_alphabet_soup_and_place_it_in_the_basket;pick_up_the_salad_dressing_and_place_it_in_the_basket;pick_up_the_cream_cheese_and_place_it_in_the_basket	Pick the alphabet soup and place it in the basket | Pick the salad dressing and place it in the basket | Pick the cream cheese and place it in the basket	Put the alphabet soup in the basket, then put the salad dressing in the basket, and finally put the cream cheese box in the basket.	in(alphabet_soup_1, basket_1_contain_region); in(salad_dressing_1, basket_1_contain_region); in(cream_cheese_1, basket_1_contain_region)	object_milk_upper_swap_pick_up_the_alphabet_soup_and_place_it_in_the_basket	Milk is swapped into floor_other_object_region_1 (the upper/back slot); cream_cheese_1 moves to milk's former floor_other_object_region_2 slot. | The five non-milk objects and basket remain exactly the same identities as the source Object scene. | Object identity has its own original LIBERO-Object pick-to-basket trajectory; its pose in the composite scene may differ. | Object identity has its own original LIBERO-Object pick-to-basket trajectory; its pose in the composite scene may differ. | Object identity has its own original LIBERO-Object pick-to-basket trajectory; its pose in the composite scene may differ.	5	6	comparison_png/COMPOSEOBJ_094__put_the_alphabet_soup_in_the_basket_then_put_the_salad_dressing_in_the_basket_and_finally_put_the_cream_cheese_box_in_the_basket.png	tasks/composeobj_094__put_the_alphabet_soup_in_the_basket_then_put_the_salad_dressing_in_the_basket_and_finally_put_the_cream_cheese_box_in_the_basket	composition|0f6f48777c5858c05f2a641b28d4a186fbf7e47c93e8adc9ca62b88965ef150c|frozenset({in(alphabet_soup_1,basket_1_contain_region),in(cream_cheese_1,basket_1_contain_region),in(salad_dressing_1,basket_1_contain_region)})
COMPOSEOBJ_095	O2_object_milk_upper_swap_3_to_basket	3	true	false	libero_object	301;303;306	pick_up_the_alphabet_soup_and_place_it_in_the_basket;pick_up_the_salad_dressing_and_place_it_in_the_basket;pick_up_the_tomato_sauce_and_place_it_in_the_basket	Pick the alphabet soup and place it in the basket | Pick the salad dressing and place it in the basket | Pick the tomato sauce and place it in the basket	Put the alphabet soup in the basket, then put the salad dressing in the basket, and finally put the tomato sauce in the basket.	in(alphabet_soup_1, basket_1_contain_region); in(salad_dressing_1, basket_1_contain_region); in(tomato_sauce_1, basket_1_contain_region)	object_milk_upper_swap_pick_up_the_alphabet_soup_and_place_it_in_the_basket	Milk is swapped into floor_other_object_region_1 (the upper/back slot); cream_cheese_1 moves to milk's former floor_other_object_region_2 slot. | The five non-milk objects and basket remain exactly the same identities as the source Object scene. | Object identity has its own original LIBERO-Object pick-to-basket trajectory; its pose in the composite scene may differ. | Object identity has its own original LIBERO-Object pick-to-basket trajectory; its pose in the composite scene may differ. | Object identity has its own original LIBERO-Object pick-to-basket trajectory; its pose in the composite scene may differ.	5	6	comparison_png/COMPOSEOBJ_095__put_the_alphabet_soup_in_the_basket_then_put_the_salad_dressing_in_the_basket_and_finally_put_the_tomato_sauce_in_the_basket.png	tasks/composeobj_095__put_the_alphabet_soup_in_the_basket_then_put_the_salad_dressing_in_the_basket_and_finally_put_the_tomato_sauce_in_the_basket	composition|0f6f48777c5858c05f2a641b28d4a186fbf7e47c93e8adc9ca62b88965ef150c|frozenset({in(alphabet_soup_1,basket_1_contain_region),in(salad_dressing_1,basket_1_contain_region),in(tomato_sauce_1,basket_1_contain_region)})
COMPOSEOBJ_096	O2_object_milk_upper_swap_3_to_basket	3	true	false	libero_object	301;303;307	pick_up_the_alphabet_soup_and_place_it_in_the_basket;pick_up_the_salad_dressing_and_place_it_in_the_basket;pick_up_the_butter_and_place_it_in_the_basket	Pick the alphabet soup and place it in the basket | Pick the salad dressing and place it in the basket | Pick the butter and place it in the basket	Put the alphabet soup in the basket, then put the salad dressing in the basket, and finally put the butter in the basket.	in(alphabet_soup_1, basket_1_contain_region); in(salad_dressing_1, basket_1_contain_region); in(butter_1, basket_1_contain_region)	object_milk_upper_swap_pick_up_the_alphabet_soup_and_place_it_in_the_basket	Milk is swapped into floor_other_object_region_1 (the upper/back slot); cream_cheese_1 moves to milk's former floor_other_object_region_2 slot. | The five non-milk objects and basket remain exactly the same identities as the source Object scene. | Object identity has its own original LIBERO-Object pick-to-basket trajectory; its pose in the composite scene may differ. | Object identity has its own original LIBERO-Object pick-to-basket trajectory; its pose in the composite scene may differ. | Object identity has its own original LIBERO-Object pick-to-basket trajectory; its pose in the composite scene may differ.	5	6	comparison_png/COMPOSEOBJ_096__put_the_alphabet_soup_in_the_basket_then_put_the_salad_dressing_in_the_basket_and_finally_put_the_butter_in_the_basket.png	tasks/composeobj_096__put_the_alphabet_soup_in_the_basket_then_put_the_salad_dressing_in_the_basket_and_finally_put_the_butter_in_the_basket	composition|0f6f48777c5858c05f2a641b28d4a186fbf7e47c93e8adc9ca62b88965ef150c|frozenset({in(alphabet_soup_1,basket_1_contain_region),in(butter_1,basket_1_contain_region),in(salad_dressing_1,basket_1_contain_region)})
COMPOSEOBJ_097	O2_object_milk_upper_swap_3_to_basket	3	true	false	libero_object	301;302;306	pick_up_the_alphabet_soup_and_place_it_in_the_basket;pick_up_the_cream_cheese_and_place_it_in_the_basket;pick_up_the_tomato_sauce_and_place_it_in_the_basket	Pick the alphabet soup and place it in the basket | Pick the cream cheese and place it in the basket | Pick the tomato sauce and place it in the basket	Put the alphabet soup in the basket, then put the cream cheese box in the basket, and finally put the tomato sauce in the basket.	in(alphabet_soup_1, basket_1_contain_region); in(cream_cheese_1, basket_1_contain_region); in(tomato_sauce_1, basket_1_contain_region)	object_milk_upper_swap_pick_up_the_alphabet_soup_and_place_it_in_the_basket	Milk is swapped into floor_other_object_region_1 (the upper/back slot); cream_cheese_1 moves to milk's former floor_other_object_region_2 slot. | The five non-milk objects and basket remain exactly the same identities as the source Object scene. | Object identity has its own original LIBERO-Object pick-to-basket trajectory; its pose in the composite scene may differ. | Object identity has its own original LIBERO-Object pick-to-basket trajectory; its pose in the composite scene may differ. | Object identity has its own original LIBERO-Object pick-to-basket trajectory; its pose in the composite scene may differ.	5	6	comparison_png/COMPOSEOBJ_097__put_the_alphabet_soup_in_the_basket_then_put_the_cream_cheese_box_in_the_basket_and_finally_put_the_tomato_sauce_in_the_basket.png	tasks/composeobj_097__put_the_alphabet_soup_in_the_basket_then_put_the_cream_cheese_box_in_the_basket_and_finally_put_the_tomato_sauce_in_the_basket	composition|0f6f48777c5858c05f2a641b28d4a186fbf7e47c93e8adc9ca62b88965ef150c|frozenset({in(alphabet_soup_1,basket_1_contain_region),in(cream_cheese_1,basket_1_contain_region),in(tomato_sauce_1,basket_1_contain_region)})
COMPOSEOBJ_098	O2_object_milk_upper_swap_3_to_basket	3	true	false	libero_object	301;302;307	pick_up_the_alphabet_soup_and_place_it_in_the_basket;pick_up_the_cream_cheese_and_place_it_in_the_basket;pick_up_the_butter_and_place_it_in_the_basket	Pick the alphabet soup and place it in the basket | Pick the cream cheese and place it in the basket | Pick the butter and place it in the basket	Put the alphabet soup in the basket, then put the cream cheese box in the basket, and finally put the butter in the basket.	in(alphabet_soup_1, basket_1_contain_region); in(cream_cheese_1, basket_1_contain_region); in(butter_1, basket_1_contain_region)	object_milk_upper_swap_pick_up_the_alphabet_soup_and_place_it_in_the_basket	Milk is swapped into floor_other_object_region_1 (the upper/back slot); cream_cheese_1 moves to milk's former floor_other_object_region_2 slot. | The five non-milk objects and basket remain exactly the same identities as the source Object scene. | Object identity has its own original LIBERO-Object pick-to-basket trajectory; its pose in the composite scene may differ. | Object identity has its own original LIBERO-Object pick-to-basket trajectory; its pose in the composite scene may differ. | Object identity has its own original LIBERO-Object pick-to-basket trajectory; its pose in the composite scene may differ.	5	6	comparison_png/COMPOSEOBJ_098__put_the_alphabet_soup_in_the_basket_then_put_the_cream_cheese_box_in_the_basket_and_finally_put_the_butter_in_the_basket.png	tasks/composeobj_098__put_the_alphabet_soup_in_the_basket_then_put_the_cream_cheese_box_in_the_basket_and_finally_put_the_butter_in_the_basket	composition|0f6f48777c5858c05f2a641b28d4a186fbf7e47c93e8adc9ca62b88965ef150c|frozenset({in(alphabet_soup_1,basket_1_contain_region),in(butter_1,basket_1_contain_region),in(cream_cheese_1,basket_1_contain_region)})
COMPOSEOBJ_099	O2_object_milk_upper_swap_3_to_basket	3	true	false	libero_object	301;306;307	pick_up_the_alphabet_soup_and_place_it_in_the_basket;pick_up_the_tomato_sauce_and_place_it_in_the_basket;pick_up_the_butter_and_place_it_in_the_basket	Pick the alphabet soup and place it in the basket | Pick the tomato sauce and place it in the basket | Pick the butter and place it in the basket	Put the alphabet soup in the basket, then put the tomato sauce in the basket, and finally put the butter in the basket.	in(alphabet_soup_1, basket_1_contain_region); in(tomato_sauce_1, basket_1_contain_region); in(butter_1, basket_1_contain_region)	object_milk_upper_swap_pick_up_the_alphabet_soup_and_place_it_in_the_basket	Milk is swapped into floor_other_object_region_1 (the upper/back slot); cream_cheese_1 moves to milk's former floor_other_object_region_2 slot. | The five non-milk objects and basket remain exactly the same identities as the source Object scene. | Object identity has its own original LIBERO-Object pick-to-basket trajectory; its pose in the composite scene may differ. | Object identity has its own original LIBERO-Object pick-to-basket trajectory; its pose in the composite scene may differ. | Object identity has its own original LIBERO-Object pick-to-basket trajectory; its pose in the composite scene may differ.	5	6	comparison_png/COMPOSEOBJ_099__put_the_alphabet_soup_in_the_basket_then_put_the_tomato_sauce_in_the_basket_and_finally_put_the_butter_in_the_basket.png	tasks/composeobj_099__put_the_alphabet_soup_in_the_basket_then_put_the_tomato_sauce_in_the_basket_and_finally_put_the_butter_in_the_basket	composition|0f6f48777c5858c05f2a641b28d4a186fbf7e47c93e8adc9ca62b88965ef150c|frozenset({in(alphabet_soup_1,basket_1_contain_region),in(butter_1,basket_1_contain_region),in(tomato_sauce_1,basket_1_contain_region)})
COMPOSEOBJ_100	O2_object_milk_upper_swap_3_to_basket	3	true	false	libero_object	303;302;306	pick_up_the_alphabet_soup_and_place_it_in_the_basket;pick_up_the_salad_dressing_and_place_it_in_the_basket;pick_up_the_cream_cheese_and_place_it_in_the_basket;pick_up_the_tomato_sauce_and_place_it_in_the_basket	Pick the alphabet soup and place it in the basket | Pick the salad dressing and place it in the basket | Pick the cream cheese and place it in the basket | Pick the tomato sauce and place it in the basket	Put the salad dressing in the basket, then put the cream cheese box in the basket, and finally put the tomato sauce in the basket.	in(salad_dressing_1, basket_1_contain_region); in(cream_cheese_1, basket_1_contain_region); in(tomato_sauce_1, basket_1_contain_region)	object_milk_upper_swap_pick_up_the_alphabet_soup_and_place_it_in_the_basket	Milk is swapped into floor_other_object_region_1 (the upper/back slot); cream_cheese_1 moves to milk's former floor_other_object_region_2 slot. | The five non-milk objects and basket remain exactly the same identities as the source Object scene. | Object identity has its own original LIBERO-Object pick-to-basket trajectory; its pose in the composite scene may differ. | Object identity has its own original LIBERO-Object pick-to-basket trajectory; its pose in the composite scene may differ. | Object identity has its own original LIBERO-Object pick-to-basket trajectory; its pose in the composite scene may differ.	5	6	comparison_png/COMPOSEOBJ_100__put_the_salad_dressing_in_the_basket_then_put_the_cream_cheese_box_in_the_basket_and_finally_put_the_tomato_sauce_in_the_basket.png	tasks/composeobj_100__put_the_salad_dressing_in_the_basket_then_put_the_cream_cheese_box_in_the_basket_and_finally_put_the_tomato_sauce_in_the_basket	composition|0f6f48777c5858c05f2a641b28d4a186fbf7e47c93e8adc9ca62b88965ef150c|frozenset({in(cream_cheese_1,basket_1_contain_region),in(salad_dressing_1,basket_1_contain_region),in(tomato_sauce_1,basket_1_contain_region)})
COMPOSEOBJ_101	O2_object_milk_upper_swap_3_to_basket	3	true	false	libero_object	303;302;307	pick_up_the_alphabet_soup_and_place_it_in_the_basket;pick_up_the_salad_dressing_and_place_it_in_the_basket;pick_up_the_cream_cheese_and_place_it_in_the_basket;pick_up_the_butter_and_place_it_in_the_basket	Pick the alphabet soup and place it in the basket | Pick the salad dressing and place it in the basket | Pick the cream cheese and place it in the basket | Pick the butter and place it in the basket	Put the salad dressing in the basket, then put the cream cheese box in the basket, and finally put the butter in the basket.	in(salad_dressing_1, basket_1_contain_region); in(cream_cheese_1, basket_1_contain_region); in(butter_1, basket_1_contain_region)	object_milk_upper_swap_pick_up_the_alphabet_soup_and_place_it_in_the_basket	Milk is swapped into floor_other_object_region_1 (the upper/back slot); cream_cheese_1 moves to milk's former floor_other_object_region_2 slot. | The five non-milk objects and basket remain exactly the same identities as the source Object scene. | Object identity has its own original LIBERO-Object pick-to-basket trajectory; its pose in the composite scene may differ. | Object identity has its own original LIBERO-Object pick-to-basket trajectory; its pose in the composite scene may differ. | Object identity has its own original LIBERO-Object pick-to-basket trajectory; its pose in the composite scene may differ.	5	6	comparison_png/COMPOSEOBJ_101__put_the_salad_dressing_in_the_basket_then_put_the_cream_cheese_box_in_the_basket_and_finally_put_the_butter_in_the_basket.png	tasks/composeobj_101__put_the_salad_dressing_in_the_basket_then_put_the_cream_cheese_box_in_the_basket_and_finally_put_the_butter_in_the_basket	composition|0f6f48777c5858c05f2a641b28d4a186fbf7e47c93e8adc9ca62b88965ef150c|frozenset({in(butter_1,basket_1_contain_region),in(cream_cheese_1,basket_1_contain_region),in(salad_dressing_1,basket_1_contain_region)})
COMPOSEOBJ_102	O2_object_milk_upper_swap_3_to_basket	3	true	false	libero_object	303;306;307	pick_up_the_alphabet_soup_and_place_it_in_the_basket;pick_up_the_salad_dressing_and_place_it_in_the_basket;pick_up_the_tomato_sauce_and_place_it_in_the_basket;pick_up_the_butter_and_place_it_in_the_basket	Pick the alphabet soup and place it in the basket | Pick the salad dressing and place it in the basket | Pick the tomato sauce and place it in the basket | Pick the butter and place it in the basket	Put the salad dressing in the basket, then put the tomato sauce in the basket, and finally put the butter in the basket.	in(salad_dressing_1, basket_1_contain_region); in(tomato_sauce_1, basket_1_contain_region); in(butter_1, basket_1_contain_region)	object_milk_upper_swap_pick_up_the_alphabet_soup_and_place_it_in_the_basket	Milk is swapped into floor_other_object_region_1 (the upper/back slot); cream_cheese_1 moves to milk's former floor_other_object_region_2 slot. | The five non-milk objects and basket remain exactly the same identities as the source Object scene. | Object identity has its own original LIBERO-Object pick-to-basket trajectory; its pose in the composite scene may differ. | Object identity has its own original LIBERO-Object pick-to-basket trajectory; its pose in the composite scene may differ. | Object identity has its own original LIBERO-Object pick-to-basket trajectory; its pose in the composite scene may differ.	5	6	comparison_png/COMPOSEOBJ_102__put_the_salad_dressing_in_the_basket_then_put_the_tomato_sauce_in_the_basket_and_finally_put_the_butter_in_the_basket.png	tasks/composeobj_102__put_the_salad_dressing_in_the_basket_then_put_the_tomato_sauce_in_the_basket_and_finally_put_the_butter_in_the_basket	composition|0f6f48777c5858c05f2a641b28d4a186fbf7e47c93e8adc9ca62b88965ef150c|frozenset({in(butter_1,basket_1_contain_region),in(salad_dressing_1,basket_1_contain_region),in(tomato_sauce_1,basket_1_contain_region)})
COMPOSEOBJ_103	O2_object_milk_upper_swap_3_to_basket	3	true	false	libero_object	302;306;307	pick_up_the_alphabet_soup_and_place_it_in_the_basket;pick_up_the_cream_cheese_and_place_it_in_the_basket;pick_up_the_tomato_sauce_and_place_it_in_the_basket;pick_up_the_butter_and_place_it_in_the_basket	Pick the alphabet soup and place it in the basket | Pick the cream cheese and place it in the basket | Pick the tomato sauce and place it in the basket | Pick the butter and place it in the basket	Put the cream cheese box in the basket, then put the tomato sauce in the basket, and finally put the butter in the basket.	in(cream_cheese_1, basket_1_contain_region); in(tomato_sauce_1, basket_1_contain_region); in(butter_1, basket_1_contain_region)	object_milk_upper_swap_pick_up_the_alphabet_soup_and_place_it_in_the_basket	Milk is swapped into floor_other_object_region_1 (the upper/back slot); cream_cheese_1 moves to milk's former floor_other_object_region_2 slot. | The five non-milk objects and basket remain exactly the same identities as the source Object scene. | Object identity has its own original LIBERO-Object pick-to-basket trajectory; its pose in the composite scene may differ. | Object identity has its own original LIBERO-Object pick-to-basket trajectory; its pose in the composite scene may differ. | Object identity has its own original LIBERO-Object pick-to-basket trajectory; its pose in the composite scene may differ.	5	6	comparison_png/COMPOSEOBJ_103__put_the_cream_cheese_box_in_the_basket_then_put_the_tomato_sauce_in_the_basket_and_finally_put_the_butter_in_the_basket.png	tasks/composeobj_103__put_the_cream_cheese_box_in_the_basket_then_put_the_tomato_sauce_in_the_basket_and_finally_put_the_butter_in_the_basket	composition|0f6f48777c5858c05f2a641b28d4a186fbf7e47c93e8adc9ca62b88965ef150c|frozenset({in(butter_1,basket_1_contain_region),in(cream_cheese_1,basket_1_contain_region),in(tomato_sauce_1,basket_1_contain_region)})
COMPOSEOBJ_104	O2_object_milk_upper_swap_4_to_basket	4	true	false	libero_object	301;303;302;306	pick_up_the_alphabet_soup_and_place_it_in_the_basket;pick_up_the_salad_dressing_and_place_it_in_the_basket;pick_up_the_cream_cheese_and_place_it_in_the_basket;pick_up_the_tomato_sauce_and_place_it_in_the_basket	Pick the alphabet soup and place it in the basket | Pick the salad dressing and place it in the basket | Pick the cream cheese and place it in the basket | Pick the tomato sauce and place it in the basket	Put the alphabet soup in the basket, then put the salad dressing in the basket, then put the cream cheese box in the basket, and finally put the tomato sauce in the basket.	in(alphabet_soup_1, basket_1_contain_region); in(salad_dressing_1, basket_1_contain_region); in(cream_cheese_1, basket_1_contain_region); in(tomato_sauce_1, basket_1_contain_region)	object_milk_upper_swap_pick_up_the_alphabet_soup_and_place_it_in_the_basket	Milk is swapped into floor_other_object_region_1 (the upper/back slot); cream_cheese_1 moves to milk's former floor_other_object_region_2 slot. | The five non-milk objects and basket remain exactly the same identities as the source Object scene. | Object identity has its own original LIBERO-Object pick-to-basket trajectory; its pose in the composite scene may differ. | Object identity has its own original LIBERO-Object pick-to-basket trajectory; its pose in the composite scene may differ. | Object identity has its own original LIBERO-Object pick-to-basket trajectory; its pose in the composite scene may differ. | Object identity has its own original LIBERO-Object pick-to-basket trajectory; its pose in the composite scene may differ.	5	8	comparison_png/COMPOSEOBJ_104__put_the_alphabet_soup_in_the_basket_then_put_the_salad_dressing_in_the_basket_then_put_the_cream_cheese_box_in_the_basket_and_finally_put_the_tomato_s.png	tasks/composeobj_104__put_the_alphabet_soup_in_the_basket_then_put_the_salad_dressing_in_the_basket_then_put_the_cream_cheese_box_in_the_basket_and_finally_put_the_tomato_s	composition|0f6f48777c5858c05f2a641b28d4a186fbf7e47c93e8adc9ca62b88965ef150c|frozenset({in(alphabet_soup_1,basket_1_contain_region),in(cream_cheese_1,basket_1_contain_region),in(salad_dressing_1,basket_1_contain_region),in(tomato_sauce_1,basket_1_contain_region)})
COMPOSEOBJ_105	O2_object_milk_upper_swap_4_to_basket	4	true	false	libero_object	301;303;302;307	pick_up_the_alphabet_soup_and_place_it_in_the_basket;pick_up_the_salad_dressing_and_place_it_in_the_basket;pick_up_the_cream_cheese_and_place_it_in_the_basket;pick_up_the_butter_and_place_it_in_the_basket	Pick the alphabet soup and place it in the basket | Pick the salad dressing and place it in the basket | Pick the cream cheese and place it in the basket | Pick the butter and place it in the basket	Put the alphabet soup in the basket, then put the salad dressing in the basket, then put the cream cheese box in the basket, and finally put the butter in the basket.	in(alphabet_soup_1, basket_1_contain_region); in(salad_dressing_1, basket_1_contain_region); in(cream_cheese_1, basket_1_contain_region); in(butter_1, basket_1_contain_region)	object_milk_upper_swap_pick_up_the_alphabet_soup_and_place_it_in_the_basket	Milk is swapped into floor_other_object_region_1 (the upper/back slot); cream_cheese_1 moves to milk's former floor_other_object_region_2 slot. | The five non-milk objects and basket remain exactly the same identities as the source Object scene. | Object identity has its own original LIBERO-Object pick-to-basket trajectory; its pose in the composite scene may differ. | Object identity has its own original LIBERO-Object pick-to-basket trajectory; its pose in the composite scene may differ. | Object identity has its own original LIBERO-Object pick-to-basket trajectory; its pose in the composite scene may differ. | Object identity has its own original LIBERO-Object pick-to-basket trajectory; its pose in the composite scene may differ.	5	8	comparison_png/COMPOSEOBJ_105__put_the_alphabet_soup_in_the_basket_then_put_the_salad_dressing_in_the_basket_then_put_the_cream_cheese_box_in_the_basket_and_finally_put_the_butter_i.png	tasks/composeobj_105__put_the_alphabet_soup_in_the_basket_then_put_the_salad_dressing_in_the_basket_then_put_the_cream_cheese_box_in_the_basket_and_finally_put_the_butter_i	composition|0f6f48777c5858c05f2a641b28d4a186fbf7e47c93e8adc9ca62b88965ef150c|frozenset({in(alphabet_soup_1,basket_1_contain_region),in(butter_1,basket_1_contain_region),in(cream_cheese_1,basket_1_contain_region),in(salad_dressing_1,basket_1_contain_region)})
COMPOSEOBJ_106	O2_object_milk_upper_swap_4_to_basket	4	true	false	libero_object	301;303;306;307	pick_up_the_alphabet_soup_and_place_it_in_the_basket;pick_up_the_salad_dressing_and_place_it_in_the_basket;pick_up_the_tomato_sauce_and_place_it_in_the_basket;pick_up_the_butter_and_place_it_in_the_basket	Pick the alphabet soup and place it in the basket | Pick the salad dressing and place it in the basket | Pick the tomato sauce and place it in the basket | Pick the butter and place it in the basket	Put the alphabet soup in the basket, then put the salad dressing in the basket, then put the tomato sauce in the basket, and finally put the butter in the basket.	in(alphabet_soup_1, basket_1_contain_region); in(salad_dressing_1, basket_1_contain_region); in(tomato_sauce_1, basket_1_contain_region); in(butter_1, basket_1_contain_region)	object_milk_upper_swap_pick_up_the_alphabet_soup_and_place_it_in_the_basket	Milk is swapped into floor_other_object_region_1 (the upper/back slot); cream_cheese_1 moves to milk's former floor_other_object_region_2 slot. | The five non-milk objects and basket remain exactly the same identities as the source Object scene. | Object identity has its own original LIBERO-Object pick-to-basket trajectory; its pose in the composite scene may differ. | Object identity has its own original LIBERO-Object pick-to-basket trajectory; its pose in the composite scene may differ. | Object identity has its own original LIBERO-Object pick-to-basket trajectory; its pose in the composite scene may differ. | Object identity has its own original LIBERO-Object pick-to-basket trajectory; its pose in the composite scene may differ.	5	8	comparison_png/COMPOSEOBJ_106__put_the_alphabet_soup_in_the_basket_then_put_the_salad_dressing_in_the_basket_then_put_the_tomato_sauce_in_the_basket_and_finally_put_the_butter_in_th.png	tasks/composeobj_106__put_the_alphabet_soup_in_the_basket_then_put_the_salad_dressing_in_the_basket_then_put_the_tomato_sauce_in_the_basket_and_finally_put_the_butter_in_th	composition|0f6f48777c5858c05f2a641b28d4a186fbf7e47c93e8adc9ca62b88965ef150c|frozenset({in(alphabet_soup_1,basket_1_contain_region),in(butter_1,basket_1_contain_region),in(salad_dressing_1,basket_1_contain_region),in(tomato_sauce_1,basket_1_contain_region)})
COMPOSEOBJ_107	O2_object_milk_upper_swap_4_to_basket	4	true	false	libero_object	301;302;306;307	pick_up_the_alphabet_soup_and_place_it_in_the_basket;pick_up_the_cream_cheese_and_place_it_in_the_basket;pick_up_the_tomato_sauce_and_place_it_in_the_basket;pick_up_the_butter_and_place_it_in_the_basket	Pick the alphabet soup and place it in the basket | Pick the cream cheese and place it in the basket | Pick the tomato sauce and place it in the basket | Pick the butter and place it in the basket	Put the alphabet soup in the basket, then put the cream cheese box in the basket, then put the tomato sauce in the basket, and finally put the butter in the basket.	in(alphabet_soup_1, basket_1_contain_region); in(cream_cheese_1, basket_1_contain_region); in(tomato_sauce_1, basket_1_contain_region); in(butter_1, basket_1_contain_region)	object_milk_upper_swap_pick_up_the_alphabet_soup_and_place_it_in_the_basket	Milk is swapped into floor_other_object_region_1 (the upper/back slot); cream_cheese_1 moves to milk's former floor_other_object_region_2 slot. | The five non-milk objects and basket remain exactly the same identities as the source Object scene. | Object identity has its own original LIBERO-Object pick-to-basket trajectory; its pose in the composite scene may differ. | Object identity has its own original LIBERO-Object pick-to-basket trajectory; its pose in the composite scene may differ. | Object identity has its own original LIBERO-Object pick-to-basket trajectory; its pose in the composite scene may differ. | Object identity has its own original LIBERO-Object pick-to-basket trajectory; its pose in the composite scene may differ.	5	8	comparison_png/COMPOSEOBJ_107__put_the_alphabet_soup_in_the_basket_then_put_the_cream_cheese_box_in_the_basket_then_put_the_tomato_sauce_in_the_basket_and_finally_put_the_butter_in.png	tasks/composeobj_107__put_the_alphabet_soup_in_the_basket_then_put_the_cream_cheese_box_in_the_basket_then_put_the_tomato_sauce_in_the_basket_and_finally_put_the_butter_in	composition|0f6f48777c5858c05f2a641b28d4a186fbf7e47c93e8adc9ca62b88965ef150c|frozenset({in(alphabet_soup_1,basket_1_contain_region),in(butter_1,basket_1_contain_region),in(cream_cheese_1,basket_1_contain_region),in(tomato_sauce_1,basket_1_contain_region)})
COMPOSEOBJ_108	O2_object_milk_upper_swap_4_to_basket	4	true	false	libero_object	303;302;306;307	pick_up_the_alphabet_soup_and_place_it_in_the_basket;pick_up_the_salad_dressing_and_place_it_in_the_basket;pick_up_the_cream_cheese_and_place_it_in_the_basket;pick_up_the_tomato_sauce_and_place_it_in_the_basket;pick_up_the_butter_and_place_it_in_the_basket	Pick the alphabet soup and place it in the basket | Pick the salad dressing and place it in the basket | Pick the cream cheese and place it in the basket | Pick the tomato sauce and place it in the basket | Pick the butter and place it in the basket	Put the salad dressing in the basket, then put the cream cheese box in the basket, then put the tomato sauce in the basket, and finally put the butter in the basket.	in(salad_dressing_1, basket_1_contain_region); in(cream_cheese_1, basket_1_contain_region); in(tomato_sauce_1, basket_1_contain_region); in(butter_1, basket_1_contain_region)	object_milk_upper_swap_pick_up_the_alphabet_soup_and_place_it_in_the_basket	Milk is swapped into floor_other_object_region_1 (the upper/back slot); cream_cheese_1 moves to milk's former floor_other_object_region_2 slot. | The five non-milk objects and basket remain exactly the same identities as the source Object scene. | Object identity has its own original LIBERO-Object pick-to-basket trajectory; its pose in the composite scene may differ. | Object identity has its own original LIBERO-Object pick-to-basket trajectory; its pose in the composite scene may differ. | Object identity has its own original LIBERO-Object pick-to-basket trajectory; its pose in the composite scene may differ. | Object identity has its own original LIBERO-Object pick-to-basket trajectory; its pose in the composite scene may differ.	5	8	comparison_png/COMPOSEOBJ_108__put_the_salad_dressing_in_the_basket_then_put_the_cream_cheese_box_in_the_basket_then_put_the_tomato_sauce_in_the_basket_and_finally_put_the_butter_in.png	tasks/composeobj_108__put_the_salad_dressing_in_the_basket_then_put_the_cream_cheese_box_in_the_basket_then_put_the_tomato_sauce_in_the_basket_and_finally_put_the_butter_in	composition|0f6f48777c5858c05f2a641b28d4a186fbf7e47c93e8adc9ca62b88965ef150c|frozenset({in(butter_1,basket_1_contain_region),in(cream_cheese_1,basket_1_contain_region),in(salad_dressing_1,basket_1_contain_region),in(tomato_sauce_1,basket_1_contain_region)})
COMPOSEOBJ_109	O1_object_milk_first_3_to_basket	3	true	true	libero_object	308;302;301	pick_up_the_cream_cheese_and_place_it_in_the_basket;pick_up_the_milk_and_place_it_in_the_basket;pick_up_the_alphabet_soup_and_place_it_in_the_basket	Pick the cream cheese and place it in the basket | Pick the milk and place it in the basket | Pick the alphabet soup and place it in the basket	First put the milk in the basket, then put the cream cheese box in the basket, and finally put the alphabet soup in the basket.	in(milk_1, basket_1_contain_region); in(cream_cheese_1, basket_1_contain_region); in(alphabet_soup_1, basket_1_contain_region)	object_stock_milk_first_pick_up_the_cream_cheese_and_place_it_in_the_basket_3	Sequence diagnostic in an original LIBERO-Object layout: milk is removed first before the remaining two or three picks. | The physical scene is stock; the unchanged unordered 3-step and 4-step controls already scored 0 successful tasks across 350 candidates. | Object identity has its own original LIBERO-Object pick-to-basket trajectory; its pose in the composite scene may differ. | Object identity has its own original LIBERO-Object pick-to-basket trajectory; its pose in the composite scene may differ. | Object identity has its own original LIBERO-Object pick-to-basket trajectory; its pose in the composite scene may differ.	5	6	comparison_png/COMPOSEOBJ_109__first_put_the_milk_in_the_basket_then_put_the_cream_cheese_box_in_the_basket_and_finally_put_the_alphabet_soup_in_the_basket.png	tasks/composeobj_109__first_put_the_milk_in_the_basket_then_put_the_cream_cheese_box_in_the_basket_and_finally_put_the_alphabet_soup_in_the_basket	composition|a057c2029b41a4edf6117413a040d21e74cf9f15af32f59e0cdb88c1dc833bab|frozenset({in(alphabet_soup_1,basket_1_contain_region),in(cream_cheese_1,basket_1_contain_region),in(milk_1,basket_1_contain_region)})
COMPOSEOBJ_110	O1_object_milk_first_3_to_basket	3	true	true	libero_object	308;302;306	pick_up_the_cream_cheese_and_place_it_in_the_basket;pick_up_the_milk_and_place_it_in_the_basket;pick_up_the_tomato_sauce_and_place_it_in_the_basket	Pick the cream cheese and place it in the basket | Pick the milk and place it in the basket | Pick the tomato sauce and place it in the basket	First put the milk in the basket, then put the cream cheese box in the basket, and finally put the tomato sauce in the basket.	in(milk_1, basket_1_contain_region); in(cream_cheese_1, basket_1_contain_region); in(tomato_sauce_1, basket_1_contain_region)	object_stock_milk_first_pick_up_the_cream_cheese_and_place_it_in_the_basket_3	Sequence diagnostic in an original LIBERO-Object layout: milk is removed first before the remaining two or three picks. | The physical scene is stock; the unchanged unordered 3-step and 4-step controls already scored 0 successful tasks across 350 candidates. | Object identity has its own original LIBERO-Object pick-to-basket trajectory; its pose in the composite scene may differ. | Object identity has its own original LIBERO-Object pick-to-basket trajectory; its pose in the composite scene may differ. | Object identity has its own original LIBERO-Object pick-to-basket trajectory; its pose in the composite scene may differ.	5	6	comparison_png/COMPOSEOBJ_110__first_put_the_milk_in_the_basket_then_put_the_cream_cheese_box_in_the_basket_and_finally_put_the_tomato_sauce_in_the_basket.png	tasks/composeobj_110__first_put_the_milk_in_the_basket_then_put_the_cream_cheese_box_in_the_basket_and_finally_put_the_tomato_sauce_in_the_basket	composition|a057c2029b41a4edf6117413a040d21e74cf9f15af32f59e0cdb88c1dc833bab|frozenset({in(cream_cheese_1,basket_1_contain_region),in(milk_1,basket_1_contain_region),in(tomato_sauce_1,basket_1_contain_region)})
COMPOSEOBJ_111	O1_object_milk_first_3_to_basket	3	true	true	libero_object	308;302;307	pick_up_the_cream_cheese_and_place_it_in_the_basket;pick_up_the_milk_and_place_it_in_the_basket;pick_up_the_butter_and_place_it_in_the_basket	Pick the cream cheese and place it in the basket | Pick the milk and place it in the basket | Pick the butter and place it in the basket	First put the milk in the basket, then put the cream cheese box in the basket, and finally put the butter in the basket.	in(milk_1, basket_1_contain_region); in(cream_cheese_1, basket_1_contain_region); in(butter_1, basket_1_contain_region)	object_stock_milk_first_pick_up_the_cream_cheese_and_place_it_in_the_basket_3	Sequence diagnostic in an original LIBERO-Object layout: milk is removed first before the remaining two or three picks. | The physical scene is stock; the unchanged unordered 3-step and 4-step controls already scored 0 successful tasks across 350 candidates. | Object identity has its own original LIBERO-Object pick-to-basket trajectory; its pose in the composite scene may differ. | Object identity has its own original LIBERO-Object pick-to-basket trajectory; its pose in the composite scene may differ. | Object identity has its own original LIBERO-Object pick-to-basket trajectory; its pose in the composite scene may differ.	5	6	comparison_png/COMPOSEOBJ_111__first_put_the_milk_in_the_basket_then_put_the_cream_cheese_box_in_the_basket_and_finally_put_the_butter_in_the_basket.png	tasks/composeobj_111__first_put_the_milk_in_the_basket_then_put_the_cream_cheese_box_in_the_basket_and_finally_put_the_butter_in_the_basket	composition|a057c2029b41a4edf6117413a040d21e74cf9f15af32f59e0cdb88c1dc833bab|frozenset({in(butter_1,basket_1_contain_region),in(cream_cheese_1,basket_1_contain_region),in(milk_1,basket_1_contain_region)})
COMPOSEOBJ_112	O1_object_milk_first_3_to_basket	3	true	true	libero_object	308;302;310	pick_up_the_cream_cheese_and_place_it_in_the_basket;pick_up_the_milk_and_place_it_in_the_basket;pick_up_the_orange_juice_and_place_it_in_the_basket	Pick the cream cheese and place it in the basket | Pick the milk and place it in the basket | Pick the orange juice and place it in the basket	First put the milk in the basket, then put the cream cheese box in the basket, and finally put the orange juice in the basket.	in(milk_1, basket_1_contain_region); in(cream_cheese_1, basket_1_contain_region); in(orange_juice_1, basket_1_contain_region)	object_stock_milk_first_pick_up_the_cream_cheese_and_place_it_in_the_basket_3	Sequence diagnostic in an original LIBERO-Object layout: milk is removed first before the remaining two or three picks. | The physical scene is stock; the unchanged unordered 3-step and 4-step controls already scored 0 successful tasks across 350 candidates. | Object identity has its own original LIBERO-Object pick-to-basket trajectory; its pose in the composite scene may differ. | Object identity has its own original LIBERO-Object pick-to-basket trajectory; its pose in the composite scene may differ. | Object identity has its own original LIBERO-Object pick-to-basket trajectory; its pose in the composite scene may differ.	5	6	comparison_png/COMPOSEOBJ_112__first_put_the_milk_in_the_basket_then_put_the_cream_cheese_box_in_the_basket_and_finally_put_the_orange_juice_in_the_basket.png	tasks/composeobj_112__first_put_the_milk_in_the_basket_then_put_the_cream_cheese_box_in_the_basket_and_finally_put_the_orange_juice_in_the_basket	composition|a057c2029b41a4edf6117413a040d21e74cf9f15af32f59e0cdb88c1dc833bab|frozenset({in(cream_cheese_1,basket_1_contain_region),in(milk_1,basket_1_contain_region),in(orange_juice_1,basket_1_contain_region)})
COMPOSEOBJ_113	O1_object_milk_first_3_to_basket	3	true	true	libero_object	308;301;306	pick_up_the_cream_cheese_and_place_it_in_the_basket;pick_up_the_milk_and_place_it_in_the_basket;pick_up_the_alphabet_soup_and_place_it_in_the_basket;pick_up_the_tomato_sauce_and_place_it_in_the_basket	Pick the cream cheese and place it in the basket | Pick the milk and place it in the basket | Pick the alphabet soup and place it in the basket | Pick the tomato sauce and place it in the basket	First put the milk in the basket, then put the alphabet soup in the basket, and finally put the tomato sauce in the basket.	in(milk_1, basket_1_contain_region); in(alphabet_soup_1, basket_1_contain_region); in(tomato_sauce_1, basket_1_contain_region)	object_stock_milk_first_pick_up_the_cream_cheese_and_place_it_in_the_basket_3	Sequence diagnostic in an original LIBERO-Object layout: milk is removed first before the remaining two or three picks. | The physical scene is stock; the unchanged unordered 3-step and 4-step controls already scored 0 successful tasks across 350 candidates. | Object identity has its own original LIBERO-Object pick-to-basket trajectory; its pose in the composite scene may differ. | Object identity has its own original LIBERO-Object pick-to-basket trajectory; its pose in the composite scene may differ. | Object identity has its own original LIBERO-Object pick-to-basket trajectory; its pose in the composite scene may differ.	5	6	comparison_png/COMPOSEOBJ_113__first_put_the_milk_in_the_basket_then_put_the_alphabet_soup_in_the_basket_and_finally_put_the_tomato_sauce_in_the_basket.png	tasks/composeobj_113__first_put_the_milk_in_the_basket_then_put_the_alphabet_soup_in_the_basket_and_finally_put_the_tomato_sauce_in_the_basket	composition|a057c2029b41a4edf6117413a040d21e74cf9f15af32f59e0cdb88c1dc833bab|frozenset({in(alphabet_soup_1,basket_1_contain_region),in(milk_1,basket_1_contain_region),in(tomato_sauce_1,basket_1_contain_region)})
COMPOSEOBJ_114	O1_object_milk_first_3_to_basket	3	true	true	libero_object	308;301;307	pick_up_the_cream_cheese_and_place_it_in_the_basket;pick_up_the_milk_and_place_it_in_the_basket;pick_up_the_alphabet_soup_and_place_it_in_the_basket;pick_up_the_butter_and_place_it_in_the_basket	Pick the cream cheese and place it in the basket | Pick the milk and place it in the basket | Pick the alphabet soup and place it in the basket | Pick the butter and place it in the basket	First put the milk in the basket, then put the alphabet soup in the basket, and finally put the butter in the basket.	in(milk_1, basket_1_contain_region); in(alphabet_soup_1, basket_1_contain_region); in(butter_1, basket_1_contain_region)	object_stock_milk_first_pick_up_the_cream_cheese_and_place_it_in_the_basket_3	Sequence diagnostic in an original LIBERO-Object layout: milk is removed first before the remaining two or three picks. | The physical scene is stock; the unchanged unordered 3-step and 4-step controls already scored 0 successful tasks across 350 candidates. | Object identity has its own original LIBERO-Object pick-to-basket trajectory; its pose in the composite scene may differ. | Object identity has its own original LIBERO-Object pick-to-basket trajectory; its pose in the composite scene may differ. | Object identity has its own original LIBERO-Object pick-to-basket trajectory; its pose in the composite scene may differ.	5	6	comparison_png/COMPOSEOBJ_114__first_put_the_milk_in_the_basket_then_put_the_alphabet_soup_in_the_basket_and_finally_put_the_butter_in_the_basket.png	tasks/composeobj_114__first_put_the_milk_in_the_basket_then_put_the_alphabet_soup_in_the_basket_and_finally_put_the_butter_in_the_basket	composition|a057c2029b41a4edf6117413a040d21e74cf9f15af32f59e0cdb88c1dc833bab|frozenset({in(alphabet_soup_1,basket_1_contain_region),in(butter_1,basket_1_contain_region),in(milk_1,basket_1_contain_region)})
COMPOSEOBJ_115	O1_object_milk_first_3_to_basket	3	true	true	libero_object	308;301;310	pick_up_the_cream_cheese_and_place_it_in_the_basket;pick_up_the_milk_and_place_it_in_the_basket;pick_up_the_alphabet_soup_and_place_it_in_the_basket;pick_up_the_orange_juice_and_place_it_in_the_basket	Pick the cream cheese and place it in the basket | Pick the milk and place it in the basket | Pick the alphabet soup and place it in the basket | Pick the orange juice and place it in the basket	First put the milk in the basket, then put the alphabet soup in the basket, and finally put the orange juice in the basket.	in(milk_1, basket_1_contain_region); in(alphabet_soup_1, basket_1_contain_region); in(orange_juice_1, basket_1_contain_region)	object_stock_milk_first_pick_up_the_cream_cheese_and_place_it_in_the_basket_3	Sequence diagnostic in an original LIBERO-Object layout: milk is removed first before the remaining two or three picks. | The physical scene is stock; the unchanged unordered 3-step and 4-step controls already scored 0 successful tasks across 350 candidates. | Object identity has its own original LIBERO-Object pick-to-basket trajectory; its pose in the composite scene may differ. | Object identity has its own original LIBERO-Object pick-to-basket trajectory; its pose in the composite scene may differ. | Object identity has its own original LIBERO-Object pick-to-basket trajectory; its pose in the composite scene may differ.	5	6	comparison_png/COMPOSEOBJ_115__first_put_the_milk_in_the_basket_then_put_the_alphabet_soup_in_the_basket_and_finally_put_the_orange_juice_in_the_basket.png	tasks/composeobj_115__first_put_the_milk_in_the_basket_then_put_the_alphabet_soup_in_the_basket_and_finally_put_the_orange_juice_in_the_basket	composition|a057c2029b41a4edf6117413a040d21e74cf9f15af32f59e0cdb88c1dc833bab|frozenset({in(alphabet_soup_1,basket_1_contain_region),in(milk_1,basket_1_contain_region),in(orange_juice_1,basket_1_contain_region)})
COMPOSEOBJ_116	O1_object_milk_first_3_to_basket	3	true	true	libero_object	308;306;307	pick_up_the_cream_cheese_and_place_it_in_the_basket;pick_up_the_milk_and_place_it_in_the_basket;pick_up_the_tomato_sauce_and_place_it_in_the_basket;pick_up_the_butter_and_place_it_in_the_basket	Pick the cream cheese and place it in the basket | Pick the milk and place it in the basket | Pick the tomato sauce and place it in the basket | Pick the butter and place it in the basket	First put the milk in the basket, then put the tomato sauce in the basket, and finally put the butter in the basket.	in(milk_1, basket_1_contain_region); in(tomato_sauce_1, basket_1_contain_region); in(butter_1, basket_1_contain_region)	object_stock_milk_first_pick_up_the_cream_cheese_and_place_it_in_the_basket_3	Sequence diagnostic in an original LIBERO-Object layout: milk is removed first before the remaining two or three picks. | The physical scene is stock; the unchanged unordered 3-step and 4-step controls already scored 0 successful tasks across 350 candidates. | Object identity has its own original LIBERO-Object pick-to-basket trajectory; its pose in the composite scene may differ. | Object identity has its own original LIBERO-Object pick-to-basket trajectory; its pose in the composite scene may differ. | Object identity has its own original LIBERO-Object pick-to-basket trajectory; its pose in the composite scene may differ.	5	6	comparison_png/COMPOSEOBJ_116__first_put_the_milk_in_the_basket_then_put_the_tomato_sauce_in_the_basket_and_finally_put_the_butter_in_the_basket.png	tasks/composeobj_116__first_put_the_milk_in_the_basket_then_put_the_tomato_sauce_in_the_basket_and_finally_put_the_butter_in_the_basket	composition|a057c2029b41a4edf6117413a040d21e74cf9f15af32f59e0cdb88c1dc833bab|frozenset({in(butter_1,basket_1_contain_region),in(milk_1,basket_1_contain_region),in(tomato_sauce_1,basket_1_contain_region)})
COMPOSEOBJ_117	O1_object_milk_first_3_to_basket	3	true	true	libero_object	308;306;310	pick_up_the_cream_cheese_and_place_it_in_the_basket;pick_up_the_milk_and_place_it_in_the_basket;pick_up_the_tomato_sauce_and_place_it_in_the_basket;pick_up_the_orange_juice_and_place_it_in_the_basket	Pick the cream cheese and place it in the basket | Pick the milk and place it in the basket | Pick the tomato sauce and place it in the basket | Pick the orange juice and place it in the basket	First put the milk in the basket, then put the tomato sauce in the basket, and finally put the orange juice in the basket.	in(milk_1, basket_1_contain_region); in(tomato_sauce_1, basket_1_contain_region); in(orange_juice_1, basket_1_contain_region)	object_stock_milk_first_pick_up_the_cream_cheese_and_place_it_in_the_basket_3	Sequence diagnostic in an original LIBERO-Object layout: milk is removed first before the remaining two or three picks. | The physical scene is stock; the unchanged unordered 3-step and 4-step controls already scored 0 successful tasks across 350 candidates. | Object identity has its own original LIBERO-Object pick-to-basket trajectory; its pose in the composite scene may differ. | Object identity has its own original LIBERO-Object pick-to-basket trajectory; its pose in the composite scene may differ. | Object identity has its own original LIBERO-Object pick-to-basket trajectory; its pose in the composite scene may differ.	5	6	comparison_png/COMPOSEOBJ_117__first_put_the_milk_in_the_basket_then_put_the_tomato_sauce_in_the_basket_and_finally_put_the_orange_juice_in_the_basket.png	tasks/composeobj_117__first_put_the_milk_in_the_basket_then_put_the_tomato_sauce_in_the_basket_and_finally_put_the_orange_juice_in_the_basket	composition|a057c2029b41a4edf6117413a040d21e74cf9f15af32f59e0cdb88c1dc833bab|frozenset({in(milk_1,basket_1_contain_region),in(orange_juice_1,basket_1_contain_region),in(tomato_sauce_1,basket_1_contain_region)})
COMPOSEOBJ_118	O1_object_milk_first_3_to_basket	3	true	true	libero_object	308;307;310	pick_up_the_cream_cheese_and_place_it_in_the_basket;pick_up_the_milk_and_place_it_in_the_basket;pick_up_the_butter_and_place_it_in_the_basket;pick_up_the_orange_juice_and_place_it_in_the_basket	Pick the cream cheese and place it in the basket | Pick the milk and place it in the basket | Pick the butter and place it in the basket | Pick the orange juice and place it in the basket	First put the milk in the basket, then put the butter in the basket, and finally put the orange juice in the basket.	in(milk_1, basket_1_contain_region); in(butter_1, basket_1_contain_region); in(orange_juice_1, basket_1_contain_region)	object_stock_milk_first_pick_up_the_cream_cheese_and_place_it_in_the_basket_3	Sequence diagnostic in an original LIBERO-Object layout: milk is removed first before the remaining two or three picks. | The physical scene is stock; the unchanged unordered 3-step and 4-step controls already scored 0 successful tasks across 350 candidates. | Object identity has its own original LIBERO-Object pick-to-basket trajectory; its pose in the composite scene may differ. | Object identity has its own original LIBERO-Object pick-to-basket trajectory; its pose in the composite scene may differ. | Object identity has its own original LIBERO-Object pick-to-basket trajectory; its pose in the composite scene may differ.	5	6	comparison_png/COMPOSEOBJ_118__first_put_the_milk_in_the_basket_then_put_the_butter_in_the_basket_and_finally_put_the_orange_juice_in_the_basket.png	tasks/composeobj_118__first_put_the_milk_in_the_basket_then_put_the_butter_in_the_basket_and_finally_put_the_orange_juice_in_the_basket	composition|a057c2029b41a4edf6117413a040d21e74cf9f15af32f59e0cdb88c1dc833bab|frozenset({in(butter_1,basket_1_contain_region),in(milk_1,basket_1_contain_region),in(orange_juice_1,basket_1_contain_region)})
COMPOSEOBJ_119	O1_object_milk_first_4_to_basket	4	true	true	libero_object	308;302;301;306	pick_up_the_cream_cheese_and_place_it_in_the_basket;pick_up_the_milk_and_place_it_in_the_basket;pick_up_the_alphabet_soup_and_place_it_in_the_basket;pick_up_the_tomato_sauce_and_place_it_in_the_basket	Pick the cream cheese and place it in the basket | Pick the milk and place it in the basket | Pick the alphabet soup and place it in the basket | Pick the tomato sauce and place it in the basket	First put the milk in the basket, then put the cream cheese box in the basket, then put the alphabet soup in the basket, and finally put the tomato sauce in the basket.	in(milk_1, basket_1_contain_region); in(cream_cheese_1, basket_1_contain_region); in(alphabet_soup_1, basket_1_contain_region); in(tomato_sauce_1, basket_1_contain_region)	object_stock_milk_first_pick_up_the_cream_cheese_and_place_it_in_the_basket_4	Sequence diagnostic in an original LIBERO-Object layout: milk is removed first before the remaining two or three picks. | The physical scene is stock; the unchanged unordered 3-step and 4-step controls already scored 0 successful tasks across 350 candidates. | Object identity has its own original LIBERO-Object pick-to-basket trajectory; its pose in the composite scene may differ. | Object identity has its own original LIBERO-Object pick-to-basket trajectory; its pose in the composite scene may differ. | Object identity has its own original LIBERO-Object pick-to-basket trajectory; its pose in the composite scene may differ. | Object identity has its own original LIBERO-Object pick-to-basket trajectory; its pose in the composite scene may differ.	5	8	comparison_png/COMPOSEOBJ_119__first_put_the_milk_in_the_basket_then_put_the_cream_cheese_box_in_the_basket_then_put_the_alphabet_soup_in_the_basket_and_finally_put_the_tomato_sauce.png	tasks/composeobj_119__first_put_the_milk_in_the_basket_then_put_the_cream_cheese_box_in_the_basket_then_put_the_alphabet_soup_in_the_basket_and_finally_put_the_tomato_sauce	composition|a057c2029b41a4edf6117413a040d21e74cf9f15af32f59e0cdb88c1dc833bab|frozenset({in(alphabet_soup_1,basket_1_contain_region),in(cream_cheese_1,basket_1_contain_region),in(milk_1,basket_1_contain_region),in(tomato_sauce_1,basket_1_contain_region)})
COMPOSEOBJ_120	O1_object_milk_first_4_to_basket	4	true	true	libero_object	308;302;301;307	pick_up_the_cream_cheese_and_place_it_in_the_basket;pick_up_the_milk_and_place_it_in_the_basket;pick_up_the_alphabet_soup_and_place_it_in_the_basket;pick_up_the_butter_and_place_it_in_the_basket	Pick the cream cheese and place it in the basket | Pick the milk and place it in the basket | Pick the alphabet soup and place it in the basket | Pick the butter and place it in the basket	First put the milk in the basket, then put the cream cheese box in the basket, then put the alphabet soup in the basket, and finally put the butter in the basket.	in(milk_1, basket_1_contain_region); in(cream_cheese_1, basket_1_contain_region); in(alphabet_soup_1, basket_1_contain_region); in(butter_1, basket_1_contain_region)	object_stock_milk_first_pick_up_the_cream_cheese_and_place_it_in_the_basket_4	Sequence diagnostic in an original LIBERO-Object layout: milk is removed first before the remaining two or three picks. | The physical scene is stock; the unchanged unordered 3-step and 4-step controls already scored 0 successful tasks across 350 candidates. | Object identity has its own original LIBERO-Object pick-to-basket trajectory; its pose in the composite scene may differ. | Object identity has its own original LIBERO-Object pick-to-basket trajectory; its pose in the composite scene may differ. | Object identity has its own original LIBERO-Object pick-to-basket trajectory; its pose in the composite scene may differ. | Object identity has its own original LIBERO-Object pick-to-basket trajectory; its pose in the composite scene may differ.	5	8	comparison_png/COMPOSEOBJ_120__first_put_the_milk_in_the_basket_then_put_the_cream_cheese_box_in_the_basket_then_put_the_alphabet_soup_in_the_basket_and_finally_put_the_butter_in_th.png	tasks/composeobj_120__first_put_the_milk_in_the_basket_then_put_the_cream_cheese_box_in_the_basket_then_put_the_alphabet_soup_in_the_basket_and_finally_put_the_butter_in_th	composition|a057c2029b41a4edf6117413a040d21e74cf9f15af32f59e0cdb88c1dc833bab|frozenset({in(alphabet_soup_1,basket_1_contain_region),in(butter_1,basket_1_contain_region),in(cream_cheese_1,basket_1_contain_region),in(milk_1,basket_1_contain_region)})
COMPOSEOBJ_121	O1_object_milk_first_4_to_basket	4	true	true	libero_object	308;302;301;310	pick_up_the_cream_cheese_and_place_it_in_the_basket;pick_up_the_milk_and_place_it_in_the_basket;pick_up_the_alphabet_soup_and_place_it_in_the_basket;pick_up_the_orange_juice_and_place_it_in_the_basket	Pick the cream cheese and place it in the basket | Pick the milk and place it in the basket | Pick the alphabet soup and place it in the basket | Pick the orange juice and place it in the basket	First put the milk in the basket, then put the cream cheese box in the basket, then put the alphabet soup in the basket, and finally put the orange juice in the basket.	in(milk_1, basket_1_contain_region); in(cream_cheese_1, basket_1_contain_region); in(alphabet_soup_1, basket_1_contain_region); in(orange_juice_1, basket_1_contain_region)	object_stock_milk_first_pick_up_the_cream_cheese_and_place_it_in_the_basket_4	Sequence diagnostic in an original LIBERO-Object layout: milk is removed first before the remaining two or three picks. | The physical scene is stock; the unchanged unordered 3-step and 4-step controls already scored 0 successful tasks across 350 candidates. | Object identity has its own original LIBERO-Object pick-to-basket trajectory; its pose in the composite scene may differ. | Object identity has its own original LIBERO-Object pick-to-basket trajectory; its pose in the composite scene may differ. | Object identity has its own original LIBERO-Object pick-to-basket trajectory; its pose in the composite scene may differ. | Object identity has its own original LIBERO-Object pick-to-basket trajectory; its pose in the composite scene may differ.	5	8	comparison_png/COMPOSEOBJ_121__first_put_the_milk_in_the_basket_then_put_the_cream_cheese_box_in_the_basket_then_put_the_alphabet_soup_in_the_basket_and_finally_put_the_orange_juice.png	tasks/composeobj_121__first_put_the_milk_in_the_basket_then_put_the_cream_cheese_box_in_the_basket_then_put_the_alphabet_soup_in_the_basket_and_finally_put_the_orange_juice	composition|a057c2029b41a4edf6117413a040d21e74cf9f15af32f59e0cdb88c1dc833bab|frozenset({in(alphabet_soup_1,basket_1_contain_region),in(cream_cheese_1,basket_1_contain_region),in(milk_1,basket_1_contain_region),in(orange_juice_1,basket_1_contain_region)})
COMPOSEOBJ_122	O1_object_milk_first_4_to_basket	4	true	true	libero_object	308;302;306;307	pick_up_the_cream_cheese_and_place_it_in_the_basket;pick_up_the_milk_and_place_it_in_the_basket;pick_up_the_tomato_sauce_and_place_it_in_the_basket;pick_up_the_butter_and_place_it_in_the_basket	Pick the cream cheese and place it in the basket | Pick the milk and place it in the basket | Pick the tomato sauce and place it in the basket | Pick the butter and place it in the basket	First put the milk in the basket, then put the cream cheese box in the basket, then put the tomato sauce in the basket, and finally put the butter in the basket.	in(milk_1, basket_1_contain_region); in(cream_cheese_1, basket_1_contain_region); in(tomato_sauce_1, basket_1_contain_region); in(butter_1, basket_1_contain_region)	object_stock_milk_first_pick_up_the_cream_cheese_and_place_it_in_the_basket_4	Sequence diagnostic in an original LIBERO-Object layout: milk is removed first before the remaining two or three picks. | The physical scene is stock; the unchanged unordered 3-step and 4-step controls already scored 0 successful tasks across 350 candidates. | Object identity has its own original LIBERO-Object pick-to-basket trajectory; its pose in the composite scene may differ. | Object identity has its own original LIBERO-Object pick-to-basket trajectory; its pose in the composite scene may differ. | Object identity has its own original LIBERO-Object pick-to-basket trajectory; its pose in the composite scene may differ. | Object identity has its own original LIBERO-Object pick-to-basket trajectory; its pose in the composite scene may differ.	5	8	comparison_png/COMPOSEOBJ_122__first_put_the_milk_in_the_basket_then_put_the_cream_cheese_box_in_the_basket_then_put_the_tomato_sauce_in_the_basket_and_finally_put_the_butter_in_the.png	tasks/composeobj_122__first_put_the_milk_in_the_basket_then_put_the_cream_cheese_box_in_the_basket_then_put_the_tomato_sauce_in_the_basket_and_finally_put_the_butter_in_the	composition|a057c2029b41a4edf6117413a040d21e74cf9f15af32f59e0cdb88c1dc833bab|frozenset({in(butter_1,basket_1_contain_region),in(cream_cheese_1,basket_1_contain_region),in(milk_1,basket_1_contain_region),in(tomato_sauce_1,basket_1_contain_region)})
COMPOSEOBJ_123	O1_object_milk_first_4_to_basket	4	true	true	libero_object	308;302;306;310	pick_up_the_cream_cheese_and_place_it_in_the_basket;pick_up_the_milk_and_place_it_in_the_basket;pick_up_the_tomato_sauce_and_place_it_in_the_basket;pick_up_the_orange_juice_and_place_it_in_the_basket	Pick the cream cheese and place it in the basket | Pick the milk and place it in the basket | Pick the tomato sauce and place it in the basket | Pick the orange juice and place it in the basket	First put the milk in the basket, then put the cream cheese box in the basket, then put the tomato sauce in the basket, and finally put the orange juice in the basket.	in(milk_1, basket_1_contain_region); in(cream_cheese_1, basket_1_contain_region); in(tomato_sauce_1, basket_1_contain_region); in(orange_juice_1, basket_1_contain_region)	object_stock_milk_first_pick_up_the_cream_cheese_and_place_it_in_the_basket_4	Sequence diagnostic in an original LIBERO-Object layout: milk is removed first before the remaining two or three picks. | The physical scene is stock; the unchanged unordered 3-step and 4-step controls already scored 0 successful tasks across 350 candidates. | Object identity has its own original LIBERO-Object pick-to-basket trajectory; its pose in the composite scene may differ. | Object identity has its own original LIBERO-Object pick-to-basket trajectory; its pose in the composite scene may differ. | Object identity has its own original LIBERO-Object pick-to-basket trajectory; its pose in the composite scene may differ. | Object identity has its own original LIBERO-Object pick-to-basket trajectory; its pose in the composite scene may differ.	5	8	comparison_png/COMPOSEOBJ_123__first_put_the_milk_in_the_basket_then_put_the_cream_cheese_box_in_the_basket_then_put_the_tomato_sauce_in_the_basket_and_finally_put_the_orange_juice.png	tasks/composeobj_123__first_put_the_milk_in_the_basket_then_put_the_cream_cheese_box_in_the_basket_then_put_the_tomato_sauce_in_the_basket_and_finally_put_the_orange_juice	composition|a057c2029b41a4edf6117413a040d21e74cf9f15af32f59e0cdb88c1dc833bab|frozenset({in(cream_cheese_1,basket_1_contain_region),in(milk_1,basket_1_contain_region),in(orange_juice_1,basket_1_contain_region),in(tomato_sauce_1,basket_1_contain_region)})
COMPOSEOBJ_124	O1_object_milk_first_4_to_basket	4	true	true	libero_object	308;302;307;310	pick_up_the_cream_cheese_and_place_it_in_the_basket;pick_up_the_milk_and_place_it_in_the_basket;pick_up_the_butter_and_place_it_in_the_basket;pick_up_the_orange_juice_and_place_it_in_the_basket	Pick the cream cheese and place it in the basket | Pick the milk and place it in the basket | Pick the butter and place it in the basket | Pick the orange juice and place it in the basket	First put the milk in the basket, then put the cream cheese box in the basket, then put the butter in the basket, and finally put the orange juice in the basket.	in(milk_1, basket_1_contain_region); in(cream_cheese_1, basket_1_contain_region); in(butter_1, basket_1_contain_region); in(orange_juice_1, basket_1_contain_region)	object_stock_milk_first_pick_up_the_cream_cheese_and_place_it_in_the_basket_4	Sequence diagnostic in an original LIBERO-Object layout: milk is removed first before the remaining two or three picks. | The physical scene is stock; the unchanged unordered 3-step and 4-step controls already scored 0 successful tasks across 350 candidates. | Object identity has its own original LIBERO-Object pick-to-basket trajectory; its pose in the composite scene may differ. | Object identity has its own original LIBERO-Object pick-to-basket trajectory; its pose in the composite scene may differ. | Object identity has its own original LIBERO-Object pick-to-basket trajectory; its pose in the composite scene may differ. | Object identity has its own original LIBERO-Object pick-to-basket trajectory; its pose in the composite scene may differ.	5	8	comparison_png/COMPOSEOBJ_124__first_put_the_milk_in_the_basket_then_put_the_cream_cheese_box_in_the_basket_then_put_the_butter_in_the_basket_and_finally_put_the_orange_juice_in_the.png	tasks/composeobj_124__first_put_the_milk_in_the_basket_then_put_the_cream_cheese_box_in_the_basket_then_put_the_butter_in_the_basket_and_finally_put_the_orange_juice_in_the	composition|a057c2029b41a4edf6117413a040d21e74cf9f15af32f59e0cdb88c1dc833bab|frozenset({in(butter_1,basket_1_contain_region),in(cream_cheese_1,basket_1_contain_region),in(milk_1,basket_1_contain_region),in(orange_juice_1,basket_1_contain_region)})
COMPOSEOBJ_125	O1_object_milk_first_4_to_basket	4	true	true	libero_object	308;301;306;307	pick_up_the_cream_cheese_and_place_it_in_the_basket;pick_up_the_milk_and_place_it_in_the_basket;pick_up_the_alphabet_soup_and_place_it_in_the_basket;pick_up_the_tomato_sauce_and_place_it_in_the_basket;pick_up_the_butter_and_place_it_in_the_basket	Pick the cream cheese and place it in the basket | Pick the milk and place it in the basket | Pick the alphabet soup and place it in the basket | Pick the tomato sauce and place it in the basket | Pick the butter and place it in the basket	First put the milk in the basket, then put the alphabet soup in the basket, then put the tomato sauce in the basket, and finally put the butter in the basket.	in(milk_1, basket_1_contain_region); in(alphabet_soup_1, basket_1_contain_region); in(tomato_sauce_1, basket_1_contain_region); in(butter_1, basket_1_contain_region)	object_stock_milk_first_pick_up_the_cream_cheese_and_place_it_in_the_basket_4	Sequence diagnostic in an original LIBERO-Object layout: milk is removed first before the remaining two or three picks. | The physical scene is stock; the unchanged unordered 3-step and 4-step controls already scored 0 successful tasks across 350 candidates. | Object identity has its own original LIBERO-Object pick-to-basket trajectory; its pose in the composite scene may differ. | Object identity has its own original LIBERO-Object pick-to-basket trajectory; its pose in the composite scene may differ. | Object identity has its own original LIBERO-Object pick-to-basket trajectory; its pose in the composite scene may differ. | Object identity has its own original LIBERO-Object pick-to-basket trajectory; its pose in the composite scene may differ.	5	8	comparison_png/COMPOSEOBJ_125__first_put_the_milk_in_the_basket_then_put_the_alphabet_soup_in_the_basket_then_put_the_tomato_sauce_in_the_basket_and_finally_put_the_butter_in_the_ba.png	tasks/composeobj_125__first_put_the_milk_in_the_basket_then_put_the_alphabet_soup_in_the_basket_then_put_the_tomato_sauce_in_the_basket_and_finally_put_the_butter_in_the_ba	composition|a057c2029b41a4edf6117413a040d21e74cf9f15af32f59e0cdb88c1dc833bab|frozenset({in(alphabet_soup_1,basket_1_contain_region),in(butter_1,basket_1_contain_region),in(milk_1,basket_1_contain_region),in(tomato_sauce_1,basket_1_contain_region)})
COMPOSEOBJ_126	O1_object_milk_first_4_to_basket	4	true	true	libero_object	308;301;306;310	pick_up_the_cream_cheese_and_place_it_in_the_basket;pick_up_the_milk_and_place_it_in_the_basket;pick_up_the_alphabet_soup_and_place_it_in_the_basket;pick_up_the_tomato_sauce_and_place_it_in_the_basket;pick_up_the_orange_juice_and_place_it_in_the_basket	Pick the cream cheese and place it in the basket | Pick the milk and place it in the basket | Pick the alphabet soup and place it in the basket | Pick the tomato sauce and place it in the basket | Pick the orange juice and place it in the basket	First put the milk in the basket, then put the alphabet soup in the basket, then put the tomato sauce in the basket, and finally put the orange juice in the basket.	in(milk_1, basket_1_contain_region); in(alphabet_soup_1, basket_1_contain_region); in(tomato_sauce_1, basket_1_contain_region); in(orange_juice_1, basket_1_contain_region)	object_stock_milk_first_pick_up_the_cream_cheese_and_place_it_in_the_basket_4	Sequence diagnostic in an original LIBERO-Object layout: milk is removed first before the remaining two or three picks. | The physical scene is stock; the unchanged unordered 3-step and 4-step controls already scored 0 successful tasks across 350 candidates. | Object identity has its own original LIBERO-Object pick-to-basket trajectory; its pose in the composite scene may differ. | Object identity has its own original LIBERO-Object pick-to-basket trajectory; its pose in the composite scene may differ. | Object identity has its own original LIBERO-Object pick-to-basket trajectory; its pose in the composite scene may differ. | Object identity has its own original LIBERO-Object pick-to-basket trajectory; its pose in the composite scene may differ.	5	8	comparison_png/COMPOSEOBJ_126__first_put_the_milk_in_the_basket_then_put_the_alphabet_soup_in_the_basket_then_put_the_tomato_sauce_in_the_basket_and_finally_put_the_orange_juice_in.png	tasks/composeobj_126__first_put_the_milk_in_the_basket_then_put_the_alphabet_soup_in_the_basket_then_put_the_tomato_sauce_in_the_basket_and_finally_put_the_orange_juice_in	composition|a057c2029b41a4edf6117413a040d21e74cf9f15af32f59e0cdb88c1dc833bab|frozenset({in(alphabet_soup_1,basket_1_contain_region),in(milk_1,basket_1_contain_region),in(orange_juice_1,basket_1_contain_region),in(tomato_sauce_1,basket_1_contain_region)})
COMPOSEOBJ_127	O1_object_milk_first_4_to_basket	4	true	true	libero_object	308;301;307;310	pick_up_the_cream_cheese_and_place_it_in_the_basket;pick_up_the_milk_and_place_it_in_the_basket;pick_up_the_alphabet_soup_and_place_it_in_the_basket;pick_up_the_butter_and_place_it_in_the_basket;pick_up_the_orange_juice_and_place_it_in_the_basket	Pick the cream cheese and place it in the basket | Pick the milk and place it in the basket | Pick the alphabet soup and place it in the basket | Pick the butter and place it in the basket | Pick the orange juice and place it in the basket	First put the milk in the basket, then put the alphabet soup in the basket, then put the butter in the basket, and finally put the orange juice in the basket.	in(milk_1, basket_1_contain_region); in(alphabet_soup_1, basket_1_contain_region); in(butter_1, basket_1_contain_region); in(orange_juice_1, basket_1_contain_region)	object_stock_milk_first_pick_up_the_cream_cheese_and_place_it_in_the_basket_4	Sequence diagnostic in an original LIBERO-Object layout: milk is removed first before the remaining two or three picks. | The physical scene is stock; the unchanged unordered 3-step and 4-step controls already scored 0 successful tasks across 350 candidates. | Object identity has its own original LIBERO-Object pick-to-basket trajectory; its pose in the composite scene may differ. | Object identity has its own original LIBERO-Object pick-to-basket trajectory; its pose in the composite scene may differ. | Object identity has its own original LIBERO-Object pick-to-basket trajectory; its pose in the composite scene may differ. | Object identity has its own original LIBERO-Object pick-to-basket trajectory; its pose in the composite scene may differ.	5	8	comparison_png/COMPOSEOBJ_127__first_put_the_milk_in_the_basket_then_put_the_alphabet_soup_in_the_basket_then_put_the_butter_in_the_basket_and_finally_put_the_orange_juice_in_the_ba.png	tasks/composeobj_127__first_put_the_milk_in_the_basket_then_put_the_alphabet_soup_in_the_basket_then_put_the_butter_in_the_basket_and_finally_put_the_orange_juice_in_the_ba	composition|a057c2029b41a4edf6117413a040d21e74cf9f15af32f59e0cdb88c1dc833bab|frozenset({in(alphabet_soup_1,basket_1_contain_region),in(butter_1,basket_1_contain_region),in(milk_1,basket_1_contain_region),in(orange_juice_1,basket_1_contain_region)})
COMPOSEOBJ_128	O1_object_milk_first_4_to_basket	4	true	true	libero_object	308;306;307;310	pick_up_the_cream_cheese_and_place_it_in_the_basket;pick_up_the_milk_and_place_it_in_the_basket;pick_up_the_tomato_sauce_and_place_it_in_the_basket;pick_up_the_butter_and_place_it_in_the_basket;pick_up_the_orange_juice_and_place_it_in_the_basket	Pick the cream cheese and place it in the basket | Pick the milk and place it in the basket | Pick the tomato sauce and place it in the basket | Pick the butter and place it in the basket | Pick the orange juice and place it in the basket	First put the milk in the basket, then put the tomato sauce in the basket, then put the butter in the basket, and finally put the orange juice in the basket.	in(milk_1, basket_1_contain_region); in(tomato_sauce_1, basket_1_contain_region); in(butter_1, basket_1_contain_region); in(orange_juice_1, basket_1_contain_region)	object_stock_milk_first_pick_up_the_cream_cheese_and_place_it_in_the_basket_4	Sequence diagnostic in an original LIBERO-Object layout: milk is removed first before the remaining two or three picks. | The physical scene is stock; the unchanged unordered 3-step and 4-step controls already scored 0 successful tasks across 350 candidates. | Object identity has its own original LIBERO-Object pick-to-basket trajectory; its pose in the composite scene may differ. | Object identity has its own original LIBERO-Object pick-to-basket trajectory; its pose in the composite scene may differ. | Object identity has its own original LIBERO-Object pick-to-basket trajectory; its pose in the composite scene may differ. | Object identity has its own original LIBERO-Object pick-to-basket trajectory; its pose in the composite scene may differ.	5	8	comparison_png/COMPOSEOBJ_128__first_put_the_milk_in_the_basket_then_put_the_tomato_sauce_in_the_basket_then_put_the_butter_in_the_basket_and_finally_put_the_orange_juice_in_the_bas.png	tasks/composeobj_128__first_put_the_milk_in_the_basket_then_put_the_tomato_sauce_in_the_basket_then_put_the_butter_in_the_basket_and_finally_put_the_orange_juice_in_the_bas	composition|a057c2029b41a4edf6117413a040d21e74cf9f15af32f59e0cdb88c1dc833bab|frozenset({in(butter_1,basket_1_contain_region),in(milk_1,basket_1_contain_region),in(orange_juice_1,basket_1_contain_region),in(tomato_sauce_1,basket_1_contain_region)})
COMPOSEOBJ_129	O1_object_milk_first_3_to_basket	3	true	true	libero_object	308;305;304	pick_up_the_ketchup_and_place_it_in_the_basket;pick_up_the_milk_and_place_it_in_the_basket;pick_up_the_bbq_sauce_and_place_it_in_the_basket	Pick the ketchup and place it in the basket | Pick the milk and place it in the basket | Pick the bbq sauce and place it in the basket	First put the milk in the basket, then put the ketchup in the basket, and finally put the bbq sauce in the basket.	in(milk_1, basket_1_contain_region); in(ketchup_1, basket_1_contain_region); in(bbq_sauce_1, basket_1_contain_region)	object_stock_milk_first_pick_up_the_ketchup_and_place_it_in_the_basket_3	Sequence diagnostic in an original LIBERO-Object layout: milk is removed first before the remaining two or three picks. | The physical scene is stock; the unchanged unordered 3-step and 4-step controls already scored 0 successful tasks across 350 candidates. | Object identity has its own original LIBERO-Object pick-to-basket trajectory; its pose in the composite scene may differ. | Object identity has its own original LIBERO-Object pick-to-basket trajectory; its pose in the composite scene may differ. | Object identity has its own original LIBERO-Object pick-to-basket trajectory; its pose in the composite scene may differ.	5	6	comparison_png/COMPOSEOBJ_129__first_put_the_milk_in_the_basket_then_put_the_ketchup_in_the_basket_and_finally_put_the_bbq_sauce_in_the_basket.png	tasks/composeobj_129__first_put_the_milk_in_the_basket_then_put_the_ketchup_in_the_basket_and_finally_put_the_bbq_sauce_in_the_basket	composition|974ec90b3aa960a4acd40f0843bdc989e0730bf8eb7f087a75d07e5332b5a9c9|frozenset({in(bbq_sauce_1,basket_1_contain_region),in(ketchup_1,basket_1_contain_region),in(milk_1,basket_1_contain_region)})
COMPOSEOBJ_130	O1_object_milk_first_3_to_basket	3	true	true	libero_object	308;305;303	pick_up_the_ketchup_and_place_it_in_the_basket;pick_up_the_milk_and_place_it_in_the_basket;pick_up_the_salad_dressing_and_place_it_in_the_basket	Pick the ketchup and place it in the basket | Pick the milk and place it in the basket | Pick the salad dressing and place it in the basket	First put the milk in the basket, then put the ketchup in the basket, and finally put the salad dressing in the basket.	in(milk_1, basket_1_contain_region); in(ketchup_1, basket_1_contain_region); in(salad_dressing_1, basket_1_contain_region)	object_stock_milk_first_pick_up_the_ketchup_and_place_it_in_the_basket_3	Sequence diagnostic in an original LIBERO-Object layout: milk is removed first before the remaining two or three picks. | The physical scene is stock; the unchanged unordered 3-step and 4-step controls already scored 0 successful tasks across 350 candidates. | Object identity has its own original LIBERO-Object pick-to-basket trajectory; its pose in the composite scene may differ. | Object identity has its own original LIBERO-Object pick-to-basket trajectory; its pose in the composite scene may differ. | Object identity has its own original LIBERO-Object pick-to-basket trajectory; its pose in the composite scene may differ.	5	6	comparison_png/COMPOSEOBJ_130__first_put_the_milk_in_the_basket_then_put_the_ketchup_in_the_basket_and_finally_put_the_salad_dressing_in_the_basket.png	tasks/composeobj_130__first_put_the_milk_in_the_basket_then_put_the_ketchup_in_the_basket_and_finally_put_the_salad_dressing_in_the_basket	composition|974ec90b3aa960a4acd40f0843bdc989e0730bf8eb7f087a75d07e5332b5a9c9|frozenset({in(ketchup_1,basket_1_contain_region),in(milk_1,basket_1_contain_region),in(salad_dressing_1,basket_1_contain_region)})
COMPOSEOBJ_131	O1_object_milk_first_3_to_basket	3	true	true	libero_object	308;305;301	pick_up_the_ketchup_and_place_it_in_the_basket;pick_up_the_milk_and_place_it_in_the_basket;pick_up_the_alphabet_soup_and_place_it_in_the_basket	Pick the ketchup and place it in the basket | Pick the milk and place it in the basket | Pick the alphabet soup and place it in the basket	First put the milk in the basket, then put the ketchup in the basket, and finally put the alphabet soup in the basket.	in(milk_1, basket_1_contain_region); in(ketchup_1, basket_1_contain_region); in(alphabet_soup_1, basket_1_contain_region)	object_stock_milk_first_pick_up_the_ketchup_and_place_it_in_the_basket_3	Sequence diagnostic in an original LIBERO-Object layout: milk is removed first before the remaining two or three picks. | The physical scene is stock; the unchanged unordered 3-step and 4-step controls already scored 0 successful tasks across 350 candidates. | Object identity has its own original LIBERO-Object pick-to-basket trajectory; its pose in the composite scene may differ. | Object identity has its own original LIBERO-Object pick-to-basket trajectory; its pose in the composite scene may differ. | Object identity has its own original LIBERO-Object pick-to-basket trajectory; its pose in the composite scene may differ.	5	6	comparison_png/COMPOSEOBJ_131__first_put_the_milk_in_the_basket_then_put_the_ketchup_in_the_basket_and_finally_put_the_alphabet_soup_in_the_basket.png	tasks/composeobj_131__first_put_the_milk_in_the_basket_then_put_the_ketchup_in_the_basket_and_finally_put_the_alphabet_soup_in_the_basket	composition|974ec90b3aa960a4acd40f0843bdc989e0730bf8eb7f087a75d07e5332b5a9c9|frozenset({in(alphabet_soup_1,basket_1_contain_region),in(ketchup_1,basket_1_contain_region),in(milk_1,basket_1_contain_region)})
COMPOSEOBJ_132	O1_object_milk_first_3_to_basket	3	true	true	libero_object	308;305;302	pick_up_the_ketchup_and_place_it_in_the_basket;pick_up_the_milk_and_place_it_in_the_basket;pick_up_the_cream_cheese_and_place_it_in_the_basket	Pick the ketchup and place it in the basket | Pick the milk and place it in the basket | Pick the cream cheese and place it in the basket	First put the milk in the basket, then put the ketchup in the basket, and finally put the cream cheese box in the basket.	in(milk_1, basket_1_contain_region); in(ketchup_1, basket_1_contain_region); in(cream_cheese_1, basket_1_contain_region)	object_stock_milk_first_pick_up_the_ketchup_and_place_it_in_the_basket_3	Sequence diagnostic in an original LIBERO-Object layout: milk is removed first before the remaining two or three picks. | The physical scene is stock; the unchanged unordered 3-step and 4-step controls already scored 0 successful tasks across 350 candidates. | Object identity has its own original LIBERO-Object pick-to-basket trajectory; its pose in the composite scene may differ. | Object identity has its own original LIBERO-Object pick-to-basket trajectory; its pose in the composite scene may differ. | Object identity has its own original LIBERO-Object pick-to-basket trajectory; its pose in the composite scene may differ.	5	6	comparison_png/COMPOSEOBJ_132__first_put_the_milk_in_the_basket_then_put_the_ketchup_in_the_basket_and_finally_put_the_cream_cheese_box_in_the_basket.png	tasks/composeobj_132__first_put_the_milk_in_the_basket_then_put_the_ketchup_in_the_basket_and_finally_put_the_cream_cheese_box_in_the_basket	composition|974ec90b3aa960a4acd40f0843bdc989e0730bf8eb7f087a75d07e5332b5a9c9|frozenset({in(cream_cheese_1,basket_1_contain_region),in(ketchup_1,basket_1_contain_region),in(milk_1,basket_1_contain_region)})
COMPOSEOBJ_133	O1_object_milk_first_3_to_basket	3	true	true	libero_object	308;304;303	pick_up_the_ketchup_and_place_it_in_the_basket;pick_up_the_milk_and_place_it_in_the_basket;pick_up_the_bbq_sauce_and_place_it_in_the_basket;pick_up_the_salad_dressing_and_place_it_in_the_basket	Pick the ketchup and place it in the basket | Pick the milk and place it in the basket | Pick the bbq sauce and place it in the basket | Pick the salad dressing and place it in the basket	First put the milk in the basket, then put the bbq sauce in the basket, and finally put the salad dressing in the basket.	in(milk_1, basket_1_contain_region); in(bbq_sauce_1, basket_1_contain_region); in(salad_dressing_1, basket_1_contain_region)	object_stock_milk_first_pick_up_the_ketchup_and_place_it_in_the_basket_3	Sequence diagnostic in an original LIBERO-Object layout: milk is removed first before the remaining two or three picks. | The physical scene is stock; the unchanged unordered 3-step and 4-step controls already scored 0 successful tasks across 350 candidates. | Object identity has its own original LIBERO-Object pick-to-basket trajectory; its pose in the composite scene may differ. | Object identity has its own original LIBERO-Object pick-to-basket trajectory; its pose in the composite scene may differ. | Object identity has its own original LIBERO-Object pick-to-basket trajectory; its pose in the composite scene may differ.	5	6	comparison_png/COMPOSEOBJ_133__first_put_the_milk_in_the_basket_then_put_the_bbq_sauce_in_the_basket_and_finally_put_the_salad_dressing_in_the_basket.png	tasks/composeobj_133__first_put_the_milk_in_the_basket_then_put_the_bbq_sauce_in_the_basket_and_finally_put_the_salad_dressing_in_the_basket	composition|974ec90b3aa960a4acd40f0843bdc989e0730bf8eb7f087a75d07e5332b5a9c9|frozenset({in(bbq_sauce_1,basket_1_contain_region),in(milk_1,basket_1_contain_region),in(salad_dressing_1,basket_1_contain_region)})
COMPOSEOBJ_134	O1_object_milk_first_3_to_basket	3	true	true	libero_object	308;304;301	pick_up_the_ketchup_and_place_it_in_the_basket;pick_up_the_milk_and_place_it_in_the_basket;pick_up_the_bbq_sauce_and_place_it_in_the_basket;pick_up_the_alphabet_soup_and_place_it_in_the_basket	Pick the ketchup and place it in the basket | Pick the milk and place it in the basket | Pick the bbq sauce and place it in the basket | Pick the alphabet soup and place it in the basket	First put the milk in the basket, then put the bbq sauce in the basket, and finally put the alphabet soup in the basket.	in(milk_1, basket_1_contain_region); in(bbq_sauce_1, basket_1_contain_region); in(alphabet_soup_1, basket_1_contain_region)	object_stock_milk_first_pick_up_the_ketchup_and_place_it_in_the_basket_3	Sequence diagnostic in an original LIBERO-Object layout: milk is removed first before the remaining two or three picks. | The physical scene is stock; the unchanged unordered 3-step and 4-step controls already scored 0 successful tasks across 350 candidates. | Object identity has its own original LIBERO-Object pick-to-basket trajectory; its pose in the composite scene may differ. | Object identity has its own original LIBERO-Object pick-to-basket trajectory; its pose in the composite scene may differ. | Object identity has its own original LIBERO-Object pick-to-basket trajectory; its pose in the composite scene may differ.	5	6	comparison_png/COMPOSEOBJ_134__first_put_the_milk_in_the_basket_then_put_the_bbq_sauce_in_the_basket_and_finally_put_the_alphabet_soup_in_the_basket.png	tasks/composeobj_134__first_put_the_milk_in_the_basket_then_put_the_bbq_sauce_in_the_basket_and_finally_put_the_alphabet_soup_in_the_basket	composition|974ec90b3aa960a4acd40f0843bdc989e0730bf8eb7f087a75d07e5332b5a9c9|frozenset({in(alphabet_soup_1,basket_1_contain_region),in(bbq_sauce_1,basket_1_contain_region),in(milk_1,basket_1_contain_region)})
COMPOSEOBJ_135	O1_object_milk_first_3_to_basket	3	true	true	libero_object	308;304;302	pick_up_the_ketchup_and_place_it_in_the_basket;pick_up_the_milk_and_place_it_in_the_basket;pick_up_the_bbq_sauce_and_place_it_in_the_basket;pick_up_the_cream_cheese_and_place_it_in_the_basket	Pick the ketchup and place it in the basket | Pick the milk and place it in the basket | Pick the bbq sauce and place it in the basket | Pick the cream cheese and place it in the basket	First put the milk in the basket, then put the bbq sauce in the basket, and finally put the cream cheese box in the basket.	in(milk_1, basket_1_contain_region); in(bbq_sauce_1, basket_1_contain_region); in(cream_cheese_1, basket_1_contain_region)	object_stock_milk_first_pick_up_the_ketchup_and_place_it_in_the_basket_3	Sequence diagnostic in an original LIBERO-Object layout: milk is removed first before the remaining two or three picks. | The physical scene is stock; the unchanged unordered 3-step and 4-step controls already scored 0 successful tasks across 350 candidates. | Object identity has its own original LIBERO-Object pick-to-basket trajectory; its pose in the composite scene may differ. | Object identity has its own original LIBERO-Object pick-to-basket trajectory; its pose in the composite scene may differ. | Object identity has its own original LIBERO-Object pick-to-basket trajectory; its pose in the composite scene may differ.	5	6	comparison_png/COMPOSEOBJ_135__first_put_the_milk_in_the_basket_then_put_the_bbq_sauce_in_the_basket_and_finally_put_the_cream_cheese_box_in_the_basket.png	tasks/composeobj_135__first_put_the_milk_in_the_basket_then_put_the_bbq_sauce_in_the_basket_and_finally_put_the_cream_cheese_box_in_the_basket	composition|974ec90b3aa960a4acd40f0843bdc989e0730bf8eb7f087a75d07e5332b5a9c9|frozenset({in(bbq_sauce_1,basket_1_contain_region),in(cream_cheese_1,basket_1_contain_region),in(milk_1,basket_1_contain_region)})
COMPOSEOBJ_136	O1_object_milk_first_3_to_basket	3	true	true	libero_object	308;303;301	pick_up_the_ketchup_and_place_it_in_the_basket;pick_up_the_milk_and_place_it_in_the_basket;pick_up_the_salad_dressing_and_place_it_in_the_basket;pick_up_the_alphabet_soup_and_place_it_in_the_basket	Pick the ketchup and place it in the basket | Pick the milk and place it in the basket | Pick the salad dressing and place it in the basket | Pick the alphabet soup and place it in the basket	First put the milk in the basket, then put the salad dressing in the basket, and finally put the alphabet soup in the basket.	in(milk_1, basket_1_contain_region); in(salad_dressing_1, basket_1_contain_region); in(alphabet_soup_1, basket_1_contain_region)	object_stock_milk_first_pick_up_the_ketchup_and_place_it_in_the_basket_3	Sequence diagnostic in an original LIBERO-Object layout: milk is removed first before the remaining two or three picks. | The physical scene is stock; the unchanged unordered 3-step and 4-step controls already scored 0 successful tasks across 350 candidates. | Object identity has its own original LIBERO-Object pick-to-basket trajectory; its pose in the composite scene may differ. | Object identity has its own original LIBERO-Object pick-to-basket trajectory; its pose in the composite scene may differ. | Object identity has its own original LIBERO-Object pick-to-basket trajectory; its pose in the composite scene may differ.	5	6	comparison_png/COMPOSEOBJ_136__first_put_the_milk_in_the_basket_then_put_the_salad_dressing_in_the_basket_and_finally_put_the_alphabet_soup_in_the_basket.png	tasks/composeobj_136__first_put_the_milk_in_the_basket_then_put_the_salad_dressing_in_the_basket_and_finally_put_the_alphabet_soup_in_the_basket	composition|974ec90b3aa960a4acd40f0843bdc989e0730bf8eb7f087a75d07e5332b5a9c9|frozenset({in(alphabet_soup_1,basket_1_contain_region),in(milk_1,basket_1_contain_region),in(salad_dressing_1,basket_1_contain_region)})
COMPOSEOBJ_137	O1_object_milk_first_3_to_basket	3	true	true	libero_object	308;303;302	pick_up_the_ketchup_and_place_it_in_the_basket;pick_up_the_milk_and_place_it_in_the_basket;pick_up_the_salad_dressing_and_place_it_in_the_basket;pick_up_the_cream_cheese_and_place_it_in_the_basket	Pick the ketchup and place it in the basket | Pick the milk and place it in the basket | Pick the salad dressing and place it in the basket | Pick the cream cheese and place it in the basket	First put the milk in the basket, then put the salad dressing in the basket, and finally put the cream cheese box in the basket.	in(milk_1, basket_1_contain_region); in(salad_dressing_1, basket_1_contain_region); in(cream_cheese_1, basket_1_contain_region)	object_stock_milk_first_pick_up_the_ketchup_and_place_it_in_the_basket_3	Sequence diagnostic in an original LIBERO-Object layout: milk is removed first before the remaining two or three picks. | The physical scene is stock; the unchanged unordered 3-step and 4-step controls already scored 0 successful tasks across 350 candidates. | Object identity has its own original LIBERO-Object pick-to-basket trajectory; its pose in the composite scene may differ. | Object identity has its own original LIBERO-Object pick-to-basket trajectory; its pose in the composite scene may differ. | Object identity has its own original LIBERO-Object pick-to-basket trajectory; its pose in the composite scene may differ.	5	6	comparison_png/COMPOSEOBJ_137__first_put_the_milk_in_the_basket_then_put_the_salad_dressing_in_the_basket_and_finally_put_the_cream_cheese_box_in_the_basket.png	tasks/composeobj_137__first_put_the_milk_in_the_basket_then_put_the_salad_dressing_in_the_basket_and_finally_put_the_cream_cheese_box_in_the_basket	composition|974ec90b3aa960a4acd40f0843bdc989e0730bf8eb7f087a75d07e5332b5a9c9|frozenset({in(cream_cheese_1,basket_1_contain_region),in(milk_1,basket_1_contain_region),in(salad_dressing_1,basket_1_contain_region)})
COMPOSEOBJ_138	O1_object_milk_first_3_to_basket	3	true	true	libero_object	308;301;302	pick_up_the_ketchup_and_place_it_in_the_basket;pick_up_the_milk_and_place_it_in_the_basket;pick_up_the_alphabet_soup_and_place_it_in_the_basket;pick_up_the_cream_cheese_and_place_it_in_the_basket	Pick the ketchup and place it in the basket | Pick the milk and place it in the basket | Pick the alphabet soup and place it in the basket | Pick the cream cheese and place it in the basket	First put the milk in the basket, then put the alphabet soup in the basket, and finally put the cream cheese box in the basket.	in(milk_1, basket_1_contain_region); in(alphabet_soup_1, basket_1_contain_region); in(cream_cheese_1, basket_1_contain_region)	object_stock_milk_first_pick_up_the_ketchup_and_place_it_in_the_basket_3	Sequence diagnostic in an original LIBERO-Object layout: milk is removed first before the remaining two or three picks. | The physical scene is stock; the unchanged unordered 3-step and 4-step controls already scored 0 successful tasks across 350 candidates. | Object identity has its own original LIBERO-Object pick-to-basket trajectory; its pose in the composite scene may differ. | Object identity has its own original LIBERO-Object pick-to-basket trajectory; its pose in the composite scene may differ. | Object identity has its own original LIBERO-Object pick-to-basket trajectory; its pose in the composite scene may differ.	5	6	comparison_png/COMPOSEOBJ_138__first_put_the_milk_in_the_basket_then_put_the_alphabet_soup_in_the_basket_and_finally_put_the_cream_cheese_box_in_the_basket.png	tasks/composeobj_138__first_put_the_milk_in_the_basket_then_put_the_alphabet_soup_in_the_basket_and_finally_put_the_cream_cheese_box_in_the_basket	composition|974ec90b3aa960a4acd40f0843bdc989e0730bf8eb7f087a75d07e5332b5a9c9|frozenset({in(alphabet_soup_1,basket_1_contain_region),in(cream_cheese_1,basket_1_contain_region),in(milk_1,basket_1_contain_region)})
COMPOSEOBJ_139	O1_object_milk_first_4_to_basket	4	true	true	libero_object	308;305;304;303	pick_up_the_ketchup_and_place_it_in_the_basket;pick_up_the_milk_and_place_it_in_the_basket;pick_up_the_bbq_sauce_and_place_it_in_the_basket;pick_up_the_salad_dressing_and_place_it_in_the_basket	Pick the ketchup and place it in the basket | Pick the milk and place it in the basket | Pick the bbq sauce and place it in the basket | Pick the salad dressing and place it in the basket	First put the milk in the basket, then put the ketchup in the basket, then put the bbq sauce in the basket, and finally put the salad dressing in the basket.	in(milk_1, basket_1_contain_region); in(ketchup_1, basket_1_contain_region); in(bbq_sauce_1, basket_1_contain_region); in(salad_dressing_1, basket_1_contain_region)	object_stock_milk_first_pick_up_the_ketchup_and_place_it_in_the_basket_4	Sequence diagnostic in an original LIBERO-Object layout: milk is removed first before the remaining two or three picks. | The physical scene is stock; the unchanged unordered 3-step and 4-step controls already scored 0 successful tasks across 350 candidates. | Object identity has its own original LIBERO-Object pick-to-basket trajectory; its pose in the composite scene may differ. | Object identity has its own original LIBERO-Object pick-to-basket trajectory; its pose in the composite scene may differ. | Object identity has its own original LIBERO-Object pick-to-basket trajectory; its pose in the composite scene may differ. | Object identity has its own original LIBERO-Object pick-to-basket trajectory; its pose in the composite scene may differ.	5	8	comparison_png/COMPOSEOBJ_139__first_put_the_milk_in_the_basket_then_put_the_ketchup_in_the_basket_then_put_the_bbq_sauce_in_the_basket_and_finally_put_the_salad_dressing_in_the_bas.png	tasks/composeobj_139__first_put_the_milk_in_the_basket_then_put_the_ketchup_in_the_basket_then_put_the_bbq_sauce_in_the_basket_and_finally_put_the_salad_dressing_in_the_bas	composition|974ec90b3aa960a4acd40f0843bdc989e0730bf8eb7f087a75d07e5332b5a9c9|frozenset({in(bbq_sauce_1,basket_1_contain_region),in(ketchup_1,basket_1_contain_region),in(milk_1,basket_1_contain_region),in(salad_dressing_1,basket_1_contain_region)})
COMPOSEOBJ_140	O1_object_milk_first_4_to_basket	4	true	true	libero_object	308;305;304;301	pick_up_the_ketchup_and_place_it_in_the_basket;pick_up_the_milk_and_place_it_in_the_basket;pick_up_the_bbq_sauce_and_place_it_in_the_basket;pick_up_the_alphabet_soup_and_place_it_in_the_basket	Pick the ketchup and place it in the basket | Pick the milk and place it in the basket | Pick the bbq sauce and place it in the basket | Pick the alphabet soup and place it in the basket	First put the milk in the basket, then put the ketchup in the basket, then put the bbq sauce in the basket, and finally put the alphabet soup in the basket.	in(milk_1, basket_1_contain_region); in(ketchup_1, basket_1_contain_region); in(bbq_sauce_1, basket_1_contain_region); in(alphabet_soup_1, basket_1_contain_region)	object_stock_milk_first_pick_up_the_ketchup_and_place_it_in_the_basket_4	Sequence diagnostic in an original LIBERO-Object layout: milk is removed first before the remaining two or three picks. | The physical scene is stock; the unchanged unordered 3-step and 4-step controls already scored 0 successful tasks across 350 candidates. | Object identity has its own original LIBERO-Object pick-to-basket trajectory; its pose in the composite scene may differ. | Object identity has its own original LIBERO-Object pick-to-basket trajectory; its pose in the composite scene may differ. | Object identity has its own original LIBERO-Object pick-to-basket trajectory; its pose in the composite scene may differ. | Object identity has its own original LIBERO-Object pick-to-basket trajectory; its pose in the composite scene may differ.	5	8	comparison_png/COMPOSEOBJ_140__first_put_the_milk_in_the_basket_then_put_the_ketchup_in_the_basket_then_put_the_bbq_sauce_in_the_basket_and_finally_put_the_alphabet_soup_in_the_bask.png	tasks/composeobj_140__first_put_the_milk_in_the_basket_then_put_the_ketchup_in_the_basket_then_put_the_bbq_sauce_in_the_basket_and_finally_put_the_alphabet_soup_in_the_bask	composition|974ec90b3aa960a4acd40f0843bdc989e0730bf8eb7f087a75d07e5332b5a9c9|frozenset({in(alphabet_soup_1,basket_1_contain_region),in(bbq_sauce_1,basket_1_contain_region),in(ketchup_1,basket_1_contain_region),in(milk_1,basket_1_contain_region)})
COMPOSEOBJ_141	O1_object_milk_first_4_to_basket	4	true	true	libero_object	308;305;304;302	pick_up_the_ketchup_and_place_it_in_the_basket;pick_up_the_milk_and_place_it_in_the_basket;pick_up_the_bbq_sauce_and_place_it_in_the_basket;pick_up_the_cream_cheese_and_place_it_in_the_basket	Pick the ketchup and place it in the basket | Pick the milk and place it in the basket | Pick the bbq sauce and place it in the basket | Pick the cream cheese and place it in the basket	First put the milk in the basket, then put the ketchup in the basket, then put the bbq sauce in the basket, and finally put the cream cheese box in the basket.	in(milk_1, basket_1_contain_region); in(ketchup_1, basket_1_contain_region); in(bbq_sauce_1, basket_1_contain_region); in(cream_cheese_1, basket_1_contain_region)	object_stock_milk_first_pick_up_the_ketchup_and_place_it_in_the_basket_4	Sequence diagnostic in an original LIBERO-Object layout: milk is removed first before the remaining two or three picks. | The physical scene is stock; the unchanged unordered 3-step and 4-step controls already scored 0 successful tasks across 350 candidates. | Object identity has its own original LIBERO-Object pick-to-basket trajectory; its pose in the composite scene may differ. | Object identity has its own original LIBERO-Object pick-to-basket trajectory; its pose in the composite scene may differ. | Object identity has its own original LIBERO-Object pick-to-basket trajectory; its pose in the composite scene may differ. | Object identity has its own original LIBERO-Object pick-to-basket trajectory; its pose in the composite scene may differ.	5	8	comparison_png/COMPOSEOBJ_141__first_put_the_milk_in_the_basket_then_put_the_ketchup_in_the_basket_then_put_the_bbq_sauce_in_the_basket_and_finally_put_the_cream_cheese_box_in_the_b.png	tasks/composeobj_141__first_put_the_milk_in_the_basket_then_put_the_ketchup_in_the_basket_then_put_the_bbq_sauce_in_the_basket_and_finally_put_the_cream_cheese_box_in_the_b	composition|974ec90b3aa960a4acd40f0843bdc989e0730bf8eb7f087a75d07e5332b5a9c9|frozenset({in(bbq_sauce_1,basket_1_contain_region),in(cream_cheese_1,basket_1_contain_region),in(ketchup_1,basket_1_contain_region),in(milk_1,basket_1_contain_region)})
COMPOSEOBJ_142	O1_object_milk_first_4_to_basket	4	true	true	libero_object	308;305;303;301	pick_up_the_ketchup_and_place_it_in_the_basket;pick_up_the_milk_and_place_it_in_the_basket;pick_up_the_salad_dressing_and_place_it_in_the_basket;pick_up_the_alphabet_soup_and_place_it_in_the_basket	Pick the ketchup and place it in the basket | Pick the milk and place it in the basket | Pick the salad dressing and place it in the basket | Pick the alphabet soup and place it in the basket	First put the milk in the basket, then put the ketchup in the basket, then put the salad dressing in the basket, and finally put the alphabet soup in the basket.	in(milk_1, basket_1_contain_region); in(ketchup_1, basket_1_contain_region); in(salad_dressing_1, basket_1_contain_region); in(alphabet_soup_1, basket_1_contain_region)	object_stock_milk_first_pick_up_the_ketchup_and_place_it_in_the_basket_4	Sequence diagnostic in an original LIBERO-Object layout: milk is removed first before the remaining two or three picks. | The physical scene is stock; the unchanged unordered 3-step and 4-step controls already scored 0 successful tasks across 350 candidates. | Object identity has its own original LIBERO-Object pick-to-basket trajectory; its pose in the composite scene may differ. | Object identity has its own original LIBERO-Object pick-to-basket trajectory; its pose in the composite scene may differ. | Object identity has its own original LIBERO-Object pick-to-basket trajectory; its pose in the composite scene may differ. | Object identity has its own original LIBERO-Object pick-to-basket trajectory; its pose in the composite scene may differ.	5	8	comparison_png/COMPOSEOBJ_142__first_put_the_milk_in_the_basket_then_put_the_ketchup_in_the_basket_then_put_the_salad_dressing_in_the_basket_and_finally_put_the_alphabet_soup_in_the.png	tasks/composeobj_142__first_put_the_milk_in_the_basket_then_put_the_ketchup_in_the_basket_then_put_the_salad_dressing_in_the_basket_and_finally_put_the_alphabet_soup_in_the	composition|974ec90b3aa960a4acd40f0843bdc989e0730bf8eb7f087a75d07e5332b5a9c9|frozenset({in(alphabet_soup_1,basket_1_contain_region),in(ketchup_1,basket_1_contain_region),in(milk_1,basket_1_contain_region),in(salad_dressing_1,basket_1_contain_region)})
COMPOSEOBJ_143	O1_object_milk_first_4_to_basket	4	true	true	libero_object	308;305;303;302	pick_up_the_ketchup_and_place_it_in_the_basket;pick_up_the_milk_and_place_it_in_the_basket;pick_up_the_salad_dressing_and_place_it_in_the_basket;pick_up_the_cream_cheese_and_place_it_in_the_basket	Pick the ketchup and place it in the basket | Pick the milk and place it in the basket | Pick the salad dressing and place it in the basket | Pick the cream cheese and place it in the basket	First put the milk in the basket, then put the ketchup in the basket, then put the salad dressing in the basket, and finally put the cream cheese box in the basket.	in(milk_1, basket_1_contain_region); in(ketchup_1, basket_1_contain_region); in(salad_dressing_1, basket_1_contain_region); in(cream_cheese_1, basket_1_contain_region)	object_stock_milk_first_pick_up_the_ketchup_and_place_it_in_the_basket_4	Sequence diagnostic in an original LIBERO-Object layout: milk is removed first before the remaining two or three picks. | The physical scene is stock; the unchanged unordered 3-step and 4-step controls already scored 0 successful tasks across 350 candidates. | Object identity has its own original LIBERO-Object pick-to-basket trajectory; its pose in the composite scene may differ. | Object identity has its own original LIBERO-Object pick-to-basket trajectory; its pose in the composite scene may differ. | Object identity has its own original LIBERO-Object pick-to-basket trajectory; its pose in the composite scene may differ. | Object identity has its own original LIBERO-Object pick-to-basket trajectory; its pose in the composite scene may differ.	5	8	comparison_png/COMPOSEOBJ_143__first_put_the_milk_in_the_basket_then_put_the_ketchup_in_the_basket_then_put_the_salad_dressing_in_the_basket_and_finally_put_the_cream_cheese_box_in.png	tasks/composeobj_143__first_put_the_milk_in_the_basket_then_put_the_ketchup_in_the_basket_then_put_the_salad_dressing_in_the_basket_and_finally_put_the_cream_cheese_box_in	composition|974ec90b3aa960a4acd40f0843bdc989e0730bf8eb7f087a75d07e5332b5a9c9|frozenset({in(cream_cheese_1,basket_1_contain_region),in(ketchup_1,basket_1_contain_region),in(milk_1,basket_1_contain_region),in(salad_dressing_1,basket_1_contain_region)})
COMPOSEOBJ_144	O1_object_milk_first_4_to_basket	4	true	true	libero_object	308;305;301;302	pick_up_the_ketchup_and_place_it_in_the_basket;pick_up_the_milk_and_place_it_in_the_basket;pick_up_the_alphabet_soup_and_place_it_in_the_basket;pick_up_the_cream_cheese_and_place_it_in_the_basket	Pick the ketchup and place it in the basket | Pick the milk and place it in the basket | Pick the alphabet soup and place it in the basket | Pick the cream cheese and place it in the basket	First put the milk in the basket, then put the ketchup in the basket, then put the alphabet soup in the basket, and finally put the cream cheese box in the basket.	in(milk_1, basket_1_contain_region); in(ketchup_1, basket_1_contain_region); in(alphabet_soup_1, basket_1_contain_region); in(cream_cheese_1, basket_1_contain_region)	object_stock_milk_first_pick_up_the_ketchup_and_place_it_in_the_basket_4	Sequence diagnostic in an original LIBERO-Object layout: milk is removed first before the remaining two or three picks. | The physical scene is stock; the unchanged unordered 3-step and 4-step controls already scored 0 successful tasks across 350 candidates. | Object identity has its own original LIBERO-Object pick-to-basket trajectory; its pose in the composite scene may differ. | Object identity has its own original LIBERO-Object pick-to-basket trajectory; its pose in the composite scene may differ. | Object identity has its own original LIBERO-Object pick-to-basket trajectory; its pose in the composite scene may differ. | Object identity has its own original LIBERO-Object pick-to-basket trajectory; its pose in the composite scene may differ.	5	8	comparison_png/COMPOSEOBJ_144__first_put_the_milk_in_the_basket_then_put_the_ketchup_in_the_basket_then_put_the_alphabet_soup_in_the_basket_and_finally_put_the_cream_cheese_box_in_t.png	tasks/composeobj_144__first_put_the_milk_in_the_basket_then_put_the_ketchup_in_the_basket_then_put_the_alphabet_soup_in_the_basket_and_finally_put_the_cream_cheese_box_in_t	composition|974ec90b3aa960a4acd40f0843bdc989e0730bf8eb7f087a75d07e5332b5a9c9|frozenset({in(alphabet_soup_1,basket_1_contain_region),in(cream_cheese_1,basket_1_contain_region),in(ketchup_1,basket_1_contain_region),in(milk_1,basket_1_contain_region)})
COMPOSEOBJ_145	O1_object_milk_first_4_to_basket	4	true	true	libero_object	308;304;303;301	pick_up_the_ketchup_and_place_it_in_the_basket;pick_up_the_milk_and_place_it_in_the_basket;pick_up_the_bbq_sauce_and_place_it_in_the_basket;pick_up_the_salad_dressing_and_place_it_in_the_basket;pick_up_the_alphabet_soup_and_place_it_in_the_basket	Pick the ketchup and place it in the basket | Pick the milk and place it in the basket | Pick the bbq sauce and place it in the basket | Pick the salad dressing and place it in the basket | Pick the alphabet soup and place it in the basket	First put the milk in the basket, then put the bbq sauce in the basket, then put the salad dressing in the basket, and finally put the alphabet soup in the basket.	in(milk_1, basket_1_contain_region); in(bbq_sauce_1, basket_1_contain_region); in(salad_dressing_1, basket_1_contain_region); in(alphabet_soup_1, basket_1_contain_region)	object_stock_milk_first_pick_up_the_ketchup_and_place_it_in_the_basket_4	Sequence diagnostic in an original LIBERO-Object layout: milk is removed first before the remaining two or three picks. | The physical scene is stock; the unchanged unordered 3-step and 4-step controls already scored 0 successful tasks across 350 candidates. | Object identity has its own original LIBERO-Object pick-to-basket trajectory; its pose in the composite scene may differ. | Object identity has its own original LIBERO-Object pick-to-basket trajectory; its pose in the composite scene may differ. | Object identity has its own original LIBERO-Object pick-to-basket trajectory; its pose in the composite scene may differ. | Object identity has its own original LIBERO-Object pick-to-basket trajectory; its pose in the composite scene may differ.	5	8	comparison_png/COMPOSEOBJ_145__first_put_the_milk_in_the_basket_then_put_the_bbq_sauce_in_the_basket_then_put_the_salad_dressing_in_the_basket_and_finally_put_the_alphabet_soup_in_t.png	tasks/composeobj_145__first_put_the_milk_in_the_basket_then_put_the_bbq_sauce_in_the_basket_then_put_the_salad_dressing_in_the_basket_and_finally_put_the_alphabet_soup_in_t	composition|974ec90b3aa960a4acd40f0843bdc989e0730bf8eb7f087a75d07e5332b5a9c9|frozenset({in(alphabet_soup_1,basket_1_contain_region),in(bbq_sauce_1,basket_1_contain_region),in(milk_1,basket_1_contain_region),in(salad_dressing_1,basket_1_contain_region)})
COMPOSEOBJ_146	O1_object_milk_first_4_to_basket	4	true	true	libero_object	308;304;303;302	pick_up_the_ketchup_and_place_it_in_the_basket;pick_up_the_milk_and_place_it_in_the_basket;pick_up_the_bbq_sauce_and_place_it_in_the_basket;pick_up_the_salad_dressing_and_place_it_in_the_basket;pick_up_the_cream_cheese_and_place_it_in_the_basket	Pick the ketchup and place it in the basket | Pick the milk and place it in the basket | Pick the bbq sauce and place it in the basket | Pick the salad dressing and place it in the basket | Pick the cream cheese and place it in the basket	First put the milk in the basket, then put the bbq sauce in the basket, then put the salad dressing in the basket, and finally put the cream cheese box in the basket.	in(milk_1, basket_1_contain_region); in(bbq_sauce_1, basket_1_contain_region); in(salad_dressing_1, basket_1_contain_region); in(cream_cheese_1, basket_1_contain_region)	object_stock_milk_first_pick_up_the_ketchup_and_place_it_in_the_basket_4	Sequence diagnostic in an original LIBERO-Object layout: milk is removed first before the remaining two or three picks. | The physical scene is stock; the unchanged unordered 3-step and 4-step controls already scored 0 successful tasks across 350 candidates. | Object identity has its own original LIBERO-Object pick-to-basket trajectory; its pose in the composite scene may differ. | Object identity has its own original LIBERO-Object pick-to-basket trajectory; its pose in the composite scene may differ. | Object identity has its own original LIBERO-Object pick-to-basket trajectory; its pose in the composite scene may differ. | Object identity has its own original LIBERO-Object pick-to-basket trajectory; its pose in the composite scene may differ.	5	8	comparison_png/COMPOSEOBJ_146__first_put_the_milk_in_the_basket_then_put_the_bbq_sauce_in_the_basket_then_put_the_salad_dressing_in_the_basket_and_finally_put_the_cream_cheese_box_i.png	tasks/composeobj_146__first_put_the_milk_in_the_basket_then_put_the_bbq_sauce_in_the_basket_then_put_the_salad_dressing_in_the_basket_and_finally_put_the_cream_cheese_box_i	composition|974ec90b3aa960a4acd40f0843bdc989e0730bf8eb7f087a75d07e5332b5a9c9|frozenset({in(bbq_sauce_1,basket_1_contain_region),in(cream_cheese_1,basket_1_contain_region),in(milk_1,basket_1_contain_region),in(salad_dressing_1,basket_1_contain_region)})
COMPOSEOBJ_147	O1_object_milk_first_4_to_basket	4	true	true	libero_object	308;304;301;302	pick_up_the_ketchup_and_place_it_in_the_basket;pick_up_the_milk_and_place_it_in_the_basket;pick_up_the_bbq_sauce_and_place_it_in_the_basket;pick_up_the_alphabet_soup_and_place_it_in_the_basket;pick_up_the_cream_cheese_and_place_it_in_the_basket	Pick the ketchup and place it in the basket | Pick the milk and place it in the basket | Pick the bbq sauce and place it in the basket | Pick the alphabet soup and place it in the basket | Pick the cream cheese and place it in the basket	First put the milk in the basket, then put the bbq sauce in the basket, then put the alphabet soup in the basket, and finally put the cream cheese box in the basket.	in(milk_1, basket_1_contain_region); in(bbq_sauce_1, basket_1_contain_region); in(alphabet_soup_1, basket_1_contain_region); in(cream_cheese_1, basket_1_contain_region)	object_stock_milk_first_pick_up_the_ketchup_and_place_it_in_the_basket_4	Sequence diagnostic in an original LIBERO-Object layout: milk is removed first before the remaining two or three picks. | The physical scene is stock; the unchanged unordered 3-step and 4-step controls already scored 0 successful tasks across 350 candidates. | Object identity has its own original LIBERO-Object pick-to-basket trajectory; its pose in the composite scene may differ. | Object identity has its own original LIBERO-Object pick-to-basket trajectory; its pose in the composite scene may differ. | Object identity has its own original LIBERO-Object pick-to-basket trajectory; its pose in the composite scene may differ. | Object identity has its own original LIBERO-Object pick-to-basket trajectory; its pose in the composite scene may differ.	5	8	comparison_png/COMPOSEOBJ_147__first_put_the_milk_in_the_basket_then_put_the_bbq_sauce_in_the_basket_then_put_the_alphabet_soup_in_the_basket_and_finally_put_the_cream_cheese_box_in.png	tasks/composeobj_147__first_put_the_milk_in_the_basket_then_put_the_bbq_sauce_in_the_basket_then_put_the_alphabet_soup_in_the_basket_and_finally_put_the_cream_cheese_box_in	composition|974ec90b3aa960a4acd40f0843bdc989e0730bf8eb7f087a75d07e5332b5a9c9|frozenset({in(alphabet_soup_1,basket_1_contain_region),in(bbq_sauce_1,basket_1_contain_region),in(cream_cheese_1,basket_1_contain_region),in(milk_1,basket_1_contain_region)})
COMPOSEOBJ_148	O1_object_milk_first_4_to_basket	4	true	true	libero_object	308;303;301;302	pick_up_the_ketchup_and_place_it_in_the_basket;pick_up_the_milk_and_place_it_in_the_basket;pick_up_the_salad_dressing_and_place_it_in_the_basket;pick_up_the_alphabet_soup_and_place_it_in_the_basket;pick_up_the_cream_cheese_and_place_it_in_the_basket	Pick the ketchup and place it in the basket | Pick the milk and place it in the basket | Pick the salad dressing and place it in the basket | Pick the alphabet soup and place it in the basket | Pick the cream cheese and place it in the basket	First put the milk in the basket, then put the salad dressing in the basket, then put the alphabet soup in the basket, and finally put the cream cheese box in the basket.	in(milk_1, basket_1_contain_region); in(salad_dressing_1, basket_1_contain_region); in(alphabet_soup_1, basket_1_contain_region); in(cream_cheese_1, basket_1_contain_region)	object_stock_milk_first_pick_up_the_ketchup_and_place_it_in_the_basket_4	Sequence diagnostic in an original LIBERO-Object layout: milk is removed first before the remaining two or three picks. | The physical scene is stock; the unchanged unordered 3-step and 4-step controls already scored 0 successful tasks across 350 candidates. | Object identity has its own original LIBERO-Object pick-to-basket trajectory; its pose in the composite scene may differ. | Object identity has its own original LIBERO-Object pick-to-basket trajectory; its pose in the composite scene may differ. | Object identity has its own original LIBERO-Object pick-to-basket trajectory; its pose in the composite scene may differ. | Object identity has its own original LIBERO-Object pick-to-basket trajectory; its pose in the composite scene may differ.	5	8	comparison_png/COMPOSEOBJ_148__first_put_the_milk_in_the_basket_then_put_the_salad_dressing_in_the_basket_then_put_the_alphabet_soup_in_the_basket_and_finally_put_the_cream_cheese_b.png	tasks/composeobj_148__first_put_the_milk_in_the_basket_then_put_the_salad_dressing_in_the_basket_then_put_the_alphabet_soup_in_the_basket_and_finally_put_the_cream_cheese_b	composition|974ec90b3aa960a4acd40f0843bdc989e0730bf8eb7f087a75d07e5332b5a9c9|frozenset({in(alphabet_soup_1,basket_1_contain_region),in(cream_cheese_1,basket_1_contain_region),in(milk_1,basket_1_contain_region),in(salad_dressing_1,basket_1_contain_region)})
COMPOSEOBJ_149	O2_object_milk_upper_swap_3_to_basket	3	true	false	libero_object	305;304;303	pick_up_the_ketchup_and_place_it_in_the_basket;pick_up_the_bbq_sauce_and_place_it_in_the_basket;pick_up_the_salad_dressing_and_place_it_in_the_basket	Pick the ketchup and place it in the basket | Pick the bbq sauce and place it in the basket | Pick the salad dressing and place it in the basket	Put the ketchup in the basket, then put the bbq sauce in the basket, and finally put the salad dressing in the basket.	in(ketchup_1, basket_1_contain_region); in(bbq_sauce_1, basket_1_contain_region); in(salad_dressing_1, basket_1_contain_region)	object_milk_upper_swap_pick_up_the_ketchup_and_place_it_in_the_basket	Milk is swapped into floor_other_object_region_1 (the upper/back slot); salad_dressing_1 moves to milk's former floor_other_object_region_4 slot. | The five non-milk objects and basket remain exactly the same identities as the source Object scene. | Object identity has its own original LIBERO-Object pick-to-basket trajectory; its pose in the composite scene may differ. | Object identity has its own original LIBERO-Object pick-to-basket trajectory; its pose in the composite scene may differ. | Object identity has its own original LIBERO-Object pick-to-basket trajectory; its pose in the composite scene may differ.	5	6	comparison_png/COMPOSEOBJ_149__put_the_ketchup_in_the_basket_then_put_the_bbq_sauce_in_the_basket_and_finally_put_the_salad_dressing_in_the_basket.png	tasks/composeobj_149__put_the_ketchup_in_the_basket_then_put_the_bbq_sauce_in_the_basket_and_finally_put_the_salad_dressing_in_the_basket	composition|245defb2082cecb7293964b02f03f55354f11bba085eedac3b6f69ed44a470e9|frozenset({in(bbq_sauce_1,basket_1_contain_region),in(ketchup_1,basket_1_contain_region),in(salad_dressing_1,basket_1_contain_region)})
COMPOSEOBJ_150	O2_object_milk_upper_swap_3_to_basket	3	true	false	libero_object	305;304;301	pick_up_the_ketchup_and_place_it_in_the_basket;pick_up_the_bbq_sauce_and_place_it_in_the_basket;pick_up_the_alphabet_soup_and_place_it_in_the_basket	Pick the ketchup and place it in the basket | Pick the bbq sauce and place it in the basket | Pick the alphabet soup and place it in the basket	Put the ketchup in the basket, then put the bbq sauce in the basket, and finally put the alphabet soup in the basket.	in(ketchup_1, basket_1_contain_region); in(bbq_sauce_1, basket_1_contain_region); in(alphabet_soup_1, basket_1_contain_region)	object_milk_upper_swap_pick_up_the_ketchup_and_place_it_in_the_basket	Milk is swapped into floor_other_object_region_1 (the upper/back slot); salad_dressing_1 moves to milk's former floor_other_object_region_4 slot. | The five non-milk objects and basket remain exactly the same identities as the source Object scene. | Object identity has its own original LIBERO-Object pick-to-basket trajectory; its pose in the composite scene may differ. | Object identity has its own original LIBERO-Object pick-to-basket trajectory; its pose in the composite scene may differ. | Object identity has its own original LIBERO-Object pick-to-basket trajectory; its pose in the composite scene may differ.	5	6	comparison_png/COMPOSEOBJ_150__put_the_ketchup_in_the_basket_then_put_the_bbq_sauce_in_the_basket_and_finally_put_the_alphabet_soup_in_the_basket.png	tasks/composeobj_150__put_the_ketchup_in_the_basket_then_put_the_bbq_sauce_in_the_basket_and_finally_put_the_alphabet_soup_in_the_basket	composition|245defb2082cecb7293964b02f03f55354f11bba085eedac3b6f69ed44a470e9|frozenset({in(alphabet_soup_1,basket_1_contain_region),in(bbq_sauce_1,basket_1_contain_region),in(ketchup_1,basket_1_contain_region)})
COMPOSEOBJ_151	O2_object_milk_upper_swap_3_to_basket	3	true	false	libero_object	305;304;302	pick_up_the_ketchup_and_place_it_in_the_basket;pick_up_the_bbq_sauce_and_place_it_in_the_basket;pick_up_the_cream_cheese_and_place_it_in_the_basket	Pick the ketchup and place it in the basket | Pick the bbq sauce and place it in the basket | Pick the cream cheese and place it in the basket	Put the ketchup in the basket, then put the bbq sauce in the basket, and finally put the cream cheese box in the basket.	in(ketchup_1, basket_1_contain_region); in(bbq_sauce_1, basket_1_contain_region); in(cream_cheese_1, basket_1_contain_region)	object_milk_upper_swap_pick_up_the_ketchup_and_place_it_in_the_basket	Milk is swapped into floor_other_object_region_1 (the upper/back slot); salad_dressing_1 moves to milk's former floor_other_object_region_4 slot. | The five non-milk objects and basket remain exactly the same identities as the source Object scene. | Object identity has its own original LIBERO-Object pick-to-basket trajectory; its pose in the composite scene may differ. | Object identity has its own original LIBERO-Object pick-to-basket trajectory; its pose in the composite scene may differ. | Object identity has its own original LIBERO-Object pick-to-basket trajectory; its pose in the composite scene may differ.	5	6	comparison_png/COMPOSEOBJ_151__put_the_ketchup_in_the_basket_then_put_the_bbq_sauce_in_the_basket_and_finally_put_the_cream_cheese_box_in_the_basket.png	tasks/composeobj_151__put_the_ketchup_in_the_basket_then_put_the_bbq_sauce_in_the_basket_and_finally_put_the_cream_cheese_box_in_the_basket	composition|245defb2082cecb7293964b02f03f55354f11bba085eedac3b6f69ed44a470e9|frozenset({in(bbq_sauce_1,basket_1_contain_region),in(cream_cheese_1,basket_1_contain_region),in(ketchup_1,basket_1_contain_region)})
COMPOSEOBJ_152	O2_object_milk_upper_swap_3_to_basket	3	true	false	libero_object	305;303;301	pick_up_the_ketchup_and_place_it_in_the_basket;pick_up_the_salad_dressing_and_place_it_in_the_basket;pick_up_the_alphabet_soup_and_place_it_in_the_basket	Pick the ketchup and place it in the basket | Pick the salad dressing and place it in the basket | Pick the alphabet soup and place it in the basket	Put the ketchup in the basket, then put the salad dressing in the basket, and finally put the alphabet soup in the basket.	in(ketchup_1, basket_1_contain_region); in(salad_dressing_1, basket_1_contain_region); in(alphabet_soup_1, basket_1_contain_region)	object_milk_upper_swap_pick_up_the_ketchup_and_place_it_in_the_basket	Milk is swapped into floor_other_object_region_1 (the upper/back slot); salad_dressing_1 moves to milk's former floor_other_object_region_4 slot. | The five non-milk objects and basket remain exactly the same identities as the source Object scene. | Object identity has its own original LIBERO-Object pick-to-basket trajectory; its pose in the composite scene may differ. | Object identity has its own original LIBERO-Object pick-to-basket trajectory; its pose in the composite scene may differ. | Object identity has its own original LIBERO-Object pick-to-basket trajectory; its pose in the composite scene may differ.	5	6	comparison_png/COMPOSEOBJ_152__put_the_ketchup_in_the_basket_then_put_the_salad_dressing_in_the_basket_and_finally_put_the_alphabet_soup_in_the_basket.png	tasks/composeobj_152__put_the_ketchup_in_the_basket_then_put_the_salad_dressing_in_the_basket_and_finally_put_the_alphabet_soup_in_the_basket	composition|245defb2082cecb7293964b02f03f55354f11bba085eedac3b6f69ed44a470e9|frozenset({in(alphabet_soup_1,basket_1_contain_region),in(ketchup_1,basket_1_contain_region),in(salad_dressing_1,basket_1_contain_region)})
COMPOSEOBJ_153	O2_object_milk_upper_swap_3_to_basket	3	true	false	libero_object	305;303;302	pick_up_the_ketchup_and_place_it_in_the_basket;pick_up_the_salad_dressing_and_place_it_in_the_basket;pick_up_the_cream_cheese_and_place_it_in_the_basket	Pick the ketchup and place it in the basket | Pick the salad dressing and place it in the basket | Pick the cream cheese and place it in the basket	Put the ketchup in the basket, then put the salad dressing in the basket, and finally put the cream cheese box in the basket.	in(ketchup_1, basket_1_contain_region); in(salad_dressing_1, basket_1_contain_region); in(cream_cheese_1, basket_1_contain_region)	object_milk_upper_swap_pick_up_the_ketchup_and_place_it_in_the_basket	Milk is swapped into floor_other_object_region_1 (the upper/back slot); salad_dressing_1 moves to milk's former floor_other_object_region_4 slot. | The five non-milk objects and basket remain exactly the same identities as the source Object scene. | Object identity has its own original LIBERO-Object pick-to-basket trajectory; its pose in the composite scene may differ. | Object identity has its own original LIBERO-Object pick-to-basket trajectory; its pose in the composite scene may differ. | Object identity has its own original LIBERO-Object pick-to-basket trajectory; its pose in the composite scene may differ.	5	6	comparison_png/COMPOSEOBJ_153__put_the_ketchup_in_the_basket_then_put_the_salad_dressing_in_the_basket_and_finally_put_the_cream_cheese_box_in_the_basket.png	tasks/composeobj_153__put_the_ketchup_in_the_basket_then_put_the_salad_dressing_in_the_basket_and_finally_put_the_cream_cheese_box_in_the_basket	composition|245defb2082cecb7293964b02f03f55354f11bba085eedac3b6f69ed44a470e9|frozenset({in(cream_cheese_1,basket_1_contain_region),in(ketchup_1,basket_1_contain_region),in(salad_dressing_1,basket_1_contain_region)})
COMPOSEOBJ_154	O2_object_milk_upper_swap_3_to_basket	3	true	false	libero_object	305;301;302	pick_up_the_ketchup_and_place_it_in_the_basket;pick_up_the_alphabet_soup_and_place_it_in_the_basket;pick_up_the_cream_cheese_and_place_it_in_the_basket	Pick the ketchup and place it in the basket | Pick the alphabet soup and place it in the basket | Pick the cream cheese and place it in the basket	Put the ketchup in the basket, then put the alphabet soup in the basket, and finally put the cream cheese box in the basket.	in(ketchup_1, basket_1_contain_region); in(alphabet_soup_1, basket_1_contain_region); in(cream_cheese_1, basket_1_contain_region)	object_milk_upper_swap_pick_up_the_ketchup_and_place_it_in_the_basket	Milk is swapped into floor_other_object_region_1 (the upper/back slot); salad_dressing_1 moves to milk's former floor_other_object_region_4 slot. | The five non-milk objects and basket remain exactly the same identities as the source Object scene. | Object identity has its own original LIBERO-Object pick-to-basket trajectory; its pose in the composite scene may differ. | Object identity has its own original LIBERO-Object pick-to-basket trajectory; its pose in the composite scene may differ. | Object identity has its own original LIBERO-Object pick-to-basket trajectory; its pose in the composite scene may differ.	5	6	comparison_png/COMPOSEOBJ_154__put_the_ketchup_in_the_basket_then_put_the_alphabet_soup_in_the_basket_and_finally_put_the_cream_cheese_box_in_the_basket.png	tasks/composeobj_154__put_the_ketchup_in_the_basket_then_put_the_alphabet_soup_in_the_basket_and_finally_put_the_cream_cheese_box_in_the_basket	composition|245defb2082cecb7293964b02f03f55354f11bba085eedac3b6f69ed44a470e9|frozenset({in(alphabet_soup_1,basket_1_contain_region),in(cream_cheese_1,basket_1_contain_region),in(ketchup_1,basket_1_contain_region)})
COMPOSEOBJ_155	O2_object_milk_upper_swap_3_to_basket	3	true	false	libero_object	304;303;301	pick_up_the_ketchup_and_place_it_in_the_basket;pick_up_the_bbq_sauce_and_place_it_in_the_basket;pick_up_the_salad_dressing_and_place_it_in_the_basket;pick_up_the_alphabet_soup_and_place_it_in_the_basket	Pick the ketchup and place it in the basket | Pick the bbq sauce and place it in the basket | Pick the salad dressing and place it in the basket | Pick the alphabet soup and place it in the basket	Put the bbq sauce in the basket, then put the salad dressing in the basket, and finally put the alphabet soup in the basket.	in(bbq_sauce_1, basket_1_contain_region); in(salad_dressing_1, basket_1_contain_region); in(alphabet_soup_1, basket_1_contain_region)	object_milk_upper_swap_pick_up_the_ketchup_and_place_it_in_the_basket	Milk is swapped into floor_other_object_region_1 (the upper/back slot); salad_dressing_1 moves to milk's former floor_other_object_region_4 slot. | The five non-milk objects and basket remain exactly the same identities as the source Object scene. | Object identity has its own original LIBERO-Object pick-to-basket trajectory; its pose in the composite scene may differ. | Object identity has its own original LIBERO-Object pick-to-basket trajectory; its pose in the composite scene may differ. | Object identity has its own original LIBERO-Object pick-to-basket trajectory; its pose in the composite scene may differ.	5	6	comparison_png/COMPOSEOBJ_155__put_the_bbq_sauce_in_the_basket_then_put_the_salad_dressing_in_the_basket_and_finally_put_the_alphabet_soup_in_the_basket.png	tasks/composeobj_155__put_the_bbq_sauce_in_the_basket_then_put_the_salad_dressing_in_the_basket_and_finally_put_the_alphabet_soup_in_the_basket	composition|245defb2082cecb7293964b02f03f55354f11bba085eedac3b6f69ed44a470e9|frozenset({in(alphabet_soup_1,basket_1_contain_region),in(bbq_sauce_1,basket_1_contain_region),in(salad_dressing_1,basket_1_contain_region)})
COMPOSEOBJ_156	O2_object_milk_upper_swap_3_to_basket	3	true	false	libero_object	304;303;302	pick_up_the_ketchup_and_place_it_in_the_basket;pick_up_the_bbq_sauce_and_place_it_in_the_basket;pick_up_the_salad_dressing_and_place_it_in_the_basket;pick_up_the_cream_cheese_and_place_it_in_the_basket	Pick the ketchup and place it in the basket | Pick the bbq sauce and place it in the basket | Pick the salad dressing and place it in the basket | Pick the cream cheese and place it in the basket	Put the bbq sauce in the basket, then put the salad dressing in the basket, and finally put the cream cheese box in the basket.	in(bbq_sauce_1, basket_1_contain_region); in(salad_dressing_1, basket_1_contain_region); in(cream_cheese_1, basket_1_contain_region)	object_milk_upper_swap_pick_up_the_ketchup_and_place_it_in_the_basket	Milk is swapped into floor_other_object_region_1 (the upper/back slot); salad_dressing_1 moves to milk's former floor_other_object_region_4 slot. | The five non-milk objects and basket remain exactly the same identities as the source Object scene. | Object identity has its own original LIBERO-Object pick-to-basket trajectory; its pose in the composite scene may differ. | Object identity has its own original LIBERO-Object pick-to-basket trajectory; its pose in the composite scene may differ. | Object identity has its own original LIBERO-Object pick-to-basket trajectory; its pose in the composite scene may differ.	5	6	comparison_png/COMPOSEOBJ_156__put_the_bbq_sauce_in_the_basket_then_put_the_salad_dressing_in_the_basket_and_finally_put_the_cream_cheese_box_in_the_basket.png	tasks/composeobj_156__put_the_bbq_sauce_in_the_basket_then_put_the_salad_dressing_in_the_basket_and_finally_put_the_cream_cheese_box_in_the_basket	composition|245defb2082cecb7293964b02f03f55354f11bba085eedac3b6f69ed44a470e9|frozenset({in(bbq_sauce_1,basket_1_contain_region),in(cream_cheese_1,basket_1_contain_region),in(salad_dressing_1,basket_1_contain_region)})
COMPOSEOBJ_157	O2_object_milk_upper_swap_3_to_basket	3	true	false	libero_object	304;301;302	pick_up_the_ketchup_and_place_it_in_the_basket;pick_up_the_bbq_sauce_and_place_it_in_the_basket;pick_up_the_alphabet_soup_and_place_it_in_the_basket;pick_up_the_cream_cheese_and_place_it_in_the_basket	Pick the ketchup and place it in the basket | Pick the bbq sauce and place it in the basket | Pick the alphabet soup and place it in the basket | Pick the cream cheese and place it in the basket	Put the bbq sauce in the basket, then put the alphabet soup in the basket, and finally put the cream cheese box in the basket.	in(bbq_sauce_1, basket_1_contain_region); in(alphabet_soup_1, basket_1_contain_region); in(cream_cheese_1, basket_1_contain_region)	object_milk_upper_swap_pick_up_the_ketchup_and_place_it_in_the_basket	Milk is swapped into floor_other_object_region_1 (the upper/back slot); salad_dressing_1 moves to milk's former floor_other_object_region_4 slot. | The five non-milk objects and basket remain exactly the same identities as the source Object scene. | Object identity has its own original LIBERO-Object pick-to-basket trajectory; its pose in the composite scene may differ. | Object identity has its own original LIBERO-Object pick-to-basket trajectory; its pose in the composite scene may differ. | Object identity has its own original LIBERO-Object pick-to-basket trajectory; its pose in the composite scene may differ.	5	6	comparison_png/COMPOSEOBJ_157__put_the_bbq_sauce_in_the_basket_then_put_the_alphabet_soup_in_the_basket_and_finally_put_the_cream_cheese_box_in_the_basket.png	tasks/composeobj_157__put_the_bbq_sauce_in_the_basket_then_put_the_alphabet_soup_in_the_basket_and_finally_put_the_cream_cheese_box_in_the_basket	composition|245defb2082cecb7293964b02f03f55354f11bba085eedac3b6f69ed44a470e9|frozenset({in(alphabet_soup_1,basket_1_contain_region),in(bbq_sauce_1,basket_1_contain_region),in(cream_cheese_1,basket_1_contain_region)})
COMPOSEOBJ_158	O2_object_milk_upper_swap_3_to_basket	3	true	false	libero_object	303;301;302	pick_up_the_ketchup_and_place_it_in_the_basket;pick_up_the_salad_dressing_and_place_it_in_the_basket;pick_up_the_alphabet_soup_and_place_it_in_the_basket;pick_up_the_cream_cheese_and_place_it_in_the_basket	Pick the ketchup and place it in the basket | Pick the salad dressing and place it in the basket | Pick the alphabet soup and place it in the basket | Pick the cream cheese and place it in the basket	Put the salad dressing in the basket, then put the alphabet soup in the basket, and finally put the cream cheese box in the basket.	in(salad_dressing_1, basket_1_contain_region); in(alphabet_soup_1, basket_1_contain_region); in(cream_cheese_1, basket_1_contain_region)	object_milk_upper_swap_pick_up_the_ketchup_and_place_it_in_the_basket	Milk is swapped into floor_other_object_region_1 (the upper/back slot); salad_dressing_1 moves to milk's former floor_other_object_region_4 slot. | The five non-milk objects and basket remain exactly the same identities as the source Object scene. | Object identity has its own original LIBERO-Object pick-to-basket trajectory; its pose in the composite scene may differ. | Object identity has its own original LIBERO-Object pick-to-basket trajectory; its pose in the composite scene may differ. | Object identity has its own original LIBERO-Object pick-to-basket trajectory; its pose in the composite scene may differ.	5	6	comparison_png/COMPOSEOBJ_158__put_the_salad_dressing_in_the_basket_then_put_the_alphabet_soup_in_the_basket_and_finally_put_the_cream_cheese_box_in_the_basket.png	tasks/composeobj_158__put_the_salad_dressing_in_the_basket_then_put_the_alphabet_soup_in_the_basket_and_finally_put_the_cream_cheese_box_in_the_basket	composition|245defb2082cecb7293964b02f03f55354f11bba085eedac3b6f69ed44a470e9|frozenset({in(alphabet_soup_1,basket_1_contain_region),in(cream_cheese_1,basket_1_contain_region),in(salad_dressing_1,basket_1_contain_region)})
COMPOSEOBJ_159	O2_object_milk_upper_swap_4_to_basket	4	true	false	libero_object	305;304;303;301	pick_up_the_ketchup_and_place_it_in_the_basket;pick_up_the_bbq_sauce_and_place_it_in_the_basket;pick_up_the_salad_dressing_and_place_it_in_the_basket;pick_up_the_alphabet_soup_and_place_it_in_the_basket	Pick the ketchup and place it in the basket | Pick the bbq sauce and place it in the basket | Pick the salad dressing and place it in the basket | Pick the alphabet soup and place it in the basket	Put the ketchup in the basket, then put the bbq sauce in the basket, then put the salad dressing in the basket, and finally put the alphabet soup in the basket.	in(ketchup_1, basket_1_contain_region); in(bbq_sauce_1, basket_1_contain_region); in(salad_dressing_1, basket_1_contain_region); in(alphabet_soup_1, basket_1_contain_region)	object_milk_upper_swap_pick_up_the_ketchup_and_place_it_in_the_basket	Milk is swapped into floor_other_object_region_1 (the upper/back slot); salad_dressing_1 moves to milk's former floor_other_object_region_4 slot. | The five non-milk objects and basket remain exactly the same identities as the source Object scene. | Object identity has its own original LIBERO-Object pick-to-basket trajectory; its pose in the composite scene may differ. | Object identity has its own original LIBERO-Object pick-to-basket trajectory; its pose in the composite scene may differ. | Object identity has its own original LIBERO-Object pick-to-basket trajectory; its pose in the composite scene may differ. | Object identity has its own original LIBERO-Object pick-to-basket trajectory; its pose in the composite scene may differ.	5	8	comparison_png/COMPOSEOBJ_159__put_the_ketchup_in_the_basket_then_put_the_bbq_sauce_in_the_basket_then_put_the_salad_dressing_in_the_basket_and_finally_put_the_alphabet_soup_in_the.png	tasks/composeobj_159__put_the_ketchup_in_the_basket_then_put_the_bbq_sauce_in_the_basket_then_put_the_salad_dressing_in_the_basket_and_finally_put_the_alphabet_soup_in_the	composition|245defb2082cecb7293964b02f03f55354f11bba085eedac3b6f69ed44a470e9|frozenset({in(alphabet_soup_1,basket_1_contain_region),in(bbq_sauce_1,basket_1_contain_region),in(ketchup_1,basket_1_contain_region),in(salad_dressing_1,basket_1_contain_region)})
COMPOSEOBJ_160	O2_object_milk_upper_swap_4_to_basket	4	true	false	libero_object	305;304;303;302	pick_up_the_ketchup_and_place_it_in_the_basket;pick_up_the_bbq_sauce_and_place_it_in_the_basket;pick_up_the_salad_dressing_and_place_it_in_the_basket;pick_up_the_cream_cheese_and_place_it_in_the_basket	Pick the ketchup and place it in the basket | Pick the bbq sauce and place it in the basket | Pick the salad dressing and place it in the basket | Pick the cream cheese and place it in the basket	Put the ketchup in the basket, then put the bbq sauce in the basket, then put the salad dressing in the basket, and finally put the cream cheese box in the basket.	in(ketchup_1, basket_1_contain_region); in(bbq_sauce_1, basket_1_contain_region); in(salad_dressing_1, basket_1_contain_region); in(cream_cheese_1, basket_1_contain_region)	object_milk_upper_swap_pick_up_the_ketchup_and_place_it_in_the_basket	Milk is swapped into floor_other_object_region_1 (the upper/back slot); salad_dressing_1 moves to milk's former floor_other_object_region_4 slot. | The five non-milk objects and basket remain exactly the same identities as the source Object scene. | Object identity has its own original LIBERO-Object pick-to-basket trajectory; its pose in the composite scene may differ. | Object identity has its own original LIBERO-Object pick-to-basket trajectory; its pose in the composite scene may differ. | Object identity has its own original LIBERO-Object pick-to-basket trajectory; its pose in the composite scene may differ. | Object identity has its own original LIBERO-Object pick-to-basket trajectory; its pose in the composite scene may differ.	5	8	comparison_png/COMPOSEOBJ_160__put_the_ketchup_in_the_basket_then_put_the_bbq_sauce_in_the_basket_then_put_the_salad_dressing_in_the_basket_and_finally_put_the_cream_cheese_box_in_t.png	tasks/composeobj_160__put_the_ketchup_in_the_basket_then_put_the_bbq_sauce_in_the_basket_then_put_the_salad_dressing_in_the_basket_and_finally_put_the_cream_cheese_box_in_t	composition|245defb2082cecb7293964b02f03f55354f11bba085eedac3b6f69ed44a470e9|frozenset({in(bbq_sauce_1,basket_1_contain_region),in(cream_cheese_1,basket_1_contain_region),in(ketchup_1,basket_1_contain_region),in(salad_dressing_1,basket_1_contain_region)})
COMPOSEOBJ_161	O2_object_milk_upper_swap_4_to_basket	4	true	false	libero_object	305;304;301;302	pick_up_the_ketchup_and_place_it_in_the_basket;pick_up_the_bbq_sauce_and_place_it_in_the_basket;pick_up_the_alphabet_soup_and_place_it_in_the_basket;pick_up_the_cream_cheese_and_place_it_in_the_basket	Pick the ketchup and place it in the basket | Pick the bbq sauce and place it in the basket | Pick the alphabet soup and place it in the basket | Pick the cream cheese and place it in the basket	Put the ketchup in the basket, then put the bbq sauce in the basket, then put the alphabet soup in the basket, and finally put the cream cheese box in the basket.	in(ketchup_1, basket_1_contain_region); in(bbq_sauce_1, basket_1_contain_region); in(alphabet_soup_1, basket_1_contain_region); in(cream_cheese_1, basket_1_contain_region)	object_milk_upper_swap_pick_up_the_ketchup_and_place_it_in_the_basket	Milk is swapped into floor_other_object_region_1 (the upper/back slot); salad_dressing_1 moves to milk's former floor_other_object_region_4 slot. | The five non-milk objects and basket remain exactly the same identities as the source Object scene. | Object identity has its own original LIBERO-Object pick-to-basket trajectory; its pose in the composite scene may differ. | Object identity has its own original LIBERO-Object pick-to-basket trajectory; its pose in the composite scene may differ. | Object identity has its own original LIBERO-Object pick-to-basket trajectory; its pose in the composite scene may differ. | Object identity has its own original LIBERO-Object pick-to-basket trajectory; its pose in the composite scene may differ.	5	8	comparison_png/COMPOSEOBJ_161__put_the_ketchup_in_the_basket_then_put_the_bbq_sauce_in_the_basket_then_put_the_alphabet_soup_in_the_basket_and_finally_put_the_cream_cheese_box_in_th.png	tasks/composeobj_161__put_the_ketchup_in_the_basket_then_put_the_bbq_sauce_in_the_basket_then_put_the_alphabet_soup_in_the_basket_and_finally_put_the_cream_cheese_box_in_th	composition|245defb2082cecb7293964b02f03f55354f11bba085eedac3b6f69ed44a470e9|frozenset({in(alphabet_soup_1,basket_1_contain_region),in(bbq_sauce_1,basket_1_contain_region),in(cream_cheese_1,basket_1_contain_region),in(ketchup_1,basket_1_contain_region)})
COMPOSEOBJ_162	O2_object_milk_upper_swap_4_to_basket	4	true	false	libero_object	305;303;301;302	pick_up_the_ketchup_and_place_it_in_the_basket;pick_up_the_salad_dressing_and_place_it_in_the_basket;pick_up_the_alphabet_soup_and_place_it_in_the_basket;pick_up_the_cream_cheese_and_place_it_in_the_basket	Pick the ketchup and place it in the basket | Pick the salad dressing and place it in the basket | Pick the alphabet soup and place it in the basket | Pick the cream cheese and place it in the basket	Put the ketchup in the basket, then put the salad dressing in the basket, then put the alphabet soup in the basket, and finally put the cream cheese box in the basket.	in(ketchup_1, basket_1_contain_region); in(salad_dressing_1, basket_1_contain_region); in(alphabet_soup_1, basket_1_contain_region); in(cream_cheese_1, basket_1_contain_region)	object_milk_upper_swap_pick_up_the_ketchup_and_place_it_in_the_basket	Milk is swapped into floor_other_object_region_1 (the upper/back slot); salad_dressing_1 moves to milk's former floor_other_object_region_4 slot. | The five non-milk objects and basket remain exactly the same identities as the source Object scene. | Object identity has its own original LIBERO-Object pick-to-basket trajectory; its pose in the composite scene may differ. | Object identity has its own original LIBERO-Object pick-to-basket trajectory; its pose in the composite scene may differ. | Object identity has its own original LIBERO-Object pick-to-basket trajectory; its pose in the composite scene may differ. | Object identity has its own original LIBERO-Object pick-to-basket trajectory; its pose in the composite scene may differ.	5	8	comparison_png/COMPOSEOBJ_162__put_the_ketchup_in_the_basket_then_put_the_salad_dressing_in_the_basket_then_put_the_alphabet_soup_in_the_basket_and_finally_put_the_cream_cheese_box.png	tasks/composeobj_162__put_the_ketchup_in_the_basket_then_put_the_salad_dressing_in_the_basket_then_put_the_alphabet_soup_in_the_basket_and_finally_put_the_cream_cheese_box	composition|245defb2082cecb7293964b02f03f55354f11bba085eedac3b6f69ed44a470e9|frozenset({in(alphabet_soup_1,basket_1_contain_region),in(cream_cheese_1,basket_1_contain_region),in(ketchup_1,basket_1_contain_region),in(salad_dressing_1,basket_1_contain_region)})
COMPOSEOBJ_163	O2_object_milk_upper_swap_4_to_basket	4	true	false	libero_object	304;303;301;302	pick_up_the_ketchup_and_place_it_in_the_basket;pick_up_the_bbq_sauce_and_place_it_in_the_basket;pick_up_the_salad_dressing_and_place_it_in_the_basket;pick_up_the_alphabet_soup_and_place_it_in_the_basket;pick_up_the_cream_cheese_and_place_it_in_the_basket	Pick the ketchup and place it in the basket | Pick the bbq sauce and place it in the basket | Pick the salad dressing and place it in the basket | Pick the alphabet soup and place it in the basket | Pick the cream cheese and place it in the basket	Put the bbq sauce in the basket, then put the salad dressing in the basket, then put the alphabet soup in the basket, and finally put the cream cheese box in the basket.	in(bbq_sauce_1, basket_1_contain_region); in(salad_dressing_1, basket_1_contain_region); in(alphabet_soup_1, basket_1_contain_region); in(cream_cheese_1, basket_1_contain_region)	object_milk_upper_swap_pick_up_the_ketchup_and_place_it_in_the_basket	Milk is swapped into floor_other_object_region_1 (the upper/back slot); salad_dressing_1 moves to milk's former floor_other_object_region_4 slot. | The five non-milk objects and basket remain exactly the same identities as the source Object scene. | Object identity has its own original LIBERO-Object pick-to-basket trajectory; its pose in the composite scene may differ. | Object identity has its own original LIBERO-Object pick-to-basket trajectory; its pose in the composite scene may differ. | Object identity has its own original LIBERO-Object pick-to-basket trajectory; its pose in the composite scene may differ. | Object identity has its own original LIBERO-Object pick-to-basket trajectory; its pose in the composite scene may differ.	5	8	comparison_png/COMPOSEOBJ_163__put_the_bbq_sauce_in_the_basket_then_put_the_salad_dressing_in_the_basket_then_put_the_alphabet_soup_in_the_basket_and_finally_put_the_cream_cheese_bo.png	tasks/composeobj_163__put_the_bbq_sauce_in_the_basket_then_put_the_salad_dressing_in_the_basket_then_put_the_alphabet_soup_in_the_basket_and_finally_put_the_cream_cheese_bo	composition|245defb2082cecb7293964b02f03f55354f11bba085eedac3b6f69ed44a470e9|frozenset({in(alphabet_soup_1,basket_1_contain_region),in(bbq_sauce_1,basket_1_contain_region),in(cream_cheese_1,basket_1_contain_region),in(salad_dressing_1,basket_1_contain_region)})
COMPOSEOBJ_164	O1_object_milk_first_3_to_basket	3	true	true	libero_object	308;302;306	pick_up_the_milk_and_place_it_in_the_basket;pick_up_the_cream_cheese_and_place_it_in_the_basket;pick_up_the_tomato_sauce_and_place_it_in_the_basket	Pick the milk and place it in the basket | Pick the cream cheese and place it in the basket | Pick the tomato sauce and place it in the basket	First put the milk in the basket, then put the cream cheese box in the basket, and finally put the tomato sauce in the basket.	in(milk_1, basket_1_contain_region); in(cream_cheese_1, basket_1_contain_region); in(tomato_sauce_1, basket_1_contain_region)	object_stock_milk_first_pick_up_the_milk_and_place_it_in_the_basket_3	Sequence diagnostic in an original LIBERO-Object layout: milk is removed first before the remaining two or three picks. | The physical scene is stock; the unchanged unordered 3-step and 4-step controls already scored 0 successful tasks across 350 candidates. | Object identity has its own original LIBERO-Object pick-to-basket trajectory; its pose in the composite scene may differ. | Object identity has its own original LIBERO-Object pick-to-basket trajectory; its pose in the composite scene may differ. | Object identity has its own original LIBERO-Object pick-to-basket trajectory; its pose in the composite scene may differ.	5	6	comparison_png/COMPOSEOBJ_164__first_put_the_milk_in_the_basket_then_put_the_cream_cheese_box_in_the_basket_and_finally_put_the_tomato_sauce_in_the_basket.png	tasks/composeobj_164__first_put_the_milk_in_the_basket_then_put_the_cream_cheese_box_in_the_basket_and_finally_put_the_tomato_sauce_in_the_basket	composition|7ba9d10e19350f9437b0f4a1a731b59d62e13a2cbbb5e813673656da0d2f6b1e|frozenset({in(cream_cheese_1,basket_1_contain_region),in(milk_1,basket_1_contain_region),in(tomato_sauce_1,basket_1_contain_region)})
COMPOSEOBJ_165	O1_object_milk_first_3_to_basket	3	true	true	libero_object	308;302;307	pick_up_the_milk_and_place_it_in_the_basket;pick_up_the_cream_cheese_and_place_it_in_the_basket;pick_up_the_butter_and_place_it_in_the_basket	Pick the milk and place it in the basket | Pick the cream cheese and place it in the basket | Pick the butter and place it in the basket	First put the milk in the basket, then put the cream cheese box in the basket, and finally put the butter in the basket.	in(milk_1, basket_1_contain_region); in(cream_cheese_1, basket_1_contain_region); in(butter_1, basket_1_contain_region)	object_stock_milk_first_pick_up_the_milk_and_place_it_in_the_basket_3	Sequence diagnostic in an original LIBERO-Object layout: milk is removed first before the remaining two or three picks. | The physical scene is stock; the unchanged unordered 3-step and 4-step controls already scored 0 successful tasks across 350 candidates. | Object identity has its own original LIBERO-Object pick-to-basket trajectory; its pose in the composite scene may differ. | Object identity has its own original LIBERO-Object pick-to-basket trajectory; its pose in the composite scene may differ. | Object identity has its own original LIBERO-Object pick-to-basket trajectory; its pose in the composite scene may differ.	5	6	comparison_png/COMPOSEOBJ_165__first_put_the_milk_in_the_basket_then_put_the_cream_cheese_box_in_the_basket_and_finally_put_the_butter_in_the_basket.png	tasks/composeobj_165__first_put_the_milk_in_the_basket_then_put_the_cream_cheese_box_in_the_basket_and_finally_put_the_butter_in_the_basket	composition|7ba9d10e19350f9437b0f4a1a731b59d62e13a2cbbb5e813673656da0d2f6b1e|frozenset({in(butter_1,basket_1_contain_region),in(cream_cheese_1,basket_1_contain_region),in(milk_1,basket_1_contain_region)})
COMPOSEOBJ_166	O1_object_milk_first_3_to_basket	3	true	true	libero_object	308;302;310	pick_up_the_milk_and_place_it_in_the_basket;pick_up_the_cream_cheese_and_place_it_in_the_basket;pick_up_the_orange_juice_and_place_it_in_the_basket	Pick the milk and place it in the basket | Pick the cream cheese and place it in the basket | Pick the orange juice and place it in the basket	First put the milk in the basket, then put the cream cheese box in the basket, and finally put the orange juice in the basket.	in(milk_1, basket_1_contain_region); in(cream_cheese_1, basket_1_contain_region); in(orange_juice_1, basket_1_contain_region)	object_stock_milk_first_pick_up_the_milk_and_place_it_in_the_basket_3	Sequence diagnostic in an original LIBERO-Object layout: milk is removed first before the remaining two or three picks. | The physical scene is stock; the unchanged unordered 3-step and 4-step controls already scored 0 successful tasks across 350 candidates. | Object identity has its own original LIBERO-Object pick-to-basket trajectory; its pose in the composite scene may differ. | Object identity has its own original LIBERO-Object pick-to-basket trajectory; its pose in the composite scene may differ. | Object identity has its own original LIBERO-Object pick-to-basket trajectory; its pose in the composite scene may differ.	5	6	comparison_png/COMPOSEOBJ_166__first_put_the_milk_in_the_basket_then_put_the_cream_cheese_box_in_the_basket_and_finally_put_the_orange_juice_in_the_basket.png	tasks/composeobj_166__first_put_the_milk_in_the_basket_then_put_the_cream_cheese_box_in_the_basket_and_finally_put_the_orange_juice_in_the_basket	composition|7ba9d10e19350f9437b0f4a1a731b59d62e13a2cbbb5e813673656da0d2f6b1e|frozenset({in(cream_cheese_1,basket_1_contain_region),in(milk_1,basket_1_contain_region),in(orange_juice_1,basket_1_contain_region)})
COMPOSEOBJ_167	O1_object_milk_first_3_to_basket	3	true	true	libero_object	308;302;309	pick_up_the_milk_and_place_it_in_the_basket;pick_up_the_cream_cheese_and_place_it_in_the_basket;pick_up_the_chocolate_pudding_and_place_it_in_the_basket	Pick the milk and place it in the basket | Pick the cream cheese and place it in the basket | Pick the chocolate pudding and place it in the basket	First put the milk in the basket, then put the cream cheese box in the basket, and finally put the chocolate pudding in the basket.	in(milk_1, basket_1_contain_region); in(cream_cheese_1, basket_1_contain_region); in(chocolate_pudding_1, basket_1_contain_region)	object_stock_milk_first_pick_up_the_milk_and_place_it_in_the_basket_3	Sequence diagnostic in an original LIBERO-Object layout: milk is removed first before the remaining two or three picks. | The physical scene is stock; the unchanged unordered 3-step and 4-step controls already scored 0 successful tasks across 350 candidates. | Object identity has its own original LIBERO-Object pick-to-basket trajectory; its pose in the composite scene may differ. | Object identity has its own original LIBERO-Object pick-to-basket trajectory; its pose in the composite scene may differ. | Object identity has its own original LIBERO-Object pick-to-basket trajectory; its pose in the composite scene may differ.	5	6	comparison_png/COMPOSEOBJ_167__first_put_the_milk_in_the_basket_then_put_the_cream_cheese_box_in_the_basket_and_finally_put_the_chocolate_pudding_in_the_basket.png	tasks/composeobj_167__first_put_the_milk_in_the_basket_then_put_the_cream_cheese_box_in_the_basket_and_finally_put_the_chocolate_pudding_in_the_basket	composition|7ba9d10e19350f9437b0f4a1a731b59d62e13a2cbbb5e813673656da0d2f6b1e|frozenset({in(chocolate_pudding_1,basket_1_contain_region),in(cream_cheese_1,basket_1_contain_region),in(milk_1,basket_1_contain_region)})
COMPOSEOBJ_168	O1_object_milk_first_3_to_basket	3	true	true	libero_object	308;306;307	pick_up_the_milk_and_place_it_in_the_basket;pick_up_the_tomato_sauce_and_place_it_in_the_basket;pick_up_the_butter_and_place_it_in_the_basket	Pick the milk and place it in the basket | Pick the tomato sauce and place it in the basket | Pick the butter and place it in the basket	First put the milk in the basket, then put the tomato sauce in the basket, and finally put the butter in the basket.	in(milk_1, basket_1_contain_region); in(tomato_sauce_1, basket_1_contain_region); in(butter_1, basket_1_contain_region)	object_stock_milk_first_pick_up_the_milk_and_place_it_in_the_basket_3	Sequence diagnostic in an original LIBERO-Object layout: milk is removed first before the remaining two or three picks. | The physical scene is stock; the unchanged unordered 3-step and 4-step controls already scored 0 successful tasks across 350 candidates. | Object identity has its own original LIBERO-Object pick-to-basket trajectory; its pose in the composite scene may differ. | Object identity has its own original LIBERO-Object pick-to-basket trajectory; its pose in the composite scene may differ. | Object identity has its own original LIBERO-Object pick-to-basket trajectory; its pose in the composite scene may differ.	5	6	comparison_png/COMPOSEOBJ_168__first_put_the_milk_in_the_basket_then_put_the_tomato_sauce_in_the_basket_and_finally_put_the_butter_in_the_basket.png	tasks/composeobj_168__first_put_the_milk_in_the_basket_then_put_the_tomato_sauce_in_the_basket_and_finally_put_the_butter_in_the_basket	composition|7ba9d10e19350f9437b0f4a1a731b59d62e13a2cbbb5e813673656da0d2f6b1e|frozenset({in(butter_1,basket_1_contain_region),in(milk_1,basket_1_contain_region),in(tomato_sauce_1,basket_1_contain_region)})
COMPOSEOBJ_169	O1_object_milk_first_3_to_basket	3	true	true	libero_object	308;306;310	pick_up_the_milk_and_place_it_in_the_basket;pick_up_the_tomato_sauce_and_place_it_in_the_basket;pick_up_the_orange_juice_and_place_it_in_the_basket	Pick the milk and place it in the basket | Pick the tomato sauce and place it in the basket | Pick the orange juice and place it in the basket	First put the milk in the basket, then put the tomato sauce in the basket, and finally put the orange juice in the basket.	in(milk_1, basket_1_contain_region); in(tomato_sauce_1, basket_1_contain_region); in(orange_juice_1, basket_1_contain_region)	object_stock_milk_first_pick_up_the_milk_and_place_it_in_the_basket_3	Sequence diagnostic in an original LIBERO-Object layout: milk is removed first before the remaining two or three picks. | The physical scene is stock; the unchanged unordered 3-step and 4-step controls already scored 0 successful tasks across 350 candidates. | Object identity has its own original LIBERO-Object pick-to-basket trajectory; its pose in the composite scene may differ. | Object identity has its own original LIBERO-Object pick-to-basket trajectory; its pose in the composite scene may differ. | Object identity has its own original LIBERO-Object pick-to-basket trajectory; its pose in the composite scene may differ.	5	6	comparison_png/COMPOSEOBJ_169__first_put_the_milk_in_the_basket_then_put_the_tomato_sauce_in_the_basket_and_finally_put_the_orange_juice_in_the_basket.png	tasks/composeobj_169__first_put_the_milk_in_the_basket_then_put_the_tomato_sauce_in_the_basket_and_finally_put_the_orange_juice_in_the_basket	composition|7ba9d10e19350f9437b0f4a1a731b59d62e13a2cbbb5e813673656da0d2f6b1e|frozenset({in(milk_1,basket_1_contain_region),in(orange_juice_1,basket_1_contain_region),in(tomato_sauce_1,basket_1_contain_region)})
COMPOSEOBJ_170	O1_object_milk_first_3_to_basket	3	true	true	libero_object	308;306;309	pick_up_the_milk_and_place_it_in_the_basket;pick_up_the_tomato_sauce_and_place_it_in_the_basket;pick_up_the_chocolate_pudding_and_place_it_in_the_basket	Pick the milk and place it in the basket | Pick the tomato sauce and place it in the basket | Pick the chocolate pudding and place it in the basket	First put the milk in the basket, then put the tomato sauce in the basket, and finally put the chocolate pudding in the basket.	in(milk_1, basket_1_contain_region); in(tomato_sauce_1, basket_1_contain_region); in(chocolate_pudding_1, basket_1_contain_region)	object_stock_milk_first_pick_up_the_milk_and_place_it_in_the_basket_3	Sequence diagnostic in an original LIBERO-Object layout: milk is removed first before the remaining two or three picks. | The physical scene is stock; the unchanged unordered 3-step and 4-step controls already scored 0 successful tasks across 350 candidates. | Object identity has its own original LIBERO-Object pick-to-basket trajectory; its pose in the composite scene may differ. | Object identity has its own original LIBERO-Object pick-to-basket trajectory; its pose in the composite scene may differ. | Object identity has its own original LIBERO-Object pick-to-basket trajectory; its pose in the composite scene may differ.	5	6	comparison_png/COMPOSEOBJ_170__first_put_the_milk_in_the_basket_then_put_the_tomato_sauce_in_the_basket_and_finally_put_the_chocolate_pudding_in_the_basket.png	tasks/composeobj_170__first_put_the_milk_in_the_basket_then_put_the_tomato_sauce_in_the_basket_and_finally_put_the_chocolate_pudding_in_the_basket	composition|7ba9d10e19350f9437b0f4a1a731b59d62e13a2cbbb5e813673656da0d2f6b1e|frozenset({in(chocolate_pudding_1,basket_1_contain_region),in(milk_1,basket_1_contain_region),in(tomato_sauce_1,basket_1_contain_region)})
COMPOSEOBJ_171	O1_object_milk_first_3_to_basket	3	true	true	libero_object	308;307;310	pick_up_the_milk_and_place_it_in_the_basket;pick_up_the_butter_and_place_it_in_the_basket;pick_up_the_orange_juice_and_place_it_in_the_basket	Pick the milk and place it in the basket | Pick the butter and place it in the basket | Pick the orange juice and place it in the basket	First put the milk in the basket, then put the butter in the basket, and finally put the orange juice in the basket.	in(milk_1, basket_1_contain_region); in(butter_1, basket_1_contain_region); in(orange_juice_1, basket_1_contain_region)	object_stock_milk_first_pick_up_the_milk_and_place_it_in_the_basket_3	Sequence diagnostic in an original LIBERO-Object layout: milk is removed first before the remaining two or three picks. | The physical scene is stock; the unchanged unordered 3-step and 4-step controls already scored 0 successful tasks across 350 candidates. | Object identity has its own original LIBERO-Object pick-to-basket trajectory; its pose in the composite scene may differ. | Object identity has its own original LIBERO-Object pick-to-basket trajectory; its pose in the composite scene may differ. | Object identity has its own original LIBERO-Object pick-to-basket trajectory; its pose in the composite scene may differ.	5	6	comparison_png/COMPOSEOBJ_171__first_put_the_milk_in_the_basket_then_put_the_butter_in_the_basket_and_finally_put_the_orange_juice_in_the_basket.png	tasks/composeobj_171__first_put_the_milk_in_the_basket_then_put_the_butter_in_the_basket_and_finally_put_the_orange_juice_in_the_basket	composition|7ba9d10e19350f9437b0f4a1a731b59d62e13a2cbbb5e813673656da0d2f6b1e|frozenset({in(butter_1,basket_1_contain_region),in(milk_1,basket_1_contain_region),in(orange_juice_1,basket_1_contain_region)})
COMPOSEOBJ_172	O1_object_milk_first_3_to_basket	3	true	true	libero_object	308;307;309	pick_up_the_milk_and_place_it_in_the_basket;pick_up_the_butter_and_place_it_in_the_basket;pick_up_the_chocolate_pudding_and_place_it_in_the_basket	Pick the milk and place it in the basket | Pick the butter and place it in the basket | Pick the chocolate pudding and place it in the basket	First put the milk in the basket, then put the butter in the basket, and finally put the chocolate pudding in the basket.	in(milk_1, basket_1_contain_region); in(butter_1, basket_1_contain_region); in(chocolate_pudding_1, basket_1_contain_region)	object_stock_milk_first_pick_up_the_milk_and_place_it_in_the_basket_3	Sequence diagnostic in an original LIBERO-Object layout: milk is removed first before the remaining two or three picks. | The physical scene is stock; the unchanged unordered 3-step and 4-step controls already scored 0 successful tasks across 350 candidates. | Object identity has its own original LIBERO-Object pick-to-basket trajectory; its pose in the composite scene may differ. | Object identity has its own original LIBERO-Object pick-to-basket trajectory; its pose in the composite scene may differ. | Object identity has its own original LIBERO-Object pick-to-basket trajectory; its pose in the composite scene may differ.	5	6	comparison_png/COMPOSEOBJ_172__first_put_the_milk_in_the_basket_then_put_the_butter_in_the_basket_and_finally_put_the_chocolate_pudding_in_the_basket.png	tasks/composeobj_172__first_put_the_milk_in_the_basket_then_put_the_butter_in_the_basket_and_finally_put_the_chocolate_pudding_in_the_basket	composition|7ba9d10e19350f9437b0f4a1a731b59d62e13a2cbbb5e813673656da0d2f6b1e|frozenset({in(butter_1,basket_1_contain_region),in(chocolate_pudding_1,basket_1_contain_region),in(milk_1,basket_1_contain_region)})
COMPOSEOBJ_173	O1_object_milk_first_3_to_basket	3	true	true	libero_object	308;310;309	pick_up_the_milk_and_place_it_in_the_basket;pick_up_the_orange_juice_and_place_it_in_the_basket;pick_up_the_chocolate_pudding_and_place_it_in_the_basket	Pick the milk and place it in the basket | Pick the orange juice and place it in the basket | Pick the chocolate pudding and place it in the basket	First put the milk in the basket, then put the orange juice in the basket, and finally put the chocolate pudding in the basket.	in(milk_1, basket_1_contain_region); in(orange_juice_1, basket_1_contain_region); in(chocolate_pudding_1, basket_1_contain_region)	object_stock_milk_first_pick_up_the_milk_and_place_it_in_the_basket_3	Sequence diagnostic in an original LIBERO-Object layout: milk is removed first before the remaining two or three picks. | The physical scene is stock; the unchanged unordered 3-step and 4-step controls already scored 0 successful tasks across 350 candidates. | Object identity has its own original LIBERO-Object pick-to-basket trajectory; its pose in the composite scene may differ. | Object identity has its own original LIBERO-Object pick-to-basket trajectory; its pose in the composite scene may differ. | Object identity has its own original LIBERO-Object pick-to-basket trajectory; its pose in the composite scene may differ.	5	6	comparison_png/COMPOSEOBJ_173__first_put_the_milk_in_the_basket_then_put_the_orange_juice_in_the_basket_and_finally_put_the_chocolate_pudding_in_the_basket.png	tasks/composeobj_173__first_put_the_milk_in_the_basket_then_put_the_orange_juice_in_the_basket_and_finally_put_the_chocolate_pudding_in_the_basket	composition|7ba9d10e19350f9437b0f4a1a731b59d62e13a2cbbb5e813673656da0d2f6b1e|frozenset({in(chocolate_pudding_1,basket_1_contain_region),in(milk_1,basket_1_contain_region),in(orange_juice_1,basket_1_contain_region)})
COMPOSEOBJ_174	O1_object_milk_first_4_to_basket	4	true	true	libero_object	308;302;306;307	pick_up_the_milk_and_place_it_in_the_basket;pick_up_the_cream_cheese_and_place_it_in_the_basket;pick_up_the_tomato_sauce_and_place_it_in_the_basket;pick_up_the_butter_and_place_it_in_the_basket	Pick the milk and place it in the basket | Pick the cream cheese and place it in the basket | Pick the tomato sauce and place it in the basket | Pick the butter and place it in the basket	First put the milk in the basket, then put the cream cheese box in the basket, then put the tomato sauce in the basket, and finally put the butter in the basket.	in(milk_1, basket_1_contain_region); in(cream_cheese_1, basket_1_contain_region); in(tomato_sauce_1, basket_1_contain_region); in(butter_1, basket_1_contain_region)	object_stock_milk_first_pick_up_the_milk_and_place_it_in_the_basket_4	Sequence diagnostic in an original LIBERO-Object layout: milk is removed first before the remaining two or three picks. | The physical scene is stock; the unchanged unordered 3-step and 4-step controls already scored 0 successful tasks across 350 candidates. | Object identity has its own original LIBERO-Object pick-to-basket trajectory; its pose in the composite scene may differ. | Object identity has its own original LIBERO-Object pick-to-basket trajectory; its pose in the composite scene may differ. | Object identity has its own original LIBERO-Object pick-to-basket trajectory; its pose in the composite scene may differ. | Object identity has its own original LIBERO-Object pick-to-basket trajectory; its pose in the composite scene may differ.	5	8	comparison_png/COMPOSEOBJ_174__first_put_the_milk_in_the_basket_then_put_the_cream_cheese_box_in_the_basket_then_put_the_tomato_sauce_in_the_basket_and_finally_put_the_butter_in_the.png	tasks/composeobj_174__first_put_the_milk_in_the_basket_then_put_the_cream_cheese_box_in_the_basket_then_put_the_tomato_sauce_in_the_basket_and_finally_put_the_butter_in_the	composition|7ba9d10e19350f9437b0f4a1a731b59d62e13a2cbbb5e813673656da0d2f6b1e|frozenset({in(butter_1,basket_1_contain_region),in(cream_cheese_1,basket_1_contain_region),in(milk_1,basket_1_contain_region),in(tomato_sauce_1,basket_1_contain_region)})
COMPOSEOBJ_175	O1_object_milk_first_4_to_basket	4	true	true	libero_object	308;302;306;310	pick_up_the_milk_and_place_it_in_the_basket;pick_up_the_cream_cheese_and_place_it_in_the_basket;pick_up_the_tomato_sauce_and_place_it_in_the_basket;pick_up_the_orange_juice_and_place_it_in_the_basket	Pick the milk and place it in the basket | Pick the cream cheese and place it in the basket | Pick the tomato sauce and place it in the basket | Pick the orange juice and place it in the basket	First put the milk in the basket, then put the cream cheese box in the basket, then put the tomato sauce in the basket, and finally put the orange juice in the basket.	in(milk_1, basket_1_contain_region); in(cream_cheese_1, basket_1_contain_region); in(tomato_sauce_1, basket_1_contain_region); in(orange_juice_1, basket_1_contain_region)	object_stock_milk_first_pick_up_the_milk_and_place_it_in_the_basket_4	Sequence diagnostic in an original LIBERO-Object layout: milk is removed first before the remaining two or three picks. | The physical scene is stock; the unchanged unordered 3-step and 4-step controls already scored 0 successful tasks across 350 candidates. | Object identity has its own original LIBERO-Object pick-to-basket trajectory; its pose in the composite scene may differ. | Object identity has its own original LIBERO-Object pick-to-basket trajectory; its pose in the composite scene may differ. | Object identity has its own original LIBERO-Object pick-to-basket trajectory; its pose in the composite scene may differ. | Object identity has its own original LIBERO-Object pick-to-basket trajectory; its pose in the composite scene may differ.	5	8	comparison_png/COMPOSEOBJ_175__first_put_the_milk_in_the_basket_then_put_the_cream_cheese_box_in_the_basket_then_put_the_tomato_sauce_in_the_basket_and_finally_put_the_orange_juice.png	tasks/composeobj_175__first_put_the_milk_in_the_basket_then_put_the_cream_cheese_box_in_the_basket_then_put_the_tomato_sauce_in_the_basket_and_finally_put_the_orange_juice	composition|7ba9d10e19350f9437b0f4a1a731b59d62e13a2cbbb5e813673656da0d2f6b1e|frozenset({in(cream_cheese_1,basket_1_contain_region),in(milk_1,basket_1_contain_region),in(orange_juice_1,basket_1_contain_region),in(tomato_sauce_1,basket_1_contain_region)})
COMPOSEOBJ_176	O1_object_milk_first_4_to_basket	4	true	true	libero_object	308;302;306;309	pick_up_the_milk_and_place_it_in_the_basket;pick_up_the_cream_cheese_and_place_it_in_the_basket;pick_up_the_tomato_sauce_and_place_it_in_the_basket;pick_up_the_chocolate_pudding_and_place_it_in_the_basket	Pick the milk and place it in the basket | Pick the cream cheese and place it in the basket | Pick the tomato sauce and place it in the basket | Pick the chocolate pudding and place it in the basket	First put the milk in the basket, then put the cream cheese box in the basket, then put the tomato sauce in the basket, and finally put the chocolate pudding in the basket.	in(milk_1, basket_1_contain_region); in(cream_cheese_1, basket_1_contain_region); in(tomato_sauce_1, basket_1_contain_region); in(chocolate_pudding_1, basket_1_contain_region)	object_stock_milk_first_pick_up_the_milk_and_place_it_in_the_basket_4	Sequence diagnostic in an original LIBERO-Object layout: milk is removed first before the remaining two or three picks. | The physical scene is stock; the unchanged unordered 3-step and 4-step controls already scored 0 successful tasks across 350 candidates. | Object identity has its own original LIBERO-Object pick-to-basket trajectory; its pose in the composite scene may differ. | Object identity has its own original LIBERO-Object pick-to-basket trajectory; its pose in the composite scene may differ. | Object identity has its own original LIBERO-Object pick-to-basket trajectory; its pose in the composite scene may differ. | Object identity has its own original LIBERO-Object pick-to-basket trajectory; its pose in the composite scene may differ.	5	8	comparison_png/COMPOSEOBJ_176__first_put_the_milk_in_the_basket_then_put_the_cream_cheese_box_in_the_basket_then_put_the_tomato_sauce_in_the_basket_and_finally_put_the_chocolate_pud.png	tasks/composeobj_176__first_put_the_milk_in_the_basket_then_put_the_cream_cheese_box_in_the_basket_then_put_the_tomato_sauce_in_the_basket_and_finally_put_the_chocolate_pud	composition|7ba9d10e19350f9437b0f4a1a731b59d62e13a2cbbb5e813673656da0d2f6b1e|frozenset({in(chocolate_pudding_1,basket_1_contain_region),in(cream_cheese_1,basket_1_contain_region),in(milk_1,basket_1_contain_region),in(tomato_sauce_1,basket_1_contain_region)})
COMPOSEOBJ_177	O1_object_milk_first_4_to_basket	4	true	true	libero_object	308;302;307;310	pick_up_the_milk_and_place_it_in_the_basket;pick_up_the_cream_cheese_and_place_it_in_the_basket;pick_up_the_butter_and_place_it_in_the_basket;pick_up_the_orange_juice_and_place_it_in_the_basket	Pick the milk and place it in the basket | Pick the cream cheese and place it in the basket | Pick the butter and place it in the basket | Pick the orange juice and place it in the basket	First put the milk in the basket, then put the cream cheese box in the basket, then put the butter in the basket, and finally put the orange juice in the basket.	in(milk_1, basket_1_contain_region); in(cream_cheese_1, basket_1_contain_region); in(butter_1, basket_1_contain_region); in(orange_juice_1, basket_1_contain_region)	object_stock_milk_first_pick_up_the_milk_and_place_it_in_the_basket_4	Sequence diagnostic in an original LIBERO-Object layout: milk is removed first before the remaining two or three picks. | The physical scene is stock; the unchanged unordered 3-step and 4-step controls already scored 0 successful tasks across 350 candidates. | Object identity has its own original LIBERO-Object pick-to-basket trajectory; its pose in the composite scene may differ. | Object identity has its own original LIBERO-Object pick-to-basket trajectory; its pose in the composite scene may differ. | Object identity has its own original LIBERO-Object pick-to-basket trajectory; its pose in the composite scene may differ. | Object identity has its own original LIBERO-Object pick-to-basket trajectory; its pose in the composite scene may differ.	5	8	comparison_png/COMPOSEOBJ_177__first_put_the_milk_in_the_basket_then_put_the_cream_cheese_box_in_the_basket_then_put_the_butter_in_the_basket_and_finally_put_the_orange_juice_in_the.png	tasks/composeobj_177__first_put_the_milk_in_the_basket_then_put_the_cream_cheese_box_in_the_basket_then_put_the_butter_in_the_basket_and_finally_put_the_orange_juice_in_the	composition|7ba9d10e19350f9437b0f4a1a731b59d62e13a2cbbb5e813673656da0d2f6b1e|frozenset({in(butter_1,basket_1_contain_region),in(cream_cheese_1,basket_1_contain_region),in(milk_1,basket_1_contain_region),in(orange_juice_1,basket_1_contain_region)})
COMPOSEOBJ_178	O1_object_milk_first_4_to_basket	4	true	true	libero_object	308;302;307;309	pick_up_the_milk_and_place_it_in_the_basket;pick_up_the_cream_cheese_and_place_it_in_the_basket;pick_up_the_butter_and_place_it_in_the_basket;pick_up_the_chocolate_pudding_and_place_it_in_the_basket	Pick the milk and place it in the basket | Pick the cream cheese and place it in the basket | Pick the butter and place it in the basket | Pick the chocolate pudding and place it in the basket	First put the milk in the basket, then put the cream cheese box in the basket, then put the butter in the basket, and finally put the chocolate pudding in the basket.	in(milk_1, basket_1_contain_region); in(cream_cheese_1, basket_1_contain_region); in(butter_1, basket_1_contain_region); in(chocolate_pudding_1, basket_1_contain_region)	object_stock_milk_first_pick_up_the_milk_and_place_it_in_the_basket_4	Sequence diagnostic in an original LIBERO-Object layout: milk is removed first before the remaining two or three picks. | The physical scene is stock; the unchanged unordered 3-step and 4-step controls already scored 0 successful tasks across 350 candidates. | Object identity has its own original LIBERO-Object pick-to-basket trajectory; its pose in the composite scene may differ. | Object identity has its own original LIBERO-Object pick-to-basket trajectory; its pose in the composite scene may differ. | Object identity has its own original LIBERO-Object pick-to-basket trajectory; its pose in the composite scene may differ. | Object identity has its own original LIBERO-Object pick-to-basket trajectory; its pose in the composite scene may differ.	5	8	comparison_png/COMPOSEOBJ_178__first_put_the_milk_in_the_basket_then_put_the_cream_cheese_box_in_the_basket_then_put_the_butter_in_the_basket_and_finally_put_the_chocolate_pudding_i.png	tasks/composeobj_178__first_put_the_milk_in_the_basket_then_put_the_cream_cheese_box_in_the_basket_then_put_the_butter_in_the_basket_and_finally_put_the_chocolate_pudding_i	composition|7ba9d10e19350f9437b0f4a1a731b59d62e13a2cbbb5e813673656da0d2f6b1e|frozenset({in(butter_1,basket_1_contain_region),in(chocolate_pudding_1,basket_1_contain_region),in(cream_cheese_1,basket_1_contain_region),in(milk_1,basket_1_contain_region)})
COMPOSEOBJ_179	O1_object_milk_first_4_to_basket	4	true	true	libero_object	308;302;310;309	pick_up_the_milk_and_place_it_in_the_basket;pick_up_the_cream_cheese_and_place_it_in_the_basket;pick_up_the_orange_juice_and_place_it_in_the_basket;pick_up_the_chocolate_pudding_and_place_it_in_the_basket	Pick the milk and place it in the basket | Pick the cream cheese and place it in the basket | Pick the orange juice and place it in the basket | Pick the chocolate pudding and place it in the basket	First put the milk in the basket, then put the cream cheese box in the basket, then put the orange juice in the basket, and finally put the chocolate pudding in the basket.	in(milk_1, basket_1_contain_region); in(cream_cheese_1, basket_1_contain_region); in(orange_juice_1, basket_1_contain_region); in(chocolate_pudding_1, basket_1_contain_region)	object_stock_milk_first_pick_up_the_milk_and_place_it_in_the_basket_4	Sequence diagnostic in an original LIBERO-Object layout: milk is removed first before the remaining two or three picks. | The physical scene is stock; the unchanged unordered 3-step and 4-step controls already scored 0 successful tasks across 350 candidates. | Object identity has its own original LIBERO-Object pick-to-basket trajectory; its pose in the composite scene may differ. | Object identity has its own original LIBERO-Object pick-to-basket trajectory; its pose in the composite scene may differ. | Object identity has its own original LIBERO-Object pick-to-basket trajectory; its pose in the composite scene may differ. | Object identity has its own original LIBERO-Object pick-to-basket trajectory; its pose in the composite scene may differ.	5	8	comparison_png/COMPOSEOBJ_179__first_put_the_milk_in_the_basket_then_put_the_cream_cheese_box_in_the_basket_then_put_the_orange_juice_in_the_basket_and_finally_put_the_chocolate_pud.png	tasks/composeobj_179__first_put_the_milk_in_the_basket_then_put_the_cream_cheese_box_in_the_basket_then_put_the_orange_juice_in_the_basket_and_finally_put_the_chocolate_pud	composition|7ba9d10e19350f9437b0f4a1a731b59d62e13a2cbbb5e813673656da0d2f6b1e|frozenset({in(chocolate_pudding_1,basket_1_contain_region),in(cream_cheese_1,basket_1_contain_region),in(milk_1,basket_1_contain_region),in(orange_juice_1,basket_1_contain_region)})
COMPOSEOBJ_180	O1_object_milk_first_4_to_basket	4	true	true	libero_object	308;306;307;310	pick_up_the_milk_and_place_it_in_the_basket;pick_up_the_tomato_sauce_and_place_it_in_the_basket;pick_up_the_butter_and_place_it_in_the_basket;pick_up_the_orange_juice_and_place_it_in_the_basket	Pick the milk and place it in the basket | Pick the tomato sauce and place it in the basket | Pick the butter and place it in the basket | Pick the orange juice and place it in the basket	First put the milk in the basket, then put the tomato sauce in the basket, then put the butter in the basket, and finally put the orange juice in the basket.	in(milk_1, basket_1_contain_region); in(tomato_sauce_1, basket_1_contain_region); in(butter_1, basket_1_contain_region); in(orange_juice_1, basket_1_contain_region)	object_stock_milk_first_pick_up_the_milk_and_place_it_in_the_basket_4	Sequence diagnostic in an original LIBERO-Object layout: milk is removed first before the remaining two or three picks. | The physical scene is stock; the unchanged unordered 3-step and 4-step controls already scored 0 successful tasks across 350 candidates. | Object identity has its own original LIBERO-Object pick-to-basket trajectory; its pose in the composite scene may differ. | Object identity has its own original LIBERO-Object pick-to-basket trajectory; its pose in the composite scene may differ. | Object identity has its own original LIBERO-Object pick-to-basket trajectory; its pose in the composite scene may differ. | Object identity has its own original LIBERO-Object pick-to-basket trajectory; its pose in the composite scene may differ.	5	8	comparison_png/COMPOSEOBJ_180__first_put_the_milk_in_the_basket_then_put_the_tomato_sauce_in_the_basket_then_put_the_butter_in_the_basket_and_finally_put_the_orange_juice_in_the_bas.png	tasks/composeobj_180__first_put_the_milk_in_the_basket_then_put_the_tomato_sauce_in_the_basket_then_put_the_butter_in_the_basket_and_finally_put_the_orange_juice_in_the_bas	composition|7ba9d10e19350f9437b0f4a1a731b59d62e13a2cbbb5e813673656da0d2f6b1e|frozenset({in(butter_1,basket_1_contain_region),in(milk_1,basket_1_contain_region),in(orange_juice_1,basket_1_contain_region),in(tomato_sauce_1,basket_1_contain_region)})
COMPOSEOBJ_181	O1_object_milk_first_4_to_basket	4	true	true	libero_object	308;306;307;309	pick_up_the_milk_and_place_it_in_the_basket;pick_up_the_tomato_sauce_and_place_it_in_the_basket;pick_up_the_butter_and_place_it_in_the_basket;pick_up_the_chocolate_pudding_and_place_it_in_the_basket	Pick the milk and place it in the basket | Pick the tomato sauce and place it in the basket | Pick the butter and place it in the basket | Pick the chocolate pudding and place it in the basket	First put the milk in the basket, then put the tomato sauce in the basket, then put the butter in the basket, and finally put the chocolate pudding in the basket.	in(milk_1, basket_1_contain_region); in(tomato_sauce_1, basket_1_contain_region); in(butter_1, basket_1_contain_region); in(chocolate_pudding_1, basket_1_contain_region)	object_stock_milk_first_pick_up_the_milk_and_place_it_in_the_basket_4	Sequence diagnostic in an original LIBERO-Object layout: milk is removed first before the remaining two or three picks. | The physical scene is stock; the unchanged unordered 3-step and 4-step controls already scored 0 successful tasks across 350 candidates. | Object identity has its own original LIBERO-Object pick-to-basket trajectory; its pose in the composite scene may differ. | Object identity has its own original LIBERO-Object pick-to-basket trajectory; its pose in the composite scene may differ. | Object identity has its own original LIBERO-Object pick-to-basket trajectory; its pose in the composite scene may differ. | Object identity has its own original LIBERO-Object pick-to-basket trajectory; its pose in the composite scene may differ.	5	8	comparison_png/COMPOSEOBJ_181__first_put_the_milk_in_the_basket_then_put_the_tomato_sauce_in_the_basket_then_put_the_butter_in_the_basket_and_finally_put_the_chocolate_pudding_in_th.png	tasks/composeobj_181__first_put_the_milk_in_the_basket_then_put_the_tomato_sauce_in_the_basket_then_put_the_butter_in_the_basket_and_finally_put_the_chocolate_pudding_in_th	composition|7ba9d10e19350f9437b0f4a1a731b59d62e13a2cbbb5e813673656da0d2f6b1e|frozenset({in(butter_1,basket_1_contain_region),in(chocolate_pudding_1,basket_1_contain_region),in(milk_1,basket_1_contain_region),in(tomato_sauce_1,basket_1_contain_region)})
COMPOSEOBJ_182	O1_object_milk_first_4_to_basket	4	true	true	libero_object	308;306;310;309	pick_up_the_milk_and_place_it_in_the_basket;pick_up_the_tomato_sauce_and_place_it_in_the_basket;pick_up_the_orange_juice_and_place_it_in_the_basket;pick_up_the_chocolate_pudding_and_place_it_in_the_basket	Pick the milk and place it in the basket | Pick the tomato sauce and place it in the basket | Pick the orange juice and place it in the basket | Pick the chocolate pudding and place it in the basket	First put the milk in the basket, then put the tomato sauce in the basket, then put the orange juice in the basket, and finally put the chocolate pudding in the basket.	in(milk_1, basket_1_contain_region); in(tomato_sauce_1, basket_1_contain_region); in(orange_juice_1, basket_1_contain_region); in(chocolate_pudding_1, basket_1_contain_region)	object_stock_milk_first_pick_up_the_milk_and_place_it_in_the_basket_4	Sequence diagnostic in an original LIBERO-Object layout: milk is removed first before the remaining two or three picks. | The physical scene is stock; the unchanged unordered 3-step and 4-step controls already scored 0 successful tasks across 350 candidates. | Object identity has its own original LIBERO-Object pick-to-basket trajectory; its pose in the composite scene may differ. | Object identity has its own original LIBERO-Object pick-to-basket trajectory; its pose in the composite scene may differ. | Object identity has its own original LIBERO-Object pick-to-basket trajectory; its pose in the composite scene may differ. | Object identity has its own original LIBERO-Object pick-to-basket trajectory; its pose in the composite scene may differ.	5	8	comparison_png/COMPOSEOBJ_182__first_put_the_milk_in_the_basket_then_put_the_tomato_sauce_in_the_basket_then_put_the_orange_juice_in_the_basket_and_finally_put_the_chocolate_pudding.png	tasks/composeobj_182__first_put_the_milk_in_the_basket_then_put_the_tomato_sauce_in_the_basket_then_put_the_orange_juice_in_the_basket_and_finally_put_the_chocolate_pudding	composition|7ba9d10e19350f9437b0f4a1a731b59d62e13a2cbbb5e813673656da0d2f6b1e|frozenset({in(chocolate_pudding_1,basket_1_contain_region),in(milk_1,basket_1_contain_region),in(orange_juice_1,basket_1_contain_region),in(tomato_sauce_1,basket_1_contain_region)})
COMPOSEOBJ_183	O1_object_milk_first_4_to_basket	4	true	true	libero_object	308;307;310;309	pick_up_the_milk_and_place_it_in_the_basket;pick_up_the_butter_and_place_it_in_the_basket;pick_up_the_orange_juice_and_place_it_in_the_basket;pick_up_the_chocolate_pudding_and_place_it_in_the_basket	Pick the milk and place it in the basket | Pick the butter and place it in the basket | Pick the orange juice and place it in the basket | Pick the chocolate pudding and place it in the basket	First put the milk in the basket, then put the butter in the basket, then put the orange juice in the basket, and finally put the chocolate pudding in the basket.	in(milk_1, basket_1_contain_region); in(butter_1, basket_1_contain_region); in(orange_juice_1, basket_1_contain_region); in(chocolate_pudding_1, basket_1_contain_region)	object_stock_milk_first_pick_up_the_milk_and_place_it_in_the_basket_4	Sequence diagnostic in an original LIBERO-Object layout: milk is removed first before the remaining two or three picks. | The physical scene is stock; the unchanged unordered 3-step and 4-step controls already scored 0 successful tasks across 350 candidates. | Object identity has its own original LIBERO-Object pick-to-basket trajectory; its pose in the composite scene may differ. | Object identity has its own original LIBERO-Object pick-to-basket trajectory; its pose in the composite scene may differ. | Object identity has its own original LIBERO-Object pick-to-basket trajectory; its pose in the composite scene may differ. | Object identity has its own original LIBERO-Object pick-to-basket trajectory; its pose in the composite scene may differ.	5	8	comparison_png/COMPOSEOBJ_183__first_put_the_milk_in_the_basket_then_put_the_butter_in_the_basket_then_put_the_orange_juice_in_the_basket_and_finally_put_the_chocolate_pudding_in_th.png	tasks/composeobj_183__first_put_the_milk_in_the_basket_then_put_the_butter_in_the_basket_then_put_the_orange_juice_in_the_basket_and_finally_put_the_chocolate_pudding_in_th	composition|7ba9d10e19350f9437b0f4a1a731b59d62e13a2cbbb5e813673656da0d2f6b1e|frozenset({in(butter_1,basket_1_contain_region),in(chocolate_pudding_1,basket_1_contain_region),in(milk_1,basket_1_contain_region),in(orange_juice_1,basket_1_contain_region)})
COMPOSEOBJ_184	O2_object_milk_upper_swap_3_to_basket	3	true	false	libero_object	302;306;307	pick_up_the_milk_and_place_it_in_the_basket;pick_up_the_cream_cheese_and_place_it_in_the_basket;pick_up_the_tomato_sauce_and_place_it_in_the_basket;pick_up_the_butter_and_place_it_in_the_basket	Pick the milk and place it in the basket | Pick the cream cheese and place it in the basket | Pick the tomato sauce and place it in the basket | Pick the butter and place it in the basket	Put the cream cheese box in the basket, then put the tomato sauce in the basket, and finally put the butter in the basket.	in(cream_cheese_1, basket_1_contain_region); in(tomato_sauce_1, basket_1_contain_region); in(butter_1, basket_1_contain_region)	object_milk_upper_swap_pick_up_the_milk_and_place_it_in_the_basket	Milk is swapped into floor_other_object_region_1 (the upper/back slot); tomato_sauce_1 moves to milk's former floor_target_object_region slot. | The five non-milk objects and basket remain exactly the same identities as the source Object scene. | Object identity has its own original LIBERO-Object pick-to-basket trajectory; its pose in the composite scene may differ. | Object identity has its own original LIBERO-Object pick-to-basket trajectory; its pose in the composite scene may differ. | Object identity has its own original LIBERO-Object pick-to-basket trajectory; its pose in the composite scene may differ.	5	6	comparison_png/COMPOSEOBJ_184__put_the_cream_cheese_box_in_the_basket_then_put_the_tomato_sauce_in_the_basket_and_finally_put_the_butter_in_the_basket.png	tasks/composeobj_184__put_the_cream_cheese_box_in_the_basket_then_put_the_tomato_sauce_in_the_basket_and_finally_put_the_butter_in_the_basket	composition|7d2b799b8a3d1c7bf192fe0ae419b0ee63cb8754924555fccf78590dd0fe44dd|frozenset({in(butter_1,basket_1_contain_region),in(cream_cheese_1,basket_1_contain_region),in(tomato_sauce_1,basket_1_contain_region)})
COMPOSEOBJ_185	O2_object_milk_upper_swap_3_to_basket	3	true	false	libero_object	302;306;310	pick_up_the_milk_and_place_it_in_the_basket;pick_up_the_cream_cheese_and_place_it_in_the_basket;pick_up_the_tomato_sauce_and_place_it_in_the_basket;pick_up_the_orange_juice_and_place_it_in_the_basket	Pick the milk and place it in the basket | Pick the cream cheese and place it in the basket | Pick the tomato sauce and place it in the basket | Pick the orange juice and place it in the basket	Put the cream cheese box in the basket, then put the tomato sauce in the basket, and finally put the orange juice in the basket.	in(cream_cheese_1, basket_1_contain_region); in(tomato_sauce_1, basket_1_contain_region); in(orange_juice_1, basket_1_contain_region)	object_milk_upper_swap_pick_up_the_milk_and_place_it_in_the_basket	Milk is swapped into floor_other_object_region_1 (the upper/back slot); tomato_sauce_1 moves to milk's former floor_target_object_region slot. | The five non-milk objects and basket remain exactly the same identities as the source Object scene. | Object identity has its own original LIBERO-Object pick-to-basket trajectory; its pose in the composite scene may differ. | Object identity has its own original LIBERO-Object pick-to-basket trajectory; its pose in the composite scene may differ. | Object identity has its own original LIBERO-Object pick-to-basket trajectory; its pose in the composite scene may differ.	5	6	comparison_png/COMPOSEOBJ_185__put_the_cream_cheese_box_in_the_basket_then_put_the_tomato_sauce_in_the_basket_and_finally_put_the_orange_juice_in_the_basket.png	tasks/composeobj_185__put_the_cream_cheese_box_in_the_basket_then_put_the_tomato_sauce_in_the_basket_and_finally_put_the_orange_juice_in_the_basket	composition|7d2b799b8a3d1c7bf192fe0ae419b0ee63cb8754924555fccf78590dd0fe44dd|frozenset({in(cream_cheese_1,basket_1_contain_region),in(orange_juice_1,basket_1_contain_region),in(tomato_sauce_1,basket_1_contain_region)})
COMPOSEOBJ_186	O2_object_milk_upper_swap_3_to_basket	3	true	false	libero_object	302;306;309	pick_up_the_milk_and_place_it_in_the_basket;pick_up_the_cream_cheese_and_place_it_in_the_basket;pick_up_the_tomato_sauce_and_place_it_in_the_basket;pick_up_the_chocolate_pudding_and_place_it_in_the_basket	Pick the milk and place it in the basket | Pick the cream cheese and place it in the basket | Pick the tomato sauce and place it in the basket | Pick the chocolate pudding and place it in the basket	Put the cream cheese box in the basket, then put the tomato sauce in the basket, and finally put the chocolate pudding in the basket.	in(cream_cheese_1, basket_1_contain_region); in(tomato_sauce_1, basket_1_contain_region); in(chocolate_pudding_1, basket_1_contain_region)	object_milk_upper_swap_pick_up_the_milk_and_place_it_in_the_basket	Milk is swapped into floor_other_object_region_1 (the upper/back slot); tomato_sauce_1 moves to milk's former floor_target_object_region slot. | The five non-milk objects and basket remain exactly the same identities as the source Object scene. | Object identity has its own original LIBERO-Object pick-to-basket trajectory; its pose in the composite scene may differ. | Object identity has its own original LIBERO-Object pick-to-basket trajectory; its pose in the composite scene may differ. | Object identity has its own original LIBERO-Object pick-to-basket trajectory; its pose in the composite scene may differ.	5	6	comparison_png/COMPOSEOBJ_186__put_the_cream_cheese_box_in_the_basket_then_put_the_tomato_sauce_in_the_basket_and_finally_put_the_chocolate_pudding_in_the_basket.png	tasks/composeobj_186__put_the_cream_cheese_box_in_the_basket_then_put_the_tomato_sauce_in_the_basket_and_finally_put_the_chocolate_pudding_in_the_basket	composition|7d2b799b8a3d1c7bf192fe0ae419b0ee63cb8754924555fccf78590dd0fe44dd|frozenset({in(chocolate_pudding_1,basket_1_contain_region),in(cream_cheese_1,basket_1_contain_region),in(tomato_sauce_1,basket_1_contain_region)})
COMPOSEOBJ_187	O2_object_milk_upper_swap_3_to_basket	3	true	false	libero_object	302;307;310	pick_up_the_milk_and_place_it_in_the_basket;pick_up_the_cream_cheese_and_place_it_in_the_basket;pick_up_the_butter_and_place_it_in_the_basket;pick_up_the_orange_juice_and_place_it_in_the_basket	Pick the milk and place it in the basket | Pick the cream cheese and place it in the basket | Pick the butter and place it in the basket | Pick the orange juice and place it in the basket	Put the cream cheese box in the basket, then put the butter in the basket, and finally put the orange juice in the basket.	in(cream_cheese_1, basket_1_contain_region); in(butter_1, basket_1_contain_region); in(orange_juice_1, basket_1_contain_region)	object_milk_upper_swap_pick_up_the_milk_and_place_it_in_the_basket	Milk is swapped into floor_other_object_region_1 (the upper/back slot); tomato_sauce_1 moves to milk's former floor_target_object_region slot. | The five non-milk objects and basket remain exactly the same identities as the source Object scene. | Object identity has its own original LIBERO-Object pick-to-basket trajectory; its pose in the composite scene may differ. | Object identity has its own original LIBERO-Object pick-to-basket trajectory; its pose in the composite scene may differ. | Object identity has its own original LIBERO-Object pick-to-basket trajectory; its pose in the composite scene may differ.	5	6	comparison_png/COMPOSEOBJ_187__put_the_cream_cheese_box_in_the_basket_then_put_the_butter_in_the_basket_and_finally_put_the_orange_juice_in_the_basket.png	tasks/composeobj_187__put_the_cream_cheese_box_in_the_basket_then_put_the_butter_in_the_basket_and_finally_put_the_orange_juice_in_the_basket	composition|7d2b799b8a3d1c7bf192fe0ae419b0ee63cb8754924555fccf78590dd0fe44dd|frozenset({in(butter_1,basket_1_contain_region),in(cream_cheese_1,basket_1_contain_region),in(orange_juice_1,basket_1_contain_region)})
COMPOSEOBJ_188	O2_object_milk_upper_swap_3_to_basket	3	true	false	libero_object	302;307;309	pick_up_the_milk_and_place_it_in_the_basket;pick_up_the_cream_cheese_and_place_it_in_the_basket;pick_up_the_butter_and_place_it_in_the_basket;pick_up_the_chocolate_pudding_and_place_it_in_the_basket	Pick the milk and place it in the basket | Pick the cream cheese and place it in the basket | Pick the butter and place it in the basket | Pick the chocolate pudding and place it in the basket	Put the cream cheese box in the basket, then put the butter in the basket, and finally put the chocolate pudding in the basket.	in(cream_cheese_1, basket_1_contain_region); in(butter_1, basket_1_contain_region); in(chocolate_pudding_1, basket_1_contain_region)	object_milk_upper_swap_pick_up_the_milk_and_place_it_in_the_basket	Milk is swapped into floor_other_object_region_1 (the upper/back slot); tomato_sauce_1 moves to milk's former floor_target_object_region slot. | The five non-milk objects and basket remain exactly the same identities as the source Object scene. | Object identity has its own original LIBERO-Object pick-to-basket trajectory; its pose in the composite scene may differ. | Object identity has its own original LIBERO-Object pick-to-basket trajectory; its pose in the composite scene may differ. | Object identity has its own original LIBERO-Object pick-to-basket trajectory; its pose in the composite scene may differ.	5	6	comparison_png/COMPOSEOBJ_188__put_the_cream_cheese_box_in_the_basket_then_put_the_butter_in_the_basket_and_finally_put_the_chocolate_pudding_in_the_basket.png	tasks/composeobj_188__put_the_cream_cheese_box_in_the_basket_then_put_the_butter_in_the_basket_and_finally_put_the_chocolate_pudding_in_the_basket	composition|7d2b799b8a3d1c7bf192fe0ae419b0ee63cb8754924555fccf78590dd0fe44dd|frozenset({in(butter_1,basket_1_contain_region),in(chocolate_pudding_1,basket_1_contain_region),in(cream_cheese_1,basket_1_contain_region)})
COMPOSEOBJ_189	O2_object_milk_upper_swap_3_to_basket	3	true	false	libero_object	302;310;309	pick_up_the_milk_and_place_it_in_the_basket;pick_up_the_cream_cheese_and_place_it_in_the_basket;pick_up_the_orange_juice_and_place_it_in_the_basket;pick_up_the_chocolate_pudding_and_place_it_in_the_basket	Pick the milk and place it in the basket | Pick the cream cheese and place it in the basket | Pick the orange juice and place it in the basket | Pick the chocolate pudding and place it in the basket	Put the cream cheese box in the basket, then put the orange juice in the basket, and finally put the chocolate pudding in the basket.	in(cream_cheese_1, basket_1_contain_region); in(orange_juice_1, basket_1_contain_region); in(chocolate_pudding_1, basket_1_contain_region)	object_milk_upper_swap_pick_up_the_milk_and_place_it_in_the_basket	Milk is swapped into floor_other_object_region_1 (the upper/back slot); tomato_sauce_1 moves to milk's former floor_target_object_region slot. | The five non-milk objects and basket remain exactly the same identities as the source Object scene. | Object identity has its own original LIBERO-Object pick-to-basket trajectory; its pose in the composite scene may differ. | Object identity has its own original LIBERO-Object pick-to-basket trajectory; its pose in the composite scene may differ. | Object identity has its own original LIBERO-Object pick-to-basket trajectory; its pose in the composite scene may differ.	5	6	comparison_png/COMPOSEOBJ_189__put_the_cream_cheese_box_in_the_basket_then_put_the_orange_juice_in_the_basket_and_finally_put_the_chocolate_pudding_in_the_basket.png	tasks/composeobj_189__put_the_cream_cheese_box_in_the_basket_then_put_the_orange_juice_in_the_basket_and_finally_put_the_chocolate_pudding_in_the_basket	composition|7d2b799b8a3d1c7bf192fe0ae419b0ee63cb8754924555fccf78590dd0fe44dd|frozenset({in(chocolate_pudding_1,basket_1_contain_region),in(cream_cheese_1,basket_1_contain_region),in(orange_juice_1,basket_1_contain_region)})
COMPOSEOBJ_190	O2_object_milk_upper_swap_3_to_basket	3	true	false	libero_object	306;307;310	pick_up_the_milk_and_place_it_in_the_basket;pick_up_the_tomato_sauce_and_place_it_in_the_basket;pick_up_the_butter_and_place_it_in_the_basket;pick_up_the_orange_juice_and_place_it_in_the_basket	Pick the milk and place it in the basket | Pick the tomato sauce and place it in the basket | Pick the butter and place it in the basket | Pick the orange juice and place it in the basket	Put the tomato sauce in the basket, then put the butter in the basket, and finally put the orange juice in the basket.	in(tomato_sauce_1, basket_1_contain_region); in(butter_1, basket_1_contain_region); in(orange_juice_1, basket_1_contain_region)	object_milk_upper_swap_pick_up_the_milk_and_place_it_in_the_basket	Milk is swapped into floor_other_object_region_1 (the upper/back slot); tomato_sauce_1 moves to milk's former floor_target_object_region slot. | The five non-milk objects and basket remain exactly the same identities as the source Object scene. | Object identity has its own original LIBERO-Object pick-to-basket trajectory; its pose in the composite scene may differ. | Object identity has its own original LIBERO-Object pick-to-basket trajectory; its pose in the composite scene may differ. | Object identity has its own original LIBERO-Object pick-to-basket trajectory; its pose in the composite scene may differ.	5	6	comparison_png/COMPOSEOBJ_190__put_the_tomato_sauce_in_the_basket_then_put_the_butter_in_the_basket_and_finally_put_the_orange_juice_in_the_basket.png	tasks/composeobj_190__put_the_tomato_sauce_in_the_basket_then_put_the_butter_in_the_basket_and_finally_put_the_orange_juice_in_the_basket	composition|7d2b799b8a3d1c7bf192fe0ae419b0ee63cb8754924555fccf78590dd0fe44dd|frozenset({in(butter_1,basket_1_contain_region),in(orange_juice_1,basket_1_contain_region),in(tomato_sauce_1,basket_1_contain_region)})
COMPOSEOBJ_191	O2_object_milk_upper_swap_3_to_basket	3	true	false	libero_object	306;307;309	pick_up_the_milk_and_place_it_in_the_basket;pick_up_the_tomato_sauce_and_place_it_in_the_basket;pick_up_the_butter_and_place_it_in_the_basket;pick_up_the_chocolate_pudding_and_place_it_in_the_basket	Pick the milk and place it in the basket | Pick the tomato sauce and place it in the basket | Pick the butter and place it in the basket | Pick the chocolate pudding and place it in the basket	Put the tomato sauce in the basket, then put the butter in the basket, and finally put the chocolate pudding in the basket.	in(tomato_sauce_1, basket_1_contain_region); in(butter_1, basket_1_contain_region); in(chocolate_pudding_1, basket_1_contain_region)	object_milk_upper_swap_pick_up_the_milk_and_place_it_in_the_basket	Milk is swapped into floor_other_object_region_1 (the upper/back slot); tomato_sauce_1 moves to milk's former floor_target_object_region slot. | The five non-milk objects and basket remain exactly the same identities as the source Object scene. | Object identity has its own original LIBERO-Object pick-to-basket trajectory; its pose in the composite scene may differ. | Object identity has its own original LIBERO-Object pick-to-basket trajectory; its pose in the composite scene may differ. | Object identity has its own original LIBERO-Object pick-to-basket trajectory; its pose in the composite scene may differ.	5	6	comparison_png/COMPOSEOBJ_191__put_the_tomato_sauce_in_the_basket_then_put_the_butter_in_the_basket_and_finally_put_the_chocolate_pudding_in_the_basket.png	tasks/composeobj_191__put_the_tomato_sauce_in_the_basket_then_put_the_butter_in_the_basket_and_finally_put_the_chocolate_pudding_in_the_basket	composition|7d2b799b8a3d1c7bf192fe0ae419b0ee63cb8754924555fccf78590dd0fe44dd|frozenset({in(butter_1,basket_1_contain_region),in(chocolate_pudding_1,basket_1_contain_region),in(tomato_sauce_1,basket_1_contain_region)})
COMPOSEOBJ_192	O2_object_milk_upper_swap_3_to_basket	3	true	false	libero_object	306;310;309	pick_up_the_milk_and_place_it_in_the_basket;pick_up_the_tomato_sauce_and_place_it_in_the_basket;pick_up_the_orange_juice_and_place_it_in_the_basket;pick_up_the_chocolate_pudding_and_place_it_in_the_basket	Pick the milk and place it in the basket | Pick the tomato sauce and place it in the basket | Pick the orange juice and place it in the basket | Pick the chocolate pudding and place it in the basket	Put the tomato sauce in the basket, then put the orange juice in the basket, and finally put the chocolate pudding in the basket.	in(tomato_sauce_1, basket_1_contain_region); in(orange_juice_1, basket_1_contain_region); in(chocolate_pudding_1, basket_1_contain_region)	object_milk_upper_swap_pick_up_the_milk_and_place_it_in_the_basket	Milk is swapped into floor_other_object_region_1 (the upper/back slot); tomato_sauce_1 moves to milk's former floor_target_object_region slot. | The five non-milk objects and basket remain exactly the same identities as the source Object scene. | Object identity has its own original LIBERO-Object pick-to-basket trajectory; its pose in the composite scene may differ. | Object identity has its own original LIBERO-Object pick-to-basket trajectory; its pose in the composite scene may differ. | Object identity has its own original LIBERO-Object pick-to-basket trajectory; its pose in the composite scene may differ.	5	6	comparison_png/COMPOSEOBJ_192__put_the_tomato_sauce_in_the_basket_then_put_the_orange_juice_in_the_basket_and_finally_put_the_chocolate_pudding_in_the_basket.png	tasks/composeobj_192__put_the_tomato_sauce_in_the_basket_then_put_the_orange_juice_in_the_basket_and_finally_put_the_chocolate_pudding_in_the_basket	composition|7d2b799b8a3d1c7bf192fe0ae419b0ee63cb8754924555fccf78590dd0fe44dd|frozenset({in(chocolate_pudding_1,basket_1_contain_region),in(orange_juice_1,basket_1_contain_region),in(tomato_sauce_1,basket_1_contain_region)})
COMPOSEOBJ_193	O2_object_milk_upper_swap_3_to_basket	3	true	false	libero_object	307;310;309	pick_up_the_milk_and_place_it_in_the_basket;pick_up_the_butter_and_place_it_in_the_basket;pick_up_the_orange_juice_and_place_it_in_the_basket;pick_up_the_chocolate_pudding_and_place_it_in_the_basket	Pick the milk and place it in the basket | Pick the butter and place it in the basket | Pick the orange juice and place it in the basket | Pick the chocolate pudding and place it in the basket	Put the butter in the basket, then put the orange juice in the basket, and finally put the chocolate pudding in the basket.	in(butter_1, basket_1_contain_region); in(orange_juice_1, basket_1_contain_region); in(chocolate_pudding_1, basket_1_contain_region)	object_milk_upper_swap_pick_up_the_milk_and_place_it_in_the_basket	Milk is swapped into floor_other_object_region_1 (the upper/back slot); tomato_sauce_1 moves to milk's former floor_target_object_region slot. | The five non-milk objects and basket remain exactly the same identities as the source Object scene. | Object identity has its own original LIBERO-Object pick-to-basket trajectory; its pose in the composite scene may differ. | Object identity has its own original LIBERO-Object pick-to-basket trajectory; its pose in the composite scene may differ. | Object identity has its own original LIBERO-Object pick-to-basket trajectory; its pose in the composite scene may differ.	5	6	comparison_png/COMPOSEOBJ_193__put_the_butter_in_the_basket_then_put_the_orange_juice_in_the_basket_and_finally_put_the_chocolate_pudding_in_the_basket.png	tasks/composeobj_193__put_the_butter_in_the_basket_then_put_the_orange_juice_in_the_basket_and_finally_put_the_chocolate_pudding_in_the_basket	composition|7d2b799b8a3d1c7bf192fe0ae419b0ee63cb8754924555fccf78590dd0fe44dd|frozenset({in(butter_1,basket_1_contain_region),in(chocolate_pudding_1,basket_1_contain_region),in(orange_juice_1,basket_1_contain_region)})
COMPOSEOBJ_194	O2_object_milk_upper_swap_4_to_basket	4	true	false	libero_object	302;306;307;310	pick_up_the_milk_and_place_it_in_the_basket;pick_up_the_cream_cheese_and_place_it_in_the_basket;pick_up_the_tomato_sauce_and_place_it_in_the_basket;pick_up_the_butter_and_place_it_in_the_basket;pick_up_the_orange_juice_and_place_it_in_the_basket	Pick the milk and place it in the basket | Pick the cream cheese and place it in the basket | Pick the tomato sauce and place it in the basket | Pick the butter and place it in the basket | Pick the orange juice and place it in the basket	Put the cream cheese box in the basket, then put the tomato sauce in the basket, then put the butter in the basket, and finally put the orange juice in the basket.	in(cream_cheese_1, basket_1_contain_region); in(tomato_sauce_1, basket_1_contain_region); in(butter_1, basket_1_contain_region); in(orange_juice_1, basket_1_contain_region)	object_milk_upper_swap_pick_up_the_milk_and_place_it_in_the_basket	Milk is swapped into floor_other_object_region_1 (the upper/back slot); tomato_sauce_1 moves to milk's former floor_target_object_region slot. | The five non-milk objects and basket remain exactly the same identities as the source Object scene. | Object identity has its own original LIBERO-Object pick-to-basket trajectory; its pose in the composite scene may differ. | Object identity has its own original LIBERO-Object pick-to-basket trajectory; its pose in the composite scene may differ. | Object identity has its own original LIBERO-Object pick-to-basket trajectory; its pose in the composite scene may differ. | Object identity has its own original LIBERO-Object pick-to-basket trajectory; its pose in the composite scene may differ.	5	8	comparison_png/COMPOSEOBJ_194__put_the_cream_cheese_box_in_the_basket_then_put_the_tomato_sauce_in_the_basket_then_put_the_butter_in_the_basket_and_finally_put_the_orange_juice_in_t.png	tasks/composeobj_194__put_the_cream_cheese_box_in_the_basket_then_put_the_tomato_sauce_in_the_basket_then_put_the_butter_in_the_basket_and_finally_put_the_orange_juice_in_t	composition|7d2b799b8a3d1c7bf192fe0ae419b0ee63cb8754924555fccf78590dd0fe44dd|frozenset({in(butter_1,basket_1_contain_region),in(cream_cheese_1,basket_1_contain_region),in(orange_juice_1,basket_1_contain_region),in(tomato_sauce_1,basket_1_contain_region)})
COMPOSEOBJ_195	O2_object_milk_upper_swap_4_to_basket	4	true	false	libero_object	302;306;307;309	pick_up_the_milk_and_place_it_in_the_basket;pick_up_the_cream_cheese_and_place_it_in_the_basket;pick_up_the_tomato_sauce_and_place_it_in_the_basket;pick_up_the_butter_and_place_it_in_the_basket;pick_up_the_chocolate_pudding_and_place_it_in_the_basket	Pick the milk and place it in the basket | Pick the cream cheese and place it in the basket | Pick the tomato sauce and place it in the basket | Pick the butter and place it in the basket | Pick the chocolate pudding and place it in the basket	Put the cream cheese box in the basket, then put the tomato sauce in the basket, then put the butter in the basket, and finally put the chocolate pudding in the basket.	in(cream_cheese_1, basket_1_contain_region); in(tomato_sauce_1, basket_1_contain_region); in(butter_1, basket_1_contain_region); in(chocolate_pudding_1, basket_1_contain_region)	object_milk_upper_swap_pick_up_the_milk_and_place_it_in_the_basket	Milk is swapped into floor_other_object_region_1 (the upper/back slot); tomato_sauce_1 moves to milk's former floor_target_object_region slot. | The five non-milk objects and basket remain exactly the same identities as the source Object scene. | Object identity has its own original LIBERO-Object pick-to-basket trajectory; its pose in the composite scene may differ. | Object identity has its own original LIBERO-Object pick-to-basket trajectory; its pose in the composite scene may differ. | Object identity has its own original LIBERO-Object pick-to-basket trajectory; its pose in the composite scene may differ. | Object identity has its own original LIBERO-Object pick-to-basket trajectory; its pose in the composite scene may differ.	5	8	comparison_png/COMPOSEOBJ_195__put_the_cream_cheese_box_in_the_basket_then_put_the_tomato_sauce_in_the_basket_then_put_the_butter_in_the_basket_and_finally_put_the_chocolate_pudding.png	tasks/composeobj_195__put_the_cream_cheese_box_in_the_basket_then_put_the_tomato_sauce_in_the_basket_then_put_the_butter_in_the_basket_and_finally_put_the_chocolate_pudding	composition|7d2b799b8a3d1c7bf192fe0ae419b0ee63cb8754924555fccf78590dd0fe44dd|frozenset({in(butter_1,basket_1_contain_region),in(chocolate_pudding_1,basket_1_contain_region),in(cream_cheese_1,basket_1_contain_region),in(tomato_sauce_1,basket_1_contain_region)})
COMPOSEOBJ_196	O2_object_milk_upper_swap_4_to_basket	4	true	false	libero_object	302;306;310;309	pick_up_the_milk_and_place_it_in_the_basket;pick_up_the_cream_cheese_and_place_it_in_the_basket;pick_up_the_tomato_sauce_and_place_it_in_the_basket;pick_up_the_orange_juice_and_place_it_in_the_basket;pick_up_the_chocolate_pudding_and_place_it_in_the_basket	Pick the milk and place it in the basket | Pick the cream cheese and place it in the basket | Pick the tomato sauce and place it in the basket | Pick the orange juice and place it in the basket | Pick the chocolate pudding and place it in the basket	Put the cream cheese box in the basket, then put the tomato sauce in the basket, then put the orange juice in the basket, and finally put the chocolate pudding in the basket.	in(cream_cheese_1, basket_1_contain_region); in(tomato_sauce_1, basket_1_contain_region); in(orange_juice_1, basket_1_contain_region); in(chocolate_pudding_1, basket_1_contain_region)	object_milk_upper_swap_pick_up_the_milk_and_place_it_in_the_basket	Milk is swapped into floor_other_object_region_1 (the upper/back slot); tomato_sauce_1 moves to milk's former floor_target_object_region slot. | The five non-milk objects and basket remain exactly the same identities as the source Object scene. | Object identity has its own original LIBERO-Object pick-to-basket trajectory; its pose in the composite scene may differ. | Object identity has its own original LIBERO-Object pick-to-basket trajectory; its pose in the composite scene may differ. | Object identity has its own original LIBERO-Object pick-to-basket trajectory; its pose in the composite scene may differ. | Object identity has its own original LIBERO-Object pick-to-basket trajectory; its pose in the composite scene may differ.	5	8	comparison_png/COMPOSEOBJ_196__put_the_cream_cheese_box_in_the_basket_then_put_the_tomato_sauce_in_the_basket_then_put_the_orange_juice_in_the_basket_and_finally_put_the_chocolate_p.png	tasks/composeobj_196__put_the_cream_cheese_box_in_the_basket_then_put_the_tomato_sauce_in_the_basket_then_put_the_orange_juice_in_the_basket_and_finally_put_the_chocolate_p	composition|7d2b799b8a3d1c7bf192fe0ae419b0ee63cb8754924555fccf78590dd0fe44dd|frozenset({in(chocolate_pudding_1,basket_1_contain_region),in(cream_cheese_1,basket_1_contain_region),in(orange_juice_1,basket_1_contain_region),in(tomato_sauce_1,basket_1_contain_region)})
COMPOSEOBJ_197	O2_object_milk_upper_swap_4_to_basket	4	true	false	libero_object	302;307;310;309	pick_up_the_milk_and_place_it_in_the_basket;pick_up_the_cream_cheese_and_place_it_in_the_basket;pick_up_the_butter_and_place_it_in_the_basket;pick_up_the_orange_juice_and_place_it_in_the_basket;pick_up_the_chocolate_pudding_and_place_it_in_the_basket	Pick the milk and place it in the basket | Pick the cream cheese and place it in the basket | Pick the butter and place it in the basket | Pick the orange juice and place it in the basket | Pick the chocolate pudding and place it in the basket	Put the cream cheese box in the basket, then put the butter in the basket, then put the orange juice in the basket, and finally put the chocolate pudding in the basket.	in(cream_cheese_1, basket_1_contain_region); in(butter_1, basket_1_contain_region); in(orange_juice_1, basket_1_contain_region); in(chocolate_pudding_1, basket_1_contain_region)	object_milk_upper_swap_pick_up_the_milk_and_place_it_in_the_basket	Milk is swapped into floor_other_object_region_1 (the upper/back slot); tomato_sauce_1 moves to milk's former floor_target_object_region slot. | The five non-milk objects and basket remain exactly the same identities as the source Object scene. | Object identity has its own original LIBERO-Object pick-to-basket trajectory; its pose in the composite scene may differ. | Object identity has its own original LIBERO-Object pick-to-basket trajectory; its pose in the composite scene may differ. | Object identity has its own original LIBERO-Object pick-to-basket trajectory; its pose in the composite scene may differ. | Object identity has its own original LIBERO-Object pick-to-basket trajectory; its pose in the composite scene may differ.	5	8	comparison_png/COMPOSEOBJ_197__put_the_cream_cheese_box_in_the_basket_then_put_the_butter_in_the_basket_then_put_the_orange_juice_in_the_basket_and_finally_put_the_chocolate_pudding.png	tasks/composeobj_197__put_the_cream_cheese_box_in_the_basket_then_put_the_butter_in_the_basket_then_put_the_orange_juice_in_the_basket_and_finally_put_the_chocolate_pudding	composition|7d2b799b8a3d1c7bf192fe0ae419b0ee63cb8754924555fccf78590dd0fe44dd|frozenset({in(butter_1,basket_1_contain_region),in(chocolate_pudding_1,basket_1_contain_region),in(cream_cheese_1,basket_1_contain_region),in(orange_juice_1,basket_1_contain_region)})
COMPOSEOBJ_198	O2_object_milk_upper_swap_4_to_basket	4	true	false	libero_object	306;307;310;309	pick_up_the_milk_and_place_it_in_the_basket;pick_up_the_tomato_sauce_and_place_it_in_the_basket;pick_up_the_butter_and_place_it_in_the_basket;pick_up_the_orange_juice_and_place_it_in_the_basket;pick_up_the_chocolate_pudding_and_place_it_in_the_basket	Pick the milk and place it in the basket | Pick the tomato sauce and place it in the basket | Pick the butter and place it in the basket | Pick the orange juice and place it in the basket | Pick the chocolate pudding and place it in the basket	Put the tomato sauce in the basket, then put the butter in the basket, then put the orange juice in the basket, and finally put the chocolate pudding in the basket.	in(tomato_sauce_1, basket_1_contain_region); in(butter_1, basket_1_contain_region); in(orange_juice_1, basket_1_contain_region); in(chocolate_pudding_1, basket_1_contain_region)	object_milk_upper_swap_pick_up_the_milk_and_place_it_in_the_basket	Milk is swapped into floor_other_object_region_1 (the upper/back slot); tomato_sauce_1 moves to milk's former floor_target_object_region slot. | The five non-milk objects and basket remain exactly the same identities as the source Object scene. | Object identity has its own original LIBERO-Object pick-to-basket trajectory; its pose in the composite scene may differ. | Object identity has its own original LIBERO-Object pick-to-basket trajectory; its pose in the composite scene may differ. | Object identity has its own original LIBERO-Object pick-to-basket trajectory; its pose in the composite scene may differ. | Object identity has its own original LIBERO-Object pick-to-basket trajectory; its pose in the composite scene may differ.	5	8	comparison_png/COMPOSEOBJ_198__put_the_tomato_sauce_in_the_basket_then_put_the_butter_in_the_basket_then_put_the_orange_juice_in_the_basket_and_finally_put_the_chocolate_pudding_in.png	tasks/composeobj_198__put_the_tomato_sauce_in_the_basket_then_put_the_butter_in_the_basket_then_put_the_orange_juice_in_the_basket_and_finally_put_the_chocolate_pudding_in	composition|7d2b799b8a3d1c7bf192fe0ae419b0ee63cb8754924555fccf78590dd0fe44dd|frozenset({in(butter_1,basket_1_contain_region),in(chocolate_pudding_1,basket_1_contain_region),in(orange_juice_1,basket_1_contain_region),in(tomato_sauce_1,basket_1_contain_region)})
COMPOSEOBJ_199	O1_object_milk_first_3_to_basket	3	true	true	libero_object	308;303;305	pick_up_the_salad_dressing_and_place_it_in_the_basket;pick_up_the_milk_and_place_it_in_the_basket;pick_up_the_ketchup_and_place_it_in_the_basket	Pick the salad dressing and place it in the basket | Pick the milk and place it in the basket | Pick the ketchup and place it in the basket	First put the milk in the basket, then put the salad dressing in the basket, and finally put the ketchup in the basket.	in(milk_1, basket_1_contain_region); in(salad_dressing_1, basket_1_contain_region); in(ketchup_1, basket_1_contain_region)	object_stock_milk_first_pick_up_the_salad_dressing_and_place_it_in_the_basket_3	Sequence diagnostic in an original LIBERO-Object layout: milk is removed first before the remaining two or three picks. | The physical scene is stock; the unchanged unordered 3-step and 4-step controls already scored 0 successful tasks across 350 candidates. | Object identity has its own original LIBERO-Object pick-to-basket trajectory; its pose in the composite scene may differ. | Object identity has its own original LIBERO-Object pick-to-basket trajectory; its pose in the composite scene may differ. | Object identity has its own original LIBERO-Object pick-to-basket trajectory; its pose in the composite scene may differ.	5	6	comparison_png/COMPOSEOBJ_199__first_put_the_milk_in_the_basket_then_put_the_salad_dressing_in_the_basket_and_finally_put_the_ketchup_in_the_basket.png	tasks/composeobj_199__first_put_the_milk_in_the_basket_then_put_the_salad_dressing_in_the_basket_and_finally_put_the_ketchup_in_the_basket	composition|4db2b582dbff0ab05541bdb2a88a58ad0460edacb6542803392b8f04e113b0df|frozenset({in(ketchup_1,basket_1_contain_region),in(milk_1,basket_1_contain_region),in(salad_dressing_1,basket_1_contain_region)})
COMPOSEOBJ_200	O1_object_milk_first_3_to_basket	3	true	true	libero_object	308;303;301	pick_up_the_salad_dressing_and_place_it_in_the_basket;pick_up_the_milk_and_place_it_in_the_basket;pick_up_the_alphabet_soup_and_place_it_in_the_basket	Pick the salad dressing and place it in the basket | Pick the milk and place it in the basket | Pick the alphabet soup and place it in the basket	First put the milk in the basket, then put the salad dressing in the basket, and finally put the alphabet soup in the basket.	in(milk_1, basket_1_contain_region); in(salad_dressing_1, basket_1_contain_region); in(alphabet_soup_1, basket_1_contain_region)	object_stock_milk_first_pick_up_the_salad_dressing_and_place_it_in_the_basket_3	Sequence diagnostic in an original LIBERO-Object layout: milk is removed first before the remaining two or three picks. | The physical scene is stock; the unchanged unordered 3-step and 4-step controls already scored 0 successful tasks across 350 candidates. | Object identity has its own original LIBERO-Object pick-to-basket trajectory; its pose in the composite scene may differ. | Object identity has its own original LIBERO-Object pick-to-basket trajectory; its pose in the composite scene may differ. | Object identity has its own original LIBERO-Object pick-to-basket trajectory; its pose in the composite scene may differ.	5	6	comparison_png/COMPOSEOBJ_200__first_put_the_milk_in_the_basket_then_put_the_salad_dressing_in_the_basket_and_finally_put_the_alphabet_soup_in_the_basket.png	tasks/composeobj_200__first_put_the_milk_in_the_basket_then_put_the_salad_dressing_in_the_basket_and_finally_put_the_alphabet_soup_in_the_basket	composition|4db2b582dbff0ab05541bdb2a88a58ad0460edacb6542803392b8f04e113b0df|frozenset({in(alphabet_soup_1,basket_1_contain_region),in(milk_1,basket_1_contain_region),in(salad_dressing_1,basket_1_contain_region)})
COMPOSEOBJ_201	O1_object_milk_first_3_to_basket	3	true	true	libero_object	308;303;302	pick_up_the_salad_dressing_and_place_it_in_the_basket;pick_up_the_milk_and_place_it_in_the_basket;pick_up_the_cream_cheese_and_place_it_in_the_basket	Pick the salad dressing and place it in the basket | Pick the milk and place it in the basket | Pick the cream cheese and place it in the basket	First put the milk in the basket, then put the salad dressing in the basket, and finally put the cream cheese box in the basket.	in(milk_1, basket_1_contain_region); in(salad_dressing_1, basket_1_contain_region); in(cream_cheese_1, basket_1_contain_region)	object_stock_milk_first_pick_up_the_salad_dressing_and_place_it_in_the_basket_3	Sequence diagnostic in an original LIBERO-Object layout: milk is removed first before the remaining two or three picks. | The physical scene is stock; the unchanged unordered 3-step and 4-step controls already scored 0 successful tasks across 350 candidates. | Object identity has its own original LIBERO-Object pick-to-basket trajectory; its pose in the composite scene may differ. | Object identity has its own original LIBERO-Object pick-to-basket trajectory; its pose in the composite scene may differ. | Object identity has its own original LIBERO-Object pick-to-basket trajectory; its pose in the composite scene may differ.	5	6	comparison_png/COMPOSEOBJ_201__first_put_the_milk_in_the_basket_then_put_the_salad_dressing_in_the_basket_and_finally_put_the_cream_cheese_box_in_the_basket.png	tasks/composeobj_201__first_put_the_milk_in_the_basket_then_put_the_salad_dressing_in_the_basket_and_finally_put_the_cream_cheese_box_in_the_basket	composition|4db2b582dbff0ab05541bdb2a88a58ad0460edacb6542803392b8f04e113b0df|frozenset({in(cream_cheese_1,basket_1_contain_region),in(milk_1,basket_1_contain_region),in(salad_dressing_1,basket_1_contain_region)})
COMPOSEOBJ_202	O1_object_milk_first_3_to_basket	3	true	true	libero_object	308;303;306	pick_up_the_salad_dressing_and_place_it_in_the_basket;pick_up_the_milk_and_place_it_in_the_basket;pick_up_the_tomato_sauce_and_place_it_in_the_basket	Pick the salad dressing and place it in the basket | Pick the milk and place it in the basket | Pick the tomato sauce and place it in the basket	First put the milk in the basket, then put the salad dressing in the basket, and finally put the tomato sauce in the basket.	in(milk_1, basket_1_contain_region); in(salad_dressing_1, basket_1_contain_region); in(tomato_sauce_1, basket_1_contain_region)	object_stock_milk_first_pick_up_the_salad_dressing_and_place_it_in_the_basket_3	Sequence diagnostic in an original LIBERO-Object layout: milk is removed first before the remaining two or three picks. | The physical scene is stock; the unchanged unordered 3-step and 4-step controls already scored 0 successful tasks across 350 candidates. | Object identity has its own original LIBERO-Object pick-to-basket trajectory; its pose in the composite scene may differ. | Object identity has its own original LIBERO-Object pick-to-basket trajectory; its pose in the composite scene may differ. | Object identity has its own original LIBERO-Object pick-to-basket trajectory; its pose in the composite scene may differ.	5	6	comparison_png/COMPOSEOBJ_202__first_put_the_milk_in_the_basket_then_put_the_salad_dressing_in_the_basket_and_finally_put_the_tomato_sauce_in_the_basket.png	tasks/composeobj_202__first_put_the_milk_in_the_basket_then_put_the_salad_dressing_in_the_basket_and_finally_put_the_tomato_sauce_in_the_basket	composition|4db2b582dbff0ab05541bdb2a88a58ad0460edacb6542803392b8f04e113b0df|frozenset({in(milk_1,basket_1_contain_region),in(salad_dressing_1,basket_1_contain_region),in(tomato_sauce_1,basket_1_contain_region)})
COMPOSEOBJ_203	O1_object_milk_first_3_to_basket	3	true	true	libero_object	308;305;301	pick_up_the_salad_dressing_and_place_it_in_the_basket;pick_up_the_milk_and_place_it_in_the_basket;pick_up_the_ketchup_and_place_it_in_the_basket;pick_up_the_alphabet_soup_and_place_it_in_the_basket	Pick the salad dressing and place it in the basket | Pick the milk and place it in the basket | Pick the ketchup and place it in the basket | Pick the alphabet soup and place it in the basket	First put the milk in the basket, then put the ketchup in the basket, and finally put the alphabet soup in the basket.	in(milk_1, basket_1_contain_region); in(ketchup_1, basket_1_contain_region); in(alphabet_soup_1, basket_1_contain_region)	object_stock_milk_first_pick_up_the_salad_dressing_and_place_it_in_the_basket_3	Sequence diagnostic in an original LIBERO-Object layout: milk is removed first before the remaining two or three picks. | The physical scene is stock; the unchanged unordered 3-step and 4-step controls already scored 0 successful tasks across 350 candidates. | Object identity has its own original LIBERO-Object pick-to-basket trajectory; its pose in the composite scene may differ. | Object identity has its own original LIBERO-Object pick-to-basket trajectory; its pose in the composite scene may differ. | Object identity has its own original LIBERO-Object pick-to-basket trajectory; its pose in the composite scene may differ.	5	6	comparison_png/COMPOSEOBJ_203__first_put_the_milk_in_the_basket_then_put_the_ketchup_in_the_basket_and_finally_put_the_alphabet_soup_in_the_basket.png	tasks/composeobj_203__first_put_the_milk_in_the_basket_then_put_the_ketchup_in_the_basket_and_finally_put_the_alphabet_soup_in_the_basket	composition|4db2b582dbff0ab05541bdb2a88a58ad0460edacb6542803392b8f04e113b0df|frozenset({in(alphabet_soup_1,basket_1_contain_region),in(ketchup_1,basket_1_contain_region),in(milk_1,basket_1_contain_region)})
COMPOSEOBJ_204	O1_object_milk_first_3_to_basket	3	true	true	libero_object	308;305;302	pick_up_the_salad_dressing_and_place_it_in_the_basket;pick_up_the_milk_and_place_it_in_the_basket;pick_up_the_ketchup_and_place_it_in_the_basket;pick_up_the_cream_cheese_and_place_it_in_the_basket	Pick the salad dressing and place it in the basket | Pick the milk and place it in the basket | Pick the ketchup and place it in the basket | Pick the cream cheese and place it in the basket	First put the milk in the basket, then put the ketchup in the basket, and finally put the cream cheese box in the basket.	in(milk_1, basket_1_contain_region); in(ketchup_1, basket_1_contain_region); in(cream_cheese_1, basket_1_contain_region)	object_stock_milk_first_pick_up_the_salad_dressing_and_place_it_in_the_basket_3	Sequence diagnostic in an original LIBERO-Object layout: milk is removed first before the remaining two or three picks. | The physical scene is stock; the unchanged unordered 3-step and 4-step controls already scored 0 successful tasks across 350 candidates. | Object identity has its own original LIBERO-Object pick-to-basket trajectory; its pose in the composite scene may differ. | Object identity has its own original LIBERO-Object pick-to-basket trajectory; its pose in the composite scene may differ. | Object identity has its own original LIBERO-Object pick-to-basket trajectory; its pose in the composite scene may differ.	5	6	comparison_png/COMPOSEOBJ_204__first_put_the_milk_in_the_basket_then_put_the_ketchup_in_the_basket_and_finally_put_the_cream_cheese_box_in_the_basket.png	tasks/composeobj_204__first_put_the_milk_in_the_basket_then_put_the_ketchup_in_the_basket_and_finally_put_the_cream_cheese_box_in_the_basket	composition|4db2b582dbff0ab05541bdb2a88a58ad0460edacb6542803392b8f04e113b0df|frozenset({in(cream_cheese_1,basket_1_contain_region),in(ketchup_1,basket_1_contain_region),in(milk_1,basket_1_contain_region)})
COMPOSEOBJ_205	O1_object_milk_first_3_to_basket	3	true	true	libero_object	308;305;306	pick_up_the_salad_dressing_and_place_it_in_the_basket;pick_up_the_milk_and_place_it_in_the_basket;pick_up_the_ketchup_and_place_it_in_the_basket;pick_up_the_tomato_sauce_and_place_it_in_the_basket	Pick the salad dressing and place it in the basket | Pick the milk and place it in the basket | Pick the ketchup and place it in the basket | Pick the tomato sauce and place it in the basket	First put the milk in the basket, then put the ketchup in the basket, and finally put the tomato sauce in the basket.	in(milk_1, basket_1_contain_region); in(ketchup_1, basket_1_contain_region); in(tomato_sauce_1, basket_1_contain_region)	object_stock_milk_first_pick_up_the_salad_dressing_and_place_it_in_the_basket_3	Sequence diagnostic in an original LIBERO-Object layout: milk is removed first before the remaining two or three picks. | The physical scene is stock; the unchanged unordered 3-step and 4-step controls already scored 0 successful tasks across 350 candidates. | Object identity has its own original LIBERO-Object pick-to-basket trajectory; its pose in the composite scene may differ. | Object identity has its own original LIBERO-Object pick-to-basket trajectory; its pose in the composite scene may differ. | Object identity has its own original LIBERO-Object pick-to-basket trajectory; its pose in the composite scene may differ.	5	6	comparison_png/COMPOSEOBJ_205__first_put_the_milk_in_the_basket_then_put_the_ketchup_in_the_basket_and_finally_put_the_tomato_sauce_in_the_basket.png	tasks/composeobj_205__first_put_the_milk_in_the_basket_then_put_the_ketchup_in_the_basket_and_finally_put_the_tomato_sauce_in_the_basket	composition|4db2b582dbff0ab05541bdb2a88a58ad0460edacb6542803392b8f04e113b0df|frozenset({in(ketchup_1,basket_1_contain_region),in(milk_1,basket_1_contain_region),in(tomato_sauce_1,basket_1_contain_region)})
COMPOSEOBJ_206	O1_object_milk_first_3_to_basket	3	true	true	libero_object	308;301;302	pick_up_the_salad_dressing_and_place_it_in_the_basket;pick_up_the_milk_and_place_it_in_the_basket;pick_up_the_alphabet_soup_and_place_it_in_the_basket;pick_up_the_cream_cheese_and_place_it_in_the_basket	Pick the salad dressing and place it in the basket | Pick the milk and place it in the basket | Pick the alphabet soup and place it in the basket | Pick the cream cheese and place it in the basket	First put the milk in the basket, then put the alphabet soup in the basket, and finally put the cream cheese box in the basket.	in(milk_1, basket_1_contain_region); in(alphabet_soup_1, basket_1_contain_region); in(cream_cheese_1, basket_1_contain_region)	object_stock_milk_first_pick_up_the_salad_dressing_and_place_it_in_the_basket_3	Sequence diagnostic in an original LIBERO-Object layout: milk is removed first before the remaining two or three picks. | The physical scene is stock; the unchanged unordered 3-step and 4-step controls already scored 0 successful tasks across 350 candidates. | Object identity has its own original LIBERO-Object pick-to-basket trajectory; its pose in the composite scene may differ. | Object identity has its own original LIBERO-Object pick-to-basket trajectory; its pose in the composite scene may differ. | Object identity has its own original LIBERO-Object pick-to-basket trajectory; its pose in the composite scene may differ.	5	6	comparison_png/COMPOSEOBJ_206__first_put_the_milk_in_the_basket_then_put_the_alphabet_soup_in_the_basket_and_finally_put_the_cream_cheese_box_in_the_basket.png	tasks/composeobj_206__first_put_the_milk_in_the_basket_then_put_the_alphabet_soup_in_the_basket_and_finally_put_the_cream_cheese_box_in_the_basket	composition|4db2b582dbff0ab05541bdb2a88a58ad0460edacb6542803392b8f04e113b0df|frozenset({in(alphabet_soup_1,basket_1_contain_region),in(cream_cheese_1,basket_1_contain_region),in(milk_1,basket_1_contain_region)})
COMPOSEOBJ_207	O1_object_milk_first_3_to_basket	3	true	true	libero_object	308;301;306	pick_up_the_salad_dressing_and_place_it_in_the_basket;pick_up_the_milk_and_place_it_in_the_basket;pick_up_the_alphabet_soup_and_place_it_in_the_basket;pick_up_the_tomato_sauce_and_place_it_in_the_basket	Pick the salad dressing and place it in the basket | Pick the milk and place it in the basket | Pick the alphabet soup and place it in the basket | Pick the tomato sauce and place it in the basket	First put the milk in the basket, then put the alphabet soup in the basket, and finally put the tomato sauce in the basket.	in(milk_1, basket_1_contain_region); in(alphabet_soup_1, basket_1_contain_region); in(tomato_sauce_1, basket_1_contain_region)	object_stock_milk_first_pick_up_the_salad_dressing_and_place_it_in_the_basket_3	Sequence diagnostic in an original LIBERO-Object layout: milk is removed first before the remaining two or three picks. | The physical scene is stock; the unchanged unordered 3-step and 4-step controls already scored 0 successful tasks across 350 candidates. | Object identity has its own original LIBERO-Object pick-to-basket trajectory; its pose in the composite scene may differ. | Object identity has its own original LIBERO-Object pick-to-basket trajectory; its pose in the composite scene may differ. | Object identity has its own original LIBERO-Object pick-to-basket trajectory; its pose in the composite scene may differ.	5	6	comparison_png/COMPOSEOBJ_207__first_put_the_milk_in_the_basket_then_put_the_alphabet_soup_in_the_basket_and_finally_put_the_tomato_sauce_in_the_basket.png	tasks/composeobj_207__first_put_the_milk_in_the_basket_then_put_the_alphabet_soup_in_the_basket_and_finally_put_the_tomato_sauce_in_the_basket	composition|4db2b582dbff0ab05541bdb2a88a58ad0460edacb6542803392b8f04e113b0df|frozenset({in(alphabet_soup_1,basket_1_contain_region),in(milk_1,basket_1_contain_region),in(tomato_sauce_1,basket_1_contain_region)})
COMPOSEOBJ_208	O1_object_milk_first_3_to_basket	3	true	true	libero_object	308;302;306	pick_up_the_salad_dressing_and_place_it_in_the_basket;pick_up_the_milk_and_place_it_in_the_basket;pick_up_the_cream_cheese_and_place_it_in_the_basket;pick_up_the_tomato_sauce_and_place_it_in_the_basket	Pick the salad dressing and place it in the basket | Pick the milk and place it in the basket | Pick the cream cheese and place it in the basket | Pick the tomato sauce and place it in the basket	First put the milk in the basket, then put the cream cheese box in the basket, and finally put the tomato sauce in the basket.	in(milk_1, basket_1_contain_region); in(cream_cheese_1, basket_1_contain_region); in(tomato_sauce_1, basket_1_contain_region)	object_stock_milk_first_pick_up_the_salad_dressing_and_place_it_in_the_basket_3	Sequence diagnostic in an original LIBERO-Object layout: milk is removed first before the remaining two or three picks. | The physical scene is stock; the unchanged unordered 3-step and 4-step controls already scored 0 successful tasks across 350 candidates. | Object identity has its own original LIBERO-Object pick-to-basket trajectory; its pose in the composite scene may differ. | Object identity has its own original LIBERO-Object pick-to-basket trajectory; its pose in the composite scene may differ. | Object identity has its own original LIBERO-Object pick-to-basket trajectory; its pose in the composite scene may differ.	5	6	comparison_png/COMPOSEOBJ_208__first_put_the_milk_in_the_basket_then_put_the_cream_cheese_box_in_the_basket_and_finally_put_the_tomato_sauce_in_the_basket.png	tasks/composeobj_208__first_put_the_milk_in_the_basket_then_put_the_cream_cheese_box_in_the_basket_and_finally_put_the_tomato_sauce_in_the_basket	composition|4db2b582dbff0ab05541bdb2a88a58ad0460edacb6542803392b8f04e113b0df|frozenset({in(cream_cheese_1,basket_1_contain_region),in(milk_1,basket_1_contain_region),in(tomato_sauce_1,basket_1_contain_region)})
COMPOSEOBJ_209	O1_object_milk_first_4_to_basket	4	true	true	libero_object	308;303;305;301	pick_up_the_salad_dressing_and_place_it_in_the_basket;pick_up_the_milk_and_place_it_in_the_basket;pick_up_the_ketchup_and_place_it_in_the_basket;pick_up_the_alphabet_soup_and_place_it_in_the_basket	Pick the salad dressing and place it in the basket | Pick the milk and place it in the basket | Pick the ketchup and place it in the basket | Pick the alphabet soup and place it in the basket	First put the milk in the basket, then put the salad dressing in the basket, then put the ketchup in the basket, and finally put the alphabet soup in the basket.	in(milk_1, basket_1_contain_region); in(salad_dressing_1, basket_1_contain_region); in(ketchup_1, basket_1_contain_region); in(alphabet_soup_1, basket_1_contain_region)	object_stock_milk_first_pick_up_the_salad_dressing_and_place_it_in_the_basket_4	Sequence diagnostic in an original LIBERO-Object layout: milk is removed first before the remaining two or three picks. | The physical scene is stock; the unchanged unordered 3-step and 4-step controls already scored 0 successful tasks across 350 candidates. | Object identity has its own original LIBERO-Object pick-to-basket trajectory; its pose in the composite scene may differ. | Object identity has its own original LIBERO-Object pick-to-basket trajectory; its pose in the composite scene may differ. | Object identity has its own original LIBERO-Object pick-to-basket trajectory; its pose in the composite scene may differ. | Object identity has its own original LIBERO-Object pick-to-basket trajectory; its pose in the composite scene may differ.	5	8	comparison_png/COMPOSEOBJ_209__first_put_the_milk_in_the_basket_then_put_the_salad_dressing_in_the_basket_then_put_the_ketchup_in_the_basket_and_finally_put_the_alphabet_soup_in_the.png	tasks/composeobj_209__first_put_the_milk_in_the_basket_then_put_the_salad_dressing_in_the_basket_then_put_the_ketchup_in_the_basket_and_finally_put_the_alphabet_soup_in_the	composition|4db2b582dbff0ab05541bdb2a88a58ad0460edacb6542803392b8f04e113b0df|frozenset({in(alphabet_soup_1,basket_1_contain_region),in(ketchup_1,basket_1_contain_region),in(milk_1,basket_1_contain_region),in(salad_dressing_1,basket_1_contain_region)})
COMPOSEOBJ_210	O1_object_milk_first_4_to_basket	4	true	true	libero_object	308;303;305;302	pick_up_the_salad_dressing_and_place_it_in_the_basket;pick_up_the_milk_and_place_it_in_the_basket;pick_up_the_ketchup_and_place_it_in_the_basket;pick_up_the_cream_cheese_and_place_it_in_the_basket	Pick the salad dressing and place it in the basket | Pick the milk and place it in the basket | Pick the ketchup and place it in the basket | Pick the cream cheese and place it in the basket	First put the milk in the basket, then put the salad dressing in the basket, then put the ketchup in the basket, and finally put the cream cheese box in the basket.	in(milk_1, basket_1_contain_region); in(salad_dressing_1, basket_1_contain_region); in(ketchup_1, basket_1_contain_region); in(cream_cheese_1, basket_1_contain_region)	object_stock_milk_first_pick_up_the_salad_dressing_and_place_it_in_the_basket_4	Sequence diagnostic in an original LIBERO-Object layout: milk is removed first before the remaining two or three picks. | The physical scene is stock; the unchanged unordered 3-step and 4-step controls already scored 0 successful tasks across 350 candidates. | Object identity has its own original LIBERO-Object pick-to-basket trajectory; its pose in the composite scene may differ. | Object identity has its own original LIBERO-Object pick-to-basket trajectory; its pose in the composite scene may differ. | Object identity has its own original LIBERO-Object pick-to-basket trajectory; its pose in the composite scene may differ. | Object identity has its own original LIBERO-Object pick-to-basket trajectory; its pose in the composite scene may differ.	5	8	comparison_png/COMPOSEOBJ_210__first_put_the_milk_in_the_basket_then_put_the_salad_dressing_in_the_basket_then_put_the_ketchup_in_the_basket_and_finally_put_the_cream_cheese_box_in.png	tasks/composeobj_210__first_put_the_milk_in_the_basket_then_put_the_salad_dressing_in_the_basket_then_put_the_ketchup_in_the_basket_and_finally_put_the_cream_cheese_box_in	composition|4db2b582dbff0ab05541bdb2a88a58ad0460edacb6542803392b8f04e113b0df|frozenset({in(cream_cheese_1,basket_1_contain_region),in(ketchup_1,basket_1_contain_region),in(milk_1,basket_1_contain_region),in(salad_dressing_1,basket_1_contain_region)})
COMPOSEOBJ_211	O1_object_milk_first_4_to_basket	4	true	true	libero_object	308;303;305;306	pick_up_the_salad_dressing_and_place_it_in_the_basket;pick_up_the_milk_and_place_it_in_the_basket;pick_up_the_ketchup_and_place_it_in_the_basket;pick_up_the_tomato_sauce_and_place_it_in_the_basket	Pick the salad dressing and place it in the basket | Pick the milk and place it in the basket | Pick the ketchup and place it in the basket | Pick the tomato sauce and place it in the basket	First put the milk in the basket, then put the salad dressing in the basket, then put the ketchup in the basket, and finally put the tomato sauce in the basket.	in(milk_1, basket_1_contain_region); in(salad_dressing_1, basket_1_contain_region); in(ketchup_1, basket_1_contain_region); in(tomato_sauce_1, basket_1_contain_region)	object_stock_milk_first_pick_up_the_salad_dressing_and_place_it_in_the_basket_4	Sequence diagnostic in an original LIBERO-Object layout: milk is removed first before the remaining two or three picks. | The physical scene is stock; the unchanged unordered 3-step and 4-step controls already scored 0 successful tasks across 350 candidates. | Object identity has its own original LIBERO-Object pick-to-basket trajectory; its pose in the composite scene may differ. | Object identity has its own original LIBERO-Object pick-to-basket trajectory; its pose in the composite scene may differ. | Object identity has its own original LIBERO-Object pick-to-basket trajectory; its pose in the composite scene may differ. | Object identity has its own original LIBERO-Object pick-to-basket trajectory; its pose in the composite scene may differ.	5	8	comparison_png/COMPOSEOBJ_211__first_put_the_milk_in_the_basket_then_put_the_salad_dressing_in_the_basket_then_put_the_ketchup_in_the_basket_and_finally_put_the_tomato_sauce_in_the.png	tasks/composeobj_211__first_put_the_milk_in_the_basket_then_put_the_salad_dressing_in_the_basket_then_put_the_ketchup_in_the_basket_and_finally_put_the_tomato_sauce_in_the	composition|4db2b582dbff0ab05541bdb2a88a58ad0460edacb6542803392b8f04e113b0df|frozenset({in(ketchup_1,basket_1_contain_region),in(milk_1,basket_1_contain_region),in(salad_dressing_1,basket_1_contain_region),in(tomato_sauce_1,basket_1_contain_region)})
COMPOSEOBJ_212	O1_object_milk_first_4_to_basket	4	true	true	libero_object	308;303;301;302	pick_up_the_salad_dressing_and_place_it_in_the_basket;pick_up_the_milk_and_place_it_in_the_basket;pick_up_the_alphabet_soup_and_place_it_in_the_basket;pick_up_the_cream_cheese_and_place_it_in_the_basket	Pick the salad dressing and place it in the basket | Pick the milk and place it in the basket | Pick the alphabet soup and place it in the basket | Pick the cream cheese and place it in the basket	First put the milk in the basket, then put the salad dressing in the basket, then put the alphabet soup in the basket, and finally put the cream cheese box in the basket.	in(milk_1, basket_1_contain_region); in(salad_dressing_1, basket_1_contain_region); in(alphabet_soup_1, basket_1_contain_region); in(cream_cheese_1, basket_1_contain_region)	object_stock_milk_first_pick_up_the_salad_dressing_and_place_it_in_the_basket_4	Sequence diagnostic in an original LIBERO-Object layout: milk is removed first before the remaining two or three picks. | The physical scene is stock; the unchanged unordered 3-step and 4-step controls already scored 0 successful tasks across 350 candidates. | Object identity has its own original LIBERO-Object pick-to-basket trajectory; its pose in the composite scene may differ. | Object identity has its own original LIBERO-Object pick-to-basket trajectory; its pose in the composite scene may differ. | Object identity has its own original LIBERO-Object pick-to-basket trajectory; its pose in the composite scene may differ. | Object identity has its own original LIBERO-Object pick-to-basket trajectory; its pose in the composite scene may differ.	5	8	comparison_png/COMPOSEOBJ_212__first_put_the_milk_in_the_basket_then_put_the_salad_dressing_in_the_basket_then_put_the_alphabet_soup_in_the_basket_and_finally_put_the_cream_cheese_b.png	tasks/composeobj_212__first_put_the_milk_in_the_basket_then_put_the_salad_dressing_in_the_basket_then_put_the_alphabet_soup_in_the_basket_and_finally_put_the_cream_cheese_b	composition|4db2b582dbff0ab05541bdb2a88a58ad0460edacb6542803392b8f04e113b0df|frozenset({in(alphabet_soup_1,basket_1_contain_region),in(cream_cheese_1,basket_1_contain_region),in(milk_1,basket_1_contain_region),in(salad_dressing_1,basket_1_contain_region)})
COMPOSEOBJ_213	O1_object_milk_first_4_to_basket	4	true	true	libero_object	308;303;301;306	pick_up_the_salad_dressing_and_place_it_in_the_basket;pick_up_the_milk_and_place_it_in_the_basket;pick_up_the_alphabet_soup_and_place_it_in_the_basket;pick_up_the_tomato_sauce_and_place_it_in_the_basket	Pick the salad dressing and place it in the basket | Pick the milk and place it in the basket | Pick the alphabet soup and place it in the basket | Pick the tomato sauce and place it in the basket	First put the milk in the basket, then put the salad dressing in the basket, then put the alphabet soup in the basket, and finally put the tomato sauce in the basket.	in(milk_1, basket_1_contain_region); in(salad_dressing_1, basket_1_contain_region); in(alphabet_soup_1, basket_1_contain_region); in(tomato_sauce_1, basket_1_contain_region)	object_stock_milk_first_pick_up_the_salad_dressing_and_place_it_in_the_basket_4	Sequence diagnostic in an original LIBERO-Object layout: milk is removed first before the remaining two or three picks. | The physical scene is stock; the unchanged unordered 3-step and 4-step controls already scored 0 successful tasks across 350 candidates. | Object identity has its own original LIBERO-Object pick-to-basket trajectory; its pose in the composite scene may differ. | Object identity has its own original LIBERO-Object pick-to-basket trajectory; its pose in the composite scene may differ. | Object identity has its own original LIBERO-Object pick-to-basket trajectory; its pose in the composite scene may differ. | Object identity has its own original LIBERO-Object pick-to-basket trajectory; its pose in the composite scene may differ.	5	8	comparison_png/COMPOSEOBJ_213__first_put_the_milk_in_the_basket_then_put_the_salad_dressing_in_the_basket_then_put_the_alphabet_soup_in_the_basket_and_finally_put_the_tomato_sauce_i.png	tasks/composeobj_213__first_put_the_milk_in_the_basket_then_put_the_salad_dressing_in_the_basket_then_put_the_alphabet_soup_in_the_basket_and_finally_put_the_tomato_sauce_i	composition|4db2b582dbff0ab05541bdb2a88a58ad0460edacb6542803392b8f04e113b0df|frozenset({in(alphabet_soup_1,basket_1_contain_region),in(milk_1,basket_1_contain_region),in(salad_dressing_1,basket_1_contain_region),in(tomato_sauce_1,basket_1_contain_region)})
COMPOSEOBJ_214	O1_object_milk_first_4_to_basket	4	true	true	libero_object	308;303;302;306	pick_up_the_salad_dressing_and_place_it_in_the_basket;pick_up_the_milk_and_place_it_in_the_basket;pick_up_the_cream_cheese_and_place_it_in_the_basket;pick_up_the_tomato_sauce_and_place_it_in_the_basket	Pick the salad dressing and place it in the basket | Pick the milk and place it in the basket | Pick the cream cheese and place it in the basket | Pick the tomato sauce and place it in the basket	First put the milk in the basket, then put the salad dressing in the basket, then put the cream cheese box in the basket, and finally put the tomato sauce in the basket.	in(milk_1, basket_1_contain_region); in(salad_dressing_1, basket_1_contain_region); in(cream_cheese_1, basket_1_contain_region); in(tomato_sauce_1, basket_1_contain_region)	object_stock_milk_first_pick_up_the_salad_dressing_and_place_it_in_the_basket_4	Sequence diagnostic in an original LIBERO-Object layout: milk is removed first before the remaining two or three picks. | The physical scene is stock; the unchanged unordered 3-step and 4-step controls already scored 0 successful tasks across 350 candidates. | Object identity has its own original LIBERO-Object pick-to-basket trajectory; its pose in the composite scene may differ. | Object identity has its own original LIBERO-Object pick-to-basket trajectory; its pose in the composite scene may differ. | Object identity has its own original LIBERO-Object pick-to-basket trajectory; its pose in the composite scene may differ. | Object identity has its own original LIBERO-Object pick-to-basket trajectory; its pose in the composite scene may differ.	5	8	comparison_png/COMPOSEOBJ_214__first_put_the_milk_in_the_basket_then_put_the_salad_dressing_in_the_basket_then_put_the_cream_cheese_box_in_the_basket_and_finally_put_the_tomato_sauc.png	tasks/composeobj_214__first_put_the_milk_in_the_basket_then_put_the_salad_dressing_in_the_basket_then_put_the_cream_cheese_box_in_the_basket_and_finally_put_the_tomato_sauc	composition|4db2b582dbff0ab05541bdb2a88a58ad0460edacb6542803392b8f04e113b0df|frozenset({in(cream_cheese_1,basket_1_contain_region),in(milk_1,basket_1_contain_region),in(salad_dressing_1,basket_1_contain_region),in(tomato_sauce_1,basket_1_contain_region)})
COMPOSEOBJ_215	O1_object_milk_first_4_to_basket	4	true	true	libero_object	308;305;301;302	pick_up_the_salad_dressing_and_place_it_in_the_basket;pick_up_the_milk_and_place_it_in_the_basket;pick_up_the_ketchup_and_place_it_in_the_basket;pick_up_the_alphabet_soup_and_place_it_in_the_basket;pick_up_the_cream_cheese_and_place_it_in_the_basket	Pick the salad dressing and place it in the basket | Pick the milk and place it in the basket | Pick the ketchup and place it in the basket | Pick the alphabet soup and place it in the basket | Pick the cream cheese and place it in the basket	First put the milk in the basket, then put the ketchup in the basket, then put the alphabet soup in the basket, and finally put the cream cheese box in the basket.	in(milk_1, basket_1_contain_region); in(ketchup_1, basket_1_contain_region); in(alphabet_soup_1, basket_1_contain_region); in(cream_cheese_1, basket_1_contain_region)	object_stock_milk_first_pick_up_the_salad_dressing_and_place_it_in_the_basket_4	Sequence diagnostic in an original LIBERO-Object layout: milk is removed first before the remaining two or three picks. | The physical scene is stock; the unchanged unordered 3-step and 4-step controls already scored 0 successful tasks across 350 candidates. | Object identity has its own original LIBERO-Object pick-to-basket trajectory; its pose in the composite scene may differ. | Object identity has its own original LIBERO-Object pick-to-basket trajectory; its pose in the composite scene may differ. | Object identity has its own original LIBERO-Object pick-to-basket trajectory; its pose in the composite scene may differ. | Object identity has its own original LIBERO-Object pick-to-basket trajectory; its pose in the composite scene may differ.	5	8	comparison_png/COMPOSEOBJ_215__first_put_the_milk_in_the_basket_then_put_the_ketchup_in_the_basket_then_put_the_alphabet_soup_in_the_basket_and_finally_put_the_cream_cheese_box_in_t.png	tasks/composeobj_215__first_put_the_milk_in_the_basket_then_put_the_ketchup_in_the_basket_then_put_the_alphabet_soup_in_the_basket_and_finally_put_the_cream_cheese_box_in_t	composition|4db2b582dbff0ab05541bdb2a88a58ad0460edacb6542803392b8f04e113b0df|frozenset({in(alphabet_soup_1,basket_1_contain_region),in(cream_cheese_1,basket_1_contain_region),in(ketchup_1,basket_1_contain_region),in(milk_1,basket_1_contain_region)})
COMPOSEOBJ_216	O1_object_milk_first_4_to_basket	4	true	true	libero_object	308;305;301;306	pick_up_the_salad_dressing_and_place_it_in_the_basket;pick_up_the_milk_and_place_it_in_the_basket;pick_up_the_ketchup_and_place_it_in_the_basket;pick_up_the_alphabet_soup_and_place_it_in_the_basket;pick_up_the_tomato_sauce_and_place_it_in_the_basket	Pick the salad dressing and place it in the basket | Pick the milk and place it in the basket | Pick the ketchup and place it in the basket | Pick the alphabet soup and place it in the basket | Pick the tomato sauce and place it in the basket	First put the milk in the basket, then put the ketchup in the basket, then put the alphabet soup in the basket, and finally put the tomato sauce in the basket.	in(milk_1, basket_1_contain_region); in(ketchup_1, basket_1_contain_region); in(alphabet_soup_1, basket_1_contain_region); in(tomato_sauce_1, basket_1_contain_region)	object_stock_milk_first_pick_up_the_salad_dressing_and_place_it_in_the_basket_4	Sequence diagnostic in an original LIBERO-Object layout: milk is removed first before the remaining two or three picks. | The physical scene is stock; the unchanged unordered 3-step and 4-step controls already scored 0 successful tasks across 350 candidates. | Object identity has its own original LIBERO-Object pick-to-basket trajectory; its pose in the composite scene may differ. | Object identity has its own original LIBERO-Object pick-to-basket trajectory; its pose in the composite scene may differ. | Object identity has its own original LIBERO-Object pick-to-basket trajectory; its pose in the composite scene may differ. | Object identity has its own original LIBERO-Object pick-to-basket trajectory; its pose in the composite scene may differ.	5	8	comparison_png/COMPOSEOBJ_216__first_put_the_milk_in_the_basket_then_put_the_ketchup_in_the_basket_then_put_the_alphabet_soup_in_the_basket_and_finally_put_the_tomato_sauce_in_the_b.png	tasks/composeobj_216__first_put_the_milk_in_the_basket_then_put_the_ketchup_in_the_basket_then_put_the_alphabet_soup_in_the_basket_and_finally_put_the_tomato_sauce_in_the_b	composition|4db2b582dbff0ab05541bdb2a88a58ad0460edacb6542803392b8f04e113b0df|frozenset({in(alphabet_soup_1,basket_1_contain_region),in(ketchup_1,basket_1_contain_region),in(milk_1,basket_1_contain_region),in(tomato_sauce_1,basket_1_contain_region)})
COMPOSEOBJ_217	O1_object_milk_first_4_to_basket	4	true	true	libero_object	308;305;302;306	pick_up_the_salad_dressing_and_place_it_in_the_basket;pick_up_the_milk_and_place_it_in_the_basket;pick_up_the_ketchup_and_place_it_in_the_basket;pick_up_the_cream_cheese_and_place_it_in_the_basket;pick_up_the_tomato_sauce_and_place_it_in_the_basket	Pick the salad dressing and place it in the basket | Pick the milk and place it in the basket | Pick the ketchup and place it in the basket | Pick the cream cheese and place it in the basket | Pick the tomato sauce and place it in the basket	First put the milk in the basket, then put the ketchup in the basket, then put the cream cheese box in the basket, and finally put the tomato sauce in the basket.	in(milk_1, basket_1_contain_region); in(ketchup_1, basket_1_contain_region); in(cream_cheese_1, basket_1_contain_region); in(tomato_sauce_1, basket_1_contain_region)	object_stock_milk_first_pick_up_the_salad_dressing_and_place_it_in_the_basket_4	Sequence diagnostic in an original LIBERO-Object layout: milk is removed first before the remaining two or three picks. | The physical scene is stock; the unchanged unordered 3-step and 4-step controls already scored 0 successful tasks across 350 candidates. | Object identity has its own original LIBERO-Object pick-to-basket trajectory; its pose in the composite scene may differ. | Object identity has its own original LIBERO-Object pick-to-basket trajectory; its pose in the composite scene may differ. | Object identity has its own original LIBERO-Object pick-to-basket trajectory; its pose in the composite scene may differ. | Object identity has its own original LIBERO-Object pick-to-basket trajectory; its pose in the composite scene may differ.	5	8	comparison_png/COMPOSEOBJ_217__first_put_the_milk_in_the_basket_then_put_the_ketchup_in_the_basket_then_put_the_cream_cheese_box_in_the_basket_and_finally_put_the_tomato_sauce_in_th.png	tasks/composeobj_217__first_put_the_milk_in_the_basket_then_put_the_ketchup_in_the_basket_then_put_the_cream_cheese_box_in_the_basket_and_finally_put_the_tomato_sauce_in_th	composition|4db2b582dbff0ab05541bdb2a88a58ad0460edacb6542803392b8f04e113b0df|frozenset({in(cream_cheese_1,basket_1_contain_region),in(ketchup_1,basket_1_contain_region),in(milk_1,basket_1_contain_region),in(tomato_sauce_1,basket_1_contain_region)})
COMPOSEOBJ_218	O1_object_milk_first_4_to_basket	4	true	true	libero_object	308;301;302;306	pick_up_the_salad_dressing_and_place_it_in_the_basket;pick_up_the_milk_and_place_it_in_the_basket;pick_up_the_alphabet_soup_and_place_it_in_the_basket;pick_up_the_cream_cheese_and_place_it_in_the_basket;pick_up_the_tomato_sauce_and_place_it_in_the_basket	Pick the salad dressing and place it in the basket | Pick the milk and place it in the basket | Pick the alphabet soup and place it in the basket | Pick the cream cheese and place it in the basket | Pick the tomato sauce and place it in the basket	First put the milk in the basket, then put the alphabet soup in the basket, then put the cream cheese box in the basket, and finally put the tomato sauce in the basket.	in(milk_1, basket_1_contain_region); in(alphabet_soup_1, basket_1_contain_region); in(cream_cheese_1, basket_1_contain_region); in(tomato_sauce_1, basket_1_contain_region)	object_stock_milk_first_pick_up_the_salad_dressing_and_place_it_in_the_basket_4	Sequence diagnostic in an original LIBERO-Object layout: milk is removed first before the remaining two or three picks. | The physical scene is stock; the unchanged unordered 3-step and 4-step controls already scored 0 successful tasks across 350 candidates. | Object identity has its own original LIBERO-Object pick-to-basket trajectory; its pose in the composite scene may differ. | Object identity has its own original LIBERO-Object pick-to-basket trajectory; its pose in the composite scene may differ. | Object identity has its own original LIBERO-Object pick-to-basket trajectory; its pose in the composite scene may differ. | Object identity has its own original LIBERO-Object pick-to-basket trajectory; its pose in the composite scene may differ.	5	8	comparison_png/COMPOSEOBJ_218__first_put_the_milk_in_the_basket_then_put_the_alphabet_soup_in_the_basket_then_put_the_cream_cheese_box_in_the_basket_and_finally_put_the_tomato_sauce.png	tasks/composeobj_218__first_put_the_milk_in_the_basket_then_put_the_alphabet_soup_in_the_basket_then_put_the_cream_cheese_box_in_the_basket_and_finally_put_the_tomato_sauce	composition|4db2b582dbff0ab05541bdb2a88a58ad0460edacb6542803392b8f04e113b0df|frozenset({in(alphabet_soup_1,basket_1_contain_region),in(cream_cheese_1,basket_1_contain_region),in(milk_1,basket_1_contain_region),in(tomato_sauce_1,basket_1_contain_region)})
COMPOSEOBJ_219	O2_object_milk_upper_swap_3_to_basket	3	true	false	libero_object	303;305;301	pick_up_the_salad_dressing_and_place_it_in_the_basket;pick_up_the_ketchup_and_place_it_in_the_basket;pick_up_the_alphabet_soup_and_place_it_in_the_basket	Pick the salad dressing and place it in the basket | Pick the ketchup and place it in the basket | Pick the alphabet soup and place it in the basket	Put the salad dressing in the basket, then put the ketchup in the basket, and finally put the alphabet soup in the basket.	in(salad_dressing_1, basket_1_contain_region); in(ketchup_1, basket_1_contain_region); in(alphabet_soup_1, basket_1_contain_region)	object_milk_upper_swap_pick_up_the_salad_dressing_and_place_it_in_the_basket	Milk is swapped into floor_other_object_region_1 (the upper/back slot); alphabet_soup_1 moves to milk's former floor_other_object_region_3 slot. | The five non-milk objects and basket remain exactly the same identities as the source Object scene. | Object identity has its own original LIBERO-Object pick-to-basket trajectory; its pose in the composite scene may differ. | Object identity has its own original LIBERO-Object pick-to-basket trajectory; its pose in the composite scene may differ. | Object identity has its own original LIBERO-Object pick-to-basket trajectory; its pose in the composite scene may differ.	5	6	comparison_png/COMPOSEOBJ_219__put_the_salad_dressing_in_the_basket_then_put_the_ketchup_in_the_basket_and_finally_put_the_alphabet_soup_in_the_basket.png	tasks/composeobj_219__put_the_salad_dressing_in_the_basket_then_put_the_ketchup_in_the_basket_and_finally_put_the_alphabet_soup_in_the_basket	composition|e9ea2df22d7387ef7248aec20489b34af8d8a7e43ef06ab2a108350cfa94129e|frozenset({in(alphabet_soup_1,basket_1_contain_region),in(ketchup_1,basket_1_contain_region),in(salad_dressing_1,basket_1_contain_region)})
COMPOSEOBJ_220	O2_object_milk_upper_swap_3_to_basket	3	true	false	libero_object	303;305;302	pick_up_the_salad_dressing_and_place_it_in_the_basket;pick_up_the_ketchup_and_place_it_in_the_basket;pick_up_the_cream_cheese_and_place_it_in_the_basket	Pick the salad dressing and place it in the basket | Pick the ketchup and place it in the basket | Pick the cream cheese and place it in the basket	Put the salad dressing in the basket, then put the ketchup in the basket, and finally put the cream cheese box in the basket.	in(salad_dressing_1, basket_1_contain_region); in(ketchup_1, basket_1_contain_region); in(cream_cheese_1, basket_1_contain_region)	object_milk_upper_swap_pick_up_the_salad_dressing_and_place_it_in_the_basket	Milk is swapped into floor_other_object_region_1 (the upper/back slot); alphabet_soup_1 moves to milk's former floor_other_object_region_3 slot. | The five non-milk objects and basket remain exactly the same identities as the source Object scene. | Object identity has its own original LIBERO-Object pick-to-basket trajectory; its pose in the composite scene may differ. | Object identity has its own original LIBERO-Object pick-to-basket trajectory; its pose in the composite scene may differ. | Object identity has its own original LIBERO-Object pick-to-basket trajectory; its pose in the composite scene may differ.	5	6	comparison_png/COMPOSEOBJ_220__put_the_salad_dressing_in_the_basket_then_put_the_ketchup_in_the_basket_and_finally_put_the_cream_cheese_box_in_the_basket.png	tasks/composeobj_220__put_the_salad_dressing_in_the_basket_then_put_the_ketchup_in_the_basket_and_finally_put_the_cream_cheese_box_in_the_basket	composition|e9ea2df22d7387ef7248aec20489b34af8d8a7e43ef06ab2a108350cfa94129e|frozenset({in(cream_cheese_1,basket_1_contain_region),in(ketchup_1,basket_1_contain_region),in(salad_dressing_1,basket_1_contain_region)})
COMPOSEOBJ_221	O2_object_milk_upper_swap_3_to_basket	3	true	false	libero_object	303;305;306	pick_up_the_salad_dressing_and_place_it_in_the_basket;pick_up_the_ketchup_and_place_it_in_the_basket;pick_up_the_tomato_sauce_and_place_it_in_the_basket	Pick the salad dressing and place it in the basket | Pick the ketchup and place it in the basket | Pick the tomato sauce and place it in the basket	Put the salad dressing in the basket, then put the ketchup in the basket, and finally put the tomato sauce in the basket.	in(salad_dressing_1, basket_1_contain_region); in(ketchup_1, basket_1_contain_region); in(tomato_sauce_1, basket_1_contain_region)	object_milk_upper_swap_pick_up_the_salad_dressing_and_place_it_in_the_basket	Milk is swapped into floor_other_object_region_1 (the upper/back slot); alphabet_soup_1 moves to milk's former floor_other_object_region_3 slot. | The five non-milk objects and basket remain exactly the same identities as the source Object scene. | Object identity has its own original LIBERO-Object pick-to-basket trajectory; its pose in the composite scene may differ. | Object identity has its own original LIBERO-Object pick-to-basket trajectory; its pose in the composite scene may differ. | Object identity has its own original LIBERO-Object pick-to-basket trajectory; its pose in the composite scene may differ.	5	6	comparison_png/COMPOSEOBJ_221__put_the_salad_dressing_in_the_basket_then_put_the_ketchup_in_the_basket_and_finally_put_the_tomato_sauce_in_the_basket.png	tasks/composeobj_221__put_the_salad_dressing_in_the_basket_then_put_the_ketchup_in_the_basket_and_finally_put_the_tomato_sauce_in_the_basket	composition|e9ea2df22d7387ef7248aec20489b34af8d8a7e43ef06ab2a108350cfa94129e|frozenset({in(ketchup_1,basket_1_contain_region),in(salad_dressing_1,basket_1_contain_region),in(tomato_sauce_1,basket_1_contain_region)})
COMPOSEOBJ_222	O2_object_milk_upper_swap_3_to_basket	3	true	false	libero_object	303;301;302	pick_up_the_salad_dressing_and_place_it_in_the_basket;pick_up_the_alphabet_soup_and_place_it_in_the_basket;pick_up_the_cream_cheese_and_place_it_in_the_basket	Pick the salad dressing and place it in the basket | Pick the alphabet soup and place it in the basket | Pick the cream cheese and place it in the basket	Put the salad dressing in the basket, then put the alphabet soup in the basket, and finally put the cream cheese box in the basket.	in(salad_dressing_1, basket_1_contain_region); in(alphabet_soup_1, basket_1_contain_region); in(cream_cheese_1, basket_1_contain_region)	object_milk_upper_swap_pick_up_the_salad_dressing_and_place_it_in_the_basket	Milk is swapped into floor_other_object_region_1 (the upper/back slot); alphabet_soup_1 moves to milk's former floor_other_object_region_3 slot. | The five non-milk objects and basket remain exactly the same identities as the source Object scene. | Object identity has its own original LIBERO-Object pick-to-basket trajectory; its pose in the composite scene may differ. | Object identity has its own original LIBERO-Object pick-to-basket trajectory; its pose in the composite scene may differ. | Object identity has its own original LIBERO-Object pick-to-basket trajectory; its pose in the composite scene may differ.	5	6	comparison_png/COMPOSEOBJ_222__put_the_salad_dressing_in_the_basket_then_put_the_alphabet_soup_in_the_basket_and_finally_put_the_cream_cheese_box_in_the_basket.png	tasks/composeobj_222__put_the_salad_dressing_in_the_basket_then_put_the_alphabet_soup_in_the_basket_and_finally_put_the_cream_cheese_box_in_the_basket	composition|e9ea2df22d7387ef7248aec20489b34af8d8a7e43ef06ab2a108350cfa94129e|frozenset({in(alphabet_soup_1,basket_1_contain_region),in(cream_cheese_1,basket_1_contain_region),in(salad_dressing_1,basket_1_contain_region)})
COMPOSEOBJ_223	O2_object_milk_upper_swap_3_to_basket	3	true	false	libero_object	303;301;306	pick_up_the_salad_dressing_and_place_it_in_the_basket;pick_up_the_alphabet_soup_and_place_it_in_the_basket;pick_up_the_tomato_sauce_and_place_it_in_the_basket	Pick the salad dressing and place it in the basket | Pick the alphabet soup and place it in the basket | Pick the tomato sauce and place it in the basket	Put the salad dressing in the basket, then put the alphabet soup in the basket, and finally put the tomato sauce in the basket.	in(salad_dressing_1, basket_1_contain_region); in(alphabet_soup_1, basket_1_contain_region); in(tomato_sauce_1, basket_1_contain_region)	object_milk_upper_swap_pick_up_the_salad_dressing_and_place_it_in_the_basket	Milk is swapped into floor_other_object_region_1 (the upper/back slot); alphabet_soup_1 moves to milk's former floor_other_object_region_3 slot. | The five non-milk objects and basket remain exactly the same identities as the source Object scene. | Object identity has its own original LIBERO-Object pick-to-basket trajectory; its pose in the composite scene may differ. | Object identity has its own original LIBERO-Object pick-to-basket trajectory; its pose in the composite scene may differ. | Object identity has its own original LIBERO-Object pick-to-basket trajectory; its pose in the composite scene may differ.	5	6	comparison_png/COMPOSEOBJ_223__put_the_salad_dressing_in_the_basket_then_put_the_alphabet_soup_in_the_basket_and_finally_put_the_tomato_sauce_in_the_basket.png	tasks/composeobj_223__put_the_salad_dressing_in_the_basket_then_put_the_alphabet_soup_in_the_basket_and_finally_put_the_tomato_sauce_in_the_basket	composition|e9ea2df22d7387ef7248aec20489b34af8d8a7e43ef06ab2a108350cfa94129e|frozenset({in(alphabet_soup_1,basket_1_contain_region),in(salad_dressing_1,basket_1_contain_region),in(tomato_sauce_1,basket_1_contain_region)})
COMPOSEOBJ_224	O2_object_milk_upper_swap_3_to_basket	3	true	false	libero_object	303;302;306	pick_up_the_salad_dressing_and_place_it_in_the_basket;pick_up_the_cream_cheese_and_place_it_in_the_basket;pick_up_the_tomato_sauce_and_place_it_in_the_basket	Pick the salad dressing and place it in the basket | Pick the cream cheese and place it in the basket | Pick the tomato sauce and place it in the basket	Put the salad dressing in the basket, then put the cream cheese box in the basket, and finally put the tomato sauce in the basket.	in(salad_dressing_1, basket_1_contain_region); in(cream_cheese_1, basket_1_contain_region); in(tomato_sauce_1, basket_1_contain_region)	object_milk_upper_swap_pick_up_the_salad_dressing_and_place_it_in_the_basket	Milk is swapped into floor_other_object_region_1 (the upper/back slot); alphabet_soup_1 moves to milk's former floor_other_object_region_3 slot. | The five non-milk objects and basket remain exactly the same identities as the source Object scene. | Object identity has its own original LIBERO-Object pick-to-basket trajectory; its pose in the composite scene may differ. | Object identity has its own original LIBERO-Object pick-to-basket trajectory; its pose in the composite scene may differ. | Object identity has its own original LIBERO-Object pick-to-basket trajectory; its pose in the composite scene may differ.	5	6	comparison_png/COMPOSEOBJ_224__put_the_salad_dressing_in_the_basket_then_put_the_cream_cheese_box_in_the_basket_and_finally_put_the_tomato_sauce_in_the_basket.png	tasks/composeobj_224__put_the_salad_dressing_in_the_basket_then_put_the_cream_cheese_box_in_the_basket_and_finally_put_the_tomato_sauce_in_the_basket	composition|e9ea2df22d7387ef7248aec20489b34af8d8a7e43ef06ab2a108350cfa94129e|frozenset({in(cream_cheese_1,basket_1_contain_region),in(salad_dressing_1,basket_1_contain_region),in(tomato_sauce_1,basket_1_contain_region)})
COMPOSEOBJ_225	O2_object_milk_upper_swap_3_to_basket	3	true	false	libero_object	305;301;302	pick_up_the_salad_dressing_and_place_it_in_the_basket;pick_up_the_ketchup_and_place_it_in_the_basket;pick_up_the_alphabet_soup_and_place_it_in_the_basket;pick_up_the_cream_cheese_and_place_it_in_the_basket	Pick the salad dressing and place it in the basket | Pick the ketchup and place it in the basket | Pick the alphabet soup and place it in the basket | Pick the cream cheese and place it in the basket	Put the ketchup in the basket, then put the alphabet soup in the basket, and finally put the cream cheese box in the basket.	in(ketchup_1, basket_1_contain_region); in(alphabet_soup_1, basket_1_contain_region); in(cream_cheese_1, basket_1_contain_region)	object_milk_upper_swap_pick_up_the_salad_dressing_and_place_it_in_the_basket	Milk is swapped into floor_other_object_region_1 (the upper/back slot); alphabet_soup_1 moves to milk's former floor_other_object_region_3 slot. | The five non-milk objects and basket remain exactly the same identities as the source Object scene. | Object identity has its own original LIBERO-Object pick-to-basket trajectory; its pose in the composite scene may differ. | Object identity has its own original LIBERO-Object pick-to-basket trajectory; its pose in the composite scene may differ. | Object identity has its own original LIBERO-Object pick-to-basket trajectory; its pose in the composite scene may differ.	5	6	comparison_png/COMPOSEOBJ_225__put_the_ketchup_in_the_basket_then_put_the_alphabet_soup_in_the_basket_and_finally_put_the_cream_cheese_box_in_the_basket.png	tasks/composeobj_225__put_the_ketchup_in_the_basket_then_put_the_alphabet_soup_in_the_basket_and_finally_put_the_cream_cheese_box_in_the_basket	composition|e9ea2df22d7387ef7248aec20489b34af8d8a7e43ef06ab2a108350cfa94129e|frozenset({in(alphabet_soup_1,basket_1_contain_region),in(cream_cheese_1,basket_1_contain_region),in(ketchup_1,basket_1_contain_region)})
COMPOSEOBJ_226	O2_object_milk_upper_swap_3_to_basket	3	true	false	libero_object	305;301;306	pick_up_the_salad_dressing_and_place_it_in_the_basket;pick_up_the_ketchup_and_place_it_in_the_basket;pick_up_the_alphabet_soup_and_place_it_in_the_basket;pick_up_the_tomato_sauce_and_place_it_in_the_basket	Pick the salad dressing and place it in the basket | Pick the ketchup and place it in the basket | Pick the alphabet soup and place it in the basket | Pick the tomato sauce and place it in the basket	Put the ketchup in the basket, then put the alphabet soup in the basket, and finally put the tomato sauce in the basket.	in(ketchup_1, basket_1_contain_region); in(alphabet_soup_1, basket_1_contain_region); in(tomato_sauce_1, basket_1_contain_region)	object_milk_upper_swap_pick_up_the_salad_dressing_and_place_it_in_the_basket	Milk is swapped into floor_other_object_region_1 (the upper/back slot); alphabet_soup_1 moves to milk's former floor_other_object_region_3 slot. | The five non-milk objects and basket remain exactly the same identities as the source Object scene. | Object identity has its own original LIBERO-Object pick-to-basket trajectory; its pose in the composite scene may differ. | Object identity has its own original LIBERO-Object pick-to-basket trajectory; its pose in the composite scene may differ. | Object identity has its own original LIBERO-Object pick-to-basket trajectory; its pose in the composite scene may differ.	5	6	comparison_png/COMPOSEOBJ_226__put_the_ketchup_in_the_basket_then_put_the_alphabet_soup_in_the_basket_and_finally_put_the_tomato_sauce_in_the_basket.png	tasks/composeobj_226__put_the_ketchup_in_the_basket_then_put_the_alphabet_soup_in_the_basket_and_finally_put_the_tomato_sauce_in_the_basket	composition|e9ea2df22d7387ef7248aec20489b34af8d8a7e43ef06ab2a108350cfa94129e|frozenset({in(alphabet_soup_1,basket_1_contain_region),in(ketchup_1,basket_1_contain_region),in(tomato_sauce_1,basket_1_contain_region)})
COMPOSEOBJ_227	O2_object_milk_upper_swap_3_to_basket	3	true	false	libero_object	305;302;306	pick_up_the_salad_dressing_and_place_it_in_the_basket;pick_up_the_ketchup_and_place_it_in_the_basket;pick_up_the_cream_cheese_and_place_it_in_the_basket;pick_up_the_tomato_sauce_and_place_it_in_the_basket	Pick the salad dressing and place it in the basket | Pick the ketchup and place it in the basket | Pick the cream cheese and place it in the basket | Pick the tomato sauce and place it in the basket	Put the ketchup in the basket, then put the cream cheese box in the basket, and finally put the tomato sauce in the basket.	in(ketchup_1, basket_1_contain_region); in(cream_cheese_1, basket_1_contain_region); in(tomato_sauce_1, basket_1_contain_region)	object_milk_upper_swap_pick_up_the_salad_dressing_and_place_it_in_the_basket	Milk is swapped into floor_other_object_region_1 (the upper/back slot); alphabet_soup_1 moves to milk's former floor_other_object_region_3 slot. | The five non-milk objects and basket remain exactly the same identities as the source Object scene. | Object identity has its own original LIBERO-Object pick-to-basket trajectory; its pose in the composite scene may differ. | Object identity has its own original LIBERO-Object pick-to-basket trajectory; its pose in the composite scene may differ. | Object identity has its own original LIBERO-Object pick-to-basket trajectory; its pose in the composite scene may differ.	5	6	comparison_png/COMPOSEOBJ_227__put_the_ketchup_in_the_basket_then_put_the_cream_cheese_box_in_the_basket_and_finally_put_the_tomato_sauce_in_the_basket.png	tasks/composeobj_227__put_the_ketchup_in_the_basket_then_put_the_cream_cheese_box_in_the_basket_and_finally_put_the_tomato_sauce_in_the_basket	composition|e9ea2df22d7387ef7248aec20489b34af8d8a7e43ef06ab2a108350cfa94129e|frozenset({in(cream_cheese_1,basket_1_contain_region),in(ketchup_1,basket_1_contain_region),in(tomato_sauce_1,basket_1_contain_region)})
COMPOSEOBJ_228	O2_object_milk_upper_swap_3_to_basket	3	true	false	libero_object	301;302;306	pick_up_the_salad_dressing_and_place_it_in_the_basket;pick_up_the_alphabet_soup_and_place_it_in_the_basket;pick_up_the_cream_cheese_and_place_it_in_the_basket;pick_up_the_tomato_sauce_and_place_it_in_the_basket	Pick the salad dressing and place it in the basket | Pick the alphabet soup and place it in the basket | Pick the cream cheese and place it in the basket | Pick the tomato sauce and place it in the basket	Put the alphabet soup in the basket, then put the cream cheese box in the basket, and finally put the tomato sauce in the basket.	in(alphabet_soup_1, basket_1_contain_region); in(cream_cheese_1, basket_1_contain_region); in(tomato_sauce_1, basket_1_contain_region)	object_milk_upper_swap_pick_up_the_salad_dressing_and_place_it_in_the_basket	Milk is swapped into floor_other_object_region_1 (the upper/back slot); alphabet_soup_1 moves to milk's former floor_other_object_region_3 slot. | The five non-milk objects and basket remain exactly the same identities as the source Object scene. | Object identity has its own original LIBERO-Object pick-to-basket trajectory; its pose in the composite scene may differ. | Object identity has its own original LIBERO-Object pick-to-basket trajectory; its pose in the composite scene may differ. | Object identity has its own original LIBERO-Object pick-to-basket trajectory; its pose in the composite scene may differ.	5	6	comparison_png/COMPOSEOBJ_228__put_the_alphabet_soup_in_the_basket_then_put_the_cream_cheese_box_in_the_basket_and_finally_put_the_tomato_sauce_in_the_basket.png	tasks/composeobj_228__put_the_alphabet_soup_in_the_basket_then_put_the_cream_cheese_box_in_the_basket_and_finally_put_the_tomato_sauce_in_the_basket	composition|e9ea2df22d7387ef7248aec20489b34af8d8a7e43ef06ab2a108350cfa94129e|frozenset({in(alphabet_soup_1,basket_1_contain_region),in(cream_cheese_1,basket_1_contain_region),in(tomato_sauce_1,basket_1_contain_region)})
COMPOSEOBJ_229	O2_object_milk_upper_swap_4_to_basket	4	true	false	libero_object	303;305;301;302	pick_up_the_salad_dressing_and_place_it_in_the_basket;pick_up_the_ketchup_and_place_it_in_the_basket;pick_up_the_alphabet_soup_and_place_it_in_the_basket;pick_up_the_cream_cheese_and_place_it_in_the_basket	Pick the salad dressing and place it in the basket | Pick the ketchup and place it in the basket | Pick the alphabet soup and place it in the basket | Pick the cream cheese and place it in the basket	Put the salad dressing in the basket, then put the ketchup in the basket, then put the alphabet soup in the basket, and finally put the cream cheese box in the basket.	in(salad_dressing_1, basket_1_contain_region); in(ketchup_1, basket_1_contain_region); in(alphabet_soup_1, basket_1_contain_region); in(cream_cheese_1, basket_1_contain_region)	object_milk_upper_swap_pick_up_the_salad_dressing_and_place_it_in_the_basket	Milk is swapped into floor_other_object_region_1 (the upper/back slot); alphabet_soup_1 moves to milk's former floor_other_object_region_3 slot. | The five non-milk objects and basket remain exactly the same identities as the source Object scene. | Object identity has its own original LIBERO-Object pick-to-basket trajectory; its pose in the composite scene may differ. | Object identity has its own original LIBERO-Object pick-to-basket trajectory; its pose in the composite scene may differ. | Object identity has its own original LIBERO-Object pick-to-basket trajectory; its pose in the composite scene may differ. | Object identity has its own original LIBERO-Object pick-to-basket trajectory; its pose in the composite scene may differ.	5	8	comparison_png/COMPOSEOBJ_229__put_the_salad_dressing_in_the_basket_then_put_the_ketchup_in_the_basket_then_put_the_alphabet_soup_in_the_basket_and_finally_put_the_cream_cheese_box.png	tasks/composeobj_229__put_the_salad_dressing_in_the_basket_then_put_the_ketchup_in_the_basket_then_put_the_alphabet_soup_in_the_basket_and_finally_put_the_cream_cheese_box	composition|e9ea2df22d7387ef7248aec20489b34af8d8a7e43ef06ab2a108350cfa94129e|frozenset({in(alphabet_soup_1,basket_1_contain_region),in(cream_cheese_1,basket_1_contain_region),in(ketchup_1,basket_1_contain_region),in(salad_dressing_1,basket_1_contain_region)})
COMPOSEOBJ_230	O2_object_milk_upper_swap_4_to_basket	4	true	false	libero_object	303;305;301;306	pick_up_the_salad_dressing_and_place_it_in_the_basket;pick_up_the_ketchup_and_place_it_in_the_basket;pick_up_the_alphabet_soup_and_place_it_in_the_basket;pick_up_the_tomato_sauce_and_place_it_in_the_basket	Pick the salad dressing and place it in the basket | Pick the ketchup and place it in the basket | Pick the alphabet soup and place it in the basket | Pick the tomato sauce and place it in the basket	Put the salad dressing in the basket, then put the ketchup in the basket, then put the alphabet soup in the basket, and finally put the tomato sauce in the basket.	in(salad_dressing_1, basket_1_contain_region); in(ketchup_1, basket_1_contain_region); in(alphabet_soup_1, basket_1_contain_region); in(tomato_sauce_1, basket_1_contain_region)	object_milk_upper_swap_pick_up_the_salad_dressing_and_place_it_in_the_basket	Milk is swapped into floor_other_object_region_1 (the upper/back slot); alphabet_soup_1 moves to milk's former floor_other_object_region_3 slot. | The five non-milk objects and basket remain exactly the same identities as the source Object scene. | Object identity has its own original LIBERO-Object pick-to-basket trajectory; its pose in the composite scene may differ. | Object identity has its own original LIBERO-Object pick-to-basket trajectory; its pose in the composite scene may differ. | Object identity has its own original LIBERO-Object pick-to-basket trajectory; its pose in the composite scene may differ. | Object identity has its own original LIBERO-Object pick-to-basket trajectory; its pose in the composite scene may differ.	5	8	comparison_png/COMPOSEOBJ_230__put_the_salad_dressing_in_the_basket_then_put_the_ketchup_in_the_basket_then_put_the_alphabet_soup_in_the_basket_and_finally_put_the_tomato_sauce_in_t.png	tasks/composeobj_230__put_the_salad_dressing_in_the_basket_then_put_the_ketchup_in_the_basket_then_put_the_alphabet_soup_in_the_basket_and_finally_put_the_tomato_sauce_in_t	composition|e9ea2df22d7387ef7248aec20489b34af8d8a7e43ef06ab2a108350cfa94129e|frozenset({in(alphabet_soup_1,basket_1_contain_region),in(ketchup_1,basket_1_contain_region),in(salad_dressing_1,basket_1_contain_region),in(tomato_sauce_1,basket_1_contain_region)})
COMPOSEOBJ_231	O2_object_milk_upper_swap_4_to_basket	4	true	false	libero_object	303;305;302;306	pick_up_the_salad_dressing_and_place_it_in_the_basket;pick_up_the_ketchup_and_place_it_in_the_basket;pick_up_the_cream_cheese_and_place_it_in_the_basket;pick_up_the_tomato_sauce_and_place_it_in_the_basket	Pick the salad dressing and place it in the basket | Pick the ketchup and place it in the basket | Pick the cream cheese and place it in the basket | Pick the tomato sauce and place it in the basket	Put the salad dressing in the basket, then put the ketchup in the basket, then put the cream cheese box in the basket, and finally put the tomato sauce in the basket.	in(salad_dressing_1, basket_1_contain_region); in(ketchup_1, basket_1_contain_region); in(cream_cheese_1, basket_1_contain_region); in(tomato_sauce_1, basket_1_contain_region)	object_milk_upper_swap_pick_up_the_salad_dressing_and_place_it_in_the_basket	Milk is swapped into floor_other_object_region_1 (the upper/back slot); alphabet_soup_1 moves to milk's former floor_other_object_region_3 slot. | The five non-milk objects and basket remain exactly the same identities as the source Object scene. | Object identity has its own original LIBERO-Object pick-to-basket trajectory; its pose in the composite scene may differ. | Object identity has its own original LIBERO-Object pick-to-basket trajectory; its pose in the composite scene may differ. | Object identity has its own original LIBERO-Object pick-to-basket trajectory; its pose in the composite scene may differ. | Object identity has its own original LIBERO-Object pick-to-basket trajectory; its pose in the composite scene may differ.	5	8	comparison_png/COMPOSEOBJ_231__put_the_salad_dressing_in_the_basket_then_put_the_ketchup_in_the_basket_then_put_the_cream_cheese_box_in_the_basket_and_finally_put_the_tomato_sauce_i.png	tasks/composeobj_231__put_the_salad_dressing_in_the_basket_then_put_the_ketchup_in_the_basket_then_put_the_cream_cheese_box_in_the_basket_and_finally_put_the_tomato_sauce_i	composition|e9ea2df22d7387ef7248aec20489b34af8d8a7e43ef06ab2a108350cfa94129e|frozenset({in(cream_cheese_1,basket_1_contain_region),in(ketchup_1,basket_1_contain_region),in(salad_dressing_1,basket_1_contain_region),in(tomato_sauce_1,basket_1_contain_region)})
COMPOSEOBJ_232	O2_object_milk_upper_swap_4_to_basket	4	true	false	libero_object	303;301;302;306	pick_up_the_salad_dressing_and_place_it_in_the_basket;pick_up_the_alphabet_soup_and_place_it_in_the_basket;pick_up_the_cream_cheese_and_place_it_in_the_basket;pick_up_the_tomato_sauce_and_place_it_in_the_basket	Pick the salad dressing and place it in the basket | Pick the alphabet soup and place it in the basket | Pick the cream cheese and place it in the basket | Pick the tomato sauce and place it in the basket	Put the salad dressing in the basket, then put the alphabet soup in the basket, then put the cream cheese box in the basket, and finally put the tomato sauce in the basket.	in(salad_dressing_1, basket_1_contain_region); in(alphabet_soup_1, basket_1_contain_region); in(cream_cheese_1, basket_1_contain_region); in(tomato_sauce_1, basket_1_contain_region)	object_milk_upper_swap_pick_up_the_salad_dressing_and_place_it_in_the_basket	Milk is swapped into floor_other_object_region_1 (the upper/back slot); alphabet_soup_1 moves to milk's former floor_other_object_region_3 slot. | The five non-milk objects and basket remain exactly the same identities as the source Object scene. | Object identity has its own original LIBERO-Object pick-to-basket trajectory; its pose in the composite scene may differ. | Object identity has its own original LIBERO-Object pick-to-basket trajectory; its pose in the composite scene may differ. | Object identity has its own original LIBERO-Object pick-to-basket trajectory; its pose in the composite scene may differ. | Object identity has its own original LIBERO-Object pick-to-basket trajectory; its pose in the composite scene may differ.	5	8	comparison_png/COMPOSEOBJ_232__put_the_salad_dressing_in_the_basket_then_put_the_alphabet_soup_in_the_basket_then_put_the_cream_cheese_box_in_the_basket_and_finally_put_the_tomato_s.png	tasks/composeobj_232__put_the_salad_dressing_in_the_basket_then_put_the_alphabet_soup_in_the_basket_then_put_the_cream_cheese_box_in_the_basket_and_finally_put_the_tomato_s	composition|e9ea2df22d7387ef7248aec20489b34af8d8a7e43ef06ab2a108350cfa94129e|frozenset({in(alphabet_soup_1,basket_1_contain_region),in(cream_cheese_1,basket_1_contain_region),in(salad_dressing_1,basket_1_contain_region),in(tomato_sauce_1,basket_1_contain_region)})
COMPOSEOBJ_233	O2_object_milk_upper_swap_4_to_basket	4	true	false	libero_object	305;301;302;306	pick_up_the_salad_dressing_and_place_it_in_the_basket;pick_up_the_ketchup_and_place_it_in_the_basket;pick_up_the_alphabet_soup_and_place_it_in_the_basket;pick_up_the_cream_cheese_and_place_it_in_the_basket;pick_up_the_tomato_sauce_and_place_it_in_the_basket	Pick the salad dressing and place it in the basket | Pick the ketchup and place it in the basket | Pick the alphabet soup and place it in the basket | Pick the cream cheese and place it in the basket | Pick the tomato sauce and place it in the basket	Put the ketchup in the basket, then put the alphabet soup in the basket, then put the cream cheese box in the basket, and finally put the tomato sauce in the basket.	in(ketchup_1, basket_1_contain_region); in(alphabet_soup_1, basket_1_contain_region); in(cream_cheese_1, basket_1_contain_region); in(tomato_sauce_1, basket_1_contain_region)	object_milk_upper_swap_pick_up_the_salad_dressing_and_place_it_in_the_basket	Milk is swapped into floor_other_object_region_1 (the upper/back slot); alphabet_soup_1 moves to milk's former floor_other_object_region_3 slot. | The five non-milk objects and basket remain exactly the same identities as the source Object scene. | Object identity has its own original LIBERO-Object pick-to-basket trajectory; its pose in the composite scene may differ. | Object identity has its own original LIBERO-Object pick-to-basket trajectory; its pose in the composite scene may differ. | Object identity has its own original LIBERO-Object pick-to-basket trajectory; its pose in the composite scene may differ. | Object identity has its own original LIBERO-Object pick-to-basket trajectory; its pose in the composite scene may differ.	5	8	comparison_png/COMPOSEOBJ_233__put_the_ketchup_in_the_basket_then_put_the_alphabet_soup_in_the_basket_then_put_the_cream_cheese_box_in_the_basket_and_finally_put_the_tomato_sauce_in.png	tasks/composeobj_233__put_the_ketchup_in_the_basket_then_put_the_alphabet_soup_in_the_basket_then_put_the_cream_cheese_box_in_the_basket_and_finally_put_the_tomato_sauce_in	composition|e9ea2df22d7387ef7248aec20489b34af8d8a7e43ef06ab2a108350cfa94129e|frozenset({in(alphabet_soup_1,basket_1_contain_region),in(cream_cheese_1,basket_1_contain_region),in(ketchup_1,basket_1_contain_region),in(tomato_sauce_1,basket_1_contain_region)})
COMPOSEOBJ_234	O1_object_milk_first_3_to_basket	3	true	true	libero_object	308;306;307	pick_up_the_tomato_sauce_and_place_it_in_the_basket;pick_up_the_milk_and_place_it_in_the_basket;pick_up_the_butter_and_place_it_in_the_basket	Pick the tomato sauce and place it in the basket | Pick the milk and place it in the basket | Pick the butter and place it in the basket	First put the milk in the basket, then put the tomato sauce in the basket, and finally put the butter in the basket.	in(milk_1, basket_1_contain_region); in(tomato_sauce_1, basket_1_contain_region); in(butter_1, basket_1_contain_region)	object_stock_milk_first_pick_up_the_tomato_sauce_and_place_it_in_the_basket_3	Sequence diagnostic in an original LIBERO-Object layout: milk is removed first before the remaining two or three picks. | The physical scene is stock; the unchanged unordered 3-step and 4-step controls already scored 0 successful tasks across 350 candidates. | Object identity has its own original LIBERO-Object pick-to-basket trajectory; its pose in the composite scene may differ. | Object identity has its own original LIBERO-Object pick-to-basket trajectory; its pose in the composite scene may differ. | Object identity has its own original LIBERO-Object pick-to-basket trajectory; its pose in the composite scene may differ.	5	6	comparison_png/COMPOSEOBJ_234__first_put_the_milk_in_the_basket_then_put_the_tomato_sauce_in_the_basket_and_finally_put_the_butter_in_the_basket.png	tasks/composeobj_234__first_put_the_milk_in_the_basket_then_put_the_tomato_sauce_in_the_basket_and_finally_put_the_butter_in_the_basket	composition|b2d1edccfcf1d327f2411487573372022051e62345c97a61693c306944814d42|frozenset({in(butter_1,basket_1_contain_region),in(milk_1,basket_1_contain_region),in(tomato_sauce_1,basket_1_contain_region)})
COMPOSEOBJ_235	O1_object_milk_first_3_to_basket	3	true	true	libero_object	308;306;310	pick_up_the_tomato_sauce_and_place_it_in_the_basket;pick_up_the_milk_and_place_it_in_the_basket;pick_up_the_orange_juice_and_place_it_in_the_basket	Pick the tomato sauce and place it in the basket | Pick the milk and place it in the basket | Pick the orange juice and place it in the basket	First put the milk in the basket, then put the tomato sauce in the basket, and finally put the orange juice in the basket.	in(milk_1, basket_1_contain_region); in(tomato_sauce_1, basket_1_contain_region); in(orange_juice_1, basket_1_contain_region)	object_stock_milk_first_pick_up_the_tomato_sauce_and_place_it_in_the_basket_3	Sequence diagnostic in an original LIBERO-Object layout: milk is removed first before the remaining two or three picks. | The physical scene is stock; the unchanged unordered 3-step and 4-step controls already scored 0 successful tasks across 350 candidates. | Object identity has its own original LIBERO-Object pick-to-basket trajectory; its pose in the composite scene may differ. | Object identity has its own original LIBERO-Object pick-to-basket trajectory; its pose in the composite scene may differ. | Object identity has its own original LIBERO-Object pick-to-basket trajectory; its pose in the composite scene may differ.	5	6	comparison_png/COMPOSEOBJ_235__first_put_the_milk_in_the_basket_then_put_the_tomato_sauce_in_the_basket_and_finally_put_the_orange_juice_in_the_basket.png	tasks/composeobj_235__first_put_the_milk_in_the_basket_then_put_the_tomato_sauce_in_the_basket_and_finally_put_the_orange_juice_in_the_basket	composition|b2d1edccfcf1d327f2411487573372022051e62345c97a61693c306944814d42|frozenset({in(milk_1,basket_1_contain_region),in(orange_juice_1,basket_1_contain_region),in(tomato_sauce_1,basket_1_contain_region)})
COMPOSEOBJ_236	O1_object_milk_first_3_to_basket	3	true	true	libero_object	308;306;309	pick_up_the_tomato_sauce_and_place_it_in_the_basket;pick_up_the_milk_and_place_it_in_the_basket;pick_up_the_chocolate_pudding_and_place_it_in_the_basket	Pick the tomato sauce and place it in the basket | Pick the milk and place it in the basket | Pick the chocolate pudding and place it in the basket	First put the milk in the basket, then put the tomato sauce in the basket, and finally put the chocolate pudding in the basket.	in(milk_1, basket_1_contain_region); in(tomato_sauce_1, basket_1_contain_region); in(chocolate_pudding_1, basket_1_contain_region)	object_stock_milk_first_pick_up_the_tomato_sauce_and_place_it_in_the_basket_3	Sequence diagnostic in an original LIBERO-Object layout: milk is removed first before the remaining two or three picks. | The physical scene is stock; the unchanged unordered 3-step and 4-step controls already scored 0 successful tasks across 350 candidates. | Object identity has its own original LIBERO-Object pick-to-basket trajectory; its pose in the composite scene may differ. | Object identity has its own original LIBERO-Object pick-to-basket trajectory; its pose in the composite scene may differ. | Object identity has its own original LIBERO-Object pick-to-basket trajectory; its pose in the composite scene may differ.	5	6	comparison_png/COMPOSEOBJ_236__first_put_the_milk_in_the_basket_then_put_the_tomato_sauce_in_the_basket_and_finally_put_the_chocolate_pudding_in_the_basket.png	tasks/composeobj_236__first_put_the_milk_in_the_basket_then_put_the_tomato_sauce_in_the_basket_and_finally_put_the_chocolate_pudding_in_the_basket	composition|b2d1edccfcf1d327f2411487573372022051e62345c97a61693c306944814d42|frozenset({in(chocolate_pudding_1,basket_1_contain_region),in(milk_1,basket_1_contain_region),in(tomato_sauce_1,basket_1_contain_region)})
COMPOSEOBJ_237	O1_object_milk_first_3_to_basket	3	true	true	libero_object	308;306;304	pick_up_the_tomato_sauce_and_place_it_in_the_basket;pick_up_the_milk_and_place_it_in_the_basket;pick_up_the_bbq_sauce_and_place_it_in_the_basket	Pick the tomato sauce and place it in the basket | Pick the milk and place it in the basket | Pick the bbq sauce and place it in the basket	First put the milk in the basket, then put the tomato sauce in the basket, and finally put the bbq sauce in the basket.	in(milk_1, basket_1_contain_region); in(tomato_sauce_1, basket_1_contain_region); in(bbq_sauce_1, basket_1_contain_region)	object_stock_milk_first_pick_up_the_tomato_sauce_and_place_it_in_the_basket_3	Sequence diagnostic in an original LIBERO-Object layout: milk is removed first before the remaining two or three picks. | The physical scene is stock; the unchanged unordered 3-step and 4-step controls already scored 0 successful tasks across 350 candidates. | Object identity has its own original LIBERO-Object pick-to-basket trajectory; its pose in the composite scene may differ. | Object identity has its own original LIBERO-Object pick-to-basket trajectory; its pose in the composite scene may differ. | Object identity has its own original LIBERO-Object pick-to-basket trajectory; its pose in the composite scene may differ.	5	6	comparison_png/COMPOSEOBJ_237__first_put_the_milk_in_the_basket_then_put_the_tomato_sauce_in_the_basket_and_finally_put_the_bbq_sauce_in_the_basket.png	tasks/composeobj_237__first_put_the_milk_in_the_basket_then_put_the_tomato_sauce_in_the_basket_and_finally_put_the_bbq_sauce_in_the_basket	composition|b2d1edccfcf1d327f2411487573372022051e62345c97a61693c306944814d42|frozenset({in(bbq_sauce_1,basket_1_contain_region),in(milk_1,basket_1_contain_region),in(tomato_sauce_1,basket_1_contain_region)})
COMPOSEOBJ_238	O1_object_milk_first_3_to_basket	3	true	true	libero_object	308;307;310	pick_up_the_tomato_sauce_and_place_it_in_the_basket;pick_up_the_milk_and_place_it_in_the_basket;pick_up_the_butter_and_place_it_in_the_basket;pick_up_the_orange_juice_and_place_it_in_the_basket	Pick the tomato sauce and place it in the basket | Pick the milk and place it in the basket | Pick the butter and place it in the basket | Pick the orange juice and place it in the basket	First put the milk in the basket, then put the butter in the basket, and finally put the orange juice in the basket.	in(milk_1, basket_1_contain_region); in(butter_1, basket_1_contain_region); in(orange_juice_1, basket_1_contain_region)	object_stock_milk_first_pick_up_the_tomato_sauce_and_place_it_in_the_basket_3	Sequence diagnostic in an original LIBERO-Object layout: milk is removed first before the remaining two or three picks. | The physical scene is stock; the unchanged unordered 3-step and 4-step controls already scored 0 successful tasks across 350 candidates. | Object identity has its own original LIBERO-Object pick-to-basket trajectory; its pose in the composite scene may differ. | Object identity has its own original LIBERO-Object pick-to-basket trajectory; its pose in the composite scene may differ. | Object identity has its own original LIBERO-Object pick-to-basket trajectory; its pose in the composite scene may differ.	5	6	comparison_png/COMPOSEOBJ_238__first_put_the_milk_in_the_basket_then_put_the_butter_in_the_basket_and_finally_put_the_orange_juice_in_the_basket.png	tasks/composeobj_238__first_put_the_milk_in_the_basket_then_put_the_butter_in_the_basket_and_finally_put_the_orange_juice_in_the_basket	composition|b2d1edccfcf1d327f2411487573372022051e62345c97a61693c306944814d42|frozenset({in(butter_1,basket_1_contain_region),in(milk_1,basket_1_contain_region),in(orange_juice_1,basket_1_contain_region)})
COMPOSEOBJ_239	O1_object_milk_first_3_to_basket	3	true	true	libero_object	308;307;309	pick_up_the_tomato_sauce_and_place_it_in_the_basket;pick_up_the_milk_and_place_it_in_the_basket;pick_up_the_butter_and_place_it_in_the_basket;pick_up_the_chocolate_pudding_and_place_it_in_the_basket	Pick the tomato sauce and place it in the basket | Pick the milk and place it in the basket | Pick the butter and place it in the basket | Pick the chocolate pudding and place it in the basket	First put the milk in the basket, then put the butter in the basket, and finally put the chocolate pudding in the basket.	in(milk_1, basket_1_contain_region); in(butter_1, basket_1_contain_region); in(chocolate_pudding_1, basket_1_contain_region)	object_stock_milk_first_pick_up_the_tomato_sauce_and_place_it_in_the_basket_3	Sequence diagnostic in an original LIBERO-Object layout: milk is removed first before the remaining two or three picks. | The physical scene is stock; the unchanged unordered 3-step and 4-step controls already scored 0 successful tasks across 350 candidates. | Object identity has its own original LIBERO-Object pick-to-basket trajectory; its pose in the composite scene may differ. | Object identity has its own original LIBERO-Object pick-to-basket trajectory; its pose in the composite scene may differ. | Object identity has its own original LIBERO-Object pick-to-basket trajectory; its pose in the composite scene may differ.	5	6	comparison_png/COMPOSEOBJ_239__first_put_the_milk_in_the_basket_then_put_the_butter_in_the_basket_and_finally_put_the_chocolate_pudding_in_the_basket.png	tasks/composeobj_239__first_put_the_milk_in_the_basket_then_put_the_butter_in_the_basket_and_finally_put_the_chocolate_pudding_in_the_basket	composition|b2d1edccfcf1d327f2411487573372022051e62345c97a61693c306944814d42|frozenset({in(butter_1,basket_1_contain_region),in(chocolate_pudding_1,basket_1_contain_region),in(milk_1,basket_1_contain_region)})
COMPOSEOBJ_240	O1_object_milk_first_3_to_basket	3	true	true	libero_object	308;307;304	pick_up_the_tomato_sauce_and_place_it_in_the_basket;pick_up_the_milk_and_place_it_in_the_basket;pick_up_the_butter_and_place_it_in_the_basket;pick_up_the_bbq_sauce_and_place_it_in_the_basket	Pick the tomato sauce and place it in the basket | Pick the milk and place it in the basket | Pick the butter and place it in the basket | Pick the bbq sauce and place it in the basket	First put the milk in the basket, then put the butter in the basket, and finally put the bbq sauce in the basket.	in(milk_1, basket_1_contain_region); in(butter_1, basket_1_contain_region); in(bbq_sauce_1, basket_1_contain_region)	object_stock_milk_first_pick_up_the_tomato_sauce_and_place_it_in_the_basket_3	Sequence diagnostic in an original LIBERO-Object layout: milk is removed first before the remaining two or three picks. | The physical scene is stock; the unchanged unordered 3-step and 4-step controls already scored 0 successful tasks across 350 candidates. | Object identity has its own original LIBERO-Object pick-to-basket trajectory; its pose in the composite scene may differ. | Object identity has its own original LIBERO-Object pick-to-basket trajectory; its pose in the composite scene may differ. | Object identity has its own original LIBERO-Object pick-to-basket trajectory; its pose in the composite scene may differ.	5	6	comparison_png/COMPOSEOBJ_240__first_put_the_milk_in_the_basket_then_put_the_butter_in_the_basket_and_finally_put_the_bbq_sauce_in_the_basket.png	tasks/composeobj_240__first_put_the_milk_in_the_basket_then_put_the_butter_in_the_basket_and_finally_put_the_bbq_sauce_in_the_basket	composition|b2d1edccfcf1d327f2411487573372022051e62345c97a61693c306944814d42|frozenset({in(bbq_sauce_1,basket_1_contain_region),in(butter_1,basket_1_contain_region),in(milk_1,basket_1_contain_region)})
COMPOSEOBJ_241	O1_object_milk_first_3_to_basket	3	true	true	libero_object	308;310;309	pick_up_the_tomato_sauce_and_place_it_in_the_basket;pick_up_the_milk_and_place_it_in_the_basket;pick_up_the_orange_juice_and_place_it_in_the_basket;pick_up_the_chocolate_pudding_and_place_it_in_the_basket	Pick the tomato sauce and place it in the basket | Pick the milk and place it in the basket | Pick the orange juice and place it in the basket | Pick the chocolate pudding and place it in the basket	First put the milk in the basket, then put the orange juice in the basket, and finally put the chocolate pudding in the basket.	in(milk_1, basket_1_contain_region); in(orange_juice_1, basket_1_contain_region); in(chocolate_pudding_1, basket_1_contain_region)	object_stock_milk_first_pick_up_the_tomato_sauce_and_place_it_in_the_basket_3	Sequence diagnostic in an original LIBERO-Object layout: milk is removed first before the remaining two or three picks. | The physical scene is stock; the unchanged unordered 3-step and 4-step controls already scored 0 successful tasks across 350 candidates. | Object identity has its own original LIBERO-Object pick-to-basket trajectory; its pose in the composite scene may differ. | Object identity has its own original LIBERO-Object pick-to-basket trajectory; its pose in the composite scene may differ. | Object identity has its own original LIBERO-Object pick-to-basket trajectory; its pose in the composite scene may differ.	5	6	comparison_png/COMPOSEOBJ_241__first_put_the_milk_in_the_basket_then_put_the_orange_juice_in_the_basket_and_finally_put_the_chocolate_pudding_in_the_basket.png	tasks/composeobj_241__first_put_the_milk_in_the_basket_then_put_the_orange_juice_in_the_basket_and_finally_put_the_chocolate_pudding_in_the_basket	composition|b2d1edccfcf1d327f2411487573372022051e62345c97a61693c306944814d42|frozenset({in(chocolate_pudding_1,basket_1_contain_region),in(milk_1,basket_1_contain_region),in(orange_juice_1,basket_1_contain_region)})
COMPOSEOBJ_242	O1_object_milk_first_3_to_basket	3	true	true	libero_object	308;310;304	pick_up_the_tomato_sauce_and_place_it_in_the_basket;pick_up_the_milk_and_place_it_in_the_basket;pick_up_the_orange_juice_and_place_it_in_the_basket;pick_up_the_bbq_sauce_and_place_it_in_the_basket	Pick the tomato sauce and place it in the basket | Pick the milk and place it in the basket | Pick the orange juice and place it in the basket | Pick the bbq sauce and place it in the basket	First put the milk in the basket, then put the orange juice in the basket, and finally put the bbq sauce in the basket.	in(milk_1, basket_1_contain_region); in(orange_juice_1, basket_1_contain_region); in(bbq_sauce_1, basket_1_contain_region)	object_stock_milk_first_pick_up_the_tomato_sauce_and_place_it_in_the_basket_3	Sequence diagnostic in an original LIBERO-Object layout: milk is removed first before the remaining two or three picks. | The physical scene is stock; the unchanged unordered 3-step and 4-step controls already scored 0 successful tasks across 350 candidates. | Object identity has its own original LIBERO-Object pick-to-basket trajectory; its pose in the composite scene may differ. | Object identity has its own original LIBERO-Object pick-to-basket trajectory; its pose in the composite scene may differ. | Object identity has its own original LIBERO-Object pick-to-basket trajectory; its pose in the composite scene may differ.	5	6	comparison_png/COMPOSEOBJ_242__first_put_the_milk_in_the_basket_then_put_the_orange_juice_in_the_basket_and_finally_put_the_bbq_sauce_in_the_basket.png	tasks/composeobj_242__first_put_the_milk_in_the_basket_then_put_the_orange_juice_in_the_basket_and_finally_put_the_bbq_sauce_in_the_basket	composition|b2d1edccfcf1d327f2411487573372022051e62345c97a61693c306944814d42|frozenset({in(bbq_sauce_1,basket_1_contain_region),in(milk_1,basket_1_contain_region),in(orange_juice_1,basket_1_contain_region)})
COMPOSEOBJ_243	O1_object_milk_first_3_to_basket	3	true	true	libero_object	308;309;304	pick_up_the_tomato_sauce_and_place_it_in_the_basket;pick_up_the_milk_and_place_it_in_the_basket;pick_up_the_chocolate_pudding_and_place_it_in_the_basket;pick_up_the_bbq_sauce_and_place_it_in_the_basket	Pick the tomato sauce and place it in the basket | Pick the milk and place it in the basket | Pick the chocolate pudding and place it in the basket | Pick the bbq sauce and place it in the basket	First put the milk in the basket, then put the chocolate pudding in the basket, and finally put the bbq sauce in the basket.	in(milk_1, basket_1_contain_region); in(chocolate_pudding_1, basket_1_contain_region); in(bbq_sauce_1, basket_1_contain_region)	object_stock_milk_first_pick_up_the_tomato_sauce_and_place_it_in_the_basket_3	Sequence diagnostic in an original LIBERO-Object layout: milk is removed first before the remaining two or three picks. | The physical scene is stock; the unchanged unordered 3-step and 4-step controls already scored 0 successful tasks across 350 candidates. | Object identity has its own original LIBERO-Object pick-to-basket trajectory; its pose in the composite scene may differ. | Object identity has its own original LIBERO-Object pick-to-basket trajectory; its pose in the composite scene may differ. | Object identity has its own original LIBERO-Object pick-to-basket trajectory; its pose in the composite scene may differ.	5	6	comparison_png/COMPOSEOBJ_243__first_put_the_milk_in_the_basket_then_put_the_chocolate_pudding_in_the_basket_and_finally_put_the_bbq_sauce_in_the_basket.png	tasks/composeobj_243__first_put_the_milk_in_the_basket_then_put_the_chocolate_pudding_in_the_basket_and_finally_put_the_bbq_sauce_in_the_basket	composition|b2d1edccfcf1d327f2411487573372022051e62345c97a61693c306944814d42|frozenset({in(bbq_sauce_1,basket_1_contain_region),in(chocolate_pudding_1,basket_1_contain_region),in(milk_1,basket_1_contain_region)})
COMPOSEOBJ_244	O1_object_milk_first_4_to_basket	4	true	true	libero_object	308;306;307;310	pick_up_the_tomato_sauce_and_place_it_in_the_basket;pick_up_the_milk_and_place_it_in_the_basket;pick_up_the_butter_and_place_it_in_the_basket;pick_up_the_orange_juice_and_place_it_in_the_basket	Pick the tomato sauce and place it in the basket | Pick the milk and place it in the basket | Pick the butter and place it in the basket | Pick the orange juice and place it in the basket	First put the milk in the basket, then put the tomato sauce in the basket, then put the butter in the basket, and finally put the orange juice in the basket.	in(milk_1, basket_1_contain_region); in(tomato_sauce_1, basket_1_contain_region); in(butter_1, basket_1_contain_region); in(orange_juice_1, basket_1_contain_region)	object_stock_milk_first_pick_up_the_tomato_sauce_and_place_it_in_the_basket_4	Sequence diagnostic in an original LIBERO-Object layout: milk is removed first before the remaining two or three picks. | The physical scene is stock; the unchanged unordered 3-step and 4-step controls already scored 0 successful tasks across 350 candidates. | Object identity has its own original LIBERO-Object pick-to-basket trajectory; its pose in the composite scene may differ. | Object identity has its own original LIBERO-Object pick-to-basket trajectory; its pose in the composite scene may differ. | Object identity has its own original LIBERO-Object pick-to-basket trajectory; its pose in the composite scene may differ. | Object identity has its own original LIBERO-Object pick-to-basket trajectory; its pose in the composite scene may differ.	5	8	comparison_png/COMPOSEOBJ_244__first_put_the_milk_in_the_basket_then_put_the_tomato_sauce_in_the_basket_then_put_the_butter_in_the_basket_and_finally_put_the_orange_juice_in_the_bas.png	tasks/composeobj_244__first_put_the_milk_in_the_basket_then_put_the_tomato_sauce_in_the_basket_then_put_the_butter_in_the_basket_and_finally_put_the_orange_juice_in_the_bas	composition|b2d1edccfcf1d327f2411487573372022051e62345c97a61693c306944814d42|frozenset({in(butter_1,basket_1_contain_region),in(milk_1,basket_1_contain_region),in(orange_juice_1,basket_1_contain_region),in(tomato_sauce_1,basket_1_contain_region)})
COMPOSEOBJ_245	O1_object_milk_first_4_to_basket	4	true	true	libero_object	308;306;307;309	pick_up_the_tomato_sauce_and_place_it_in_the_basket;pick_up_the_milk_and_place_it_in_the_basket;pick_up_the_butter_and_place_it_in_the_basket;pick_up_the_chocolate_pudding_and_place_it_in_the_basket	Pick the tomato sauce and place it in the basket | Pick the milk and place it in the basket | Pick the butter and place it in the basket | Pick the chocolate pudding and place it in the basket	First put the milk in the basket, then put the tomato sauce in the basket, then put the butter in the basket, and finally put the chocolate pudding in the basket.	in(milk_1, basket_1_contain_region); in(tomato_sauce_1, basket_1_contain_region); in(butter_1, basket_1_contain_region); in(chocolate_pudding_1, basket_1_contain_region)	object_stock_milk_first_pick_up_the_tomato_sauce_and_place_it_in_the_basket_4	Sequence diagnostic in an original LIBERO-Object layout: milk is removed first before the remaining two or three picks. | The physical scene is stock; the unchanged unordered 3-step and 4-step controls already scored 0 successful tasks across 350 candidates. | Object identity has its own original LIBERO-Object pick-to-basket trajectory; its pose in the composite scene may differ. | Object identity has its own original LIBERO-Object pick-to-basket trajectory; its pose in the composite scene may differ. | Object identity has its own original LIBERO-Object pick-to-basket trajectory; its pose in the composite scene may differ. | Object identity has its own original LIBERO-Object pick-to-basket trajectory; its pose in the composite scene may differ.	5	8	comparison_png/COMPOSEOBJ_245__first_put_the_milk_in_the_basket_then_put_the_tomato_sauce_in_the_basket_then_put_the_butter_in_the_basket_and_finally_put_the_chocolate_pudding_in_th.png	tasks/composeobj_245__first_put_the_milk_in_the_basket_then_put_the_tomato_sauce_in_the_basket_then_put_the_butter_in_the_basket_and_finally_put_the_chocolate_pudding_in_th	composition|b2d1edccfcf1d327f2411487573372022051e62345c97a61693c306944814d42|frozenset({in(butter_1,basket_1_contain_region),in(chocolate_pudding_1,basket_1_contain_region),in(milk_1,basket_1_contain_region),in(tomato_sauce_1,basket_1_contain_region)})
COMPOSEOBJ_246	O1_object_milk_first_4_to_basket	4	true	true	libero_object	308;306;307;304	pick_up_the_tomato_sauce_and_place_it_in_the_basket;pick_up_the_milk_and_place_it_in_the_basket;pick_up_the_butter_and_place_it_in_the_basket;pick_up_the_bbq_sauce_and_place_it_in_the_basket	Pick the tomato sauce and place it in the basket | Pick the milk and place it in the basket | Pick the butter and place it in the basket | Pick the bbq sauce and place it in the basket	First put the milk in the basket, then put the tomato sauce in the basket, then put the butter in the basket, and finally put the bbq sauce in the basket.	in(milk_1, basket_1_contain_region); in(tomato_sauce_1, basket_1_contain_region); in(butter_1, basket_1_contain_region); in(bbq_sauce_1, basket_1_contain_region)	object_stock_milk_first_pick_up_the_tomato_sauce_and_place_it_in_the_basket_4	Sequence diagnostic in an original LIBERO-Object layout: milk is removed first before the remaining two or three picks. | The physical scene is stock; the unchanged unordered 3-step and 4-step controls already scored 0 successful tasks across 350 candidates. | Object identity has its own original LIBERO-Object pick-to-basket trajectory; its pose in the composite scene may differ. | Object identity has its own original LIBERO-Object pick-to-basket trajectory; its pose in the composite scene may differ. | Object identity has its own original LIBERO-Object pick-to-basket trajectory; its pose in the composite scene may differ. | Object identity has its own original LIBERO-Object pick-to-basket trajectory; its pose in the composite scene may differ.	5	8	comparison_png/COMPOSEOBJ_246__first_put_the_milk_in_the_basket_then_put_the_tomato_sauce_in_the_basket_then_put_the_butter_in_the_basket_and_finally_put_the_bbq_sauce_in_the_basket.png	tasks/composeobj_246__first_put_the_milk_in_the_basket_then_put_the_tomato_sauce_in_the_basket_then_put_the_butter_in_the_basket_and_finally_put_the_bbq_sauce_in_the_basket	composition|b2d1edccfcf1d327f2411487573372022051e62345c97a61693c306944814d42|frozenset({in(bbq_sauce_1,basket_1_contain_region),in(butter_1,basket_1_contain_region),in(milk_1,basket_1_contain_region),in(tomato_sauce_1,basket_1_contain_region)})
COMPOSEOBJ_247	O1_object_milk_first_4_to_basket	4	true	true	libero_object	308;306;310;309	pick_up_the_tomato_sauce_and_place_it_in_the_basket;pick_up_the_milk_and_place_it_in_the_basket;pick_up_the_orange_juice_and_place_it_in_the_basket;pick_up_the_chocolate_pudding_and_place_it_in_the_basket	Pick the tomato sauce and place it in the basket | Pick the milk and place it in the basket | Pick the orange juice and place it in the basket | Pick the chocolate pudding and place it in the basket	First put the milk in the basket, then put the tomato sauce in the basket, then put the orange juice in the basket, and finally put the chocolate pudding in the basket.	in(milk_1, basket_1_contain_region); in(tomato_sauce_1, basket_1_contain_region); in(orange_juice_1, basket_1_contain_region); in(chocolate_pudding_1, basket_1_contain_region)	object_stock_milk_first_pick_up_the_tomato_sauce_and_place_it_in_the_basket_4	Sequence diagnostic in an original LIBERO-Object layout: milk is removed first before the remaining two or three picks. | The physical scene is stock; the unchanged unordered 3-step and 4-step controls already scored 0 successful tasks across 350 candidates. | Object identity has its own original LIBERO-Object pick-to-basket trajectory; its pose in the composite scene may differ. | Object identity has its own original LIBERO-Object pick-to-basket trajectory; its pose in the composite scene may differ. | Object identity has its own original LIBERO-Object pick-to-basket trajectory; its pose in the composite scene may differ. | Object identity has its own original LIBERO-Object pick-to-basket trajectory; its pose in the composite scene may differ.	5	8	comparison_png/COMPOSEOBJ_247__first_put_the_milk_in_the_basket_then_put_the_tomato_sauce_in_the_basket_then_put_the_orange_juice_in_the_basket_and_finally_put_the_chocolate_pudding.png	tasks/composeobj_247__first_put_the_milk_in_the_basket_then_put_the_tomato_sauce_in_the_basket_then_put_the_orange_juice_in_the_basket_and_finally_put_the_chocolate_pudding	composition|b2d1edccfcf1d327f2411487573372022051e62345c97a61693c306944814d42|frozenset({in(chocolate_pudding_1,basket_1_contain_region),in(milk_1,basket_1_contain_region),in(orange_juice_1,basket_1_contain_region),in(tomato_sauce_1,basket_1_contain_region)})
COMPOSEOBJ_248	O1_object_milk_first_4_to_basket	4	true	true	libero_object	308;306;310;304	pick_up_the_tomato_sauce_and_place_it_in_the_basket;pick_up_the_milk_and_place_it_in_the_basket;pick_up_the_orange_juice_and_place_it_in_the_basket;pick_up_the_bbq_sauce_and_place_it_in_the_basket	Pick the tomato sauce and place it in the basket | Pick the milk and place it in the basket | Pick the orange juice and place it in the basket | Pick the bbq sauce and place it in the basket	First put the milk in the basket, then put the tomato sauce in the basket, then put the orange juice in the basket, and finally put the bbq sauce in the basket.	in(milk_1, basket_1_contain_region); in(tomato_sauce_1, basket_1_contain_region); in(orange_juice_1, basket_1_contain_region); in(bbq_sauce_1, basket_1_contain_region)	object_stock_milk_first_pick_up_the_tomato_sauce_and_place_it_in_the_basket_4	Sequence diagnostic in an original LIBERO-Object layout: milk is removed first before the remaining two or three picks. | The physical scene is stock; the unchanged unordered 3-step and 4-step controls already scored 0 successful tasks across 350 candidates. | Object identity has its own original LIBERO-Object pick-to-basket trajectory; its pose in the composite scene may differ. | Object identity has its own original LIBERO-Object pick-to-basket trajectory; its pose in the composite scene may differ. | Object identity has its own original LIBERO-Object pick-to-basket trajectory; its pose in the composite scene may differ. | Object identity has its own original LIBERO-Object pick-to-basket trajectory; its pose in the composite scene may differ.	5	8	comparison_png/COMPOSEOBJ_248__first_put_the_milk_in_the_basket_then_put_the_tomato_sauce_in_the_basket_then_put_the_orange_juice_in_the_basket_and_finally_put_the_bbq_sauce_in_the.png	tasks/composeobj_248__first_put_the_milk_in_the_basket_then_put_the_tomato_sauce_in_the_basket_then_put_the_orange_juice_in_the_basket_and_finally_put_the_bbq_sauce_in_the	composition|b2d1edccfcf1d327f2411487573372022051e62345c97a61693c306944814d42|frozenset({in(bbq_sauce_1,basket_1_contain_region),in(milk_1,basket_1_contain_region),in(orange_juice_1,basket_1_contain_region),in(tomato_sauce_1,basket_1_contain_region)})
COMPOSEOBJ_249	O1_object_milk_first_4_to_basket	4	true	true	libero_object	308;306;309;304	pick_up_the_tomato_sauce_and_place_it_in_the_basket;pick_up_the_milk_and_place_it_in_the_basket;pick_up_the_chocolate_pudding_and_place_it_in_the_basket;pick_up_the_bbq_sauce_and_place_it_in_the_basket	Pick the tomato sauce and place it in the basket | Pick the milk and place it in the basket | Pick the chocolate pudding and place it in the basket | Pick the bbq sauce and place it in the basket	First put the milk in the basket, then put the tomato sauce in the basket, then put the chocolate pudding in the basket, and finally put the bbq sauce in the basket.	in(milk_1, basket_1_contain_region); in(tomato_sauce_1, basket_1_contain_region); in(chocolate_pudding_1, basket_1_contain_region); in(bbq_sauce_1, basket_1_contain_region)	object_stock_milk_first_pick_up_the_tomato_sauce_and_place_it_in_the_basket_4	Sequence diagnostic in an original LIBERO-Object layout: milk is removed first before the remaining two or three picks. | The physical scene is stock; the unchanged unordered 3-step and 4-step controls already scored 0 successful tasks across 350 candidates. | Object identity has its own original LIBERO-Object pick-to-basket trajectory; its pose in the composite scene may differ. | Object identity has its own original LIBERO-Object pick-to-basket trajectory; its pose in the composite scene may differ. | Object identity has its own original LIBERO-Object pick-to-basket trajectory; its pose in the composite scene may differ. | Object identity has its own original LIBERO-Object pick-to-basket trajectory; its pose in the composite scene may differ.	5	8	comparison_png/COMPOSEOBJ_249__first_put_the_milk_in_the_basket_then_put_the_tomato_sauce_in_the_basket_then_put_the_chocolate_pudding_in_the_basket_and_finally_put_the_bbq_sauce_in.png	tasks/composeobj_249__first_put_the_milk_in_the_basket_then_put_the_tomato_sauce_in_the_basket_then_put_the_chocolate_pudding_in_the_basket_and_finally_put_the_bbq_sauce_in	composition|b2d1edccfcf1d327f2411487573372022051e62345c97a61693c306944814d42|frozenset({in(bbq_sauce_1,basket_1_contain_region),in(chocolate_pudding_1,basket_1_contain_region),in(milk_1,basket_1_contain_region),in(tomato_sauce_1,basket_1_contain_region)})
COMPOSEOBJ_250	O1_object_milk_first_4_to_basket	4	true	true	libero_object	308;307;310;309	pick_up_the_tomato_sauce_and_place_it_in_the_basket;pick_up_the_milk_and_place_it_in_the_basket;pick_up_the_butter_and_place_it_in_the_basket;pick_up_the_orange_juice_and_place_it_in_the_basket;pick_up_the_chocolate_pudding_and_place_it_in_the_basket	Pick the tomato sauce and place it in the basket | Pick the milk and place it in the basket | Pick the butter and place it in the basket | Pick the orange juice and place it in the basket | Pick the chocolate pudding and place it in the basket	First put the milk in the basket, then put the butter in the basket, then put the orange juice in the basket, and finally put the chocolate pudding in the basket.	in(milk_1, basket_1_contain_region); in(butter_1, basket_1_contain_region); in(orange_juice_1, basket_1_contain_region); in(chocolate_pudding_1, basket_1_contain_region)	object_stock_milk_first_pick_up_the_tomato_sauce_and_place_it_in_the_basket_4	Sequence diagnostic in an original LIBERO-Object layout: milk is removed first before the remaining two or three picks. | The physical scene is stock; the unchanged unordered 3-step and 4-step controls already scored 0 successful tasks across 350 candidates. | Object identity has its own original LIBERO-Object pick-to-basket trajectory; its pose in the composite scene may differ. | Object identity has its own original LIBERO-Object pick-to-basket trajectory; its pose in the composite scene may differ. | Object identity has its own original LIBERO-Object pick-to-basket trajectory; its pose in the composite scene may differ. | Object identity has its own original LIBERO-Object pick-to-basket trajectory; its pose in the composite scene may differ.	5	8	comparison_png/COMPOSEOBJ_250__first_put_the_milk_in_the_basket_then_put_the_butter_in_the_basket_then_put_the_orange_juice_in_the_basket_and_finally_put_the_chocolate_pudding_in_th.png	tasks/composeobj_250__first_put_the_milk_in_the_basket_then_put_the_butter_in_the_basket_then_put_the_orange_juice_in_the_basket_and_finally_put_the_chocolate_pudding_in_th	composition|b2d1edccfcf1d327f2411487573372022051e62345c97a61693c306944814d42|frozenset({in(butter_1,basket_1_contain_region),in(chocolate_pudding_1,basket_1_contain_region),in(milk_1,basket_1_contain_region),in(orange_juice_1,basket_1_contain_region)})
COMPOSEOBJ_251	O1_object_milk_first_4_to_basket	4	true	true	libero_object	308;307;310;304	pick_up_the_tomato_sauce_and_place_it_in_the_basket;pick_up_the_milk_and_place_it_in_the_basket;pick_up_the_butter_and_place_it_in_the_basket;pick_up_the_orange_juice_and_place_it_in_the_basket;pick_up_the_bbq_sauce_and_place_it_in_the_basket	Pick the tomato sauce and place it in the basket | Pick the milk and place it in the basket | Pick the butter and place it in the basket | Pick the orange juice and place it in the basket | Pick the bbq sauce and place it in the basket	First put the milk in the basket, then put the butter in the basket, then put the orange juice in the basket, and finally put the bbq sauce in the basket.	in(milk_1, basket_1_contain_region); in(butter_1, basket_1_contain_region); in(orange_juice_1, basket_1_contain_region); in(bbq_sauce_1, basket_1_contain_region)	object_stock_milk_first_pick_up_the_tomato_sauce_and_place_it_in_the_basket_4	Sequence diagnostic in an original LIBERO-Object layout: milk is removed first before the remaining two or three picks. | The physical scene is stock; the unchanged unordered 3-step and 4-step controls already scored 0 successful tasks across 350 candidates. | Object identity has its own original LIBERO-Object pick-to-basket trajectory; its pose in the composite scene may differ. | Object identity has its own original LIBERO-Object pick-to-basket trajectory; its pose in the composite scene may differ. | Object identity has its own original LIBERO-Object pick-to-basket trajectory; its pose in the composite scene may differ. | Object identity has its own original LIBERO-Object pick-to-basket trajectory; its pose in the composite scene may differ.	5	8	comparison_png/COMPOSEOBJ_251__first_put_the_milk_in_the_basket_then_put_the_butter_in_the_basket_then_put_the_orange_juice_in_the_basket_and_finally_put_the_bbq_sauce_in_the_basket.png	tasks/composeobj_251__first_put_the_milk_in_the_basket_then_put_the_butter_in_the_basket_then_put_the_orange_juice_in_the_basket_and_finally_put_the_bbq_sauce_in_the_basket	composition|b2d1edccfcf1d327f2411487573372022051e62345c97a61693c306944814d42|frozenset({in(bbq_sauce_1,basket_1_contain_region),in(butter_1,basket_1_contain_region),in(milk_1,basket_1_contain_region),in(orange_juice_1,basket_1_contain_region)})
COMPOSEOBJ_252	O1_object_milk_first_4_to_basket	4	true	true	libero_object	308;307;309;304	pick_up_the_tomato_sauce_and_place_it_in_the_basket;pick_up_the_milk_and_place_it_in_the_basket;pick_up_the_butter_and_place_it_in_the_basket;pick_up_the_chocolate_pudding_and_place_it_in_the_basket;pick_up_the_bbq_sauce_and_place_it_in_the_basket	Pick the tomato sauce and place it in the basket | Pick the milk and place it in the basket | Pick the butter and place it in the basket | Pick the chocolate pudding and place it in the basket | Pick the bbq sauce and place it in the basket	First put the milk in the basket, then put the butter in the basket, then put the chocolate pudding in the basket, and finally put the bbq sauce in the basket.	in(milk_1, basket_1_contain_region); in(butter_1, basket_1_contain_region); in(chocolate_pudding_1, basket_1_contain_region); in(bbq_sauce_1, basket_1_contain_region)	object_stock_milk_first_pick_up_the_tomato_sauce_and_place_it_in_the_basket_4	Sequence diagnostic in an original LIBERO-Object layout: milk is removed first before the remaining two or three picks. | The physical scene is stock; the unchanged unordered 3-step and 4-step controls already scored 0 successful tasks across 350 candidates. | Object identity has its own original LIBERO-Object pick-to-basket trajectory; its pose in the composite scene may differ. | Object identity has its own original LIBERO-Object pick-to-basket trajectory; its pose in the composite scene may differ. | Object identity has its own original LIBERO-Object pick-to-basket trajectory; its pose in the composite scene may differ. | Object identity has its own original LIBERO-Object pick-to-basket trajectory; its pose in the composite scene may differ.	5	8	comparison_png/COMPOSEOBJ_252__first_put_the_milk_in_the_basket_then_put_the_butter_in_the_basket_then_put_the_chocolate_pudding_in_the_basket_and_finally_put_the_bbq_sauce_in_the_b.png	tasks/composeobj_252__first_put_the_milk_in_the_basket_then_put_the_butter_in_the_basket_then_put_the_chocolate_pudding_in_the_basket_and_finally_put_the_bbq_sauce_in_the_b	composition|b2d1edccfcf1d327f2411487573372022051e62345c97a61693c306944814d42|frozenset({in(bbq_sauce_1,basket_1_contain_region),in(butter_1,basket_1_contain_region),in(chocolate_pudding_1,basket_1_contain_region),in(milk_1,basket_1_contain_region)})
COMPOSEOBJ_253	O1_object_milk_first_4_to_basket	4	true	true	libero_object	308;310;309;304	pick_up_the_tomato_sauce_and_place_it_in_the_basket;pick_up_the_milk_and_place_it_in_the_basket;pick_up_the_orange_juice_and_place_it_in_the_basket;pick_up_the_chocolate_pudding_and_place_it_in_the_basket;pick_up_the_bbq_sauce_and_place_it_in_the_basket	Pick the tomato sauce and place it in the basket | Pick the milk and place it in the basket | Pick the orange juice and place it in the basket | Pick the chocolate pudding and place it in the basket | Pick the bbq sauce and place it in the basket	First put the milk in the basket, then put the orange juice in the basket, then put the chocolate pudding in the basket, and finally put the bbq sauce in the basket.	in(milk_1, basket_1_contain_region); in(orange_juice_1, basket_1_contain_region); in(chocolate_pudding_1, basket_1_contain_region); in(bbq_sauce_1, basket_1_contain_region)	object_stock_milk_first_pick_up_the_tomato_sauce_and_place_it_in_the_basket_4	Sequence diagnostic in an original LIBERO-Object layout: milk is removed first before the remaining two or three picks. | The physical scene is stock; the unchanged unordered 3-step and 4-step controls already scored 0 successful tasks across 350 candidates. | Object identity has its own original LIBERO-Object pick-to-basket trajectory; its pose in the composite scene may differ. | Object identity has its own original LIBERO-Object pick-to-basket trajectory; its pose in the composite scene may differ. | Object identity has its own original LIBERO-Object pick-to-basket trajectory; its pose in the composite scene may differ. | Object identity has its own original LIBERO-Object pick-to-basket trajectory; its pose in the composite scene may differ.	5	8	comparison_png/COMPOSEOBJ_253__first_put_the_milk_in_the_basket_then_put_the_orange_juice_in_the_basket_then_put_the_chocolate_pudding_in_the_basket_and_finally_put_the_bbq_sauce_in.png	tasks/composeobj_253__first_put_the_milk_in_the_basket_then_put_the_orange_juice_in_the_basket_then_put_the_chocolate_pudding_in_the_basket_and_finally_put_the_bbq_sauce_in	composition|b2d1edccfcf1d327f2411487573372022051e62345c97a61693c306944814d42|frozenset({in(bbq_sauce_1,basket_1_contain_region),in(chocolate_pudding_1,basket_1_contain_region),in(milk_1,basket_1_contain_region),in(orange_juice_1,basket_1_contain_region)})
COMPOSEOBJ_254	O2_object_milk_upper_swap_3_to_basket	3	true	false	libero_object	306;307;310	pick_up_the_tomato_sauce_and_place_it_in_the_basket;pick_up_the_butter_and_place_it_in_the_basket;pick_up_the_orange_juice_and_place_it_in_the_basket	Pick the tomato sauce and place it in the basket | Pick the butter and place it in the basket | Pick the orange juice and place it in the basket	Put the tomato sauce in the basket, then put the butter in the basket, and finally put the orange juice in the basket.	in(tomato_sauce_1, basket_1_contain_region); in(butter_1, basket_1_contain_region); in(orange_juice_1, basket_1_contain_region)	object_milk_upper_swap_pick_up_the_tomato_sauce_and_place_it_in_the_basket	Milk is swapped into floor_other_object_region_1 (the upper/back slot); butter_1 moves to milk's former floor_other_object_region_0 slot. | The five non-milk objects and basket remain exactly the same identities as the source Object scene. | Object identity has its own original LIBERO-Object pick-to-basket trajectory; its pose in the composite scene may differ. | Object identity has its own original LIBERO-Object pick-to-basket trajectory; its pose in the composite scene may differ. | Object identity has its own original LIBERO-Object pick-to-basket trajectory; its pose in the composite scene may differ.	5	6	comparison_png/COMPOSEOBJ_254__put_the_tomato_sauce_in_the_basket_then_put_the_butter_in_the_basket_and_finally_put_the_orange_juice_in_the_basket.png	tasks/composeobj_254__put_the_tomato_sauce_in_the_basket_then_put_the_butter_in_the_basket_and_finally_put_the_orange_juice_in_the_basket	composition|548d1a916af2aaa9bca538e3d0ce8ff6df604e955bfb40ef84bbe70e8004903c|frozenset({in(butter_1,basket_1_contain_region),in(orange_juice_1,basket_1_contain_region),in(tomato_sauce_1,basket_1_contain_region)})
COMPOSEOBJ_255	O2_object_milk_upper_swap_3_to_basket	3	true	false	libero_object	306;307;309	pick_up_the_tomato_sauce_and_place_it_in_the_basket;pick_up_the_butter_and_place_it_in_the_basket;pick_up_the_chocolate_pudding_and_place_it_in_the_basket	Pick the tomato sauce and place it in the basket | Pick the butter and place it in the basket | Pick the chocolate pudding and place it in the basket	Put the tomato sauce in the basket, then put the butter in the basket, and finally put the chocolate pudding in the basket.	in(tomato_sauce_1, basket_1_contain_region); in(butter_1, basket_1_contain_region); in(chocolate_pudding_1, basket_1_contain_region)	object_milk_upper_swap_pick_up_the_tomato_sauce_and_place_it_in_the_basket	Milk is swapped into floor_other_object_region_1 (the upper/back slot); butter_1 moves to milk's former floor_other_object_region_0 slot. | The five non-milk objects and basket remain exactly the same identities as the source Object scene. | Object identity has its own original LIBERO-Object pick-to-basket trajectory; its pose in the composite scene may differ. | Object identity has its own original LIBERO-Object pick-to-basket trajectory; its pose in the composite scene may differ. | Object identity has its own original LIBERO-Object pick-to-basket trajectory; its pose in the composite scene may differ.	5	6	comparison_png/COMPOSEOBJ_255__put_the_tomato_sauce_in_the_basket_then_put_the_butter_in_the_basket_and_finally_put_the_chocolate_pudding_in_the_basket.png	tasks/composeobj_255__put_the_tomato_sauce_in_the_basket_then_put_the_butter_in_the_basket_and_finally_put_the_chocolate_pudding_in_the_basket	composition|548d1a916af2aaa9bca538e3d0ce8ff6df604e955bfb40ef84bbe70e8004903c|frozenset({in(butter_1,basket_1_contain_region),in(chocolate_pudding_1,basket_1_contain_region),in(tomato_sauce_1,basket_1_contain_region)})
COMPOSEOBJ_256	O2_object_milk_upper_swap_3_to_basket	3	true	false	libero_object	306;307;304	pick_up_the_tomato_sauce_and_place_it_in_the_basket;pick_up_the_butter_and_place_it_in_the_basket;pick_up_the_bbq_sauce_and_place_it_in_the_basket	Pick the tomato sauce and place it in the basket | Pick the butter and place it in the basket | Pick the bbq sauce and place it in the basket	Put the tomato sauce in the basket, then put the butter in the basket, and finally put the bbq sauce in the basket.	in(tomato_sauce_1, basket_1_contain_region); in(butter_1, basket_1_contain_region); in(bbq_sauce_1, basket_1_contain_region)	object_milk_upper_swap_pick_up_the_tomato_sauce_and_place_it_in_the_basket	Milk is swapped into floor_other_object_region_1 (the upper/back slot); butter_1 moves to milk's former floor_other_object_region_0 slot. | The five non-milk objects and basket remain exactly the same identities as the source Object scene. | Object identity has its own original LIBERO-Object pick-to-basket trajectory; its pose in the composite scene may differ. | Object identity has its own original LIBERO-Object pick-to-basket trajectory; its pose in the composite scene may differ. | Object identity has its own original LIBERO-Object pick-to-basket trajectory; its pose in the composite scene may differ.	5	6	comparison_png/COMPOSEOBJ_256__put_the_tomato_sauce_in_the_basket_then_put_the_butter_in_the_basket_and_finally_put_the_bbq_sauce_in_the_basket.png	tasks/composeobj_256__put_the_tomato_sauce_in_the_basket_then_put_the_butter_in_the_basket_and_finally_put_the_bbq_sauce_in_the_basket	composition|548d1a916af2aaa9bca538e3d0ce8ff6df604e955bfb40ef84bbe70e8004903c|frozenset({in(bbq_sauce_1,basket_1_contain_region),in(butter_1,basket_1_contain_region),in(tomato_sauce_1,basket_1_contain_region)})
COMPOSEOBJ_257	O2_object_milk_upper_swap_3_to_basket	3	true	false	libero_object	306;310;309	pick_up_the_tomato_sauce_and_place_it_in_the_basket;pick_up_the_orange_juice_and_place_it_in_the_basket;pick_up_the_chocolate_pudding_and_place_it_in_the_basket	Pick the tomato sauce and place it in the basket | Pick the orange juice and place it in the basket | Pick the chocolate pudding and place it in the basket	Put the tomato sauce in the basket, then put the orange juice in the basket, and finally put the chocolate pudding in the basket.	in(tomato_sauce_1, basket_1_contain_region); in(orange_juice_1, basket_1_contain_region); in(chocolate_pudding_1, basket_1_contain_region)	object_milk_upper_swap_pick_up_the_tomato_sauce_and_place_it_in_the_basket	Milk is swapped into floor_other_object_region_1 (the upper/back slot); butter_1 moves to milk's former floor_other_object_region_0 slot. | The five non-milk objects and basket remain exactly the same identities as the source Object scene. | Object identity has its own original LIBERO-Object pick-to-basket trajectory; its pose in the composite scene may differ. | Object identity has its own original LIBERO-Object pick-to-basket trajectory; its pose in the composite scene may differ. | Object identity has its own original LIBERO-Object pick-to-basket trajectory; its pose in the composite scene may differ.	5	6	comparison_png/COMPOSEOBJ_257__put_the_tomato_sauce_in_the_basket_then_put_the_orange_juice_in_the_basket_and_finally_put_the_chocolate_pudding_in_the_basket.png	tasks/composeobj_257__put_the_tomato_sauce_in_the_basket_then_put_the_orange_juice_in_the_basket_and_finally_put_the_chocolate_pudding_in_the_basket	composition|548d1a916af2aaa9bca538e3d0ce8ff6df604e955bfb40ef84bbe70e8004903c|frozenset({in(chocolate_pudding_1,basket_1_contain_region),in(orange_juice_1,basket_1_contain_region),in(tomato_sauce_1,basket_1_contain_region)})
COMPOSEOBJ_258	O2_object_milk_upper_swap_3_to_basket	3	true	false	libero_object	306;310;304	pick_up_the_tomato_sauce_and_place_it_in_the_basket;pick_up_the_orange_juice_and_place_it_in_the_basket;pick_up_the_bbq_sauce_and_place_it_in_the_basket	Pick the tomato sauce and place it in the basket | Pick the orange juice and place it in the basket | Pick the bbq sauce and place it in the basket	Put the tomato sauce in the basket, then put the orange juice in the basket, and finally put the bbq sauce in the basket.	in(tomato_sauce_1, basket_1_contain_region); in(orange_juice_1, basket_1_contain_region); in(bbq_sauce_1, basket_1_contain_region)	object_milk_upper_swap_pick_up_the_tomato_sauce_and_place_it_in_the_basket	Milk is swapped into floor_other_object_region_1 (the upper/back slot); butter_1 moves to milk's former floor_other_object_region_0 slot. | The five non-milk objects and basket remain exactly the same identities as the source Object scene. | Object identity has its own original LIBERO-Object pick-to-basket trajectory; its pose in the composite scene may differ. | Object identity has its own original LIBERO-Object pick-to-basket trajectory; its pose in the composite scene may differ. | Object identity has its own original LIBERO-Object pick-to-basket trajectory; its pose in the composite scene may differ.	5	6	comparison_png/COMPOSEOBJ_258__put_the_tomato_sauce_in_the_basket_then_put_the_orange_juice_in_the_basket_and_finally_put_the_bbq_sauce_in_the_basket.png	tasks/composeobj_258__put_the_tomato_sauce_in_the_basket_then_put_the_orange_juice_in_the_basket_and_finally_put_the_bbq_sauce_in_the_basket	composition|548d1a916af2aaa9bca538e3d0ce8ff6df604e955bfb40ef84bbe70e8004903c|frozenset({in(bbq_sauce_1,basket_1_contain_region),in(orange_juice_1,basket_1_contain_region),in(tomato_sauce_1,basket_1_contain_region)})
COMPOSEOBJ_259	O2_object_milk_upper_swap_3_to_basket	3	true	false	libero_object	306;309;304	pick_up_the_tomato_sauce_and_place_it_in_the_basket;pick_up_the_chocolate_pudding_and_place_it_in_the_basket;pick_up_the_bbq_sauce_and_place_it_in_the_basket	Pick the tomato sauce and place it in the basket | Pick the chocolate pudding and place it in the basket | Pick the bbq sauce and place it in the basket	Put the tomato sauce in the basket, then put the chocolate pudding in the basket, and finally put the bbq sauce in the basket.	in(tomato_sauce_1, basket_1_contain_region); in(chocolate_pudding_1, basket_1_contain_region); in(bbq_sauce_1, basket_1_contain_region)	object_milk_upper_swap_pick_up_the_tomato_sauce_and_place_it_in_the_basket	Milk is swapped into floor_other_object_region_1 (the upper/back slot); butter_1 moves to milk's former floor_other_object_region_0 slot. | The five non-milk objects and basket remain exactly the same identities as the source Object scene. | Object identity has its own original LIBERO-Object pick-to-basket trajectory; its pose in the composite scene may differ. | Object identity has its own original LIBERO-Object pick-to-basket trajectory; its pose in the composite scene may differ. | Object identity has its own original LIBERO-Object pick-to-basket trajectory; its pose in the composite scene may differ.	5	6	comparison_png/COMPOSEOBJ_259__put_the_tomato_sauce_in_the_basket_then_put_the_chocolate_pudding_in_the_basket_and_finally_put_the_bbq_sauce_in_the_basket.png	tasks/composeobj_259__put_the_tomato_sauce_in_the_basket_then_put_the_chocolate_pudding_in_the_basket_and_finally_put_the_bbq_sauce_in_the_basket	composition|548d1a916af2aaa9bca538e3d0ce8ff6df604e955bfb40ef84bbe70e8004903c|frozenset({in(bbq_sauce_1,basket_1_contain_region),in(chocolate_pudding_1,basket_1_contain_region),in(tomato_sauce_1,basket_1_contain_region)})
COMPOSEOBJ_260	O2_object_milk_upper_swap_3_to_basket	3	true	false	libero_object	307;310;309	pick_up_the_tomato_sauce_and_place_it_in_the_basket;pick_up_the_butter_and_place_it_in_the_basket;pick_up_the_orange_juice_and_place_it_in_the_basket;pick_up_the_chocolate_pudding_and_place_it_in_the_basket	Pick the tomato sauce and place it in the basket | Pick the butter and place it in the basket | Pick the orange juice and place it in the basket | Pick the chocolate pudding and place it in the basket	Put the butter in the basket, then put the orange juice in the basket, and finally put the chocolate pudding in the basket.	in(butter_1, basket_1_contain_region); in(orange_juice_1, basket_1_contain_region); in(chocolate_pudding_1, basket_1_contain_region)	object_milk_upper_swap_pick_up_the_tomato_sauce_and_place_it_in_the_basket	Milk is swapped into floor_other_object_region_1 (the upper/back slot); butter_1 moves to milk's former floor_other_object_region_0 slot. | The five non-milk objects and basket remain exactly the same identities as the source Object scene. | Object identity has its own original LIBERO-Object pick-to-basket trajectory; its pose in the composite scene may differ. | Object identity has its own original LIBERO-Object pick-to-basket trajectory; its pose in the composite scene may differ. | Object identity has its own original LIBERO-Object pick-to-basket trajectory; its pose in the composite scene may differ.	5	6	comparison_png/COMPOSEOBJ_260__put_the_butter_in_the_basket_then_put_the_orange_juice_in_the_basket_and_finally_put_the_chocolate_pudding_in_the_basket.png	tasks/composeobj_260__put_the_butter_in_the_basket_then_put_the_orange_juice_in_the_basket_and_finally_put_the_chocolate_pudding_in_the_basket	composition|548d1a916af2aaa9bca538e3d0ce8ff6df604e955bfb40ef84bbe70e8004903c|frozenset({in(butter_1,basket_1_contain_region),in(chocolate_pudding_1,basket_1_contain_region),in(orange_juice_1,basket_1_contain_region)})
COMPOSEOBJ_261	O2_object_milk_upper_swap_3_to_basket	3	true	false	libero_object	307;310;304	pick_up_the_tomato_sauce_and_place_it_in_the_basket;pick_up_the_butter_and_place_it_in_the_basket;pick_up_the_orange_juice_and_place_it_in_the_basket;pick_up_the_bbq_sauce_and_place_it_in_the_basket	Pick the tomato sauce and place it in the basket | Pick the butter and place it in the basket | Pick the orange juice and place it in the basket | Pick the bbq sauce and place it in the basket	Put the butter in the basket, then put the orange juice in the basket, and finally put the bbq sauce in the basket.	in(butter_1, basket_1_contain_region); in(orange_juice_1, basket_1_contain_region); in(bbq_sauce_1, basket_1_contain_region)	object_milk_upper_swap_pick_up_the_tomato_sauce_and_place_it_in_the_basket	Milk is swapped into floor_other_object_region_1 (the upper/back slot); butter_1 moves to milk's former floor_other_object_region_0 slot. | The five non-milk objects and basket remain exactly the same identities as the source Object scene. | Object identity has its own original LIBERO-Object pick-to-basket trajectory; its pose in the composite scene may differ. | Object identity has its own original LIBERO-Object pick-to-basket trajectory; its pose in the composite scene may differ. | Object identity has its own original LIBERO-Object pick-to-basket trajectory; its pose in the composite scene may differ.	5	6	comparison_png/COMPOSEOBJ_261__put_the_butter_in_the_basket_then_put_the_orange_juice_in_the_basket_and_finally_put_the_bbq_sauce_in_the_basket.png	tasks/composeobj_261__put_the_butter_in_the_basket_then_put_the_orange_juice_in_the_basket_and_finally_put_the_bbq_sauce_in_the_basket	composition|548d1a916af2aaa9bca538e3d0ce8ff6df604e955bfb40ef84bbe70e8004903c|frozenset({in(bbq_sauce_1,basket_1_contain_region),in(butter_1,basket_1_contain_region),in(orange_juice_1,basket_1_contain_region)})
COMPOSEOBJ_262	O2_object_milk_upper_swap_3_to_basket	3	true	false	libero_object	307;309;304	pick_up_the_tomato_sauce_and_place_it_in_the_basket;pick_up_the_butter_and_place_it_in_the_basket;pick_up_the_chocolate_pudding_and_place_it_in_the_basket;pick_up_the_bbq_sauce_and_place_it_in_the_basket	Pick the tomato sauce and place it in the basket | Pick the butter and place it in the basket | Pick the chocolate pudding and place it in the basket | Pick the bbq sauce and place it in the basket	Put the butter in the basket, then put the chocolate pudding in the basket, and finally put the bbq sauce in the basket.	in(butter_1, basket_1_contain_region); in(chocolate_pudding_1, basket_1_contain_region); in(bbq_sauce_1, basket_1_contain_region)	object_milk_upper_swap_pick_up_the_tomato_sauce_and_place_it_in_the_basket	Milk is swapped into floor_other_object_region_1 (the upper/back slot); butter_1 moves to milk's former floor_other_object_region_0 slot. | The five non-milk objects and basket remain exactly the same identities as the source Object scene. | Object identity has its own original LIBERO-Object pick-to-basket trajectory; its pose in the composite scene may differ. | Object identity has its own original LIBERO-Object pick-to-basket trajectory; its pose in the composite scene may differ. | Object identity has its own original LIBERO-Object pick-to-basket trajectory; its pose in the composite scene may differ.	5	6	comparison_png/COMPOSEOBJ_262__put_the_butter_in_the_basket_then_put_the_chocolate_pudding_in_the_basket_and_finally_put_the_bbq_sauce_in_the_basket.png	tasks/composeobj_262__put_the_butter_in_the_basket_then_put_the_chocolate_pudding_in_the_basket_and_finally_put_the_bbq_sauce_in_the_basket	composition|548d1a916af2aaa9bca538e3d0ce8ff6df604e955bfb40ef84bbe70e8004903c|frozenset({in(bbq_sauce_1,basket_1_contain_region),in(butter_1,basket_1_contain_region),in(chocolate_pudding_1,basket_1_contain_region)})
COMPOSEOBJ_263	O2_object_milk_upper_swap_3_to_basket	3	true	false	libero_object	310;309;304	pick_up_the_tomato_sauce_and_place_it_in_the_basket;pick_up_the_orange_juice_and_place_it_in_the_basket;pick_up_the_chocolate_pudding_and_place_it_in_the_basket;pick_up_the_bbq_sauce_and_place_it_in_the_basket	Pick the tomato sauce and place it in the basket | Pick the orange juice and place it in the basket | Pick the chocolate pudding and place it in the basket | Pick the bbq sauce and place it in the basket	Put the orange juice in the basket, then put the chocolate pudding in the basket, and finally put the bbq sauce in the basket.	in(orange_juice_1, basket_1_contain_region); in(chocolate_pudding_1, basket_1_contain_region); in(bbq_sauce_1, basket_1_contain_region)	object_milk_upper_swap_pick_up_the_tomato_sauce_and_place_it_in_the_basket	Milk is swapped into floor_other_object_region_1 (the upper/back slot); butter_1 moves to milk's former floor_other_object_region_0 slot. | The five non-milk objects and basket remain exactly the same identities as the source Object scene. | Object identity has its own original LIBERO-Object pick-to-basket trajectory; its pose in the composite scene may differ. | Object identity has its own original LIBERO-Object pick-to-basket trajectory; its pose in the composite scene may differ. | Object identity has its own original LIBERO-Object pick-to-basket trajectory; its pose in the composite scene may differ.	5	6	comparison_png/COMPOSEOBJ_263__put_the_orange_juice_in_the_basket_then_put_the_chocolate_pudding_in_the_basket_and_finally_put_the_bbq_sauce_in_the_basket.png	tasks/composeobj_263__put_the_orange_juice_in_the_basket_then_put_the_chocolate_pudding_in_the_basket_and_finally_put_the_bbq_sauce_in_the_basket	composition|548d1a916af2aaa9bca538e3d0ce8ff6df604e955bfb40ef84bbe70e8004903c|frozenset({in(bbq_sauce_1,basket_1_contain_region),in(chocolate_pudding_1,basket_1_contain_region),in(orange_juice_1,basket_1_contain_region)})
COMPOSEOBJ_264	O2_object_milk_upper_swap_4_to_basket	4	true	false	libero_object	306;307;310;309	pick_up_the_tomato_sauce_and_place_it_in_the_basket;pick_up_the_butter_and_place_it_in_the_basket;pick_up_the_orange_juice_and_place_it_in_the_basket;pick_up_the_chocolate_pudding_and_place_it_in_the_basket	Pick the tomato sauce and place it in the basket | Pick the butter and place it in the basket | Pick the orange juice and place it in the basket | Pick the chocolate pudding and place it in the basket	Put the tomato sauce in the basket, then put the butter in the basket, then put the orange juice in the basket, and finally put the chocolate pudding in the basket.	in(tomato_sauce_1, basket_1_contain_region); in(butter_1, basket_1_contain_region); in(orange_juice_1, basket_1_contain_region); in(chocolate_pudding_1, basket_1_contain_region)	object_milk_upper_swap_pick_up_the_tomato_sauce_and_place_it_in_the_basket	Milk is swapped into floor_other_object_region_1 (the upper/back slot); butter_1 moves to milk's former floor_other_object_region_0 slot. | The five non-milk objects and basket remain exactly the same identities as the source Object scene. | Object identity has its own original LIBERO-Object pick-to-basket trajectory; its pose in the composite scene may differ. | Object identity has its own original LIBERO-Object pick-to-basket trajectory; its pose in the composite scene may differ. | Object identity has its own original LIBERO-Object pick-to-basket trajectory; its pose in the composite scene may differ. | Object identity has its own original LIBERO-Object pick-to-basket trajectory; its pose in the composite scene may differ.	5	8	comparison_png/COMPOSEOBJ_264__put_the_tomato_sauce_in_the_basket_then_put_the_butter_in_the_basket_then_put_the_orange_juice_in_the_basket_and_finally_put_the_chocolate_pudding_in.png	tasks/composeobj_264__put_the_tomato_sauce_in_the_basket_then_put_the_butter_in_the_basket_then_put_the_orange_juice_in_the_basket_and_finally_put_the_chocolate_pudding_in	composition|548d1a916af2aaa9bca538e3d0ce8ff6df604e955bfb40ef84bbe70e8004903c|frozenset({in(butter_1,basket_1_contain_region),in(chocolate_pudding_1,basket_1_contain_region),in(orange_juice_1,basket_1_contain_region),in(tomato_sauce_1,basket_1_contain_region)})
COMPOSEOBJ_265	O2_object_milk_upper_swap_4_to_basket	4	true	false	libero_object	306;307;310;304	pick_up_the_tomato_sauce_and_place_it_in_the_basket;pick_up_the_butter_and_place_it_in_the_basket;pick_up_the_orange_juice_and_place_it_in_the_basket;pick_up_the_bbq_sauce_and_place_it_in_the_basket	Pick the tomato sauce and place it in the basket | Pick the butter and place it in the basket | Pick the orange juice and place it in the basket | Pick the bbq sauce and place it in the basket	Put the tomato sauce in the basket, then put the butter in the basket, then put the orange juice in the basket, and finally put the bbq sauce in the basket.	in(tomato_sauce_1, basket_1_contain_region); in(butter_1, basket_1_contain_region); in(orange_juice_1, basket_1_contain_region); in(bbq_sauce_1, basket_1_contain_region)	object_milk_upper_swap_pick_up_the_tomato_sauce_and_place_it_in_the_basket	Milk is swapped into floor_other_object_region_1 (the upper/back slot); butter_1 moves to milk's former floor_other_object_region_0 slot. | The five non-milk objects and basket remain exactly the same identities as the source Object scene. | Object identity has its own original LIBERO-Object pick-to-basket trajectory; its pose in the composite scene may differ. | Object identity has its own original LIBERO-Object pick-to-basket trajectory; its pose in the composite scene may differ. | Object identity has its own original LIBERO-Object pick-to-basket trajectory; its pose in the composite scene may differ. | Object identity has its own original LIBERO-Object pick-to-basket trajectory; its pose in the composite scene may differ.	5	8	comparison_png/COMPOSEOBJ_265__put_the_tomato_sauce_in_the_basket_then_put_the_butter_in_the_basket_then_put_the_orange_juice_in_the_basket_and_finally_put_the_bbq_sauce_in_the_bask.png	tasks/composeobj_265__put_the_tomato_sauce_in_the_basket_then_put_the_butter_in_the_basket_then_put_the_orange_juice_in_the_basket_and_finally_put_the_bbq_sauce_in_the_bask	composition|548d1a916af2aaa9bca538e3d0ce8ff6df604e955bfb40ef84bbe70e8004903c|frozenset({in(bbq_sauce_1,basket_1_contain_region),in(butter_1,basket_1_contain_region),in(orange_juice_1,basket_1_contain_region),in(tomato_sauce_1,basket_1_contain_region)})
COMPOSEOBJ_266	O2_object_milk_upper_swap_4_to_basket	4	true	false	libero_object	306;307;309;304	pick_up_the_tomato_sauce_and_place_it_in_the_basket;pick_up_the_butter_and_place_it_in_the_basket;pick_up_the_chocolate_pudding_and_place_it_in_the_basket;pick_up_the_bbq_sauce_and_place_it_in_the_basket	Pick the tomato sauce and place it in the basket | Pick the butter and place it in the basket | Pick the chocolate pudding and place it in the basket | Pick the bbq sauce and place it in the basket	Put the tomato sauce in the basket, then put the butter in the basket, then put the chocolate pudding in the basket, and finally put the bbq sauce in the basket.	in(tomato_sauce_1, basket_1_contain_region); in(butter_1, basket_1_contain_region); in(chocolate_pudding_1, basket_1_contain_region); in(bbq_sauce_1, basket_1_contain_region)	object_milk_upper_swap_pick_up_the_tomato_sauce_and_place_it_in_the_basket	Milk is swapped into floor_other_object_region_1 (the upper/back slot); butter_1 moves to milk's former floor_other_object_region_0 slot. | The five non-milk objects and basket remain exactly the same identities as the source Object scene. | Object identity has its own original LIBERO-Object pick-to-basket trajectory; its pose in the composite scene may differ. | Object identity has its own original LIBERO-Object pick-to-basket trajectory; its pose in the composite scene may differ. | Object identity has its own original LIBERO-Object pick-to-basket trajectory; its pose in the composite scene may differ. | Object identity has its own original LIBERO-Object pick-to-basket trajectory; its pose in the composite scene may differ.	5	8	comparison_png/COMPOSEOBJ_266__put_the_tomato_sauce_in_the_basket_then_put_the_butter_in_the_basket_then_put_the_chocolate_pudding_in_the_basket_and_finally_put_the_bbq_sauce_in_the.png	tasks/composeobj_266__put_the_tomato_sauce_in_the_basket_then_put_the_butter_in_the_basket_then_put_the_chocolate_pudding_in_the_basket_and_finally_put_the_bbq_sauce_in_the	composition|548d1a916af2aaa9bca538e3d0ce8ff6df604e955bfb40ef84bbe70e8004903c|frozenset({in(bbq_sauce_1,basket_1_contain_region),in(butter_1,basket_1_contain_region),in(chocolate_pudding_1,basket_1_contain_region),in(tomato_sauce_1,basket_1_contain_region)})
COMPOSEOBJ_267	O2_object_milk_upper_swap_4_to_basket	4	true	false	libero_object	306;310;309;304	pick_up_the_tomato_sauce_and_place_it_in_the_basket;pick_up_the_orange_juice_and_place_it_in_the_basket;pick_up_the_chocolate_pudding_and_place_it_in_the_basket;pick_up_the_bbq_sauce_and_place_it_in_the_basket	Pick the tomato sauce and place it in the basket | Pick the orange juice and place it in the basket | Pick the chocolate pudding and place it in the basket | Pick the bbq sauce and place it in the basket	Put the tomato sauce in the basket, then put the orange juice in the basket, then put the chocolate pudding in the basket, and finally put the bbq sauce in the basket.	in(tomato_sauce_1, basket_1_contain_region); in(orange_juice_1, basket_1_contain_region); in(chocolate_pudding_1, basket_1_contain_region); in(bbq_sauce_1, basket_1_contain_region)	object_milk_upper_swap_pick_up_the_tomato_sauce_and_place_it_in_the_basket	Milk is swapped into floor_other_object_region_1 (the upper/back slot); butter_1 moves to milk's former floor_other_object_region_0 slot. | The five non-milk objects and basket remain exactly the same identities as the source Object scene. | Object identity has its own original LIBERO-Object pick-to-basket trajectory; its pose in the composite scene may differ. | Object identity has its own original LIBERO-Object pick-to-basket trajectory; its pose in the composite scene may differ. | Object identity has its own original LIBERO-Object pick-to-basket trajectory; its pose in the composite scene may differ. | Object identity has its own original LIBERO-Object pick-to-basket trajectory; its pose in the composite scene may differ.	5	8	comparison_png/COMPOSEOBJ_267__put_the_tomato_sauce_in_the_basket_then_put_the_orange_juice_in_the_basket_then_put_the_chocolate_pudding_in_the_basket_and_finally_put_the_bbq_sauce.png	tasks/composeobj_267__put_the_tomato_sauce_in_the_basket_then_put_the_orange_juice_in_the_basket_then_put_the_chocolate_pudding_in_the_basket_and_finally_put_the_bbq_sauce	composition|548d1a916af2aaa9bca538e3d0ce8ff6df604e955bfb40ef84bbe70e8004903c|frozenset({in(bbq_sauce_1,basket_1_contain_region),in(chocolate_pudding_1,basket_1_contain_region),in(orange_juice_1,basket_1_contain_region),in(tomato_sauce_1,basket_1_contain_region)})
COMPOSEOBJ_268	O2_object_milk_upper_swap_4_to_basket	4	true	false	libero_object	307;310;309;304	pick_up_the_tomato_sauce_and_place_it_in_the_basket;pick_up_the_butter_and_place_it_in_the_basket;pick_up_the_orange_juice_and_place_it_in_the_basket;pick_up_the_chocolate_pudding_and_place_it_in_the_basket;pick_up_the_bbq_sauce_and_place_it_in_the_basket	Pick the tomato sauce and place it in the basket | Pick the butter and place it in the basket | Pick the orange juice and place it in the basket | Pick the chocolate pudding and place it in the basket | Pick the bbq sauce and place it in the basket	Put the butter in the basket, then put the orange juice in the basket, then put the chocolate pudding in the basket, and finally put the bbq sauce in the basket.	in(butter_1, basket_1_contain_region); in(orange_juice_1, basket_1_contain_region); in(chocolate_pudding_1, basket_1_contain_region); in(bbq_sauce_1, basket_1_contain_region)	object_milk_upper_swap_pick_up_the_tomato_sauce_and_place_it_in_the_basket	Milk is swapped into floor_other_object_region_1 (the upper/back slot); butter_1 moves to milk's former floor_other_object_region_0 slot. | The five non-milk objects and basket remain exactly the same identities as the source Object scene. | Object identity has its own original LIBERO-Object pick-to-basket trajectory; its pose in the composite scene may differ. | Object identity has its own original LIBERO-Object pick-to-basket trajectory; its pose in the composite scene may differ. | Object identity has its own original LIBERO-Object pick-to-basket trajectory; its pose in the composite scene may differ. | Object identity has its own original LIBERO-Object pick-to-basket trajectory; its pose in the composite scene may differ.	5	8	comparison_png/COMPOSEOBJ_268__put_the_butter_in_the_basket_then_put_the_orange_juice_in_the_basket_then_put_the_chocolate_pudding_in_the_basket_and_finally_put_the_bbq_sauce_in_the.png	tasks/composeobj_268__put_the_butter_in_the_basket_then_put_the_orange_juice_in_the_basket_then_put_the_chocolate_pudding_in_the_basket_and_finally_put_the_bbq_sauce_in_the	composition|548d1a916af2aaa9bca538e3d0ce8ff6df604e955bfb40ef84bbe70e8004903c|frozenset({in(bbq_sauce_1,basket_1_contain_region),in(butter_1,basket_1_contain_region),in(chocolate_pudding_1,basket_1_contain_region),in(orange_juice_1,basket_1_contain_region)})
